id,population,2sfca_40_Shape_Area,geometry_type,x,y,geometry_coordinates
19642,80.84499025344849,2.267050241128705,Point,13518650.000000002,3664926.845115658,"[13518650.000000002, 3664926.845115658]"
19643,83.60822582244873,2.1122034720255294,Point,13518750.000000002,3664926.845115658,"[13518750.000000002, 3664926.845115658]"
19644,69.00361776351929,3.2662509857582034,Point,13518850.0,3664926.845115658,"[13518850.0, 3664926.845115658]"
19875,78.57678651809692,2.103588877045746,Point,13518450.0,3664809.877712152,"[13518450.0, 3664809.877712152]"
19876,76.82878255844116,2.5912949308670297,Point,13518550.000000002,3664809.877712152,"[13518550.000000002, 3664809.877712152]"
19877,82.02129030227661,1.176520229882875,Point,13518650.000000002,3664809.877712152,"[13518650.000000002, 3664809.877712152]"
19878,83.62609910964966,3.2569233496593504,Point,13518750.000000002,3664809.877712152,"[13518750.000000002, 3664809.877712152]"
19879,90.635910987854,1.9623985978998557,Point,13518850.0,3664809.877712152,"[13518850.0, 3664809.877712152]"
19880,91.3709659576416,1.176520229882875,Point,13518950.0,3664809.877712152,"[13518950.0, 3664809.877712152]"
20133,74.84082984924316,1.5543246765654948,Point,13518350.0,3664692.911421316,"[13518350.0, 3664692.911421316]"
20134,77.24384689331055,1.569938327197062,Point,13518450.0,3664692.911421316,"[13518450.0, 3664692.911421316]"
20135,79.25632095336914,2.1281641697951788,Point,13518550.000000002,3664692.911421316,"[13518550.000000002, 3664692.911421316]"
20136,79.69508123397827,2.5733036530344795,Point,13518650.000000002,3664692.911421316,"[13518650.000000002, 3664692.911421316]"
20137,85.81322956085205,2.2533937511714193,Point,13518750.000000002,3664692.911421316,"[13518750.000000002, 3664692.911421316]"
20138,89.0000729560852,1.7197432013227354,Point,13518850.0,3664692.911421316,"[13518850.0, 3664692.911421316]"
20139,89.30373668670654,2.3969261360662024,Point,13518950.0,3664692.911421316,"[13518950.0, 3664692.911421316]"
20396,74.8253870010376,1.9591509890864094,Point,13518350.0,3664575.9462430994,"[13518350.0, 3664575.9462430994]"
20397,75.99046182632446,1.6425601731253567,Point,13518450.0,3664575.9462430994,"[13518450.0, 3664575.9462430994]"
20398,76.56897115707397,0.9923283847984079,Point,13518550.000000002,3664575.9462430994,"[13518550.000000002, 3664575.9462430994]"
20399,80.45255327224731,1.3435999328494932,Point,13518650.000000002,3664575.9462430994,"[13518650.000000002, 3664575.9462430994]"
20400,81.84709739685059,1.3871804964319758,Point,13518750.000000002,3664575.9462430994,"[13518750.000000002, 3664575.9462430994]"
20401,79.39166212081909,2.576509921246127,Point,13518850.0,3664575.9462430994,"[13518850.0, 3664575.9462430994]"
20402,84.59158897399902,1.9207724546589067,Point,13518950.0,3664575.9462430994,"[13518950.0, 3664575.9462430994]"
20403,62.4240984916687,1.5817765009007976,Point,13519050.000000002,3664575.9462430994,"[13519050.000000002, 3664575.9462430994]"
20657,67.45689630508423,1.7093780222842028,Point,13518250.0,3664458.9821774513,"[13518250.0, 3664458.9821774513]"
20658,71.9064793586731,1.0903686363633152,Point,13518350.0,3664458.9821774513,"[13518350.0, 3664458.9821774513]"
20659,78.21439695358276,0.875385926509217,Point,13518450.0,3664458.9821774513,"[13518450.0, 3664458.9821774513]"
20660,75.24790239334106,1.447894883829559,Point,13518550.000000002,3664458.9821774513,"[13518550.000000002, 3664458.9821774513]"
20661,76.9377670288086,0.7814304808769241,Point,13518650.000000002,3664458.9821774513,"[13518650.000000002, 3664458.9821774513]"
20662,79.50255823135376,1.217996285398507,Point,13518750.000000002,3664458.9821774513,"[13518750.000000002, 3664458.9821774513]"
20663,78.11312770843506,1.342397996964484,Point,13518850.0,3664458.9821774513,"[13518850.0, 3664458.9821774513]"
20664,79.98488569259644,1.8592925661365323,Point,13518950.0,3664458.9821774513,"[13518950.0, 3664458.9821774513]"
20665,90.14124488830566,1.2353956598177611,Point,13519050.000000002,3664458.9821774513,"[13519050.000000002, 3664458.9821774513]"
20666,40.2571702003479,2.784333214842011,Point,13519250.0,3664458.9821774513,"[13519250.0, 3664458.9821774513]"
20919,70.83902931213379,1.6802607517131571,Point,13518250.0,3664342.019224324,"[13518250.0, 3664342.019224324]"
20920,73.04926490783691,1.933263019692524,Point,13518350.0,3664342.019224324,"[13518350.0, 3664342.019224324]"
20921,77.2029595375061,1.806666021238145,Point,13518450.0,3664342.019224324,"[13518450.0, 3664342.019224324]"
20922,76.38951683044434,1.3212578360622096,Point,13518550.000000002,3664342.019224324,"[13518550.000000002, 3664342.019224324]"
20923,74.24549150466919,1.3234875527685008,Point,13518650.000000002,3664342.019224324,"[13518650.000000002, 3664342.019224324]"
20924,79.22000646591187,1.2466817494589537,Point,13518750.000000002,3664342.019224324,"[13518750.000000002, 3664342.019224324]"
20925,79.97057056427002,0.47297880893683886,Point,13518850.0,3664342.019224324,"[13518850.0, 3664342.019224324]"
20926,62.384135246276855,1.2748293044010222,Point,13518950.0,3664342.019224324,"[13518950.0, 3664342.019224324]"
20927,65.92831802368164,1.3372977568944602,Point,13519050.000000002,3664342.019224324,"[13519050.000000002, 3664342.019224324]"
20928,39.09362268447876,1.8592925661365323,Point,13519150.000000002,3664342.019224324,"[13519150.000000002, 3664342.019224324]"
20929,41.17680525779724,1.6279016832128712,Point,13519250.0,3664342.019224324,"[13519250.0, 3664342.019224324]"
20930,40.13250184059143,2.9190355030700053,Point,13519350.0,3664342.019224324,"[13519350.0, 3664342.019224324]"
21187,65.63687229156494,1.289198835477377,Point,13518150.000000002,3664225.0573836663,"[13518150.000000002, 3664225.0573836663]"
21188,77.83810138702393,1.6919363249112833,Point,13518250.0,3664225.0573836663,"[13518250.0, 3664225.0573836663]"
21189,74.39354085922241,1.2474492002645874,Point,13518350.0,3664225.0573836663,"[13518350.0, 3664225.0573836663]"
21190,75.02895879745483,1.1916601317641848,Point,13518450.0,3664225.0573836663,"[13518450.0, 3664225.0573836663]"
21191,76.36799192428589,1.471062710187883,Point,13518550.000000002,3664225.0573836663,"[13518550.000000002, 3664225.0573836663]"
21192,75.54221725463867,1.6873026715932333,Point,13518650.000000002,3664225.0573836663,"[13518650.000000002, 3664225.0573836663]"
21193,77.03390884399414,0.788429536528708,Point,13518750.000000002,3664225.0573836663,"[13518750.000000002, 3664225.0573836663]"
21194,75.09809064865112,1.2412243759369048,Point,13518850.0,3664225.0573836663,"[13518850.0, 3664225.0573836663]"
21195,78.14765739440918,0.78451022719799,Point,13518950.0,3664225.0573836663,"[13518950.0, 3664225.0573836663]"
21196,63.405174255371094,1.264312386818657,Point,13519050.000000002,3664225.0573836663,"[13519050.000000002, 3664225.0573836663]"
21197,37.69741129875183,1.3232630829355014,Point,13519150.000000002,3664225.0573836663,"[13519150.000000002, 3664225.0573836663]"
21198,34.915899991989136,1.8640416831950084,Point,13519250.0,3664225.0573836663,"[13519250.0, 3664225.0573836663]"
21199,33.64735555648804,2.582509012153999,Point,13519350.0,3664225.0573836663,"[13519350.0, 3664225.0573836663]"
21200,36.34660315513611,2.814848464040659,Point,13519450.000000002,3664225.0573836663,"[13519450.000000002, 3664225.0573836663]"
21201,33.17476940155029,3.689857732675703,Point,13519550.000000002,3664225.0573836663,"[13519550.000000002, 3664225.0573836663]"
21209,24.937559604644775,9.304762557012067,Point,13520550.000000002,3664225.0573836663,"[13520550.000000002, 3664225.0573836663]"
21210,22.144551157951355,5.836119925559063,Point,13520650.0,3664225.0573836663,"[13520650.0, 3664225.0573836663]"
21211,18.995595812797546,5.69360213331355,Point,13520750.0,3664225.0573836663,"[13520750.0, 3664225.0573836663]"
21212,25.590689420700073,4.92246701126014,Point,13520850.0,3664225.0573836663,"[13520850.0, 3664225.0573836663]"
21213,24.690134286880493,3.836057869441294,Point,13520950.000000002,3664225.0573836663,"[13520950.000000002, 3664225.0573836663]"
21449,79.84854030609131,1.4121628617929916,Point,13517950.0,3664108.09665543,"[13517950.0, 3664108.09665543]"
21450,64.53570890426636,1.2344757156522468,Point,13518050.000000002,3664108.09665543,"[13518050.000000002, 3664108.09665543]"
21451,77.38589429855347,1.1333081158720892,Point,13518150.000000002,3664108.09665543,"[13518150.000000002, 3664108.09665543]"
21452,78.67280197143555,1.417616301034511,Point,13518250.0,3664108.09665543,"[13518250.0, 3664108.09665543]"
21453,75.97151327133179,0.8202076247313024,Point,13518350.0,3664108.09665543,"[13518350.0, 3664108.09665543]"
21454,74.70152568817139,1.0167296157592645,Point,13518450.0,3664108.09665543,"[13518450.0, 3664108.09665543]"
21455,71.90795803070068,0.46278200908138034,Point,13518550.000000002,3664108.09665543,"[13518550.000000002, 3664108.09665543]"
21456,74.53919839859009,1.0452943194991573,Point,13518650.000000002,3664108.09665543,"[13518650.000000002, 3664108.09665543]"
21457,76.51998281478882,0.78104362215036,Point,13518750.000000002,3664108.09665543,"[13518750.000000002, 3664108.09665543]"
21458,75.62902927398682,0.9089070379162476,Point,13518850.0,3664108.09665543,"[13518850.0, 3664108.09665543]"
21459,78.75171518325806,1.1166241563479522,Point,13518950.0,3664108.09665543,"[13518950.0, 3664108.09665543]"
21460,36.48334980010986,1.3379113487972891,Point,13519050.000000002,3664108.09665543,"[13519050.000000002, 3664108.09665543]"
21461,36.09010910987854,0.7958124171374534,Point,13519150.000000002,3664108.09665543,"[13519150.000000002, 3664108.09665543]"
21462,36.48150968551636,1.8504041431257534,Point,13519250.0,3664108.09665543,"[13519250.0, 3664108.09665543]"
21463,35.28123641014099,2.18296154634828,Point,13519350.0,3664108.09665543,"[13519350.0, 3664108.09665543]"
21464,38.10134673118591,1.7093274610288287,Point,13519450.000000002,3664108.09665543,"[13519450.000000002, 3664108.09665543]"
21465,30.824410676956177,0.9728923694121618,Point,13519550.000000002,3664108.09665543,"[13519550.000000002, 3664108.09665543]"
21466,32.19127917289734,3.463639865313292,Point,13519650.0,3664108.09665543,"[13519650.0, 3664108.09665543]"
21470,18.259496688842773,4.6302518113865245,Point,13520450.000000002,3664108.09665543,"[13520450.000000002, 3664108.09665543]"
21471,21.04360544681549,5.481780657995215,Point,13520550.000000002,3664108.09665543,"[13520550.000000002, 3664108.09665543]"
21472,17.121304869651794,9.343869720914402,Point,13520650.0,3664108.09665543,"[13520650.0, 3664108.09665543]"
21473,19.729863047599792,11.144052314504505,Point,13520750.0,3664108.09665543,"[13520750.0, 3664108.09665543]"
21474,16.330453515052795,11.144052314504505,Point,13520850.0,3664108.09665543,"[13520850.0, 3664108.09665543]"
21475,24.56401014328003,11.250528261086462,Point,13520950.000000002,3664108.09665543,"[13520950.000000002, 3664108.09665543]"
21476,20.08975327014923,14.787958395646736,Point,13521050.000000002,3664108.09665543,"[13521050.000000002, 3664108.09665543]"
21477,24.22204089164734,15.046579942409895,Point,13521150.000000002,3664108.09665543,"[13521150.000000002, 3664108.09665543]"
21711,81.72260904312134,1.7316921619218855,Point,13517850.0,3663991.1370395627,"[13517850.0, 3663991.1370395627]"
21712,79.30778312683105,1.3741717652160854,Point,13517950.0,3663991.1370395627,"[13517950.0, 3663991.1370395627]"
21713,79.83299255371094,1.3432367095429325,Point,13518050.000000002,3663991.1370395627,"[13518050.000000002, 3663991.1370395627]"
21714,61.91511058807373,1.3741717652160854,Point,13518150.000000002,3663991.1370395627,"[13518150.000000002, 3663991.1370395627]"
21715,63.0116662979126,1.9078223150647693,Point,13518250.0,3663991.1370395627,"[13518250.0, 3663991.1370395627]"
21716,75.44989156723022,1.3741717652160854,Point,13518350.0,3663991.1370395627,"[13518350.0, 3663991.1370395627]"
21717,78.00704669952393,1.3741717652160854,Point,13518450.0,3663991.1370395627,"[13518450.0, 3663991.1370395627]"
21718,76.04253673553467,1.3053017130444975,Point,13518550.000000002,3663991.1370395627,"[13518550.000000002, 3663991.1370395627]"
21719,74.8976616859436,1.3828822098709188,Point,13518650.000000002,3663991.1370395627,"[13518650.000000002, 3663991.1370395627]"
21720,75.10721111297607,1.3828822098709188,Point,13518750.000000002,3663991.1370395627,"[13518750.000000002, 3663991.1370395627]"
21721,76.4687728881836,1.4562953952418776,Point,13518850.0,3663991.1370395627,"[13518850.0, 3663991.1370395627]"
21722,75.69726228713989,1.4608368419120479,Point,13518950.0,3663991.1370395627,"[13518950.0, 3663991.1370395627]"
21723,32.44373607635498,2.4902982881449973,Point,13519050.000000002,3663991.1370395627,"[13519050.000000002, 3663991.1370395627]"
21724,36.145236015319824,2.4127177913185758,Point,13519150.000000002,3663991.1370395627,"[13519150.000000002, 3663991.1370395627]"
21725,37.27493238449097,1.9390837059991242,Point,13519250.0,3663991.1370395627,"[13519250.0, 3663991.1370395627]"
21726,36.602335929870605,2.728289931051086,Point,13519350.0,3663991.1370395627,"[13519350.0, 3663991.1370395627]"
21727,38.0384578704834,3.5570709627608177,Point,13519450.000000002,3663991.1370395627,"[13519450.000000002, 3663991.1370395627]"
21728,43.55157995223999,3.5570709627608177,Point,13519550.000000002,3663991.1370395627,"[13519550.000000002, 3663991.1370395627]"
21729,42.47790598869324,3.636268707008533,Point,13519650.0,3663991.1370395627,"[13519650.0, 3663991.1370395627]"
21730,43.432849168777466,3.9648290332553837,Point,13519950.000000002,3663991.1370395627,"[13519950.000000002, 3663991.1370395627]"
21733,19.469489812850952,10.780109754311466,Point,13520450.000000002,3663991.1370395627,"[13520450.000000002, 3663991.1370395627]"
21734,18.288596630096436,10.593146341650424,Point,13520550.000000002,3663991.1370395627,"[13520550.000000002, 3663991.1370395627]"
21735,18.75482416152954,11.32649882303851,Point,13520650.0,3663991.1370395627,"[13520650.0, 3663991.1370395627]"
21736,17.797917008399963,11.32649882303851,Point,13520750.0,3663991.1370395627,"[13520750.0, 3663991.1370395627]"
21737,16.209354877471924,11.32649882303851,Point,13520850.0,3663991.1370395627,"[13520850.0, 3663991.1370395627]"
21738,17.160769820213318,13.067853666374562,Point,13520950.000000002,3663991.1370395627,"[13520950.000000002, 3663991.1370395627]"
21739,20.880034923553467,11.766484104489493,Point,13521050.000000002,3663991.1370395627,"[13521050.000000002, 3663991.1370395627]"
21740,21.962841033935547,15.046579942409895,Point,13521150.000000002,3663991.1370395627,"[13521150.000000002, 3663991.1370395627]"
21972,90.5426459312439,2.5143679995900365,Point,13517650.000000002,3663874.1785360156,"[13517650.000000002, 3663874.1785360156]"
21973,91.04641485214233,2.429438525155794,Point,13517750.000000002,3663874.1785360156,"[13517750.000000002, 3663874.1785360156]"
21974,86.48586368560791,1.9229667806591657,Point,13517850.0,3663874.1785360156,"[13517850.0, 3663874.1785360156]"
21975,64.64106369018555,2.396600865978617,Point,13517950.0,3663874.1785360156,"[13517950.0, 3663874.1785360156]"
21976,80.53370237350464,2.3887835420595454,Point,13518050.000000002,3663874.1785360156,"[13518050.000000002, 3663874.1785360156]"
21977,79.63925981521606,2.4275359216517702,Point,13518150.000000002,3663874.1785360156,"[13518150.000000002, 3663874.1785360156]"
21978,78.5471682548523,2.3887835420595454,Point,13518250.0,3663874.1785360156,"[13518250.0, 3663874.1785360156]"
21979,77.44766044616699,1.3741717652160854,Point,13518350.0,3663874.1785360156,"[13518350.0, 3663874.1785360156]"
21980,78.00467300415039,1.4216345894631435,Point,13518450.0,3663874.1785360156,"[13518450.0, 3663874.1785360156]"
21981,77.32803869247437,1.4995892215042728,Point,13518550.000000002,3663874.1785360156,"[13518550.000000002, 3663874.1785360156]"
21982,74.92030143737793,1.4608368419120479,Point,13518650.000000002,3663874.1785360156,"[13518650.000000002, 3663874.1785360156]"
21983,71.706467628479,1.4608368419120479,Point,13518750.000000002,3663874.1785360156,"[13518750.000000002, 3663874.1785360156]"
21984,72.24128866195679,1.3828822098709188,Point,13518850.0,3663874.1785360156,"[13518850.0, 3663874.1785360156]"
21985,74.46405220031738,1.6790326589163653,Point,13518950.0,3663874.1785360156,"[13518950.0, 3663874.1785360156]"
21986,35.30382537841797,1.6744912122461952,Point,13519050.000000002,3663874.1785360156,"[13519050.000000002, 3663874.1785360156]"
21987,34.2003128528595,2.021205649495716,Point,13519150.000000002,3663874.1785360156,"[13519150.000000002, 3663874.1785360156]"
21988,28.392326831817627,2.8428310285491043,Point,13519250.0,3663874.1785360156,"[13519250.0, 3663874.1785360156]"
21989,37.16289782524109,2.8428310285491043,Point,13519350.0,3663874.1785360156,"[13519350.0, 3663874.1785360156]"
21990,28.209026336669922,3.6346514595872392,Point,13519450.000000002,3663874.1785360156,"[13519450.000000002, 3663874.1785360156]"
21991,35.341546297073364,3.6556107829718236,Point,13519550.000000002,3663874.1785360156,"[13519550.000000002, 3663874.1785360156]"
21992,38.83811402320862,3.636268707008533,Point,13519650.0,3663874.1785360156,"[13519650.0, 3663874.1785360156]"
21993,42.329097270965576,3.9822610001405008,Point,13519750.000000002,3663874.1785360156,"[13519750.000000002, 3663874.1785360156]"
21994,42.57705473899841,3.636268707008533,Point,13519850.0,3663874.1785360156,"[13519850.0, 3663874.1785360156]"
21995,42.496344804763794,3.639796063508001,Point,13519950.000000002,3663874.1785360156,"[13519950.000000002, 3663874.1785360156]"
21996,31.84268569946289,4.2650887813650655,Point,13520050.000000002,3663874.1785360156,"[13520050.000000002, 3663874.1785360156]"
21997,39.587727785110474,4.2650887813650655,Point,13520150.000000002,3663874.1785360156,"[13520150.000000002, 3663874.1785360156]"
21998,17.096038699150085,9.856176920741165,Point,13520250.0,3663874.1785360156,"[13520250.0, 3663874.1785360156]"
21999,18.019090175628662,9.49153955160125,Point,13520350.0,3663874.1785360156,"[13520350.0, 3663874.1785360156]"
22000,17.26575791835785,9.478060827929317,Point,13520450.000000002,3663874.1785360156,"[13520450.000000002, 3663874.1785360156]"
22001,14.65914249420166,10.73853568863257,Point,13520550.000000002,3663874.1785360156,"[13520550.000000002, 3663874.1785360156]"
22002,19.86249005794525,10.82545850854798,Point,13520650.0,3663874.1785360156,"[13520650.0, 3663874.1785360156]"
22003,17.3126300573349,11.32732107335369,Point,13520750.0,3663874.1785360156,"[13520750.0, 3663874.1785360156]"
22004,16.5031259059906,11.888606106507396,Point,13520850.0,3663874.1785360156,"[13520850.0, 3663874.1785360156]"
22005,11.625787019729614,11.779962828161423,Point,13520950.000000002,3663874.1785360156,"[13520950.000000002, 3663874.1785360156]"
22006,17.717787384986877,8.177625795948959,Point,13521050.000000002,3663874.1785360156,"[13521050.000000002, 3663874.1785360156]"
22007,17.836926102638245,13.103865701770609,Point,13521150.000000002,3663874.1785360156,"[13521150.000000002, 3663874.1785360156]"
22008,18.24910855293274,15.233168455775365,Point,13521250.0,3663874.1785360156,"[13521250.0, 3663874.1785360156]"
22244,87.586097240448,3.5216526347581723,Point,13517550.000000002,3663757.221144737,"[13517550.000000002, 3663757.221144737]"
22245,87.84396409988403,2.5143679995900365,Point,13517650.000000002,3663757.221144737,"[13517650.000000002, 3663757.221144737]"
22246,94.82038879394531,2.429438525155794,Point,13517750.000000002,3663757.221144737,"[13517750.000000002, 3663757.221144737]"
22247,86.87632322311401,2.934007666148399,Point,13517850.0,3663757.221144737,"[13517850.0, 3663757.221144737]"
22248,66.59074640274048,1.3741717652160854,Point,13517950.0,3663757.221144737,"[13517950.0, 3663757.221144737]"
22249,82.70841121673584,2.7850563183575705,Point,13518050.000000002,3663757.221144737,"[13518050.000000002, 3663757.221144737]"
22250,80.7969970703125,2.4275359216517702,Point,13518150.000000002,3663757.221144737,"[13518150.000000002, 3663757.221144737]"
22251,79.95848608016968,2.5051164184781918,Point,13518250.0,3663757.221144737,"[13518250.0, 3663757.221144737]"
22252,79.89985466003418,1.4905046416347316,Point,13518350.0,3663757.221144737,"[13518350.0, 3663757.221144737]"
22253,81.00474834442139,1.4905046416347316,Point,13518450.0,3663757.221144737,"[13518450.0, 3663757.221144737]"
22254,77.82872152328491,1.4995892215042728,Point,13518550.000000002,3663757.221144737,"[13518550.000000002, 3663757.221144737]"
22255,78.18823003768921,1.5236500737898593,Point,13518650.000000002,3663757.221144737,"[13518650.000000002, 3663757.221144737]"
22256,73.99646997451782,1.5236500737898593,Point,13518750.000000002,3663757.221144737,"[13518750.000000002, 3663757.221144737]"
22257,70.69511079788208,1.0259551361848211,Point,13518850.0,3663757.221144737,"[13518850.0, 3663757.221144737]"
22258,72.68225431442261,1.5292277847906919,Point,13518950.0,3663757.221144737,"[13518950.0, 3663757.221144737]"
22259,34.030280113220215,2.4948397348151676,Point,13519050.000000002,3663757.221144737,"[13519050.000000002, 3663757.221144737]"
22260,35.088112592697144,2.021205649495716,Point,13519150.000000002,3663757.221144737,"[13519150.000000002, 3663757.221144737]"
22261,35.449557304382324,2.8428310285491043,Point,13519250.0,3663757.221144737,"[13519250.0, 3663757.221144737]"
22262,27.818928718566895,3.6652524697120175,Point,13519350.0,3663757.221144737,"[13519350.0, 3663757.221144737]"
22263,36.85885453224182,3.6652524697120175,Point,13519450.000000002,3663757.221144737,"[13519450.000000002, 3663757.221144737]"
22264,37.341044425964355,3.9806437527192067,Point,13519550.000000002,3663757.221144737,"[13519550.000000002, 3663757.221144737]"
22265,37.46568489074707,3.9806437527192067,Point,13519650.0,3663757.221144737,"[13519650.0, 3663757.221144737]"
22266,40.21803855895996,4.064382943637092,Point,13519750.000000002,3663757.221144737,"[13519750.000000002, 3663757.221144737]"
22267,39.96814036369324,4.059841496966922,Point,13519850.0,3663757.221144737,"[13519850.0, 3663757.221144737]"
22268,37.901113986968994,3.9648290332553837,Point,13519950.000000002,3663757.221144737,"[13519950.000000002, 3663757.221144737]"
22269,35.951042890548706,4.751513005331001,Point,13520050.000000002,3663757.221144737,"[13520050.000000002, 3663757.221144737]"
22270,30.52802062034607,5.116525528284985,Point,13520150.000000002,3663757.221144737,"[13520150.000000002, 3663757.221144737]"
22271,14.808855175971985,9.856176920741165,Point,13520250.0,3663757.221144737,"[13520250.0, 3663757.221144737]"
22272,15.729896187782288,4.783758189709651,Point,13520350.0,3663757.221144737,"[13520350.0, 3663757.221144737]"
22273,16.986016035079956,9.899476617391393,Point,13520450.000000002,3663757.221144737,"[13520450.000000002, 3663757.221144737]"
22274,18.557749271392822,9.88517564340428,Point,13520550.000000002,3663757.221144737,"[13520550.000000002, 3663757.221144737]"
22275,15.08878779411316,10.82545850854798,Point,13520650.0,3663757.221144737,"[13520650.0, 3663757.221144737]"
22276,16.81591010093689,10.944388996715766,Point,13520750.0,3663757.221144737,"[13520750.0, 3663757.221144737]"
22277,12.169656753540039,6.826554839319186,Point,13520850.0,3663757.221144737,"[13520850.0, 3663757.221144737]"
22278,16.629000425338745,6.585502349133496,Point,13520950.000000002,3663757.221144737,"[13520950.000000002, 3663757.221144737]"
22279,15.750149250030518,8.213637831345006,Point,13521050.000000002,3663757.221144737,"[13521050.000000002, 3663757.221144737]"
22280,17.715655088424683,13.103865701770609,Point,13521150.000000002,3663757.221144737,"[13521150.000000002, 3663757.221144737]"
22281,18.61113214492798,15.246647179447297,Point,13521250.0,3663757.221144737,"[13521250.0, 3663757.221144737]"
22514,93.51348495483398,2.8931717803355452,Point,13517350.0,3663640.2648656815,"[13517350.0, 3663640.2648656815]"
22515,91.89767074584961,2.359521230486861,Point,13517450.0,3663640.2648656815,"[13517450.0, 3663640.2648656815]"
22516,93.05469846725464,2.988002084909488,Point,13517550.000000002,3663640.2648656815,"[13517550.000000002, 3663640.2648656815]"
22517,95.57786178588867,2.9925435315796585,Point,13517650.000000002,3663640.2648656815,"[13517650.000000002, 3663640.2648656815]"
22518,95.83933639526367,2.518909446260207,Point,13517750.000000002,3663640.2648656815,"[13517750.000000002, 3663640.2648656815]"
22519,86.9677619934082,2.934007666148399,Point,13517850.0,3663640.2648656815,"[13517850.0, 3663640.2648656815]"
22520,84.79834175109863,2.4603735808289473,Point,13517950.0,3663640.2648656815,"[13517950.0, 3663640.2648656815]"
22521,84.80302429199219,2.8626368151839916,Point,13518050.000000002,3663640.2648656815,"[13518050.000000002, 3663640.2648656815]"
22522,80.73750400543213,2.5051164184781918,Point,13518150.000000002,3663640.2648656815,"[13518150.000000002, 3663640.2648656815]"
22523,83.04082298278809,2.5051164184781918,Point,13518250.0,3663640.2648656815,"[13518250.0, 3663640.2648656815]"
22524,75.41158437728882,1.5925201259614474,Point,13518350.0,3663640.2648656815,"[13518350.0, 3663640.2648656815]"
22525,75.3078818321228,1.0409314086008667,Point,13518450.0,3663640.2648656815,"[13518450.0, 3663640.2648656815]"
22526,77.18516826629639,1.5236500737898593,Point,13518550.000000002,3663640.2648656815,"[13518550.000000002, 3663640.2648656815]"
22527,79.13907289505005,1.5236500737898593,Point,13518650.000000002,3663640.2648656815,"[13518650.000000002, 3663640.2648656815]"
22528,74.51406145095825,1.0500159884704077,Point,13518750.000000002,3663640.2648656815,"[13518750.000000002, 3663640.2648656815]"
22529,74.8388466835022,1.0500159884704077,Point,13518850.0,3663640.2648656815,"[13518850.0, 3663640.2648656815]"
22530,73.01477241516113,1.2441509531891386,Point,13518950.0,3663640.2648656815,"[13518950.0, 3663640.2648656815]"
22531,33.474210262298584,2.5576529666929786,Point,13519050.000000002,3663640.2648656815,"[13519050.000000002, 3663640.2648656815]"
22532,33.24455404281616,2.059958029087941,Point,13519150.000000002,3663640.2648656815,"[13519150.000000002, 3663640.2648656815]"
22533,27.344943046569824,2.8428310285491043,Point,13519250.0,3663640.2648656815,"[13519250.0, 3663640.2648656815]"
22534,34.91675138473511,3.6652524697120175,Point,13519350.0,3663640.2648656815,"[13519350.0, 3663640.2648656815]"
22535,35.425190448760986,3.9902854394594,Point,13519450.000000002,3663640.2648656815,"[13519450.000000002, 3663640.2648656815]"
22536,36.15545964241028,4.46240868943822,Point,13519550.000000002,3663640.2648656815,"[13519550.000000002, 3663640.2648656815]"
22537,37.770209312438965,3.9806437527192067,Point,13519650.0,3663640.2648656815,"[13519650.0, 3663640.2648656815]"
22538,37.80659294128418,4.534687877362363,Point,13519750.000000002,3663640.2648656815,"[13519750.000000002, 3663640.2648656815]"
22539,36.96139574050903,4.870137666454962,Point,13519850.0,3663640.2648656815,"[13519850.0, 3663640.2648656815]"
22540,35.7285041809082,4.865596219784792,Point,13519950.000000002,3663640.2648656815,"[13519950.000000002, 3663640.2648656815]"
22541,36.93309736251831,4.829093502157422,Point,13520050.000000002,3663640.2648656815,"[13520050.000000002, 3663640.2648656815]"
22542,35.82012891769409,4.589039376224568,Point,13520150.000000002,3663640.2648656815,"[13520150.000000002, 3663640.2648656815]"
22543,15.165201663970947,4.589039376224568,Point,13520250.0,3663640.2648656815,"[13520250.0, 3663640.2648656815]"
22544,16.15272605419159,4.698489903615569,Point,13520350.0,3663640.2648656815,"[13520350.0, 3663640.2648656815]"
22545,15.194666385650635,4.916501096526011,Point,13520450.000000002,3663640.2648656815,"[13520450.000000002, 3663640.2648656815]"
22546,14.024321436882019,5.386576741133791,Point,13520550.000000002,3663640.2648656815,"[13520550.000000002, 3663640.2648656815]"
22547,14.968871116638184,6.312558632290376,Point,13520650.0,3663640.2648656815,"[13520650.0, 3663640.2648656815]"
22548,16.932703852653503,6.419034578872331,Point,13520750.0,3663640.2648656815,"[13520750.0, 3663640.2648656815]"
22549,18.668450355529785,5.386576741133791,Point,13520850.0,3663640.2648656815,"[13520850.0, 3663640.2648656815]"
22550,16.471938848495483,7.827161959427853,Point,13520950.000000002,3663640.2648656815,"[13520950.000000002, 3663640.2648656815]"
22551,19.57827377319336,8.377693032986361,Point,13521050.000000002,3663640.2648656815,"[13521050.000000002, 3663640.2648656815]"
22552,19.577244997024536,13.11734442544254,Point,13521150.000000002,3663640.2648656815,"[13521150.000000002, 3663640.2648656815]"
22553,18.879878878593445,15.246647179447297,Point,13521250.0,3663640.2648656815,"[13521250.0, 3663640.2648656815]"
22554,18.735544562339783,15.246647179447297,Point,13521350.0,3663640.2648656815,"[13521350.0, 3663640.2648656815]"
22783,97.44018936157227,8.877052413866855,Point,13517150.000000002,3663523.3096987945,"[13517150.000000002, 3663523.3096987945]"
22784,96.88005352020264,2.3640626771570314,Point,13517250.0,3663523.3096987945,"[13517250.0, 3663523.3096987945]"
22785,75.54745721817017,2.2745917560526188,Point,13517350.0,3663523.3096987945,"[13517350.0, 3663523.3096987945]"
22786,96.84046363830566,2.2745917560526188,Point,13517450.0,3663523.3096987945,"[13517450.0, 3663523.3096987945]"
22787,93.19956016540527,2.5143679995900365,Point,13517550.000000002,3663523.3096987945,"[13517550.000000002, 3663523.3096987945]"
22788,94.14204406738281,2.285028624035136,Point,13517650.000000002,3663523.3096987945,"[13517650.000000002, 3663523.3096987945]"
22789,93.40177059173584,2.4339799718259645,Point,13517750.000000002,3663523.3096987945,"[13517750.000000002, 3663523.3096987945]"
22790,86.0679202079773,2.4339799718259645,Point,13517850.0,3663523.3096987945,"[13517850.0, 3663523.3096987945]"
22791,86.08627367019653,2.311422233038119,Point,13517950.0,3663523.3096987945,"[13517950.0, 3663523.3096987945]"
22792,83.37104225158691,2.38900272986454,Point,13518050.000000002,3663523.3096987945,"[13518050.000000002, 3663523.3096987945]"
22793,83.72163534164429,2.03148233315874,Point,13518150.000000002,3663523.3096987945,"[13518150.000000002, 3663523.3096987945]"
22794,82.8555040359497,2.03148233315874,Point,13518250.0,3663523.3096987945,"[13518250.0, 3663523.3096987945]"
22795,82.39056634902954,2.1334978174854555,Point,13518350.0,3663523.3096987945,"[13518350.0, 3663523.3096987945]"
22796,82.6290512084961,1.1188860406419958,Point,13518450.0,3663523.3096987945,"[13518450.0, 3663523.3096987945]"
22797,82.18492889404297,1.0500159884704077,Point,13518550.000000002,3663523.3096987945,"[13518550.000000002, 3663523.3096987945]"
22798,82.92620038986206,1.0500159884704077,Point,13518650.000000002,3663523.3096987945,"[13518650.000000002, 3663523.3096987945]"
22799,77.44353199005127,1.0500159884704077,Point,13518750.000000002,3663523.3096987945,"[13518750.000000002, 3663523.3096987945]"
22800,74.61513900756836,1.9342140072478538,Point,13518850.0,3663523.3096987945,"[13518850.0, 3663523.3096987945]"
22801,72.70094633102417,2.0840188813735274,Point,13518950.0,3663523.3096987945,"[13518950.0, 3663523.3096987945]"
22802,32.94629693031311,2.1692614016438294,Point,13519050.000000002,3663523.3096987945,"[13519050.000000002, 3663523.3096987945]"
22803,34.14880061149597,2.905644260426916,Point,13519150.000000002,3663523.3096987945,"[13519150.000000002, 3663523.3096987945]"
22804,35.43946981430054,2.8992846698800974,Point,13519250.0,3663523.3096987945,"[13519250.0, 3663523.3096987945]"
22805,34.59535622596741,4.029037819051625,Point,13519350.0,3663523.3096987945,"[13519350.0, 3663523.3096987945]"
22806,35.84629154205322,3.704004849304243,Point,13519450.000000002,3663523.3096987945,"[13519450.000000002, 3663523.3096987945]"
22807,36.47121834754944,4.837629350137705,Point,13519550.000000002,3663523.3096987945,"[13519550.000000002, 3663523.3096987945]"
22808,35.746721506118774,4.541606433685936,Point,13519650.0,3663523.3096987945,"[13519650.0, 3663523.3096987945]"
22809,36.84924006462097,4.870137666454962,Point,13519750.000000002,3663523.3096987945,"[13519750.000000002, 3663523.3096987945]"
22810,36.739381313323975,5.206605947562223,Point,13519850.0,3663523.3096987945,"[13519850.0, 3663523.3096987945]"
22811,35.360992193222046,4.849982569153225,Point,13519950.000000002,3663523.3096987945,"[13519950.000000002, 3663523.3096987945]"
22812,36.856417417526245,5.035798688861073,Point,13520050.000000002,3663523.3096987945,"[13520050.000000002, 3663523.3096987945]"
22813,34.02212071418762,4.6711613197211586,Point,13520150.000000002,3663523.3096987945,"[13520150.000000002, 3663523.3096987945]"
22814,15.852627635002136,4.6711613197211586,Point,13520250.0,3663523.3096987945,"[13520250.0, 3663523.3096987945]"
22815,15.630833506584167,4.698489903615569,Point,13520350.0,3663523.3096987945,"[13520350.0, 3663523.3096987945]"
22816,14.712725758552551,4.921042543196182,Point,13520450.000000002,3663523.3096987945,"[13520450.000000002, 3663523.3096987945]"
22817,14.268145322799683,4.957851087867376,Point,13520550.000000002,3663523.3096987945,"[13520550.000000002, 3663523.3096987945]"
22818,14.099462866783142,5.306101395645091,Point,13520650.0,3663523.3096987945,"[13520650.0, 3663523.3096987945]"
22819,15.666445255279541,5.229499462404965,Point,13520750.0,3663523.3096987945,"[13520750.0, 3663523.3096987945]"
22820,17.15196180343628,5.919052648759888,Point,13520850.0,3663523.3096987945,"[13520850.0, 3663523.3096987945]"
22821,16.126811146736145,8.768503208949639,Point,13520950.000000002,3663523.3096987945,"[13520950.000000002, 3663523.3096987945]"
22822,18.57168936729431,8.378515283301544,Point,13521050.000000002,3663523.3096987945,"[13521050.000000002, 3663523.3096987945]"
22823,17.772903442382812,8.377693032986361,Point,13521150.000000002,3663523.3096987945,"[13521150.000000002, 3663523.3096987945]"
22824,17.07617676258087,7.862351744508718,Point,13521250.0,3663523.3096987945,"[13521250.0, 3663523.3096987945]"
22825,51.74303865432739,13.11734442544254,Point,13521350.0,3663523.3096987945,"[13521350.0, 3663523.3096987945]"
23055,94.67706394195557,8.126260224268773,Point,13517050.000000002,3663406.3556440296,"[13517050.000000002, 3663406.3556440296]"
23056,90.33451795578003,2.3640626771570314,Point,13517150.000000002,3663406.3556440296,"[13517150.000000002, 3663406.3556440296]"
23057,88.3451600074768,2.38423499455629,Point,13517250.0,3663406.3556440296,"[13517250.0, 3663406.3556440296]"
23058,89.21681451797485,2.38423499455629,Point,13517350.0,3663406.3556440296,"[13517350.0, 3663406.3556440296]"
23059,94.58951377868652,2.3640626771570314,Point,13517450.0,3663406.3556440296,"[13517450.0, 3663406.3556440296]"
23060,94.25262832641602,2.1301818549319607,Point,13517550.000000002,3663406.3556440296,"[13517550.000000002, 3663406.3556440296]"
23061,93.29127073287964,2.4339799718259645,Point,13517650.000000002,3663406.3556440296,"[13517650.000000002, 3663406.3556440296]"
23062,94.3454942703247,2.1301818549319607,Point,13517750.000000002,3663406.3556440296,"[13517750.000000002, 3663406.3556440296]"
23063,88.298996925354,2.1301818549319607,Point,13517850.0,3663406.3556440296,"[13517850.0, 3663406.3556440296]"
23064,82.5537257194519,2.311422233038119,Point,13517950.0,3663406.3556440296,"[13517950.0, 3663406.3556440296]"
23065,84.83407163619995,2.03148233315874,Point,13518050.000000002,3663406.3556440296,"[13518050.000000002, 3663406.3556440296]"
23066,84.3653359413147,2.03148233315874,Point,13518150.000000002,3663406.3556440296,"[13518150.000000002, 3663406.3556440296]"
23067,83.27581930160522,2.1334978174854555,Point,13518250.0,3663406.3556440296,"[13518250.0, 3663406.3556440296]"
23068,83.95891904830933,2.1334978174854555,Point,13518350.0,3663406.3556440296,"[13518350.0, 3663406.3556440296]"
23069,82.5230360031128,2.0646277653138676,Point,13518450.0,3663406.3556440296,"[13518450.0, 3663406.3556440296]"
23070,79.49920511245728,2.0646277653138676,Point,13518550.000000002,3663406.3556440296,"[13518550.000000002, 3663406.3556440296]"
23071,79.58587980270386,1.0500159884704077,Point,13518650.000000002,3663406.3556440296,"[13518650.000000002, 3663406.3556440296]"
23072,77.19398021697998,1.0500159884704077,Point,13518750.000000002,3663406.3556440296,"[13518750.000000002, 3663406.3556440296]"
23073,76.13660097122192,1.0500159884704077,Point,13518850.0,3663406.3556440296,"[13518850.0, 3663406.3556440296]"
23074,76.23014211654663,1.9342140072478538,Point,13518950.0,3663406.3556440296,"[13518950.0, 3663406.3556440296]"
23075,35.06988716125488,1.9068950933164501,Point,13519050.000000002,3663406.3556440296,"[13519050.000000002, 3663406.3556440296]"
23076,33.11655783653259,2.8992846698800974,Point,13519150.000000002,3663406.3556440296,"[13519150.000000002, 3663406.3556440296]"
23077,33.96558952331543,3.728065701589829,Point,13519250.0,3663406.3556440296,"[13519250.0, 3663406.3556440296]"
23078,34.201462507247925,3.728065701589829,Point,13519350.0,3663406.3556440296,"[13519350.0, 3663406.3556440296]"
23079,34.81137752532959,4.525221921316032,Point,13519450.000000002,3663406.3556440296,"[13519450.000000002, 3663406.3556440296]"
23080,36.04442286491394,4.837629350137705,Point,13519550.000000002,3663406.3556440296,"[13519550.000000002, 3663406.3556440296]"
23081,34.29793691635132,4.835811033884156,Point,13519650.0,3663406.3556440296,"[13519650.0, 3663406.3556440296]"
23082,36.57662582397461,4.870137666454962,Point,13519750.000000002,3663406.3556440296,"[13519750.000000002, 3663406.3556440296]"
23083,36.698569536209106,5.206605947562223,Point,13519850.0,3663406.3556440296,"[13519850.0, 3663406.3556440296]"
23084,31.420413732528687,5.47939209775251,Point,13519950.000000002,3663406.3556440296,"[13519950.000000002, 3663406.3556440296]"
23085,27.88336730003357,5.00762960082842,Point,13520050.000000002,3663406.3556440296,"[13520050.000000002, 3663406.3556440296]"
23086,15.07361900806427,5.039499631392999,Point,13520150.000000002,3663406.3556440296,"[13520150.000000002, 3663406.3556440296]"
23087,15.607973456382751,4.703031350285739,Point,13520250.0,3663406.3556440296,"[13520250.0, 3663406.3556440296]"
23088,15.309765577316284,4.703031350285739,Point,13520350.0,3663406.3556440296,"[13520350.0, 3663406.3556440296]"
23089,15.903129577636719,4.916501096526011,Point,13520450.000000002,3663406.3556440296,"[13520450.000000002, 3663406.3556440296]"
23090,16.14519238471985,5.4602014882164305,Point,13520550.000000002,3663406.3556440296,"[13520550.000000002, 3663406.3556440296]"
23091,14.16487193107605,5.4602014882164305,Point,13520650.0,3663406.3556440296,"[13520650.0, 3663406.3556440296]"
23092,14.92743456363678,5.198028873679089,Point,13520750.0,3663406.3556440296,"[13520750.0, 3663406.3556440296]"
23093,16.11733317375183,5.811231620729098,Point,13520850.0,3663406.3556440296,"[13520850.0, 3663406.3556440296]"
23094,16.300417184829712,6.951792358586923,Point,13520950.000000002,3663406.3556440296,"[13520950.000000002, 3663406.3556440296]"
23095,16.69761550426483,6.951792358586923,Point,13521050.000000002,3663406.3556440296,"[13521050.000000002, 3663406.3556440296]"
23096,17.395305037498474,8.253161920471994,Point,13521150.000000002,3663406.3556440296,"[13521150.000000002, 3663406.3556440296]"
23097,15.743088722229004,8.767680958634458,Point,13521250.0,3663406.3556440296,"[13521250.0, 3663406.3556440296]"
23098,37.65929293632507,8.767680958634458,Point,13521350.0,3663406.3556440296,"[13521350.0, 3663406.3556440296]"
23099,39.40710997581482,8.377693032986361,Point,13521450.000000002,3663406.3556440296,"[13521450.000000002, 3663406.3556440296]"
23326,98.68056583404541,8.967404711171433,Point,13516850.000000002,3663289.402701335,"[13516850.000000002, 3663289.402701335]"
23327,102.71658039093018,2.4728421075042766,Point,13516950.0,3663289.402701335,"[13516950.0, 3663289.402701335]"
23328,99.49332427978516,2.4728421075042766,Point,13517050.000000002,3663289.402701335,"[13517050.000000002, 3663289.402701335]"
23329,92.500403881073,2.3640626771570314,Point,13517150.000000002,3663289.402701335,"[13517150.000000002, 3663289.402701335]"
23330,87.25269842147827,2.4347681002969765,Point,13517250.0,3663289.402701335,"[13517250.0, 3663289.402701335]"
23331,87.64845752716064,2.4702267973227654,Point,13517350.0,3663289.402701335,"[13517350.0, 3663289.402701335]"
23332,97.64977931976318,2.4702267973227654,Point,13517450.0,3663289.402701335,"[13517450.0, 3663289.402701335]"
23333,95.85420036315918,2.4702267973227654,Point,13517550.000000002,3663289.402701335,"[13517550.000000002, 3663289.402701335]"
23334,91.1186842918396,2.4541522892252234,Point,13517650.000000002,3663289.402701335,"[13517650.000000002, 3663289.402701335]"
23335,92.66758680343628,2.1964447518812875,Point,13517750.000000002,3663289.402701335,"[13517750.000000002, 3663289.402701335]"
23336,87.48427438735962,2.285028624035136,Point,13517850.0,3663289.402701335,"[13517850.0, 3663289.402701335]"
23337,86.54596042633057,2.38900272986454,Point,13517950.0,3663289.402701335,"[13517950.0, 3663289.402701335]"
23338,85.36825847625732,2.03148233315874,Point,13518050.000000002,3663289.402701335,"[13518050.000000002, 3663289.402701335]"
23339,85.2010006904602,2.0555431854443267,Point,13518150.000000002,3663289.402701335,"[13518150.000000002, 3663289.402701335]"
23340,86.97511911392212,2.1334978174854555,Point,13518250.0,3663289.402701335,"[13518250.0, 3663289.402701335]"
23341,82.37055730819702,2.1334978174854555,Point,13518350.0,3663289.402701335,"[13518350.0, 3663289.402701335]"
23342,82.61469316482544,2.0646277653138676,Point,13518450.0,3663289.402701335,"[13518450.0, 3663289.402701335]"
23343,83.68802547454834,1.0500159884704077,Point,13518550.000000002,3663289.402701335,"[13518550.000000002, 3663289.402701335]"
23344,83.60967493057251,1.0690853791457544,Point,13518650.000000002,3663289.402701335,"[13518650.000000002, 3663289.402701335]"
23345,84.7159595489502,1.0500159884704077,Point,13518750.000000002,3663289.402701335,"[13518750.000000002, 3663289.402701335]"
23346,81.05528688430786,1.9342140072478538,Point,13518850.0,3663289.402701335,"[13518850.0, 3663289.402701335]"
23347,36.21611738204956,1.9342140072478538,Point,13518950.0,3663289.402701335,"[13518950.0, 3663289.402701335]"
23348,35.6338324546814,2.7285204723698393,Point,13519050.000000002,3663289.402701335,"[13519050.000000002, 3663289.402701335]"
23349,35.03921866416931,2.7494797957544237,Point,13519150.000000002,3663289.402701335,"[13519150.000000002, 3663289.402701335]"
23350,35.11723303794861,3.578260827464155,Point,13519250.0,3663289.402701335,"[13519250.0, 3663289.402701335]"
23351,34.88585448265076,4.525221921316032,Point,13519350.0,3663289.402701335,"[13519350.0, 3663289.402701335]"
23352,28.4296875,4.837629350137705,Point,13519450.000000002,3663289.402701335,"[13519450.000000002, 3663289.402701335]"
23353,35.646955490112305,4.835811033884156,Point,13519550.000000002,3663289.402701335,"[13519550.000000002, 3663289.402701335]"
23354,34.63614892959595,5.250458567224471,Point,13519650.0,3663289.402701335,"[13519650.0, 3663289.402701335]"
23355,35.47375702857971,4.880720958014533,Point,13519750.000000002,3663289.402701335,"[13519750.000000002, 3663289.402701335]"
23356,35.85121297836304,4.9125909885791135,Point,13519850.0,3663289.402701335,"[13519850.0, 3663289.402701335]"
23357,34.936609506607056,5.087579647084077,Point,13519950.000000002,3663289.402701335,"[13519950.000000002, 3663289.402701335]"
23358,34.90299606323242,5.078252010985224,Point,13520050.000000002,3663289.402701335,"[13520050.000000002, 3663289.402701335]"
23359,14.462124705314636,5.078252010985224,Point,13520150.000000002,3663289.402701335,"[13520150.000000002, 3663289.402701335]"
23360,14.250962495803833,5.039499631392999,Point,13520250.0,3663289.402701335,"[13520250.0, 3663289.402701335]"
23361,14.85659921169281,5.257510824303441,Point,13520350.0,3663289.402701335,"[13520350.0, 3663289.402701335]"
23362,16.483741760253906,5.266251147591575,Point,13520450.000000002,3663289.402701335,"[13520450.000000002, 3663289.402701335]"
23363,13.867190957069397,5.484262340502017,Point,13520550.000000002,3663289.402701335,"[13520550.000000002, 3663289.402701335]"
23364,15.868054032325745,5.484262340502017,Point,13520650.0,3663289.402701335,"[13520650.0, 3663289.402701335]"
23365,15.850493907928467,5.376441312471228,Point,13520750.0,3663289.402701335,"[13520750.0, 3663289.402701335]"
23366,14.901986241340637,5.839833919684856,Point,13520850.0,3663289.402701335,"[13520850.0, 3663289.402701335]"
23367,16.26777756214142,6.049871319715924,Point,13520950.000000002,3663289.402701335,"[13520950.000000002, 3663289.402701335]"
23368,15.914383888244629,6.97585321087251,Point,13521050.000000002,3663289.402701335,"[13521050.000000002, 3663289.402701335]"
23369,15.743942379951477,7.3512408816009955,Point,13521150.000000002,3663289.402701335,"[13521150.000000002, 3663289.402701335]"
23370,14.646031618118286,8.2764005224424,Point,13521250.0,3663289.402701335,"[13521250.0, 3663289.402701335]"
23371,37.948561906814575,8.252339670156811,Point,13521350.0,3663289.402701335,"[13521350.0, 3663289.402701335]"
23372,42.451767683029175,8.641452544914296,Point,13521450.000000002,3663289.402701335,"[13521450.000000002, 3663289.402701335]"
23595,91.74950981140137,8.974561468023115,Point,13516750.000000002,3663172.4508706606,"[13516750.000000002, 3663172.4508706606]"
23596,88.73057270050049,2.45707770952402,Point,13516950.0,3663172.4508706606,"[13516950.0, 3663172.4508706606]"
23597,98.84585666656494,2.4728421075042766,Point,13517050.000000002,3663172.4508706606,"[13517050.000000002, 3663172.4508706606]"
23598,94.42186260223389,2.477383554174447,Point,13517150.000000002,3663172.4508706606,"[13517150.000000002, 3663172.4508706606]"
23599,92.0736780166626,2.477383554174447,Point,13517250.0,3663172.4508706606,"[13517250.0, 3663172.4508706606]"
23600,86.29009103775024,2.477383554174447,Point,13517350.0,3663172.4508706606,"[13517350.0, 3663172.4508706606]"
23601,90.3998236656189,2.477383554174447,Point,13517450.0,3663172.4508706606,"[13517450.0, 3663172.4508706606]"
23602,91.90769672393799,2.477383554174447,Point,13517550.000000002,3663172.4508706606,"[13517550.000000002, 3663172.4508706606]"
23603,94.5752534866333,2.547807294149187,Point,13517650.000000002,3663172.4508706606,"[13517650.000000002, 3663172.4508706606]"
23604,85.3544111251831,2.1301818549319607,Point,13517750.000000002,3663172.4508706606,"[13517750.000000002, 3663172.4508706606]"
23605,83.01794815063477,1.8743028073381685,Point,13517850.0,3663172.4508706606,"[13517850.0, 3663172.4508706606]"
23606,86.57291507720947,2.029149576441344,Point,13517950.0,3663172.4508706606,"[13517950.0, 3663172.4508706606]"
23607,83.45807695388794,2.0555431854443267,Point,13518050.000000002,3663172.4508706606,"[13518050.000000002, 3663172.4508706606]"
23608,79.35647916793823,2.0555431854443267,Point,13518150.000000002,3663172.4508706606,"[13518150.000000002, 3663172.4508706606]"
23609,87.62315320968628,2.1334978174854555,Point,13518250.0,3663172.4508706606,"[13518250.0, 3663172.4508706606]"
23610,86.48343563079834,2.1334978174854555,Point,13518350.0,3663172.4508706606,"[13518350.0, 3663172.4508706606]"
23611,81.80890941619873,2.0646277653138676,Point,13518450.0,3663172.4508706606,"[13518450.0, 3663172.4508706606]"
23612,79.52075481414795,2.0646277653138676,Point,13518550.000000002,3663172.4508706606,"[13518550.000000002, 3663172.4508706606]"
23613,62.536231994628906,2.0836971559892143,Point,13518650.000000002,3663172.4508706606,"[13518650.000000002, 3663172.4508706606]"
23614,64.19809532165527,2.9678951747666598,Point,13518750.000000002,3663172.4508706606,"[13518750.000000002, 3663172.4508706606]"
23615,62.144670486450195,2.2656908267448737,Point,13518850.0,3663172.4508706606,"[13518850.0, 3663172.4508706606]"
23616,37.19166827201843,2.2656908267448737,Point,13518950.0,3663172.4508706606,"[13518950.0, 3663172.4508706606]"
23617,37.38179087638855,2.2193025221381237,Point,13519050.000000002,3663172.4508706606,"[13519050.000000002, 3663172.4508706606]"
23618,36.86242604255676,2.1509115792594797,Point,13519150.000000002,3663172.4508706606,"[13519150.000000002, 3663172.4508706606]"
23619,35.4458384513855,3.578260827464155,Point,13519250.0,3663172.4508706606,"[13519250.0, 3663172.4508706606]"
23620,29.534882068634033,4.687824476012032,Point,13519350.0,3663172.4508706606,"[13519350.0, 3663172.4508706606]"
23621,36.81610822677612,4.686006159758483,Point,13519450.000000002,3663172.4508706606,"[13519450.000000002, 3663172.4508706606]"
23622,36.11074161529541,4.686006159758483,Point,13519550.000000002,3663172.4508706606,"[13519550.000000002, 3663172.4508706606]"
23623,35.785335302352905,4.400566534866283,Point,13519650.0,3663172.4508706606,"[13519650.0, 3663172.4508706606]"
23624,35.16568970680237,5.114754728612595,Point,13519750.000000002,3663172.4508706606,"[13519750.000000002, 3663172.4508706606]"
23625,35.35849690437317,5.103193297715645,Point,13519850.0,3663172.4508706606,"[13519850.0, 3663172.4508706606]"
23626,35.17029285430908,4.694413366261489,Point,13519950.000000002,3663172.4508706606,"[13519950.000000002, 3663172.4508706606]"
23627,36.8038592338562,5.078252010985224,Point,13520050.000000002,3663172.4508706606,"[13520050.000000002, 3663172.4508706606]"
23628,15.13052225112915,5.078252010985224,Point,13520150.000000002,3663172.4508706606,"[13520150.000000002, 3663172.4508706606]"
23629,15.256901621818542,5.046381980420644,Point,13520250.0,3663172.4508706606,"[13520250.0, 3663172.4508706606]"
23630,16.135780453681946,5.3050035271838,Point,13520350.0,3663172.4508706606,"[13520350.0, 3663172.4508706606]"
23631,16.277925491333008,5.376441312471228,Point,13520450.000000002,3663172.4508706606,"[13520450.000000002, 3663172.4508706606]"
23632,16.020431876182556,5.484262340502017,Point,13520550.000000002,3663172.4508706606,"[13520550.000000002, 3663172.4508706606]"
23633,15.796448230743408,5.484262340502017,Point,13520650.0,3663172.4508706606,"[13520650.0, 3663172.4508706606]"
23634,13.45969307422638,5.518929294449231,Point,13520750.0,3663172.4508706606,"[13520750.0, 3663172.4508706606]"
23635,15.744797110557556,5.7335081411504705,Point,13520850.0,3663172.4508706606,"[13520850.0, 3663172.4508706606]"
23636,17.018975853919983,5.905677879668647,Point,13520950.000000002,3663172.4508706606,"[13520950.000000002, 3663172.4508706606]"
23637,13.427344918251038,5.747622037353526,Point,13521050.000000002,3663172.4508706606,"[13521050.000000002, 3663172.4508706606]"
23638,14.83698046207428,7.3512408816009955,Point,13521150.000000002,3663172.4508706606,"[13521150.000000002, 3663172.4508706606]"
23639,15.370250463485718,8.114373989837079,Point,13521250.0,3663172.4508706606,"[13521250.0, 3663172.4508706606]"
23640,48.144853591918945,8.296316500836754,Point,13521350.0,3663172.4508706606,"[13521350.0, 3663172.4508706606]"
23641,49.75884819030762,8.973775952130326,Point,13521450.000000002,3663172.4508706606,"[13521450.000000002, 3663172.4508706606]"
23864,90.7261552810669,3.037276929553585,Point,13516650.000000002,3663055.500151957,"[13516650.000000002, 3663055.500151957]"
23865,94.66638469696045,2.9430272584467727,Point,13516750.000000002,3663055.500151957,"[13516750.000000002, 3663055.500151957]"
23866,95.6887617111206,2.1036279559007043,Point,13516950.0,3663055.500151957,"[13516950.0, 3663055.500151957]"
23867,68.50510501861572,2.5378486569589,Point,13517050.000000002,3663055.500151957,"[13517050.000000002, 3663055.500151957]"
23868,88.28561925888062,1.961553813650963,Point,13517150.000000002,3663055.500151957,"[13517150.000000002, 3663055.500151957]"
23869,82.6230297088623,2.0278167106002902,Point,13517250.0,3663055.500151957,"[13517250.0, 3663055.500151957]"
23870,84.19649696350098,2.0278167106002902,Point,13517350.0,3663055.500151957,"[13517350.0, 3663055.500151957]"
23871,84.81239128112793,2.477383554174447,Point,13517450.0,3663055.500151957,"[13517450.0, 3663055.500151957]"
23872,84.47606468200684,2.554964051000868,Point,13517550.000000002,3663055.500151957,"[13517550.000000002, 3663055.500151957]"
23873,69.52320051193237,2.489179695593272,Point,13517650.000000002,3663055.500151957,"[13517650.000000002, 3663055.500151957]"
23874,84.27781105041504,1.9536210492526398,Point,13517750.000000002,3663055.500151957,"[13517750.000000002, 3663055.500151957]"
23875,80.66328763961792,1.5096654381982537,Point,13517850.0,3663055.500151957,"[13517850.0, 3663055.500151957]"
23876,85.30575752258301,2.029149576441344,Point,13517950.0,3663055.500151957,"[13517950.0, 3663055.500151957]"
23877,85.97740507125854,2.0555431854443267,Point,13518050.000000002,3663055.500151957,"[13518050.000000002, 3663055.500151957]"
23878,86.12143087387085,2.0555431854443267,Point,13518150.000000002,3663055.500151957,"[13518150.000000002, 3663055.500151957]"
23879,85.49102210998535,1.7688604483455412,Point,13518250.0,3663055.500151957,"[13518250.0, 3663055.500151957]"
23880,82.6123423576355,2.1334978174854555,Point,13518350.0,3663055.500151957,"[13518350.0, 3663055.500151957]"
23881,83.55007648468018,2.1334978174854555,Point,13518450.0,3663055.500151957,"[13518450.0, 3663055.500151957]"
23882,82.55220890045166,2.0646277653138676,Point,13518550.000000002,3663055.500151957,"[13518550.000000002, 3663055.500151957]"
23883,63.33025598526001,1.081475747818952,Point,13518650.000000002,3663055.500151957,"[13518650.000000002, 3663055.500151957]"
23884,83.70052909851074,1.4085054966769037,Point,13518750.000000002,3663055.500151957,"[13518750.000000002, 3663055.500151957]"
23885,82.09658813476562,2.2383719128134705,Point,13518850.0,3663055.500151957,"[13518850.0, 3663055.500151957]"
23886,38.15980505943298,3.072387660540057,Point,13518950.0,3663055.500151957,"[13518950.0, 3663055.500151957]"
23887,37.81787657737732,3.0870099805763345,Point,13519050.000000002,3663055.500151957,"[13519050.000000002, 3663055.500151957]"
23888,37.371856927871704,3.9221280156343736,Point,13519150.000000002,3663055.500151957,"[13519150.000000002, 3663055.500151957]"
23889,36.371413230895996,3.8825236162418415,Point,13519250.0,3663055.500151957,"[13519250.0, 3663055.500151957]"
23890,36.70862078666687,4.686006159758483,Point,13519350.0,3663055.500151957,"[13519350.0, 3663055.500151957]"
23891,37.161123275756836,4.686006159758483,Point,13519450.000000002,3663055.500151957,"[13519450.000000002, 3663055.500151957]"
23892,35.99333882331848,5.100653693098797,Point,13519550.000000002,3663055.500151957,"[13519550.000000002, 3663055.500151957]"
23893,34.72974872589111,4.395466294796259,Point,13519650.0,3663055.500151957,"[13519650.0, 3663055.500151957]"
23894,34.93663477897644,4.964949854486921,Point,13519750.000000002,3663055.500151957,"[13519750.000000002, 3663055.500151957]"
23895,34.82575750350952,4.951888669161459,Point,13519850.0,3663055.500151957,"[13519850.0, 3663055.500151957]"
23896,36.12648963928223,5.169312549261181,Point,13519950.000000002,3663055.500151957,"[13519950.000000002, 3663055.500151957]"
23897,36.75013494491577,4.9425610330626055,Point,13520050.000000002,3663055.500151957,"[13520050.000000002, 3663055.500151957]"
23898,16.184085607528687,5.09236590718828,Point,13520150.000000002,3663055.500151957,"[13520150.000000002, 3663055.500151957]"
23899,16.469709515571594,5.09236590718828,Point,13520250.0,3663055.500151957,"[13520250.0, 3663055.500151957]"
23900,15.831929087638855,5.523014720094243,Point,13520350.0,3663055.500151957,"[13520350.0, 3663055.500151957]"
23901,15.528170108795166,5.523014720094243,Point,13520450.000000002,3663055.500151957,"[13520450.000000002, 3663055.500151957]"
23902,16.14950168132782,5.523014720094243,Point,13520550.000000002,3663055.500151957,"[13520550.000000002, 3663055.500151957]"
23903,14.738149404525757,5.4512057274595,Point,13520650.0,3663055.500151957,"[13520650.0, 3663055.500151957]"
23904,15.190865755081177,5.533043190652286,Point,13520750.0,3663055.500151957,"[13520750.0, 3663055.500151957]"
23905,17.334997057914734,5.533043190652286,Point,13520850.0,3663055.500151957,"[13520850.0, 3663055.500151957]"
23906,14.364542841911316,5.905677879668647,Point,13520950.000000002,3663055.500151957,"[13520950.000000002, 3663055.500151957]"
23907,12.71590805053711,7.207047441553717,Point,13521050.000000002,3663055.500151957,"[13521050.000000002, 3663055.500151957]"
23908,13.021808505058289,7.207047441553717,Point,13521150.000000002,3663055.500151957,"[13521150.000000002, 3663055.500151957]"
23909,16.023869037628174,7.208308077074848,Point,13521250.0,3663055.500151957,"[13521250.0, 3663055.500151957]"
23910,46.19229221343994,8.849101917698466,Point,13521350.0,3663055.500151957,"[13521350.0, 3663055.500151957]"
23911,37.45021653175354,8.83498802149541,Point,13521450.000000002,3663055.500151957,"[13521450.000000002, 3663055.500151957]"
23912,37.928380250930786,8.997836804415913,Point,13521550.000000002,3663055.500151957,"[13521550.000000002, 3663055.500151957]"
24133,49.10969066619873,3.3564026098159583,Point,13516550.0,3662938.550545174,"[13516550.0, 3662938.550545174]"
24134,56.44450092315674,3.0354586133000354,Point,13516650.000000002,3662938.550545174,"[13516650.000000002, 3662938.550545174]"
24135,94.0003023147583,2.956505982118705,Point,13516750.000000002,3662938.550545174,"[13516750.000000002, 3662938.550545174]"
24136,88.30983877182007,2.1018096396471546,Point,13516850.000000002,3662938.550545174,"[13516850.000000002, 3662938.550545174]"
24137,61.48443031311035,2.1018096396471546,Point,13516950.0,3662938.550545174,"[13516950.0, 3662938.550545174]"
24138,84.07333087921143,2.498696731005078,Point,13517050.000000002,3662938.550545174,"[13517050.000000002, 3662938.550545174]"
24139,77.19056749343872,2.4980990411086683,Point,13517150.000000002,3662938.550545174,"[13517150.000000002, 3662938.550545174]"
24140,82.23889303207397,2.0278167106002902,Point,13517250.0,3662938.550545174,"[13517250.0, 3662938.550545174]"
24141,86.79553174972534,3.091318576293089,Point,13517350.0,3662938.550545174,"[13517350.0, 3662938.550545174]"
24142,88.72890138626099,2.0278167106002902,Point,13517450.0,3662938.550545174,"[13517450.0, 3662938.550545174]"
24143,86.07332038879395,1.8788653628094614,Point,13517550.000000002,3662938.550545174,"[13517550.000000002, 3662938.550545174]"
24144,88.91547966003418,2.065838999546143,Point,13517650.000000002,3662938.550545174,"[13517650.000000002, 3662938.550545174]"
24145,85.17140197753906,1.9726904399279865,Point,13517750.000000002,3662938.550545174,"[13517750.000000002, 3662938.550545174]"
24146,87.53466558456421,1.7432056923253823,Point,13517850.0,3662938.550545174,"[13517850.0, 3662938.550545174]"
24147,87.0939450263977,1.6835815979767756,Point,13517950.0,3662938.550545174,"[13517950.0, 3662938.550545174]"
24148,87.29518365859985,1.6404513550158426,Point,13518050.000000002,3662938.550545174,"[13518050.000000002, 3662938.550545174]"
24149,84.80860662460327,1.7688604483455412,Point,13518150.000000002,3662938.550545174,"[13518150.000000002, 3662938.550545174]"
24150,83.07810831069946,1.7879298390208875,Point,13518250.0,3662938.550545174,"[13518250.0, 3662938.550545174]"
24151,82.34313249588013,1.690905816304412,Point,13518350.0,3662938.550545174,"[13518350.0, 3662938.550545174]"
24152,85.35733127593994,1.8003202076940856,Point,13518450.0,3662938.550545174,"[13518450.0, 3662938.550545174]"
24153,86.12764167785645,1.7314501555224973,Point,13518550.000000002,3662938.550545174,"[13518550.000000002, 3662938.550545174]"
24154,64.34885358810425,2.1107098446986896,Point,13518650.000000002,3662938.550545174,"[13518650.000000002, 3662938.550545174]"
24155,82.18782329559326,2.2243125725757054,Point,13518750.000000002,3662938.550545174,"[13518750.000000002, 3662938.550545174]"
24156,83.11852169036865,2.2243125725757054,Point,13518850.0,3662938.550545174,"[13518850.0, 3662938.550545174]"
24157,37.44415593147278,1.9859897526533334,Point,13518950.0,3662938.550545174,"[13518950.0, 3662938.550545174]"
24158,36.96396565437317,3.1079693039609197,Point,13519050.000000002,3662938.550545174,"[13519050.000000002, 3662938.550545174]"
24159,38.382922649383545,3.9349320194171016,Point,13519150.000000002,3662938.550545174,"[13519150.000000002, 3662938.550545174]"
24160,38.54361081123352,4.321368790618568,Point,13519250.0,3662938.550545174,"[13519250.0, 3662938.550545174]"
24161,37.00039219856262,4.321368790618568,Point,13519350.0,3662938.550545174,"[13519350.0, 3662938.550545174]"
24162,30.195459604263306,4.352828549967112,Point,13519450.000000002,3662938.550545174,"[13519450.000000002, 3662938.550545174]"
24163,37.93658256530762,4.767476083307427,Point,13519550.000000002,3662938.550545174,"[13519550.000000002, 3662938.550545174]"
24164,36.774778842926025,4.996409613835466,Point,13519650.0,3662938.550545174,"[13519650.0, 3662938.550545174]"
24165,37.53125739097595,4.9533884235899714,Point,13519750.000000002,3662938.550545174,"[13519750.000000002, 3662938.550545174]"
24166,37.964677810668945,5.197709576035382,Point,13519850.0,3662938.550545174,"[13519850.0, 3662938.550545174]"
24167,30.659008026123047,5.178640185360035,Point,13519950.000000002,3662938.550545174,"[13519950.000000002, 3662938.550545174]"
24168,38.02713465690613,5.169312549261181,Point,13520050.000000002,3662938.550545174,"[13520050.000000002, 3662938.550545174]"
24169,15.973177909851074,5.160572225973048,Point,13520150.000000002,3662938.550545174,"[13520150.000000002, 3662938.550545174]"
24170,15.271291255950928,5.387323742171624,Point,13520250.0,3662938.550545174,"[13520250.0, 3662938.550545174]"
24171,15.874202728271484,5.387323742171624,Point,13520350.0,3662938.550545174,"[13520350.0, 3662938.550545174]"
24172,16.514639258384705,5.537128616297298,Point,13520450.000000002,3662938.550545174,"[13520450.000000002, 3662938.550545174]"
24173,15.870552897453308,5.571795570244511,Point,13520550.000000002,3662938.550545174,"[13520550.000000002, 3662938.550545174]"
24174,14.51497769355774,5.571795570244511,Point,13520650.0,3662938.550545174,"[13520650.0, 3662938.550545174]"
24175,15.549552917480469,5.571795570244511,Point,13520750.0,3662938.550545174,"[13520750.0, 3662938.550545174]"
24176,16.222513556480408,5.747622037353526,Point,13520850.0,3662938.550545174,"[13520850.0, 3662938.550545174]"
24177,16.16849422454834,5.747622037353526,Point,13520950.000000002,3662938.550545174,"[13520950.000000002, 3662938.550545174]"
24178,13.1128089427948,5.767538015747881,Point,13521050.000000002,3662938.550545174,"[13521050.000000002, 3662938.550545174]"
24179,16.087079524993896,5.767538015747881,Point,13521150.000000002,3662938.550545174,"[13521150.000000002, 3662938.550545174]"
24180,16.249895334243774,7.928483723527232,Point,13521250.0,3662938.550545174,"[13521250.0, 3662938.550545174]"
24181,45.80984830856323,7.774137402731388,Point,13521350.0,3662938.550545174,"[13521350.0, 3662938.550545174]"
24182,44.834954500198364,7.909006130338825,Point,13521450.000000002,3662938.550545174,"[13521450.000000002, 3662938.550545174]"
24183,36.38763618469238,8.83498802149541,Point,13521550.000000002,3662938.550545174,"[13521550.000000002, 3662938.550545174]"
24404,50.7149224281311,3.3448411789190082,Point,13516550.0,3662821.6020502625,"[13516550.0, 3662821.6020502625]"
24405,81.13625144958496,4.258745500309805,Point,13516650.000000002,3662821.6020502625,"[13516650.000000002, 3662821.6020502625]"
24406,80.85281705856323,3.3609440564861286,Point,13516750.000000002,3662821.6020502625,"[13516750.000000002, 3662821.6020502625]"
24407,81.80978918075562,2.5170033072698894,Point,13516850.000000002,3662821.6020502625,"[13516850.000000002, 3662821.6020502625]"
24408,79.94056510925293,2.498696731005078,Point,13516950.0,3662821.6020502625,"[13516950.0, 3662821.6020502625]"
24409,83.94738864898682,1.9328597479416312,Point,13517050.000000002,3662821.6020502625,"[13517050.000000002, 3662821.6020502625]"
24410,82.23456001281738,2.855619437814469,Point,13517150.000000002,3662821.6020502625,"[13517150.000000002, 3662821.6020502625]"
24411,74.98550748825073,3.025458492534194,Point,13517250.0,3662821.6020502625,"[13517250.0, 3662821.6020502625]"
24412,87.23235607147217,3.3464024890501163,Point,13517350.0,3662821.6020502625,"[13517350.0, 3662821.6020502625]"
24413,85.45239448547363,2.923700651017346,Point,13517450.0,3662821.6020502625,"[13517450.0, 3662821.6020502625]"
24414,83.18147039413452,1.9977577863432663,Point,13517550.000000002,3662821.6020502625,"[13517550.000000002, 3662821.6020502625]"
24415,85.70067739486694,1.999576102596816,Point,13517650.000000002,3662821.6020502625,"[13517650.000000002, 3662821.6020502625]"
24416,79.66552019119263,1.7346326579684226,Point,13517750.000000002,3662821.6020502625,"[13517750.000000002, 3662821.6020502625]"
24417,79.27091360092163,1.7274759011167413,Point,13517850.0,3662821.6020502625,"[13517850.0, 3662821.6020502625]"
24418,82.8010516166687,1.6414840983502663,Point,13517950.0,3662821.6020502625,"[13517950.0, 3662821.6020502625]"
24419,84.52810144424438,1.7885489187273804,Point,13518050.000000002,3662821.6020502625,"[13518050.000000002, 3662821.6020502625]"
24420,80.31969547271729,1.8149425277303632,Point,13518150.000000002,3662821.6020502625,"[13518150.000000002, 3662821.6020502625]"
24421,84.74614429473877,1.6600957586271878,Point,13518250.0,3662821.6020502625,"[13518250.0, 3662821.6020502625]"
24422,84.8078932762146,1.5642130177461242,Point,13518350.0,3662821.6020502625,"[13518350.0, 3662821.6020502625]"
24423,85.62176132202148,1.746072475558775,Point,13518450.0,3662821.6020502625,"[13518450.0, 3662821.6020502625]"
24424,82.78934383392334,1.746072475558775,Point,13518550.000000002,3662821.6020502625,"[13518550.000000002, 3662821.6020502625]"
24425,78.28648042678833,1.746072475558775,Point,13518650.000000002,3662821.6020502625,"[13518650.000000002, 3662821.6020502625]"
24426,83.16040086746216,2.874286980279251,Point,13518750.000000002,3662821.6020502625,"[13518750.000000002, 3662821.6020502625]"
24427,83.6970911026001,1.9280661463144346,Point,13518850.0,3662821.6020502625,"[13518850.0, 3662821.6020502625]"
24428,38.35050106048584,1.9007472323830312,Point,13518950.0,3662821.6020502625,"[13518950.0, 3662821.6020502625]"
24429,38.99245238304138,2.741513618567455,Point,13519050.000000002,3662821.6020502625,"[13519050.000000002, 3662821.6020502625]"
24430,37.01398682594299,3.5702946502771873,Point,13519150.000000002,3662821.6020502625,"[13519150.000000002, 3662821.6020502625]"
24431,38.219645500183105,4.381564766206444,Point,13519250.0,3662821.6020502625,"[13519250.0, 3662821.6020502625]"
24432,37.912376165390015,4.381564766206444,Point,13519350.0,3662821.6020502625,"[13519350.0, 3662821.6020502625]"
24433,37.985909938812256,4.352828549967112,Point,13519450.000000002,3662821.6020502625,"[13519450.000000002, 3662821.6020502625]"
24434,37.68073582649231,4.7166092642650845,Point,13519550.000000002,3662821.6020502625,"[13519550.000000002, 3662821.6020502625]"
24435,37.86637234687805,4.997970748546281,Point,13519650.0,3662821.6020502625,"[13519650.0, 3662821.6020502625]"
24436,37.991413831710815,5.013584399177848,Point,13519750.000000002,3662821.6020502625,"[13519750.000000002, 3662821.6020502625]"
24437,37.65055799484253,4.983348428510003,Point,13519850.0,3662821.6020502625,"[13519850.0, 3662821.6020502625]"
24438,37.84867978096008,5.169312549261181,Point,13519950.000000002,3662821.6020502625,"[13519950.000000002, 3662821.6020502625]"
24439,37.28751039505005,5.169312549261181,Point,13520050.000000002,3662821.6020502625,"[13520050.000000002, 3662821.6020502625]"
24440,16.01039159297943,5.387323742171624,Point,13520150.000000002,3662821.6020502625,"[13520150.000000002, 3662821.6020502625]"
24441,16.167791843414307,5.387323742171624,Point,13520250.0,3662821.6020502625,"[13520250.0, 3662821.6020502625]"
24442,16.259610295295715,5.387323742171624,Point,13520350.0,3662821.6020502625,"[13520350.0, 3662821.6020502625]"
24443,16.02316188812256,5.573140651693345,Point,13520450.000000002,3662821.6020502625,"[13520450.000000002, 3662821.6020502625]"
24444,15.90913474559784,5.4653196236625545,Point,13520550.000000002,3662821.6020502625,"[13520550.000000002, 3662821.6020502625]"
24445,15.36135196685791,5.571795570244511,Point,13520650.0,3662821.6020502625,"[13520650.0, 3662821.6020502625]"
24446,14.234653353691101,5.571795570244511,Point,13520750.0,3662821.6020502625,"[13520750.0, 3662821.6020502625]"
24447,14.829408764839172,5.786374416945751,Point,13520850.0,3662821.6020502625,"[13520850.0, 3662821.6020502625]"
24448,15.891013979911804,5.767538015747881,Point,13520950.000000002,3662821.6020502625,"[13520950.000000002, 3662821.6020502625]"
24449,16.570682883262634,5.767538015747881,Point,13521050.000000002,3662821.6020502625,"[13521050.000000002, 3662821.6020502625]"
24450,16.54064953327179,5.767538015747881,Point,13521150.000000002,3662821.6020502625,"[13521150.000000002, 3662821.6020502625]"
24451,15.406799554824829,5.767538015747881,Point,13521250.0,3662821.6020502625,"[13521250.0, 3662821.6020502625]"
24452,44.101850509643555,7.07261709915223,Point,13521350.0,3662821.6020502625,"[13521350.0, 3662821.6020502625]"
24453,44.917107343673706,7.773315152416206,Point,13521450.000000002,3662821.6020502625,"[13521450.000000002, 3662821.6020502625]"
24454,38.93868947029114,7.759201256213151,Point,13521550.000000002,3662821.6020502625,"[13521550.000000002, 3662821.6020502625]"
24455,34.28446888923645,7.92312002654188,Point,13521650.0,3662821.6020502625,"[13521650.0, 3662821.6020502625]"
24671,98.7247142791748,3.3313624552470755,Point,13516450.000000004,3662704.654667172,"[13516450.000000004, 3662704.654667172]"
24672,75.12783718109131,1.9959059043913474,Point,13516550.0,3662704.654667172,"[13516550.0, 3662704.654667172]"
24673,70.62169647216797,3.4077847668667873,Point,13516650.000000002,3662704.654667172,"[13516650.000000002, 3662704.654667172]"
24674,75.22596311569214,6.638318961899601,Point,13516750.000000002,3662704.654667172,"[13516750.000000002, 3662704.654667172]"
24675,52.942352294921875,3.419346197763737,Point,13516850.000000002,3662704.654667172,"[13516850.000000002, 3662704.654667172]"
24676,82.48182010650635,3.3964981748287553,Point,13516950.0,3662704.654667172,"[13516950.0, 3662704.654667172]"
24677,82.01670408248901,6.550033562544915,Point,13517050.000000002,3662704.654667172,"[13517050.000000002, 3662704.654667172]"
24678,69.15107536315918,3.331060798409051,Point,13517150.000000002,3662704.654667172,"[13517150.000000002, 3662704.654667172]"
24679,68.68736362457275,3.263714038208615,Point,13517250.0,3662704.654667172,"[13517250.0, 3662704.654667172]"
24680,49.04884719848633,2.8746888284898153,Point,13517350.0,3662704.654667172,"[13517350.0, 3662704.654667172]"
24681,72.44635248184204,1.5143380157333828,Point,13517450.0,3662704.654667172,"[13517450.0, 3662704.654667172]"
24682,91.57093334197998,1.6548597096737439,Point,13517550.000000002,3662704.654667172,"[13517550.000000002, 3662704.654667172]"
24683,88.04064130783081,1.6548597096737439,Point,13517650.000000002,3662704.654667172,"[13517650.000000002, 3662704.654667172]"
24684,68.77538871765137,1.7328143417148731,Point,13517750.000000002,3662704.654667172,"[13517750.000000002, 3662704.654667172]"
24685,69.01744747161865,1.7452047103880708,Point,13517850.0,3662704.654667172,"[13517850.0, 3662704.654667172]"
24686,63.87520170211792,1.6893331640492528,Point,13517950.0,3662704.654667172,"[13517950.0, 3662704.654667172]"
24687,61.13847732543945,1.6318838333706553,Point,13518050.000000002,3662704.654667172,"[13518050.000000002, 3662704.654667172]"
24688,62.83054780960083,1.6318838333706553,Point,13518150.000000002,3662704.654667172,"[13518150.000000002, 3662704.654667172]"
24689,67.29509925842285,1.6600957586271878,Point,13518250.0,3662704.654667172,"[13518250.0, 3662704.654667172]"
24690,68.48428869247437,1.6600957586271878,Point,13518350.0,3662704.654667172,"[13518350.0, 3662704.654667172]"
24691,67.07443189620972,0.5601732933223124,Point,13518450.0,3662704.654667172,"[13518450.0, 3662704.654667172]"
24692,70.83825874328613,1.5912257064555995,Point,13518550.000000002,3662704.654667172,"[13518550.000000002, 3662704.654667172]"
24693,67.73493766784668,1.9036331352772735,Point,13518650.000000002,3662704.654667172,"[13518650.000000002, 3662704.654667172]"
24694,69.3836498260498,1.9018148190237236,Point,13518750.000000002,3662704.654667172,"[13518750.000000002, 3662704.654667172]"
24695,67.06843566894531,1.8305379732508378,Point,13518850.0,3662704.654667172,"[13518850.0, 3662704.654667172]"
24696,39.32608222961426,2.741513618567455,Point,13518950.0,3662704.654667172,"[13518950.0, 3662704.654667172]"
24697,39.4362256526947,3.5844085464802418,Point,13519050.000000002,3662704.654667172,"[13519050.000000002, 3662704.654667172]"
24698,37.60888338088989,3.5844085464802418,Point,13519150.000000002,3662704.654667172,"[13519150.000000002, 3662704.654667172]"
24699,35.38685345649719,4.381564766206444,Point,13519250.0,3662704.654667172,"[13519250.0, 3662704.654667172]"
24700,34.37643241882324,4.381564766206444,Point,13519350.0,3662704.654667172,"[13519350.0, 3662704.654667172]"
24701,37.394553422927856,3.8978800853306743,Point,13519450.000000002,3662704.654667172,"[13519450.000000002, 3662704.654667172]"
24702,36.79924130439758,4.737323154966675,Point,13519550.000000002,3662704.654667172,"[13519550.000000002, 3662704.654667172]"
24703,35.58881711959839,4.795807008512799,Point,13519650.0,3662704.654667172,"[13519650.0, 3662704.654667172]"
24704,36.911823987960815,5.210099944708579,Point,13519750.000000002,3662704.654667172,"[13519750.000000002, 3662704.654667172]"
24705,36.28928184509277,5.210099944708579,Point,13519850.0,3662704.654667172,"[13519850.0, 3662704.654667172]"
24706,36.98399615287781,5.2153946286460044,Point,13519950.000000002,3662704.654667172,"[13519950.000000002, 3662704.654667172]"
24707,15.946959137916565,5.418783501520168,Point,13520050.000000002,3662704.654667172,"[13520050.000000002, 3662704.654667172]"
24708,16.259290099143982,5.418783501520168,Point,13520150.000000002,3662704.654667172,"[13520150.000000002, 3662704.654667172]"
24709,16.399678587913513,5.418783501520168,Point,13520250.0,3662704.654667172,"[13520250.0, 3662704.654667172]"
24710,16.24182689189911,5.387323742171624,Point,13520350.0,3662704.654667172,"[13520350.0, 3662704.654667172]"
24711,16.121378540992737,5.529811724149627,Point,13520450.000000002,3662704.654667172,"[13520450.000000002, 3662704.654667172]"
24712,16.135942220687866,5.571795570244511,Point,13520550.000000002,3662704.654667172,"[13520550.000000002, 3662704.654667172]"
24713,15.38707447052002,5.636569542820077,Point,13520650.0,3662704.654667172,"[13520650.0, 3662704.654667172]"
24714,14.685738325119019,5.636569542820077,Point,13520750.0,3662704.654667172,"[13520750.0, 3662704.654667172]"
24715,14.850205540657043,5.636569542820077,Point,13520850.0,3662704.654667172,"[13520850.0, 3662704.654667172]"
24716,16.93802833557129,5.806290395340107,Point,13520950.000000002,3662704.654667172,"[13520950.000000002, 3662704.654667172]"
24717,13.848835825920105,5.767538015747881,Point,13521050.000000002,3662704.654667172,"[13521050.000000002, 3662704.654667172]"
24718,12.646417140960693,5.767538015747881,Point,13521150.000000002,3662704.654667172,"[13521150.000000002, 3662704.654667172]"
24719,40.27899742126465,5.767538015747881,Point,13521250.0,3662704.654667172,"[13521250.0, 3662704.654667172]"
24720,49.1618218421936,5.6177331416222085,Point,13521350.0,3662704.654667172,"[13521350.0, 3662704.654667172]"
24721,44.109307050704956,5.6123694446368555,Point,13521450.000000002,3662704.654667172,"[13521450.000000002, 3662704.654667172]"
24722,35.40653371810913,7.773315152416206,Point,13521550.000000002,3662704.654667172,"[13521550.000000002, 3662704.654667172]"
24723,29.95975160598755,7.773315152416206,Point,13521650.0,3662704.654667172,"[13521650.0, 3662704.654667172]"
24940,107.58332252502441,3.2370201508882186,Point,13516450.000000004,3662587.708395853,"[13516450.000000004, 3662587.708395853]"
24941,58.45298671722412,2.9160761543722957,Point,13516550.0,3662587.708395853,"[13516550.0, 3662587.708395853]"
24942,63.038928508758545,2.50544187637294,Point,13516650.000000002,3662587.708395853,"[13516650.000000002, 3662587.708395853]"
24943,70.66456270217896,6.638318961899601,Point,13516750.000000002,3662587.708395853,"[13516750.000000002, 3662587.708395853]"
24944,70.2564606666565,6.637149802208774,Point,13516850.000000002,3662587.708395853,"[13516850.000000002, 3662587.708395853]"
24945,68.45009326934814,6.550033562544915,Point,13516950.0,3662587.708395853,"[13516950.0, 3662587.708395853]"
24946,79.85855436325073,6.550033562544915,Point,13517050.000000002,3662587.708395853,"[13517050.000000002, 3662587.708395853]"
24947,71.83654737472534,6.561594993441865,Point,13517150.000000002,3662587.708395853,"[13517150.000000002, 3662587.708395853]"
24948,80.8058214187622,3.385508368711172,Point,13517250.0,3662587.708395853,"[13517250.0, 3662587.708395853]"
24949,77.38375520706177,3.385508368711172,Point,13517350.0,3662587.708395853,"[13517350.0, 3662587.708395853]"
24950,79.23414134979248,1.538398868018969,Point,13517450.0,3662587.708395853,"[13517450.0, 3662587.708395853]"
24951,84.06722974777222,2.541099722600471,Point,13517550.000000002,3662587.708395853,"[13517550.000000002, 3662587.708395853]"
24952,82.06488132476807,1.6548597096737439,Point,13517650.000000002,3662587.708395853,"[13517650.000000002, 3662587.708395853]"
24953,65.25811862945557,1.7452047103880708,Point,13517750.000000002,3662587.708395853,"[13517750.000000002, 3662587.708395853]"
24954,51.37927055358887,1.7452047103880708,Point,13517850.0,3662587.708395853,"[13517850.0, 3662587.708395853]"
24955,73.57995700836182,1.6520561507699143,Point,13517950.0,3662587.708395853,"[13517950.0, 3662587.708395853]"
24956,51.97281360626221,1.6520561507699143,Point,13518050.000000002,3662587.708395853,"[13518050.000000002, 3662587.708395853]"
24957,58.54991149902344,1.604564919439252,Point,13518150.000000002,3662587.708395853,"[13518150.000000002, 3662587.708395853]"
24958,63.46803140640259,1.6318838333706553,Point,13518250.0,3662587.708395853,"[13518250.0, 3662587.708395853]"
24959,67.31626749038696,1.58940739020205,Point,13518350.0,3662587.708395853,"[13518350.0, 3662587.708395853]"
24960,55.06008815765381,1.5505270453736966,Point,13518450.0,3662587.708395853,"[13518450.0, 3662587.708395853]"
24961,70.40819501876831,1.9018148190237236,Point,13518550.000000002,3662587.708395853,"[13518550.000000002, 3662587.708395853]"
24962,67.47879886627197,2.7176218949225257,Point,13518650.000000002,3662587.708395853,"[13518650.000000002, 3662587.708395853]"
24963,67.2466926574707,1.7030101180790658,Point,13518750.000000002,3662587.708395853,"[13518750.000000002, 3662587.708395853]"
24964,16.583696365356445,1.6756912041476624,Point,13518850.0,3662587.708395853,"[13518850.0, 3662587.708395853]"
24965,16.004193663597107,2.6662772485072814,Point,13518950.0,3662587.708395853,"[13518950.0, 3662587.708395853]"
24966,15.948082208633423,1.6756912041476624,Point,13519050.000000002,3662587.708395853,"[13519050.000000002, 3662587.708395853]"
24967,15.35059666633606,3.5844085464802418,Point,13519150.000000002,3662587.708395853,"[13519150.000000002, 3662587.708395853]"
24968,15.010771989822388,4.381564766206444,Point,13519250.0,3662587.708395853,"[13519250.0, 3662587.708395853]"
24969,14.46391773223877,4.3700033353094945,Point,13519350.0,3662587.708395853,"[13519350.0, 3662587.708395853]"
24970,14.368771433830261,4.3700033353094945,Point,13519450.000000002,3662587.708395853,"[13519450.000000002, 3662587.708395853]"
24971,15.799622297286987,4.684739233700503,Point,13519550.000000002,3662587.708395853,"[13519550.000000002, 3662587.708395853]"
24972,15.816335320472717,4.997970748546281,Point,13519650.0,3662587.708395853,"[13519650.0, 3662587.708395853]"
24973,15.419770002365112,5.224722264744857,Point,13519750.000000002,3662587.708395853,"[13519750.000000002, 3662587.708395853]"
24974,35.898420572280884,5.224722264744857,Point,13519850.0,3662587.708395853,"[13519850.0, 3662587.708395853]"
24975,35.12407684326172,5.442733457655299,Point,13519950.000000002,3662587.708395853,"[13519950.000000002, 3662587.708395853]"
24976,13.835138082504272,5.442733457655299,Point,13520050.000000002,3662587.708395853,"[13520050.000000002, 3662587.708395853]"
24977,13.881569266319275,5.4334058215564465,Point,13520150.000000002,3662587.708395853,"[13520150.000000002, 3662587.708395853]"
24978,14.707525968551636,5.418783501520168,Point,13520250.0,3662587.708395853,"[13520250.0, 3662587.708395853]"
24979,15.373792886734009,5.387323742171624,Point,13520350.0,3662587.708395853,"[13520350.0, 3662587.708395853]"
24980,15.34629225730896,5.441060086794184,Point,13520450.000000002,3662587.708395853,"[13520450.000000002, 3662587.708395853]"
24981,14.540980458259583,5.421990696118836,Point,13520550.000000002,3662587.708395853,"[13520550.000000002, 3662587.708395853]"
24982,14.227170467376709,5.636569542820077,Point,13520650.0,3662587.708395853,"[13520650.0, 3662587.708395853]"
24983,14.4692964553833,5.636569542820077,Point,13520750.0,3662587.708395853,"[13520750.0, 3662587.708395853]"
24984,15.387539625167847,5.648959911493275,Point,13520850.0,3662587.708395853,"[13520850.0, 3662587.708395853]"
24985,15.921629548072815,5.6177331416222085,Point,13520950.000000002,3662587.708395853,"[13520950.000000002, 3662587.708395853]"
24986,15.156073451042175,5.6177331416222085,Point,13521050.000000002,3662587.708395853,"[13521050.000000002, 3662587.708395853]"
24987,13.147690534591675,5.6177331416222085,Point,13521150.000000002,3662587.708395853,"[13521150.000000002, 3662587.708395853]"
24988,40.99440264701843,6.319253445201366,Point,13521250.0,3662587.708395853,"[13521250.0, 3662587.708395853]"
24989,41.829599380493164,6.319253445201366,Point,13521350.0,3662587.708395853,"[13521350.0, 3662587.708395853]"
24990,43.37013602256775,6.319253445201366,Point,13521450.000000002,3662587.708395853,"[13521450.000000002, 3662587.708395853]"
24991,37.29475164413452,6.440030028393437,Point,13521550.000000002,3662587.708395853,"[13521550.000000002, 3662587.708395853]"
24992,33.36639094352722,7.89945543259363,Point,13521650.0,3662587.708395853,"[13521650.0, 3662587.708395853]"
25206,69.8657808303833,3.223541427216286,Point,13516250.000000002,3662470.7632362563,"[13516250.000000002, 3662470.7632362563]"
25207,94.88151264190674,3.223541427216286,Point,13516350.0,3662470.7632362563,"[13516350.0, 3662470.7632362563]"
25208,105.86041355133057,1.9551082667880118,Point,13516450.000000004,3662470.7632362563,"[13516450.000000004, 3662470.7632362563]"
25209,72.39113140106201,3.0238971824030854,Point,13516550.0,3662470.7632362563,"[13516550.0, 3662470.7632362563]"
25210,68.85238885879517,3.4077847668667873,Point,13516650.000000002,3662470.7632362563,"[13516650.000000002, 3662470.7632362563]"
25211,75.05203771591187,6.6136526227110695,Point,13516750.000000002,3662470.7632362563,"[13516750.000000002, 3662470.7632362563]"
25212,67.9607892036438,24.16134921188312,Point,13516850.000000002,3662470.7632362563,"[13516850.000000002, 3662470.7632362563]"
25213,35.92166566848755,24.097730151716966,Point,13516950.0,3662470.7632362563,"[13516950.0, 3662470.7632362563]"
25214,59.02683115005493,1.611499744499828,Point,13517050.000000002,3662470.7632362563,"[13517050.000000002, 3662470.7632362563]"
25215,57.754637718200684,0.9029016838937007,Point,13517150.000000002,3662470.7632362563,"[13517150.000000002, 3662470.7632362563]"
25216,78.19120788574219,0.12803589648749325,Point,13517250.0,3662470.7632362563,"[13517250.0, 3662470.7632362563]"
25217,81.8599157333374,0.9717717360652888,Point,13517350.0,3662470.7632362563,"[13517350.0, 3662470.7632362563]"
25218,82.24736022949219,0.9801502196671976,Point,13517450.0,3662470.7632362563,"[13517450.0, 3662470.7632362563]"
25219,56.02310132980347,0.9717717360652888,Point,13517550.000000002,3662470.7632362563,"[13517550.000000002, 3662470.7632362563]"
25220,71.62260818481445,0.12235523981359869,Point,13517650.000000002,3662470.7632362563,"[13517650.000000002, 3662470.7632362563]"
25221,75.6775050163269,1.04935223289171,Point,13517750.000000002,3662470.7632362563,"[13517750.000000002, 3662470.7632362563]"
25222,76.84135341644287,0.032548114347279014,Point,13517850.0,3662470.7632362563,"[13517850.0, 3662470.7632362563]"
25223,79.82551717758179,0.15216162096791722,Point,13517950.0,3662470.7632362563,"[13517950.0, 3662470.7632362563]"
25224,78.16235399246216,0.08062813003835699,Point,13518050.000000002,3662470.7632362563,"[13518050.000000002, 3662470.7632362563]"
25225,64.79881858825684,0.03875237959222485,Point,13518150.000000002,3662470.7632362563,"[13518150.000000002, 3662470.7632362563]"
25226,65.06409072875977,0.2423274534995729,Point,13518250.0,3662470.7632362563,"[13518250.0, 3662470.7632362563]"
25227,67.15711975097656,0.11219647583570207,Point,13518350.0,3662470.7632362563,"[13518350.0, 3662470.7632362563]"
25228,61.45190382003784,1.04377286919907,Point,13518450.0,3662470.7632362563,"[13518450.0, 3662470.7632362563]"
25229,67.13118886947632,0.24341580849830752,Point,13518550.000000002,3662470.7632362563,"[13518550.000000002, 3662470.7632362563]"
25230,66.87759351730347,0.10417598130794063,Point,13518650.000000002,3662470.7632362563,"[13518650.000000002, 3662470.7632362563]"
25231,68.95974063873291,0.11231377460642056,Point,13518750.000000002,3662470.7632362563,"[13518750.000000002, 3662470.7632362563]"
25232,15.745233178138733,0.0967001239748533,Point,13518850.0,3662470.7632362563,"[13518850.0, 3662470.7632362563]"
25233,15.998725891113281,0.403673267178129,Point,13518950.0,3662470.7632362563,"[13518950.0, 3662470.7632362563]"
25234,12.915813207626343,0.16932196990314813,Point,13519050.000000002,3662470.7632362563,"[13519050.000000002, 3662470.7632362563]"
25235,12.890593647956848,1.2731687279675874,Point,13519150.000000002,3662470.7632362563,"[13519150.000000002, 3662470.7632362563]"
25236,14.897656917572021,1.2731687279675874,Point,13519250.0,3662470.7632362563,"[13519250.0, 3662470.7632362563]"
25237,13.816129922866821,1.235238598690545,Point,13519350.0,3662470.7632362563,"[13519350.0, 3662470.7632362563]"
25238,14.207017540931702,2.0571742032187466,Point,13519450.000000002,3662470.7632362563,"[13519450.000000002, 3662470.7632362563]"
25239,14.458430290222168,0.664066838772437,Point,13519550.000000002,3662470.7632362563,"[13519550.000000002, 3662470.7632362563]"
25240,14.589658379554749,0.34493073783630135,Point,13519650.0,3662470.7632362563,"[13519650.0, 3662470.7632362563]"
25241,14.710955262184143,0.5142820679780856,Point,13519750.000000002,3662470.7632362563,"[13519750.000000002, 3662470.7632362563]"
25242,14.733764290809631,0.552495087505517,Point,13519850.0,3662470.7632362563,"[13519850.0, 3662470.7632362563]"
25243,14.197413086891174,0.21995327377941032,Point,13519950.000000002,3662470.7632362563,"[13519950.000000002, 3662470.7632362563]"
25244,14.986178636550903,0.5483482057768203,Point,13520050.000000002,3662470.7632362563,"[13520050.000000002, 3662470.7632362563]"
25245,14.647063612937927,2.667292644909084,Point,13520150.000000002,3662470.7632362563,"[13520150.000000002, 3662470.7632362563]"
25246,14.167787075042725,1.923895674127576,Point,13520250.0,3662470.7632362563,"[13520250.0, 3662470.7632362563]"
25247,15.211228132247925,1.3458123052781221,Point,13520350.0,3662470.7632362563,"[13520350.0, 3662470.7632362563]"
25248,15.085347771644592,0.5237318345453713,Point,13520450.000000002,3662470.7632362563,"[13520450.000000002, 3662470.7632362563]"
25249,14.105660438537598,0.5042011946119782,Point,13520550.000000002,3662470.7632362563,"[13520550.000000002, 3662470.7632362563]"
25250,13.99927532672882,0.5382088005085375,Point,13520650.0,3662470.7632362563,"[13520650.0, 3662470.7632362563]"
25251,13.78754460811615,0.4411623502771534,Point,13520750.0,3662470.7632362563,"[13520750.0, 3662470.7632362563]"
25252,14.084632754325867,1.4637626033705904,Point,13520850.0,3662470.7632362563,"[13520850.0, 3662470.7632362563]"
25253,14.339485764503479,0.26133661725679286,Point,13520950.000000002,3662470.7632362563,"[13520950.000000002, 3662470.7632362563]"
25254,13.990164279937744,0.8548005758716383,Point,13521050.000000002,3662470.7632362563,"[13521050.000000002, 3662470.7632362563]"
25255,13.567696571350098,0.7039268451146876,Point,13521150.000000002,3662470.7632362563,"[13521150.000000002, 3662470.7632362563]"
25256,40.260316610336304,1.3327589509994222,Point,13521250.0,3662470.7632362563,"[13521250.0, 3662470.7632362563]"
25257,34.39928317070007,1.90755992444724,Point,13521350.0,3662470.7632362563,"[13521350.0, 3662470.7632362563]"
25258,39.030025005340576,1.433010234299883,Point,13521450.000000002,3662470.7632362563,"[13521450.000000002, 3662470.7632362563]"
25259,41.39978623390198,0.9217903141767845,Point,13521550.000000002,3662470.7632362563,"[13521550.000000002, 3662470.7632362563]"
25260,39.480918645858765,0.9347385092244356,Point,13521650.0,3662470.7632362563,"[13521650.0, 3662470.7632362563]"
25477,67.65174913406372,0.01647719527092473,Point,13516650.000000002,3662353.819188331,"[13516650.000000002, 3662353.819188331]"
25478,59.752259254455566,0.23994232598531284,Point,13516750.000000002,3662353.819188331,"[13516750.000000002, 3662353.819188331]"
25479,55.55841636657715,0.05563101442504778,Point,13516850.000000002,3662353.819188331,"[13516850.000000002, 3662353.819188331]"
25480,35.772714376449585,1.16536536943722,Point,13516950.0,3662353.819188331,"[13516950.0, 3662353.819188331]"
25481,50.72684574127197,1.0831459615858083,Point,13517050.000000002,3662353.819188331,"[13517050.000000002, 3662353.819188331]"
25482,58.252378940582275,3.3018346889723182,Point,13517150.000000002,3662353.819188331,"[13517150.000000002, 3662353.819188331]"
25483,75.43171167373657,0.11187766042169212,Point,13517250.0,3662353.819188331,"[13517250.0, 3662353.819188331]"
25484,84.3092393875122,0.47774014290189526,Point,13517350.0,3662353.819188331,"[13517350.0, 3662353.819188331]"
25485,62.323495864868164,0.10515556947292308,Point,13517450.0,3662353.819188331,"[13517450.0, 3662353.819188331]"
25486,72.06410455703735,0.10515556947292308,Point,13517550.000000002,3662353.819188331,"[13517550.000000002, 3662353.819188331]"
25487,66.4238953590393,0.09135549975182772,Point,13517650.000000002,3662353.819188331,"[13517650.000000002, 3662353.819188331]"
25489,55.98970031738281,1.17787170577166,Point,13517850.0,3662353.819188331,"[13517850.0, 3662353.819188331]"
25490,59.975645542144775,0.17899866334528838,Point,13517950.0,3662353.819188331,"[13517950.0, 3662353.819188331]"
25491,74.25036668777466,0.11673792250587231,Point,13518050.000000002,3662353.819188331,"[13518050.000000002, 3662353.819188331]"
25492,68.67422437667847,0.9717717360652888,Point,13518150.000000002,3662353.819188331,"[13518150.000000002, 3662353.819188331]"
25493,67.00330972671509,0.11673792250587231,Point,13518250.0,3662353.819188331,"[13518250.0, 3662353.819188331]"
25494,57.14928579330444,0.9801502196671976,Point,13518350.0,3662353.819188331,"[13518350.0, 3662353.819188331]"
25495,64.06513786315918,0.07798554291364745,Point,13518450.0,3662353.819188331,"[13518450.0, 3662353.819188331]"
25496,65.5864691734314,0.029161092355610155,Point,13518550.000000002,3662353.819188331,"[13518550.000000002, 3662353.819188331]"
25497,64.8714861869812,1.0722519252698488,Point,13518650.000000002,3662353.819188331,"[13518650.000000002, 3662353.819188331]"
25498,66.18758821487427,0.13535577973960616,Point,13518750.000000002,3662353.819188331,"[13518750.000000002, 3662353.819188331]"
25499,15.405378699302673,0.8854945111641798,Point,13518850.0,3662353.819188331,"[13518850.0, 3662353.819188331]"
25500,15.58129596710205,1.9719316829484446,Point,13518950.0,3662353.819188331,"[13518950.0, 3662353.819188331]"
25501,15.537646651268005,0.7669326559328911,Point,13519050.000000002,3662353.819188331,"[13519050.000000002, 3662353.819188331]"
25502,14.772571444511414,1.2481806116790608,Point,13519150.000000002,3662353.819188331,"[13519150.000000002, 3662353.819188331]"
25503,14.978440046310425,0.906043915837183,Point,13519250.0,3662353.819188331,"[13519250.0, 3662353.819188331]"
25504,14.450711846351624,2.3772562567372586,Point,13519350.0,3662353.819188331,"[13519350.0, 3662353.819188331]"
25505,13.481076002120972,3.193063332636061,Point,13519450.000000002,3662353.819188331,"[13519450.000000002, 3662353.819188331]"
25506,13.873627662658691,1.8925074658327292,Point,13519550.000000002,3662353.819188331,"[13519550.000000002, 3662353.819188331]"
25507,12.153361320495605,2.3764340064220764,Point,13519650.0,3662353.819188331,"[13519650.0, 3662353.819188331]"
25508,12.21268343925476,2.363808465496367,Point,13519750.000000002,3662353.819188331,"[13519750.000000002, 3662353.819188331]"
25509,14.707290410995483,2.4656455096530183,Point,13519850.0,3662353.819188331,"[13519850.0, 3662353.819188331]"
25510,15.329644203186035,1.2892930148776707,Point,13519950.000000002,3662353.819188331,"[13519950.000000002, 3662353.819188331]"
25511,14.634957671165466,0.7631040250859544,Point,13520050.000000002,3662353.819188331,"[13520050.000000002, 3662353.819188331]"
25512,15.343708753585815,0.5489833783079429,Point,13520150.000000002,3662353.819188331,"[13520150.000000002, 3662353.819188331]"
25513,15.064669251441956,0.6022098281981002,Point,13520250.0,3662353.819188331,"[13520250.0, 3662353.819188331]"
25514,15.866441011428833,1.3951267170117188,Point,13520350.0,3662353.819188331,"[13520350.0, 3662353.819188331]"
25515,15.985394716262817,2.3972545667743743,Point,13520450.000000002,3662353.819188331,"[13520450.000000002, 3662353.819188331]"
25516,15.97601056098938,1.414244363598739,Point,13520550.000000002,3662353.819188331,"[13520550.000000002, 3662353.819188331]"
25517,15.851410627365112,0.22618784759623672,Point,13520650.0,3662353.819188331,"[13520650.0, 3662353.819188331]"
25518,15.938804507255554,2.008771969806511,Point,13520750.0,3662353.819188331,"[13520750.0, 3662353.819188331]"
25519,11.510249614715576,0.06324140274070679,Point,13520850.0,3662353.819188331,"[13520850.0, 3662353.819188331]"
25520,11.522643983364105,0.5566461750785964,Point,13520950.000000002,3662353.819188331,"[13520950.000000002, 3662353.819188331]"
25521,12.267578125,1.482729837725251,Point,13521050.000000002,3662353.819188331,"[13521050.000000002, 3662353.819188331]"
25522,12.619465231895447,2.6968063960180317,Point,13521150.000000002,3662353.819188331,"[13521150.000000002, 3662353.819188331]"
25523,64.70494985580444,1.7375973900755866,Point,13521250.0,3662353.819188331,"[13521250.0, 3662353.819188331]"
25524,71.7986044883728,0.24018598899198243,Point,13521350.0,3662353.819188331,"[13521350.0, 3662353.819188331]"
25525,71.56541967391968,1.4015396455740063,Point,13521450.000000002,3662353.819188331,"[13521450.000000002, 3662353.819188331]"
25526,79.56949520111084,0.12454649848422887,Point,13521550.000000002,3662353.819188331,"[13521550.000000002, 3662353.819188331]"
25527,89.03486585617065,0.30414247963736596,Point,13521650.0,3662353.819188331,"[13521650.0, 3662353.819188331]"
25528,36.62076807022095,0.22618784759623672,Point,13521750.0,3662353.819188331,"[13521750.0, 3662353.819188331]"
25537,49.731730937957764,1.513465293819503,Point,13522650.0,3662353.819188331,"[13522650.0, 3662353.819188331]"
25742,62.65988302230835,3.683133958169912,Point,13516650.000000002,3662236.8762520254,"[13516650.000000002, 3662236.8762520254]"
25743,57.10062599182129,1.3874099567515876,Point,13516750.000000002,3662236.8762520254,"[13516750.000000002, 3662236.8762520254]"
25744,51.849977016448975,17.641032325801937,Point,13516850.000000002,3662236.8762520254,"[13516850.000000002, 3662236.8762520254]"
25745,53.01438665390015,1.0263363625560573,Point,13516950.0,3662236.8762520254,"[13516950.0, 3662236.8762520254]"
25746,65.03365898132324,0.020713890701590815,Point,13517050.000000002,3662236.8762520254,"[13517050.000000002, 3662236.8762520254]"
25747,72.02686262130737,1.0107227119244901,Point,13517150.000000002,3662236.8762520254,"[13517150.000000002, 3662236.8762520254]"
25748,65.2854356765747,1.0915244451877173,Point,13517250.0,3662236.8762520254,"[13517250.0, 3662236.8762520254]"
25749,78.14085865020752,3.254484151167945,Point,13517350.0,3662236.8762520254,"[13517350.0, 3662236.8762520254]"
25750,60.30082893371582,0.08681405308165746,Point,13517450.0,3662236.8762520254,"[13517450.0, 3662236.8762520254]"
25751,74.05113315582275,0.05645326474023015,Point,13517550.000000002,3662236.8762520254,"[13517550.000000002, 3662236.8762520254]"
25752,64.72464084625244,1.0303761748237166,Point,13517650.000000002,3662236.8762520254,"[13517650.000000002, 3662236.8762520254]"
25753,76.91811513900757,0.24121456096932925,Point,13517750.000000002,3662236.8762520254,"[13517750.000000002, 3662236.8762520254]"
25754,75.13662004470825,0.19207809320084826,Point,13517850.0,3662236.8762520254,"[13517850.0, 3662236.8762520254]"
25755,67.80610942840576,0.09135549975182772,Point,13517950.0,3662236.8762520254,"[13517950.0, 3662236.8762520254]"
25757,61.59554576873779,0.2340881723994544,Point,13518150.000000002,3662236.8762520254,"[13518150.000000002, 3662236.8762520254]"
25758,65.28749465942383,0.11219647583570207,Point,13518250.0,3662236.8762520254,"[13518250.0, 3662236.8762520254]"
25759,67.70899391174316,0.9801502196671976,Point,13518350.0,3662236.8762520254,"[13518350.0, 3662236.8762520254]"
25760,66.16097831726074,0.11673792250587231,Point,13518450.0,3662236.8762520254,"[13518450.0, 3662236.8762520254]"
25761,63.89524984359741,0.029161092355610155,Point,13518550.000000002,3662236.8762520254,"[13518550.000000002, 3662236.8762520254]"
25762,60.898157596588135,0.29969648170666857,Point,13518650.000000002,3662236.8762520254,"[13518650.000000002, 3662236.8762520254]"
25763,65.40534734725952,0.8599231524763795,Point,13518750.000000002,3662236.8762520254,"[13518750.000000002, 3662236.8762520254]"
25764,15.263829946517944,0.02972754683462219,Point,13518850.0,3662236.8762520254,"[13518850.0, 3662236.8762520254]"
25765,15.03188931941986,1.2532808517490843,Point,13518950.0,3662236.8762520254,"[13518950.0, 3662236.8762520254]"
25766,15.406828761100769,0.5012843423344303,Point,13519050.000000002,3662236.8762520254,"[13519050.000000002, 3662236.8762520254]"
25767,14.659692406654358,0.13706414968297861,Point,13519150.000000002,3662236.8762520254,"[13519150.000000002, 3662236.8762520254]"
25768,14.630348086357117,1.1746363243939495,Point,13519250.0,3662236.8762520254,"[13519250.0, 3662236.8762520254]"
25769,14.948538064956665,0.14764627829663282,Point,13519350.0,3662236.8762520254,"[13519350.0, 3662236.8762520254]"
25770,14.06569528579712,0.9037219110934884,Point,13519450.000000002,3662236.8762520254,"[13519450.000000002, 3662236.8762520254]"
25771,12.2130788564682,0.9037219110934884,Point,13519550.000000002,3662236.8762520254,"[13519550.000000002, 3662236.8762520254]"
25772,13.868743419647217,0.4961841022644068,Point,13519650.0,3662236.8762520254,"[13519650.0, 3662236.8762520254]"
25773,14.133379936218262,0.43324916289187,Point,13519750.000000002,3662236.8762520254,"[13519750.000000002, 3662236.8762520254]"
25774,16.489603877067566,1.6958165495919244,Point,13519850.0,3662236.8762520254,"[13519850.0, 3662236.8762520254]"
25775,16.345972418785095,2.1197919795533373,Point,13519950.000000002,3662236.8762520254,"[13519950.000000002, 3662236.8762520254]"
25776,13.076554775238037,3.1872832188918814,Point,13520050.000000002,3662236.8762520254,"[13520050.000000002, 3662236.8762520254]"
25777,15.91528046131134,1.0705718613045274,Point,13520150.000000002,3662236.8762520254,"[13520150.000000002, 3662236.8762520254]"
25778,17.110414028167725,1.9611433521916009,Point,13520250.0,3662236.8762520254,"[13520250.0, 3662236.8762520254]"
25779,17.114989757537842,1.3090414739379075,Point,13520350.0,3662236.8762520254,"[13520350.0, 3662236.8762520254]"
25780,17.280322790145874,0.7631040250859544,Point,13520450.000000002,3662236.8762520254,"[13520450.000000002, 3662236.8762520254]"
25781,17.174376487731934,0.55168752418047,Point,13520550.000000002,3662236.8762520254,"[13520550.000000002, 3662236.8762520254]"
25782,13.451403141021729,1.3825067443614092,Point,13520650.0,3662236.8762520254,"[13520650.0, 3662236.8762520254]"
25783,17.04090678691864,2.500696005308156,Point,13520750.0,3662236.8762520254,"[13520750.0, 3662236.8762520254]"
25784,15.918187737464905,0.31040285969260306,Point,13520850.0,3662236.8762520254,"[13520850.0, 3662236.8762520254]"
25785,14.295805931091309,0.5187428471035747,Point,13520950.000000002,3662236.8762520254,"[13520950.000000002, 3662236.8762520254]"
25786,13.658249974250793,1.525861440947879,Point,13521050.000000002,3662236.8762520254,"[13521050.000000002, 3662236.8762520254]"
25787,12.764847159385681,1.1513551745489168,Point,13521150.000000002,3662236.8762520254,"[13521150.000000002, 3662236.8762520254]"
25788,59.043038845062256,1.019631313887285,Point,13521250.0,3662236.8762520254,"[13521250.0, 3662236.8762520254]"
25789,52.385186195373535,0.5375767844032497,Point,13521350.0,3662236.8762520254,"[13521350.0, 3662236.8762520254]"
25790,73.28956651687622,0.6442479547498758,Point,13521450.000000002,3662236.8762520254,"[13521450.000000002, 3662236.8762520254]"
25791,78.10204887390137,1.3924910285974867,Point,13521550.000000002,3662236.8762520254,"[13521550.000000002, 3662236.8762520254]"
25792,85.36167669296265,1.6206420490640472,Point,13521650.0,3662236.8762520254,"[13521650.0, 3662236.8762520254]"
25793,98.65942287445068,0.8365477939064824,Point,13521750.0,3662236.8762520254,"[13521750.0, 3662236.8762520254]"
25800,107.56555843353271,1.9602376466775009,Point,13522450.000000002,3662236.8762520254,"[13522450.000000002, 3662236.8762520254]"
25801,115.87538146972656,0.5187428471035747,Point,13522550.0,3662236.8762520254,"[13522550.0, 3662236.8762520254]"
25802,119.87536430358887,1.1485187990852268,Point,13522650.0,3662236.8762520254,"[13522650.0, 3662236.8762520254]"
26014,52.806087017059326,53.683512873635244,Point,13516850.000000002,3662119.934427292,"[13516850.000000002, 3662119.934427292]"
26015,63.628947734832764,0.10709147099300922,Point,13516950.0,3662119.934427292,"[13516950.0, 3662119.934427292]"
26016,61.77289152145386,0.05017610366215893,Point,13517050.000000002,3662119.934427292,"[13517050.000000002, 3662119.934427292]"
26017,62.80770301818848,3.3111623250711713,Point,13517150.000000002,3662119.934427292,"[13517150.000000002, 3662119.934427292]"
26018,61.104496479034424,3.2724099454789464,Point,13517250.0,3662119.934427292,"[13517250.0, 3662119.934427292]"
26019,55.450276374816895,3.2660879786586956,Point,13517350.0,3662119.934427292,"[13517350.0, 3662119.934427292]"
26020,38.663209438323975,0.09993471414132775,Point,13517450.0,3662119.934427292,"[13517450.0, 3662119.934427292]"
26021,77.26357316970825,0.1115278171510866,Point,13517550.000000002,3662119.934427292,"[13517550.000000002, 3662119.934427292]"
26022,60.23762607574463,17.56869115688649,Point,13517650.000000002,3662119.934427292,"[13517650.000000002, 3662119.934427292]"
26023,64.26637983322144,1.0347840942427187,Point,13517750.000000002,3662119.934427292,"[13517750.000000002, 3662119.934427292]"
26024,67.3729076385498,1.0146117768434597,Point,13517850.0,3662119.934427292,"[13517850.0, 3662119.934427292]"
26025,63.831453800201416,0.23055040305909605,Point,13517950.0,3662119.934427292,"[13517950.0, 3662119.934427292]"
26026,58.10559940338135,0.9873249032851205,Point,13518050.000000002,3662119.934427292,"[13518050.000000002, 3662119.934427292]"
26027,57.94657611846924,0.0432938262623951,Point,13518150.000000002,3662119.934427292,"[13518150.000000002, 3662119.934427292]"
26028,69.98455762863159,0.9269625361792873,Point,13518250.0,3662119.934427292,"[13518250.0, 3662119.934427292]"
26029,57.29150438308716,0.9462714031541707,Point,13518350.0,3662119.934427292,"[13518350.0, 3662119.934427292]"
26030,63.34443521499634,0.9029016838937007,Point,13518450.0,3662119.934427292,"[13518450.0, 3662119.934427292]"
26031,67.33580303192139,0.898751269710576,Point,13518550.000000002,3662119.934427292,"[13518550.000000002, 3662119.934427292]"
26032,66.05757713317871,0.9269625361792873,Point,13518650.000000002,3662119.934427292,"[13518650.000000002, 3662119.934427292]"
26033,62.7425217628479,2.0410988867482067,Point,13518750.000000002,3662119.934427292,"[13518750.000000002, 3662119.934427292]"
26034,14.093531250953674,0.0914333557130616,Point,13518850.0,3662119.934427292,"[13518850.0, 3662119.934427292]"
26035,14.784742593765259,0.2472263654711919,Point,13518950.0,3662119.934427292,"[13518950.0, 3662119.934427292]"
26036,15.360940933227539,0.10417598130794063,Point,13519050.000000002,3662119.934427292,"[13519050.000000002, 3662119.934427292]"
26037,15.258293271064758,0.8428949279127866,Point,13519150.000000002,3662119.934427292,"[13519150.000000002, 3662119.934427292]"
26038,15.759069919586182,0.8960969597546514,Point,13519250.0,3662119.934427292,"[13519250.0, 3662119.934427292]"
26039,16.64102816581726,2.3772562567372586,Point,13519350.0,3662119.934427292,"[13519350.0, 3662119.934427292]"
26040,16.267170429229736,1.5717138269979312,Point,13519450.000000002,3662119.934427292,"[13519450.000000002, 3662119.934427292]"
26041,14.738680601119995,1.3273460459470876,Point,13519550.000000002,3662119.934427292,"[13519550.000000002, 3662119.934427292]"
26042,14.364437699317932,0.5048158985537637,Point,13519650.0,3662119.934427292,"[13519650.0, 3662119.934427292]"
26043,14.640969038009644,0.5450928321755123,Point,13519750.000000002,3662119.934427292,"[13519750.000000002, 3662119.934427292]"
26044,15.915363550186157,0.060533953291991904,Point,13519850.0,3662119.934427292,"[13519850.0, 3662119.934427292]"
26045,13.432682991027832,1.891685215517547,Point,13519950.000000002,3662119.934427292,"[13519950.000000002, 3662119.934427292]"
26046,13.582770109176636,1.7092643408328159,Point,13520050.000000002,3662119.934427292,"[13520050.000000002, 3662119.934427292]"
26047,13.720815420150757,2.363808465496367,Point,13520150.000000002,3662119.934427292,"[13520150.000000002, 3662119.934427292]"
26048,16.18047285079956,1.538255889873426,Point,13520250.0,3662119.934427292,"[13520250.0, 3662119.934427292]"
26049,12.495288848876953,1.6958165495919244,Point,13520350.0,3662119.934427292,"[13520350.0, 3662119.934427292]"
26050,12.746371865272522,1.7034842270886363,Point,13520450.000000002,3662119.934427292,"[13520450.000000002, 3662119.934427292]"
26051,14.067503809928894,1.8651518672422691,Point,13520550.000000002,3662119.934427292,"[13520550.000000002, 3662119.934427292]"
26052,12.843855381011963,0.4395313943694389,Point,13520650.0,3662119.934427292,"[13520650.0, 3662119.934427292]"
26053,12.632683277130127,1.4555035129735414,Point,13520750.0,3662119.934427292,"[13520750.0, 3662119.934427292]"
26054,16.091809153556824,1.9651325032392348,Point,13520850.0,3662119.934427292,"[13520850.0, 3662119.934427292]"
26055,15.06343400478363,0.5505991691817353,Point,13520950.000000002,3662119.934427292,"[13520950.000000002, 3662119.934427292]"
26056,13.257604122161865,1.5739761156542529,Point,13521050.000000002,3662119.934427292,"[13521050.000000002, 3662119.934427292]"
26057,13.2820383310318,1.166386928972072,Point,13521150.000000002,3662119.934427292,"[13521150.000000002, 3662119.934427292]"
26058,63.9142107963562,0.5555578200798618,Point,13521250.0,3662119.934427292,"[13521250.0, 3662119.934427292]"
26059,71.6195330619812,1.5866016565799619,Point,13521350.0,3662119.934427292,"[13521350.0, 3662119.934427292]"
26060,72.42800760269165,0.5039779192896905,Point,13521450.000000002,3662119.934427292,"[13521450.000000002, 3662119.934427292]"
26061,84.34554958343506,1.1352036607488538,Point,13521550.000000002,3662119.934427292,"[13521550.000000002, 3662119.934427292]"
26062,94.5567274093628,1.049547748125756,Point,13521650.0,3662119.934427292,"[13521650.0, 3662119.934427292]"
26063,121.3686580657959,1.7640934003422086,Point,13521750.0,3662119.934427292,"[13521750.0, 3662119.934427292]"
26064,120.39146423339844,0.22618784759623672,Point,13521850.000000002,3662119.934427292,"[13521850.000000002, 3662119.934427292]"
26068,115.2117805480957,0.5540091639836304,Point,13522250.0,3662119.934427292,"[13522250.0, 3662119.934427292]"
26069,115.10286617279053,1.7381508456143298,Point,13522350.000000002,3662119.934427292,"[13522350.000000002, 3662119.934427292]"
26070,113.43692588806152,0.7424768219635657,Point,13522450.000000002,3662119.934427292,"[13522450.000000002, 3662119.934427292]"
26071,94.18441390991211,0.8825283095252446,Point,13522550.0,3662119.934427292,"[13522550.0, 3662119.934427292]"
26072,110.04763412475586,1.1811455678921046,Point,13522650.0,3662119.934427292,"[13522650.0, 3662119.934427292]"
26073,131.17342948913574,0.4502146407627341,Point,13522750.0,3662119.934427292,"[13522750.0, 3662119.934427292]"
26288,31.92147970199585,3.3018346889723182,Point,13517150.000000002,3662002.993714082,"[13517150.000000002, 3662002.993714082]"
26289,34.07427430152893,3.4433265870722014,Point,13517250.0,3662002.993714082,"[13517250.0, 3662002.993714082]"
26290,33.16645288467407,3.3707047411439066,Point,13517350.0,3662002.993714082,"[13517350.0, 3662002.993714082]"
26291,35.05738306045532,18.709803896963454,Point,13517450.0,3662002.993714082,"[13517450.0, 3662002.993714082]"
26292,70.80967140197754,17.695192120119994,Point,13517550.000000002,3662002.993714082,"[13517550.000000002, 3662002.993714082]"
26293,59.94375991821289,1.0045430330057086,Point,13517650.000000002,3662002.993714082,"[13517650.000000002, 3662002.993714082]"
26294,62.168107986450195,1.0806610480519538,Point,13517750.000000002,3662002.993714082,"[13517750.000000002, 3662002.993714082]"
26295,55.56411552429199,0.19372300136404025,Point,13517850.0,3662002.993714082,"[13517850.0, 3662002.993714082]"
26296,48.36814641952515,0.14771455032884837,Point,13517950.0,3662002.993714082,"[13517950.0, 3662002.993714082]"
26297,58.728588581085205,0.02099456771444127,Point,13518050.000000002,3662002.993714082,"[13518050.000000002, 3662002.993714082]"
26298,63.491079807281494,0.9717717360652888,Point,13518150.000000002,3662002.993714082,"[13518150.000000002, 3662002.993714082]"
26299,56.492347717285156,0.9846065785184394,Point,13518250.0,3662002.993714082,"[13518250.0, 3662002.993714082]"
26300,52.07143449783325,0.9717717360652888,Point,13518350.0,3662002.993714082,"[13518350.0, 3662002.993714082]"
26301,40.00743103027344,1.0425675515865656,Point,13518450.0,3662002.993714082,"[13518450.0, 3662002.993714082]"
26302,66.74624633789062,0.04477474298717743,Point,13518550.000000002,3662002.993714082,"[13518550.000000002, 3662002.993714082]"
26303,63.897751331329346,0.9905059714728004,Point,13518650.000000002,3662002.993714082,"[13518650.000000002, 3662002.993714082]"
26304,63.74848747253418,0.029161092355610155,Point,13518750.000000002,3662002.993714082,"[13518750.000000002, 3662002.993714082]"
26305,13.48829984664917,0.21501878172410782,Point,13518850.0,3662002.993714082,"[13518850.0, 3662002.993714082]"
26306,15.38231873512268,1.0559518992273966,Point,13518950.0,3662002.993714082,"[13518950.0, 3662002.993714082]"
26307,14.068138837814331,0.19098973820211362,Point,13519050.000000002,3662002.993714082,"[13519050.000000002, 3662002.993714082]"
26308,17.644328355789185,0.10896217073662352,Point,13519150.000000002,3662002.993714082,"[13519150.000000002, 3662002.993714082]"
26309,17.239938616752625,0.10417598130794063,Point,13519250.0,3662002.993714082,"[13519250.0, 3662002.993714082]"
26310,13.945972800254822,0.11340924137569236,Point,13519350.0,3662002.993714082,"[13519350.0, 3662002.993714082]"
26311,15.631093978881836,0.468338692359675,Point,13519450.000000002,3662002.993714082,"[13519450.000000002, 3662002.993714082]"
26312,16.94946575164795,0.5363336721966634,Point,13519550.000000002,3662002.993714082,"[13519550.000000002, 3662002.993714082]"
26313,14.900776743888855,0.24688881228868867,Point,13519650.0,3662002.993714082,"[13519650.0, 3662002.993714082]"
26314,14.500834584236145,0.18393215564175017,Point,13519750.000000002,3662002.993714082,"[13519750.000000002, 3662002.993714082]"
26315,16.76299238204956,0.5126648205567913,Point,13519850.0,3662002.993714082,"[13519850.0, 3662002.993714082]"
26316,15.578305721282959,0.5566461750785964,Point,13519950.000000002,3662002.993714082,"[13519950.000000002, 3662002.993714082]"
26317,13.680888652801514,0.20883910280532628,Point,13520050.000000002,3662002.993714082,"[13520050.000000002, 3662002.993714082]"
26318,15.548880934715271,0.378972116216281,Point,13520150.000000002,3662002.993714082,"[13520150.000000002, 3662002.993714082]"
26319,17.002501964569092,1.6958165495919244,Point,13520250.0,3662002.993714082,"[13520250.0, 3662002.993714082]"
26320,16.92452585697174,2.4629051654568404,Point,13520350.0,3662002.993714082,"[13520350.0, 3662002.993714082]"
26321,17.334983110427856,0.8431863626649277,Point,13520450.000000002,3662002.993714082,"[13520450.000000002, 3662002.993714082]"
26322,15.776543617248535,0.14509753431609962,Point,13520550.000000002,3662002.993714082,"[13520550.000000002, 3662002.993714082]"
26323,13.139212608337402,0.5193507867790386,Point,13520650.0,3662002.993714082,"[13520650.0, 3662002.993714082]"
26324,14.638296127319336,1.3856456014159568,Point,13520750.0,3662002.993714082,"[13520750.0, 3662002.993714082]"
26325,16.732896089553833,1.745543673514562,Point,13520850.0,3662002.993714082,"[13520850.0, 3662002.993714082]"
26326,15.52459454536438,0.7835590660568464,Point,13520950.000000002,3662002.993714082,"[13520950.000000002, 3662002.993714082]"
26327,13.722288131713867,1.1577561762155755,Point,13521050.000000002,3662002.993714082,"[13521050.000000002, 3662002.993714082]"
26328,98.95756530761719,0.48405713986241505,Point,13521150.000000002,3662002.993714082,"[13521150.000000002, 3662002.993714082]"
26329,92.04690074920654,1.2886683110733257,Point,13521250.0,3662002.993714082,"[13521250.0, 3662002.993714082]"
26330,79.35908699035645,1.1805859818313331,Point,13521350.0,3662002.993714082,"[13521350.0, 3662002.993714082]"
26331,83.4271731376648,1.2615686868325793,Point,13521450.000000002,3662002.993714082,"[13521450.000000002, 3662002.993714082]"
26332,89.93519258499146,0.2599614333466608,Point,13521550.000000002,3662002.993714082,"[13521550.000000002, 3662002.993714082]"
26333,92.57654142379761,0.6679494628240048,Point,13521650.0,3662002.993714082,"[13521650.0, 3662002.993714082]"
26334,119.29361057281494,0.6679494628240048,Point,13521750.0,3662002.993714082,"[13521750.0, 3662002.993714082]"
26335,112.67817211151123,1.8281357073315245,Point,13521850.000000002,3662002.993714082,"[13521850.000000002, 3662002.993714082]"
26336,109.42380905151367,2.28863396496849,Point,13521950.000000002,3662002.993714082,"[13521950.000000002, 3662002.993714082]"
26337,104.81722259521484,1.1846182573410893,Point,13522050.000000002,3662002.993714082,"[13522050.000000002, 3662002.993714082]"
26338,115.19969272613525,1.1846182573410893,Point,13522150.000000002,3662002.993714082,"[13522150.000000002, 3662002.993714082]"
26339,113.77290058135986,1.9151828129695891,Point,13522250.0,3662002.993714082,"[13522250.0, 3662002.993714082]"
26340,93.9908618927002,1.099375737070787,Point,13522350.000000002,3662002.993714082,"[13522350.000000002, 3662002.993714082]"
26341,82.50588464736938,1.1582246483381067,Point,13522450.000000002,3662002.993714082,"[13522450.000000002, 3662002.993714082]"
26342,81.37940502166748,1.3867819973745708,Point,13522550.0,3662002.993714082,"[13522550.0, 3662002.993714082]"
26343,115.11259746551514,1.2471256419078849,Point,13522650.0,3662002.993714082,"[13522650.0, 3662002.993714082]"
26344,119.43756198883057,1.1989417184984372,Point,13522750.0,3662002.993714082,"[13522750.0, 3662002.993714082]"
26564,55.05126428604126,1.1081800595161564,Point,13517750.000000002,3661886.054112343,"[13517750.000000002, 3661886.054112343]"
26565,56.16254138946533,1.030225427475027,Point,13517850.0,3661886.054112343,"[13517850.0, 3661886.054112343]"
26566,47.63332653045654,0.12272937502830662,Point,13517950.0,3661886.054112343,"[13517950.0, 3661886.054112343]"
26567,47.94844198226929,1.0049171682204165,Point,13518050.000000002,3661886.054112343,"[13518050.000000002, 3661886.054112343]"
26568,58.141133308410645,1.0518008116543172,Point,13518150.000000002,3661886.054112343,"[13518150.000000002, 3661886.054112343]"
26569,64.51295137405396,0.1305379922269677,Point,13518250.0,3661886.054112343,"[13518250.0, 3661886.054112343]"
26570,54.363019943237305,0.32802107945324094,Point,13518350.0,3661886.054112343,"[13518350.0, 3661886.054112343]"
26571,52.33428335189819,1.056487527289592,Point,13518450.0,3661886.054112343,"[13518450.0, 3661886.054112343]"
26572,64.75666618347168,0.4246039046573757,Point,13518550.000000002,3661886.054112343,"[13518550.000000002, 3661886.054112343]"
26573,69.16259241104126,0.9029016838937007,Point,13518650.000000002,3661886.054112343,"[13518650.000000002, 3661886.054112343]"
26574,64.9648003578186,0.18393215564175017,Point,13518750.000000002,3661886.054112343,"[13518750.000000002, 3661886.054112343]"
26575,15.76488721370697,1.0076399083072864,Point,13518850.0,3661886.054112343,"[13518850.0, 3661886.054112343]"
26576,16.18353235721588,0.9688875287150616,Point,13518950.0,3661886.054112343,"[13518950.0, 3661886.054112343]"
26577,13.634260892868042,0.16368106642664854,Point,13519050.000000002,3661886.054112343,"[13519050.000000002, 3661886.054112343]"
26578,17.012759685516357,0.9768308267491905,Point,13519150.000000002,3661886.054112343,"[13519150.000000002, 3661886.054112343]"
26579,13.28903603553772,0.1031705245040847,Point,13519250.0,3661886.054112343,"[13519250.0, 3661886.054112343]"
26580,12.350158095359802,0.14199864173828114,Point,13519350.0,3661886.054112343,"[13519350.0, 3661886.054112343]"
26581,13.886450409889221,1.1746363243939495,Point,13519450.000000002,3661886.054112343,"[13519450.000000002, 3661886.054112343]"
26582,16.431524872779846,1.0100994375870191,Point,13519550.000000002,3661886.054112343,"[13519550.000000002, 3661886.054112343]"
26583,14.890566945075989,0.9321448055458899,Point,13519650.0,3661886.054112343,"[13519650.0, 3661886.054112343]"
26584,13.332690119743347,0.1581371749332458,Point,13519750.000000002,3661886.054112343,"[13519750.000000002, 3661886.054112343]"
26585,13.049441456794739,0.5193819447343498,Point,13519850.0,3661886.054112343,"[13519850.0, 3661886.054112343]"
26586,16.00319218635559,0.4444900452675653,Point,13519950.000000002,3661886.054112343,"[13519950.000000002, 3661886.054112343]"
26587,16.07031738758087,0.4763600758321461,Point,13520050.000000002,3661886.054112343,"[13520050.000000002, 3661886.054112343]"
26588,15.910661935806274,0.2856722943551935,Point,13520150.000000002,3661886.054112343,"[13520150.000000002, 3661886.054112343]"
26589,12.856373906135559,1.6342387410133241,Point,13520250.0,3661886.054112343,"[13520250.0, 3661886.054112343]"
26590,15.79478144645691,1.5600496981080545,Point,13520350.0,3661886.054112343,"[13520350.0, 3661886.054112343]"
26591,16.41323161125183,0.2758645612619692,Point,13520450.000000002,3661886.054112343,"[13520450.000000002, 3661886.054112343]"
26592,15.670011758804321,1.311659735917193,Point,13520550.000000002,3661886.054112343,"[13520550.000000002, 3661886.054112343]"
26593,16.63853693008423,1.6120400865143094,Point,13520650.0,3661886.054112343,"[13520650.0, 3661886.054112343]"
26594,16.124063968658447,0.5058720631071062,Point,13520750.0,3661886.054112343,"[13520750.0, 3661886.054112343]"
26595,14.943837642669678,1.2760144181303177,Point,13520850.0,3661886.054112343,"[13520850.0, 3661886.054112343]"
26596,15.29394781589508,0.5545549695204612,Point,13520950.000000002,3661886.054112343,"[13520950.000000002, 3661886.054112343]"
26597,14.842737913131714,0.7970377897287789,Point,13521050.000000002,3661886.054112343,"[13521050.000000002, 3661886.054112343]"
26598,104.98704814910889,1.3394753647008528,Point,13521150.000000002,3661886.054112343,"[13521150.000000002, 3661886.054112343]"
26599,106.70300388336182,0.18226122323875882,Point,13521250.0,3661886.054112343,"[13521250.0, 3661886.054112343]"
26600,109.68746852874756,2.182872022348527,Point,13521350.0,3661886.054112343,"[13521350.0, 3661886.054112343]"
26601,91.68011474609375,0.978851476758055,Point,13521450.000000002,3661886.054112343,"[13521450.000000002, 3661886.054112343]"
26602,68.6446328163147,0.8554357484027608,Point,13521550.000000002,3661886.054112343,"[13521550.000000002, 3661886.054112343]"
26603,95.27283954620361,0.3616784502632481,Point,13521650.0,3661886.054112343,"[13521650.0, 3661886.054112343]"
26604,114.05114078521729,2.357540647441241,Point,13521750.0,3661886.054112343,"[13521750.0, 3661886.054112343]"
26605,117.38286304473877,2.1394406257689096,Point,13521850.000000002,3661886.054112343,"[13521850.000000002, 3661886.054112343]"
26606,110.7863883972168,1.0471902034505052,Point,13521950.000000002,3661886.054112343,"[13521950.000000002, 3661886.054112343]"
26607,115.18967819213867,1.0249385992789883,Point,13522050.000000002,3661886.054112343,"[13522050.000000002, 3661886.054112343]"
26608,116.42215347290039,1.3285698480270236,Point,13522150.000000002,3661886.054112343,"[13522150.000000002, 3661886.054112343]"
26609,84.12497520446777,1.3603883883715882,Point,13522250.0,3661886.054112343,"[13522250.0, 3661886.054112343]"
26610,80.15886402130127,0.18083909335972348,Point,13522350.000000002,3661886.054112343,"[13522350.000000002, 3661886.054112343]"
26611,79.63962745666504,2.1572039319509515,Point,13522450.000000002,3661886.054112343,"[13522450.000000002, 3661886.054112343]"
26612,73.50423097610474,1.0207965944475226,Point,13522550.0,3661886.054112343,"[13522550.0, 3661886.054112343]"
26613,119.0136022567749,1.3247061387343062,Point,13522650.0,3661886.054112343,"[13522650.0, 3661886.054112343]"
26614,120.16464805603027,1.361828124238498,Point,13522750.0,3661886.054112343,"[13522750.0, 3661886.054112343]"
26838,46.216291666030884,0.015613650631567267,Point,13518250.0,3661769.1156220264,"[13518250.0, 3661769.1156220264]"
26839,52.61967086791992,0.9112801674956096,Point,13518350.0,3661769.1156220264,"[13518350.0, 3661769.1156220264]"
26840,56.50610876083374,1.0451217896521685,Point,13518450.0,3661769.1156220264,"[13518450.0, 3661769.1156220264]"
26841,59.24084949493408,0.313229679136856,Point,13518550.000000002,3661769.1156220264,"[13518550.000000002, 3661769.1156220264]"
26842,71.46456480026245,0.31240742882167366,Point,13518650.000000002,3661769.1156220264,"[13518650.000000002, 3661769.1156220264]"
26843,15.418243288993835,0.013478723671932417,Point,13518750.000000002,3661769.1156220264,"[13518750.000000002, 3661769.1156220264]"
26844,16.893662214279175,1.0588583942146808,Point,13518850.0,3661769.1156220264,"[13518850.0, 3661769.1156220264]"
26845,14.033876657485962,0.9090729943764659,Point,13518950.0,3661769.1156220264,"[13518950.0, 3661769.1156220264]"
26846,14.538159608840942,1.1643865272146492,Point,13519050.000000002,3661769.1156220264,"[13519050.000000002, 3661769.1156220264]"
26847,16.749898552894592,0.35419406210299287,Point,13519150.000000002,3661769.1156220264,"[13519150.000000002, 3661769.1156220264]"
26848,10.832361221313477,0.9163804075656332,Point,13519250.0,3661769.1156220264,"[13519250.0, 3661769.1156220264]"
26849,14.729074835777283,1.0719155364331836,Point,13519350.0,3661769.1156220264,"[13519350.0, 3661769.1156220264]"
26850,17.64485502243042,0.47744843083088073,Point,13519450.000000002,3661769.1156220264,"[13519450.000000002, 3661769.1156220264]"
26851,14.991789937019348,0.9966207139150867,Point,13519550.000000002,3661769.1156220264,"[13519550.000000002, 3661769.1156220264]"
26852,13.22391927242279,1.0290600498025821,Point,13519650.0,3661769.1156220264,"[13519650.0, 3661769.1156220264]"
26853,12.013279438018799,0.10201548432671581,Point,13519750.000000002,3661769.1156220264,"[13519750.000000002, 3661769.1156220264]"
26854,11.706917762756348,0.3625725457049017,Point,13519850.0,3661769.1156220264,"[13519850.0, 3661769.1156220264]"
26855,14.579006433486938,0.3783369436851585,Point,13519950.000000002,3661769.1156220264,"[13519950.000000002, 3661769.1156220264]"
26856,14.000751495361328,0.8586593258930433,Point,13520050.000000002,3661769.1156220264,"[13520050.000000002, 3661769.1156220264]"
26857,14.130221486091614,1.7578954197834418,Point,13520150.000000002,3661769.1156220264,"[13520150.000000002, 3661769.1156220264]"
26858,11.577948033809662,0.997382288636339,Point,13520250.0,3661769.1156220264,"[13520250.0, 3661769.1156220264]"
26859,14.80884575843811,0.4639264758154659,Point,13520350.0,3661769.1156220264,"[13520350.0, 3661769.1156220264]"
26860,14.4573392868042,0.5326181335051233,Point,13520450.000000002,3661769.1156220264,"[13520450.000000002, 3661769.1156220264]"
26861,14.627835273742676,1.382829344429982,Point,13520550.000000002,3661769.1156220264,"[13520550.000000002, 3661769.1156220264]"
26862,15.99983525276184,1.1399168365354893,Point,13520650.0,3661769.1156220264,"[13520650.0, 3661769.1156220264]"
26863,14.211183309555054,1.3900352298497265,Point,13520750.0,3661769.1156220264,"[13520750.0, 3661769.1156220264]"
26864,13.8775132894516,1.9408246009872612,Point,13520850.0,3661769.1156220264,"[13520850.0, 3661769.1156220264]"
26865,15.622650861740112,0.55667898579071,Point,13520950.000000002,3661769.1156220264,"[13520950.000000002, 3661769.1156220264]"
26866,15.505204200744629,1.3548790581184165,Point,13521050.000000002,3661769.1156220264,"[13521050.000000002, 3661769.1156220264]"
26867,104.89157676696777,0.091658341633852,Point,13521150.000000002,3661769.1156220264,"[13521150.000000002, 3661769.1156220264]"
26868,99.86322975158691,0.5660724311996226,Point,13521250.0,3661769.1156220264,"[13521250.0, 3661769.1156220264]"
26869,118.62519931793213,1.7912988998325265,Point,13521350.0,3661769.1156220264,"[13521350.0, 3661769.1156220264]"
26870,122.22350025177002,2.1998058904492717,Point,13521450.000000002,3661769.1156220264,"[13521450.000000002, 3661769.1156220264]"
26871,99.38381290435791,0.5827927910706198,Point,13521550.000000002,3661769.1156220264,"[13521550.000000002, 3661769.1156220264]"
26872,99.0818738937378,0.7772200790452171,Point,13521650.0,3661769.1156220264,"[13521650.0, 3661769.1156220264]"
26873,103.80787563323975,1.132971338742462,Point,13521750.0,3661769.1156220264,"[13521750.0, 3661769.1156220264]"
26874,121.90865135192871,0.3085811795455595,Point,13521850.000000002,3661769.1156220264,"[13521850.000000002, 3661769.1156220264]"
26875,121.7990951538086,1.2814426369118839,Point,13521950.000000002,3661769.1156220264,"[13521950.000000002, 3661769.1156220264]"
26876,115.93978023529053,1.6475706726474915,Point,13522050.000000002,3661769.1156220264,"[13522050.000000002, 3661769.1156220264]"
26877,118.67693614959717,0.909369813904598,Point,13522150.000000002,3661769.1156220264,"[13522150.000000002, 3661769.1156220264]"
26878,115.37138271331787,0.8848708828391822,Point,13522250.0,3661769.1156220264,"[13522250.0, 3661769.1156220264]"
26879,89.66582202911377,0.537742093671687,Point,13522350.000000002,3661769.1156220264,"[13522350.000000002, 3661769.1156220264]"
26880,111.638840675354,0.4407882150624455,Point,13522450.000000002,3661769.1156220264,"[13522450.000000002, 3661769.1156220264]"
26881,85.16398286819458,1.6769655213376184,Point,13522550.0,3661769.1156220264,"[13522550.0, 3661769.1156220264]"
26882,98.15723323822021,0.7591675392814088,Point,13522650.0,3661769.1156220264,"[13522650.0, 3661769.1156220264]"
26883,126.81257820129395,1.3236335498701073,Point,13522750.0,3661769.1156220264,"[13522750.0, 3661769.1156220264]"
26884,129.39166164398193,0.43503532751599633,Point,13522850.000000002,3661769.1156220264,"[13522850.000000002, 3661769.1156220264]"
27113,72.8386664390564,10.80822430711606,Point,13518550.000000002,3661652.1782430825,"[13518550.000000002, 3661652.1782430825]"
27114,70.26858282089233,1.064191180327515,Point,13518650.000000002,3661652.1782430825,"[13518650.000000002, 3661652.1782430825]"
27115,15.16187858581543,0.8519790983929755,Point,13518750.000000002,3661652.1782430825,"[13518750.000000002, 3661652.1782430825]"
27116,16.651467442512512,9.934483715577969,Point,13518850.0,3661652.1782430825,"[13518850.0, 3661652.1782430825]"
27117,16.040799021720886,1.3885036575444532,Point,13518950.0,3661652.1782430825,"[13518950.0, 3661652.1782430825]"
27118,10.459154427051544,1.08331991536202,Point,13519050.000000002,3661652.1782430825,"[13519050.000000002, 3661652.1782430825]"
27119,17.797083854675293,1.0854766808160559,Point,13519150.000000002,3661652.1782430825,"[13519150.000000002, 3661652.1782430825]"
27120,14.6249498128891,1.0719155364331836,Point,13519250.0,3661652.1782430825,"[13519250.0, 3661652.1782430825]"
27121,17.4784437417984,0.468338692359675,Point,13519350.0,3661652.1782430825,"[13519350.0, 3661652.1782430825]"
27122,14.6361563205719,0.468338692359675,Point,13519450.000000002,3661652.1782430825,"[13519450.000000002, 3661652.1782430825]"
27123,13.349450469017029,0.4534203892574078,Point,13519550.000000002,3661652.1782430825,"[13519550.000000002, 3661652.1782430825]"
27124,12.12274980545044,1.3453170868434476,Point,13519650.0,3661652.1782430825,"[13519650.0, 3661652.1782430825]"
27125,12.788207054138184,0.4724897799327543,Point,13519750.000000002,3661652.1782430825,"[13519750.000000002, 3661652.1782430825]"
27126,12.79451847076416,2.216239961712784,Point,13519850.0,3661652.1782430825,"[13519850.0, 3661652.1782430825]"
27127,11.72996699810028,1.2332569887755893,Point,13519950.000000002,3661652.1782430825,"[13519950.000000002, 3661652.1782430825]"
27128,12.274781942367554,2.0514010366746933,Point,13520050.000000002,3661652.1782430825,"[13520050.000000002, 3661652.1782430825]"
27129,12.181797623634338,1.6133117105102257,Point,13520150.000000002,3661652.1782430825,"[13520150.000000002, 3661652.1782430825]"
27130,11.991721272468567,1.3714065058344276,Point,13520250.0,3661652.1782430825,"[13520250.0, 3661652.1782430825]"
27131,11.983913540840149,1.7337651474194256,Point,13520350.0,3661652.1782430825,"[13520350.0, 3661652.1782430825]"
27132,15.40378725528717,0.2728335955833979,Point,13520450.000000002,3661652.1782430825,"[13520450.000000002, 3661652.1782430825]"
27133,15.69142198562622,0.5058720631071062,Point,13520550.000000002,3661652.1782430825,"[13520550.000000002, 3661652.1782430825]"
27134,15.824278354644775,0.9143359678670695,Point,13520650.0,3661652.1782430825,"[13520650.0, 3661652.1782430825]"
27135,15.820168137550354,0.366323961672239,Point,13520750.0,3661652.1782430825,"[13520750.0, 3661652.1782430825]"
27136,15.855360984802246,0.7835590660568464,Point,13520850.0,3661652.1782430825,"[13520850.0, 3661652.1782430825]"
27137,15.060962319374084,0.7950076537975215,Point,13520950.000000002,3661652.1782430825,"[13520950.000000002, 3661652.1782430825]"
27138,15.471079111099243,0.47200481998139615,Point,13521050.000000002,3661652.1782430825,"[13521050.000000002, 3661652.1782430825]"
27139,108.12100315093994,1.4819075874100687,Point,13521150.000000002,3661652.1782430825,"[13521150.000000002, 3661652.1782430825]"
27140,106.50990676879883,1.5147025832690049,Point,13521250.0,3661652.1782430825,"[13521250.0, 3661652.1782430825]"
27141,113.56554889678955,0.5290968324152339,Point,13521350.0,3661652.1782430825,"[13521350.0, 3661652.1782430825]"
27142,121.34879875183105,1.3234630265277199,Point,13521450.000000002,3661652.1782430825,"[13521450.000000002, 3661652.1782430825]"
27143,125.88862323760986,1.2249171456561092,Point,13521550.000000002,3661652.1782430825,"[13521550.000000002, 3661652.1782430825]"
27144,96.34223461151123,1.3236227204927753,Point,13521650.0,3661652.1782430825,"[13521650.0, 3661652.1782430825]"
27145,130.70002555847168,1.4793755551554977,Point,13521750.0,3661652.1782430825,"[13521750.0, 3661652.1782430825]"
27146,125.80948638916016,1.3593972689530132,Point,13521850.000000002,3661652.1782430825,"[13521850.000000002, 3661652.1782430825]"
27147,122.95373153686523,1.2814426369118839,Point,13521950.000000002,3661652.1782430825,"[13521950.000000002, 3661652.1782430825]"
27148,109.3232069015503,1.6475706726474915,Point,13522050.000000002,3661652.1782430825,"[13522050.000000002, 3661652.1782430825]"
27149,119.55681228637695,1.3351632438258179,Point,13522150.000000002,3661652.1782430825,"[13522150.000000002, 3661652.1782430825]"
27150,117.9256944656372,1.868994946530261,Point,13522250.0,3661652.1782430825,"[13522250.0, 3661652.1782430825]"
27151,119.38822841644287,1.6334567764444365,Point,13522350.000000002,3661652.1782430825,"[13522350.000000002, 3661652.1782430825]"
27152,126.71089553833008,1.5852711283081422,Point,13522450.000000002,3661652.1782430825,"[13522450.000000002, 3661652.1782430825]"
27153,123.59434700012207,0.5299183566154588,Point,13522550.0,3661652.1782430825,"[13522550.0, 3661652.1782430825]"
27154,127.06925106048584,2.2873644434205214,Point,13522650.0,3661652.1782430825,"[13522650.0, 3661652.1782430825]"
27155,131.5194787979126,0.48077474450506463,Point,13522750.0,3661652.1782430825,"[13522750.0, 3661652.1782430825]"
27156,132.76949501037598,0.4301645930652822,Point,13522850.000000002,3661652.1782430825,"[13522850.000000002, 3661652.1782430825]"
27382,69.73482656478882,0.9112801674956096,Point,13518650.000000002,3661535.241975459,"[13518650.000000002, 3661535.241975459]"
27383,14.979609370231628,26.5100768312546,Point,13518750.000000002,3661535.241975459,"[13518750.000000002, 3661535.241975459]"
27384,15.4308363199234,0.06972888386828732,Point,13518850.0,3661535.241975459,"[13518850.0, 3661535.241975459]"
27385,16.120247721672058,1.1553023567344602,Point,13518950.0,3661535.241975459,"[13518950.0, 3661535.241975459]"
27386,15.462667226791382,1.237667201117517,Point,13519050.000000002,3661535.241975459,"[13519050.000000002, 3661535.241975459]"
27387,15.644306182861328,0.20088388310406374,Point,13519150.000000002,3661535.241975459,"[13519150.000000002, 3661535.241975459]"
27388,15.162240862846375,0.9812778973882594,Point,13519250.0,3661535.241975459,"[13519250.0, 3661535.241975459]"
27389,15.501933455467224,0.39839279905787606,Point,13519350.0,3661535.241975459,"[13519350.0, 3661535.241975459]"
27390,14.997175812721252,0.4364686617950942,Point,13519450.000000002,3661535.241975459,"[13519450.000000002, 3661535.241975459]"
27391,12.640401840209961,2.5277942077882343,Point,13519550.000000002,3661535.241975459,"[13519550.000000002, 3661535.241975459]"
27392,12.709226608276367,0.5322215707755071,Point,13519650.0,3661535.241975459,"[13519650.0, 3661535.241975459]"
27393,14.702512860298157,1.6274256067132806,Point,13519750.000000002,3661535.241975459,"[13519750.000000002, 3661535.241975459]"
27394,10.313616275787354,1.1194873016859044,Point,13519850.0,3661535.241975459,"[13519850.0, 3661535.241975459]"
27395,11.584799528121948,0.05791614629867284,Point,13519950.000000002,3661535.241975459,"[13519950.000000002, 3661535.241975459]"
27396,7.782673597335815,0.36270315203999587,Point,13520050.000000002,3661535.241975459,"[13520050.000000002, 3661535.241975459]"
27397,8.597123920917511,1.6441066601676122,Point,13520150.000000002,3661535.241975459,"[13520150.000000002, 3661535.241975459]"
27398,7.485156655311584,0.9298679327027499,Point,13520250.0,3661535.241975459,"[13520250.0, 3661535.241975459]"
27399,10.783233523368835,0.19718974104711007,Point,13520350.0,3661535.241975459,"[13520350.0, 3661535.241975459]"
27400,14.865993976593018,0.7706441807257962,Point,13520450.000000002,3661535.241975459,"[13520450.000000002, 3661535.241975459]"
27401,15.10272765159607,0.3173942103672268,Point,13520550.000000002,3661535.241975459,"[13520550.000000002, 3661535.241975459]"
27402,15.952110648155212,1.1305000986838292,Point,13520650.0,3661535.241975459,"[13520650.0, 3661535.241975459]"
27403,16.15091896057129,0.39655725269365716,Point,13520750.0,3661535.241975459,"[13520750.0, 3661535.241975459]"
27404,15.0596022605896,1.5699498900747755,Point,13520850.0,3661535.241975459,"[13520850.0, 3661535.241975459]"
27405,14.470012903213501,0.7506896478182351,Point,13520950.000000002,3661535.241975459,"[13520950.000000002, 3661535.241975459]"
27406,11.315001726150513,0.6275284985438052,Point,13521050.000000002,3661535.241975459,"[13521050.000000002, 3661535.241975459]"
27407,100.94986343383789,1.3653134625747727,Point,13521150.000000002,3661535.241975459,"[13521150.000000002, 3661535.241975459]"
27408,100.72677803039551,1.1072157082205676,Point,13521250.0,3661535.241975459,"[13521250.0, 3661535.241975459]"
27409,98.33361625671387,1.1093769731010297,Point,13521350.0,3661535.241975459,"[13521350.0, 3661535.241975459]"
27410,103.27237033843994,0.32873892521964077,Point,13521450.000000002,3661535.241975459,"[13521450.000000002, 3661535.241975459]"
27411,123.20753860473633,1.3176829127835403,Point,13521550.000000002,3661535.241975459,"[13521550.000000002, 3661535.241975459]"
27412,114.39495182037354,1.7936552817821045,Point,13521650.0,3661535.241975459,"[13521650.0, 3661535.241975459]"
27413,119.83649635314941,0.5877390760076111,Point,13521750.0,3661535.241975459,"[13521750.0, 3661535.241975459]"
27414,111.6178207397461,1.401740319068525,Point,13521850.000000002,3661535.241975459,"[13521850.000000002, 3661535.241975459]"
27415,101.8970251083374,0.13690150875171014,Point,13521950.000000002,3661535.241975459,"[13521950.000000002, 3661535.241975459]"
27416,94.86890983581543,1.3550825307265544,Point,13522050.000000002,3661535.241975459,"[13522050.000000002, 3661535.241975459]"
27417,118.83374691009521,1.5502985302887127,Point,13522150.000000002,3661535.241975459,"[13522150.000000002, 3661535.241975459]"
27418,98.89518928527832,1.7381508456143298,Point,13522250.0,3661535.241975459,"[13522250.0, 3661535.241975459]"
27419,96.69207382202148,1.3502016075175356,Point,13522350.000000002,3661535.241975459,"[13522350.000000002, 3661535.241975459]"
27420,125.64763641357422,1.1781406267324626,Point,13522450.000000002,3661535.241975459,"[13522450.000000002, 3661535.241975459]"
27421,102.74842166900635,1.3761623619344783,Point,13522550.0,3661535.241975459,"[13522550.0, 3661535.241975459]"
27422,102.50930500030518,0.13512862709788306,Point,13522650.0,3661535.241975459,"[13522650.0, 3661535.241975459]"
27423,126.6557207107544,0.5299183566154588,Point,13522750.0,3661535.241975459,"[13522750.0, 3661535.241975459]"
27424,135.25259113311768,1.2370735816825074,Point,13522850.000000002,3661535.241975459,"[13522850.000000002, 3661535.241975459]"
27425,130.52899837493896,1.5780566455206086,Point,13522950.000000002,3661535.241975459,"[13522950.000000002, 3661535.241975459]"
27652,14.759043216705322,10.80822430711606,Point,13518750.000000002,3661418.3068191097,"[13518750.000000002, 3661418.3068191097]"
27653,14.8619065284729,1.064191180327515,Point,13518850.0,3661418.3068191097,"[13518850.0, 3661418.3068191097]"
27654,15.557289719581604,0.9870712582094588,Point,13518950.0,3661418.3068191097,"[13518950.0, 3661418.3068191097]"
27655,13.425610303878784,0.313229679136856,Point,13519050.000000002,3661418.3068191097,"[13519050.000000002, 3661418.3068191097]"
27656,13.076679587364197,11.07407277119771,Point,13519150.000000002,3661418.3068191097,"[13519150.000000002, 3661418.3068191097]"
27657,15.260627031326294,11.78289394253685,Point,13519250.0,3661418.3068191097,"[13519250.0, 3661418.3068191097]"
27658,13.365267992019653,12.281756629644434,Point,13519350.0,3661418.3068191097,"[13519350.0, 3661418.3068191097]"
27659,14.892317175865173,2.4758012907909928,Point,13519450.000000002,3661418.3068191097,"[13519450.000000002, 3661418.3068191097]"
27660,14.870916247367859,0.8367663992833867,Point,13519550.000000002,3661418.3068191097,"[13519550.000000002, 3661418.3068191097]"
27661,15.173868060112,0.22044003155556263,Point,13519650.0,3661418.3068191097,"[13519650.0, 3661418.3068191097]"
27662,14.554431676864624,0.31644331703072803,Point,13519750.000000002,3661418.3068191097,"[13519750.000000002, 3661418.3068191097]"
27663,11.856126427650452,2.191331682540287,Point,13519850.0,3661418.3068191097,"[13519850.0, 3661418.3068191097]"
27664,8.999172031879425,1.58687378501032,Point,13519950.000000002,3661418.3068191097,"[13519950.000000002, 3661418.3068191097]"
27665,6.202272653579712,0.4868314025307301,Point,13520050.000000002,3661418.3068191097,"[13520050.000000002, 3661418.3068191097]"
27666,4.447251439094543,1.3453498975555613,Point,13520150.000000002,3661418.3068191097,"[13520150.000000002, 3661418.3068191097]"
27667,7.095829367637634,1.8662987127929043,Point,13520250.0,3661418.3068191097,"[13520250.0, 3661418.3068191097]"
27668,9.264759719371796,2.106178678039786,Point,13520350.0,3661418.3068191097,"[13520350.0, 3661418.3068191097]"
27669,14.239469170570374,0.3288336857039259,Point,13520450.000000002,3661418.3068191097,"[13520450.000000002, 3661418.3068191097]"
27670,13.597270488739014,1.270799283617555,Point,13520550.000000002,3661418.3068191097,"[13520550.000000002, 3661418.3068191097]"
27671,14.473260521888733,0.2096464710860408,Point,13520650.0,3661418.3068191097,"[13520650.0, 3661418.3068191097]"
27672,14.368847727775574,1.3487466230657157,Point,13520750.0,3661418.3068191097,"[13520750.0, 3661418.3068191097]"
27673,13.568443179130554,0.9138112013958757,Point,13520850.0,3661418.3068191097,"[13520850.0, 3661418.3068191097]"
27674,12.496506810188293,1.2752568536442572,Point,13520950.000000002,3661418.3068191097,"[13520950.000000002, 3661418.3068191097]"
27675,9.827552497386932,0.967264310541821,Point,13521050.000000002,3661418.3068191097,"[13521050.000000002, 3661418.3068191097]"
27676,80.57265424728394,1.5767953172563054,Point,13521150.000000002,3661418.3068191097,"[13521150.000000002, 3661418.3068191097]"
27677,85.40894556045532,1.2681855377878701,Point,13521250.0,3661418.3068191097,"[13521250.0, 3661418.3068191097]"
27678,78.57861709594727,1.4495345891257316,Point,13521350.0,3661418.3068191097,"[13521350.0, 3661418.3068191097]"
27679,101.7697525024414,1.3609266395179151,Point,13521450.000000002,3661418.3068191097,"[13521450.000000002, 3661418.3068191097]"
27680,110.09831142425537,2.278315620835463,Point,13521550.000000002,3661418.3068191097,"[13521550.000000002, 3661418.3068191097]"
27681,97.22906017303467,1.3563851928477448,Point,13521650.0,3661418.3068191097,"[13521650.0, 3661418.3068191097]"
27682,95.96605396270752,1.95906276483226,Point,13521750.0,3661418.3068191097,"[13521750.0, 3661418.3068191097]"
27683,122.72605228424072,1.2226241628036318,Point,13521850.000000002,3661418.3068191097,"[13521850.000000002, 3661418.3068191097]"
27684,102.02333736419678,1.3930286172634487,Point,13521950.000000002,3661418.3068191097,"[13521950.000000002, 3661418.3068191097]"
27685,97.51840305328369,1.160428236157252,Point,13522050.000000002,3661418.3068191097,"[13522050.000000002, 3661418.3068191097]"
27686,118.94765281677246,0.8249784470646524,Point,13522150.000000002,3661418.3068191097,"[13522150.000000002, 3661418.3068191097]"
27687,122.89916515350342,0.6727421562239642,Point,13522250.0,3661418.3068191097,"[13522250.0, 3661418.3068191097]"
27688,121.38425350189209,0.8554357484027608,Point,13522350.000000002,3661418.3068191097,"[13522350.000000002, 3661418.3068191097]"
27689,125.29371356964111,1.8621495193487312,Point,13522450.000000002,3661418.3068191097,"[13522450.000000002, 3661418.3068191097]"
27690,126.9480390548706,1.480152349601892,Point,13522550.0,3661418.3068191097,"[13522550.0, 3661418.3068191097]"
27691,124.39157772064209,0.5480230098333747,Point,13522650.0,3661418.3068191097,"[13522650.0, 3661418.3068191097]"
27692,131.05085849761963,0.8918421687086944,Point,13522750.0,3661418.3068191097,"[13522750.0, 3661418.3068191097]"
27693,128.52239513397217,0.739680503087698,Point,13522850.000000002,3661418.3068191097,"[13522850.000000002, 3661418.3068191097]"
27694,134.3304090499878,1.7109300467739081,Point,13522950.000000002,3661418.3068191097,"[13522950.000000002, 3661418.3068191097]"
27928,15.419760584831238,0.10374491144689027,Point,13518850.0,3661301.3727739835,"[13518850.0, 3661301.3727739835]"
27929,13.924439311027527,11.304408409380466,Point,13518950.0,3661301.3727739835,"[13518950.0, 3661301.3727739835]"
27930,14.734684348106384,1.0878219297919773,Point,13519050.000000002,3661301.3727739835,"[13519050.000000002, 3661301.3727739835]"
27931,12.90924620628357,25.670921097201173,Point,13519150.000000002,3661301.3727739835,"[13519150.000000002, 3661301.3727739835]"
27932,15.34434175491333,0.07953977503962237,Point,13519250.0,3661301.3727739835,"[13519250.0, 3661301.3727739835]"
27933,15.59423577785492,0.11797060016480812,Point,13519350.0,3661301.3727739835,"[13519350.0, 3661301.3727739835]"
27934,15.395893096923828,1.3086568710750126,Point,13519450.000000002,3661301.3727739835,"[13519450.000000002, 3661301.3727739835]"
27935,14.713355660438538,1.6282478570284629,Point,13519550.000000002,3661301.3727739835,"[13519550.000000002, 3661301.3727739835]"
27936,14.51840078830719,10.022252575514718,Point,13519650.0,3661301.3727739835,"[13519650.0, 3661301.3727739835]"
27937,10.840153634548187,1.3724976069130868,Point,13519750.000000002,3661301.3727739835,"[13519750.000000002, 3661301.3727739835]"
27938,11.695942163467407,1.5109094780645926,Point,13519850.0,3661301.3727739835,"[13519850.0, 3661301.3727739835]"
27939,23.704206228256226,0.1652107594881354,Point,13519950.000000002,3661301.3727739835,"[13519950.000000002, 3661301.3727739835]"
27940,17.57052254676819,0.32992204070266046,Point,13520050.000000002,3661301.3727739835,"[13520050.000000002, 3661301.3727739835]"
27941,6.70207679271698,1.2601460738862424,Point,13520150.000000002,3661301.3727739835,"[13520150.000000002, 3661301.3727739835]"
27942,6.833819508552551,0.19212907216650954,Point,13520250.0,3661301.3727739835,"[13520250.0, 3661301.3727739835]"
27943,8.803766667842865,1.564196242070537,Point,13520350.0,3661301.3727739835,"[13520350.0, 3661301.3727739835]"
27944,14.433493614196777,1.3501488755349933,Point,13520450.000000002,3661301.3727739835,"[13520450.000000002, 3661301.3727739835]"
27945,14.723519444465637,0.4316846902730886,Point,13520550.000000002,3661301.3727739835,"[13520550.000000002, 3661301.3727739835]"
27946,14.554795145988464,0.623879435391467,Point,13520650.0,3661301.3727739835,"[13520650.0, 3661301.3727739835]"
27947,13.974328517913818,0.6004997170097,Point,13520750.0,3661301.3727739835,"[13520750.0, 3661301.3727739835]"
27948,13.291848182678223,0.5888482891657009,Point,13520850.0,3661301.3727739835,"[13520850.0, 3661301.3727739835]"
27949,11.674591660499573,1.5492600955523002,Point,13520950.000000002,3661301.3727739835,"[13520950.000000002, 3661301.3727739835]"
27950,10.630988955497742,1.38610723692324,Point,13521050.000000002,3661301.3727739835,"[13521050.000000002, 3661301.3727739835]"
27951,63.34180784225464,1.4546115280301863,Point,13521150.000000002,3661301.3727739835,"[13521150.000000002, 3661301.3727739835]"
27952,67.52405786514282,1.1340284664754783,Point,13521250.0,3661301.3727739835,"[13521250.0, 3661301.3727739835]"
27953,69.91885614395142,1.6543758140827267,Point,13521350.0,3661301.3727739835,"[13521350.0, 3661301.3727739835]"
27954,84.1328067779541,1.5564326797136698,Point,13521450.000000002,3661301.3727739835,"[13521450.000000002, 3661301.3727739835]"
27955,78.84103631973267,0.5223403567052659,Point,13521550.000000002,3661301.3727739835,"[13521550.000000002, 3661301.3727739835]"
27956,97.7764663696289,1.3608322634868135,Point,13521650.0,3661301.3727739835,"[13521650.0, 3661301.3727739835]"
27957,125.15593147277832,1.3247061387343062,Point,13521750.0,3661301.3727739835,"[13521750.0, 3661301.3727739835]"
27958,110.9788932800293,0.49378304328374895,Point,13521850.000000002,3661301.3727739835,"[13521850.000000002, 3661301.3727739835]"
27959,108.44550704956055,0.9836630592858169,Point,13521950.000000002,3661301.3727739835,"[13521950.000000002, 3661301.3727739835]"
27960,109.4074821472168,1.4652616589524425,Point,13522050.000000002,3661301.3727739835,"[13522050.000000002, 3661301.3727739835]"
27961,119.25913429260254,1.7323707318701502,Point,13522150.000000002,3661301.3727739835,"[13522150.000000002, 3661301.3727739835]"
27962,115.88876056671143,0.28189516739935644,Point,13522250.0,3661301.3727739835,"[13522250.0, 3661301.3727739835]"
27963,116.37302780151367,1.4171948612267793,Point,13522350.000000002,3661301.3727739835,"[13522350.000000002, 3661301.3727739835]"
27964,124.49609565734863,1.3742624598031221,Point,13522450.000000002,3661301.3727739835,"[13522450.000000002, 3661301.3727739835]"
27965,103.18501091003418,0.5621137200403297,Point,13522550.0,3661301.3727739835,"[13522550.0, 3661301.3727739835]"
27966,126.64980030059814,1.1128169539162813,Point,13522650.0,3661301.3727739835,"[13522650.0, 3661301.3727739835]"
27967,129.58752059936523,0.9254652539493682,Point,13522750.0,3661301.3727739835,"[13522750.0, 3661301.3727739835]"
27968,121.5681791305542,1.342694469446599,Point,13522850.000000002,3661301.3727739835,"[13522850.000000002, 3661301.3727739835]"
27969,126.12060260772705,1.9628049600499193,Point,13522950.000000002,3661301.3727739835,"[13522950.000000002, 3661301.3727739835]"
28200,15.811018109321594,25.685746744262943,Point,13518950.0,3661184.4398400295,"[13518950.0, 3661184.4398400295]"
28201,15.068580985069275,0.2678875430607009,Point,13519050.000000002,3661184.4398400295,"[13519050.000000002, 3661184.4398400295]"
28202,16.025318503379822,0.12725231797868,Point,13519150.000000002,3661184.4398400295,"[13519150.000000002, 3661184.4398400295]"
28203,15.147754192352295,0.2643506553371393,Point,13519250.0,3661184.4398400295,"[13519250.0, 3661184.4398400295]"
28204,14.28126835823059,0.22558676782130976,Point,13519350.0,3661184.4398400295,"[13519350.0, 3661184.4398400295]"
28205,14.798261642456055,0.17164128285930028,Point,13519450.000000002,3661184.4398400295,"[13519450.000000002, 3661184.4398400295]"
28206,14.520684003829956,0.9353410197811962,Point,13519550.000000002,3661184.4398400295,"[13519550.000000002, 3661184.4398400295]"
28207,14.502624869346619,1.3234630265277199,Point,13519650.0,3661184.4398400295,"[13519650.0, 3661184.4398400295]"
28208,14.713061451911926,1.4261887528710502,Point,13519750.000000002,3661184.4398400295,"[13519750.000000002, 3661184.4398400295]"
28209,13.589139103889465,1.053238829453631,Point,13519850.0,3661184.4398400295,"[13519850.0, 3661184.4398400295]"
28210,43.944474935531616,1.8662987127929043,Point,13519950.000000002,3661184.4398400295,"[13519950.000000002, 3661184.4398400295]"
28211,43.567583084106445,1.4943961516919675,Point,13520050.000000002,3661184.4398400295,"[13520050.000000002, 3661184.4398400295]"
28212,42.874234437942505,0.33141613813337,Point,13520150.000000002,3661184.4398400295,"[13520150.000000002, 3661184.4398400295]"
28213,42.880677223205566,0.6619459078317724,Point,13520250.0,3661184.4398400295,"[13520250.0, 3661184.4398400295]"
28214,43.65242552757263,0.38960141464831344,Point,13520350.0,3661184.4398400295,"[13520350.0, 3661184.4398400295]"
28216,48.25908041000366,0.23088145175873437,Point,13520550.000000002,3661184.4398400295,"[13520550.000000002, 3661184.4398400295]"
28217,47.49107503890991,0.93625500255062,Point,13520650.0,3661184.4398400295,"[13520650.0, 3661184.4398400295]"
28218,46.7612738609314,1.5255317981008703,Point,13520750.0,3661184.4398400295,"[13520750.0, 3661184.4398400295]"
28219,47.60385465621948,1.5832899701497107,Point,13520850.0,3661184.4398400295,"[13520850.0, 3661184.4398400295]"
28220,37.63391137123108,1.3357584267405866,Point,13520950.000000002,3661184.4398400295,"[13520950.000000002, 3661184.4398400295]"
28221,22.400835275650024,1.5832899701497107,Point,13521050.000000002,3661184.4398400295,"[13521050.000000002, 3661184.4398400295]"
28222,20.730942606925964,0.8146100186012355,Point,13521150.000000002,3661184.4398400295,"[13521150.000000002, 3661184.4398400295]"
28223,16.94057607650757,1.3922431773729143,Point,13521250.0,3661184.4398400295,"[13521250.0, 3661184.4398400295]"
28224,17.73893713951111,0.977140991309001,Point,13521350.0,3661184.4398400295,"[13521350.0, 3661184.4398400295]"
28225,28.89680790901184,0.5383749087887502,Point,13521450.000000002,3661184.4398400295,"[13521450.000000002, 3661184.4398400295]"
28226,36.971702098846436,2.199117876587748,Point,13521550.000000002,3661184.4398400295,"[13521550.000000002, 3661184.4398400295]"
28227,43.854631662368774,1.3927022940513945,Point,13521650.0,3661184.4398400295,"[13521650.0, 3661184.4398400295]"
28228,43.72257208824158,1.1566236468977666,Point,13521750.0,3661184.4398400295,"[13521750.0, 3661184.4398400295]"
28229,41.78783988952637,1.8893641796336835,Point,13521850.000000002,3661184.4398400295,"[13521850.000000002, 3661184.4398400295]"
28230,113.36495971679688,0.8350112507233852,Point,13521950.000000002,3661184.4398400295,"[13521950.000000002, 3661184.4398400295]"
28231,104.21213436126709,2.2840957345796427,Point,13522050.000000002,3661184.4398400295,"[13522050.000000002, 3661184.4398400295]"
28232,115.94317054748535,0.5637280756827077,Point,13522150.000000002,3661184.4398400295,"[13522150.000000002, 3661184.4398400295]"
28233,117.27612495422363,1.8798650205845444,Point,13522250.0,3661184.4398400295,"[13522250.0, 3661184.4398400295]"
28234,96.26059150695801,1.317674348693242,Point,13522350.000000002,3661184.4398400295,"[13522350.000000002, 3661184.4398400295]"
28235,121.65255069732666,1.260919904084095,Point,13522450.000000002,3661184.4398400295,"[13522450.000000002, 3661184.4398400295]"
28236,125.6076488494873,2.0790210553212454,Point,13522550.0,3661184.4398400295,"[13522550.0, 3661184.4398400295]"
28237,126.98277568817139,1.1087000576225634,Point,13522650.0,3661184.4398400295,"[13522650.0, 3661184.4398400295]"
28238,105.66701316833496,1.0568860710661139,Point,13522750.0,3661184.4398400295,"[13522750.0, 3661184.4398400295]"
28239,130.62060070037842,0.7251244513276871,Point,13522850.000000002,3661184.4398400295,"[13522850.000000002, 3661184.4398400295]"
28240,132.88959884643555,2.0273027004472626,Point,13522950.000000002,3661184.4398400295,"[13522950.000000002, 3661184.4398400295]"
28241,130.52637481689453,1.6393062042132684,Point,13523050.000000002,3661184.4398400295,"[13523050.000000002, 3661184.4398400295]"
28474,14.409239292144775,0.021781573699767055,Point,13519050.000000002,3661067.508017198,"[13519050.000000002, 3661067.508017198]"
28475,15.62795090675354,11.165772378069914,Point,13519150.000000002,3661067.508017198,"[13519150.000000002, 3661067.508017198]"
28476,13.96481466293335,1.1499960784202428,Point,13519250.0,3661067.508017198,"[13519250.0, 3661067.508017198]"
28477,12.184008955955505,0.9781373871754934,Point,13519350.0,3661067.508017198,"[13519350.0, 3661067.508017198]"
28478,14.307893514633179,0.4601922339092069,Point,13519450.000000002,3661067.508017198,"[13519450.000000002, 3661067.508017198]"
28479,11.594190239906311,0.44809986101800914,Point,13519550.000000002,3661067.508017198,"[13519550.000000002, 3661067.508017198]"
28480,14.328388452529907,1.2310763742485913,Point,13519650.0,3661067.508017198,"[13519650.0, 3661067.508017198]"
28481,14.665525197982788,0.42704845407409847,Point,13519750.000000002,3661067.508017198,"[13519750.000000002, 3661067.508017198]"
28482,47.62334632873535,1.337726570712664,Point,13519850.0,3661067.508017198,"[13519850.0, 3661067.508017198]"
28483,47.06253385543823,10.321151694337766,Point,13519950.000000002,3661067.508017198,"[13519950.000000002, 3661067.508017198]"
28484,45.896013021469116,1.3595015968149837,Point,13520050.000000002,3661067.508017198,"[13520050.000000002, 3661067.508017198]"
28489,49.79701471328735,2.615579272466409,Point,13520550.000000002,3661067.508017198,"[13520550.000000002, 3661067.508017198]"
28490,46.44029140472412,0.2348270684913657,Point,13520650.0,3661067.508017198,"[13520650.0, 3661067.508017198]"
28491,43.28928351402283,1.5630263643392637,Point,13520750.0,3661067.508017198,"[13520750.0, 3661067.508017198]"
28492,47.00872611999512,0.0992249077714534,Point,13520850.0,3661067.508017198,"[13520850.0, 3661067.508017198]"
28493,30.32822346687317,0.7794146518653323,Point,13520950.000000002,3661067.508017198,"[13520950.000000002, 3661067.508017198]"
28494,22.30526351928711,1.4680705746703633,Point,13521050.000000002,3661067.508017198,"[13521050.000000002, 3661067.508017198]"
28495,18.761207818984985,0.7736337506520236,Point,13521150.000000002,3661067.508017198,"[13521150.000000002, 3661067.508017198]"
28496,21.969504237174988,1.4178828914567196,Point,13521250.0,3661067.508017198,"[13521250.0, 3661067.508017198]"
28497,18.883062958717346,0.8289468518732214,Point,13521350.0,3661067.508017198,"[13521350.0, 3661067.508017198]"
28498,23.275049448013306,1.823601593830452,Point,13521450.000000002,3661067.508017198,"[13521450.000000002, 3661067.508017198]"
28499,32.33643651008606,1.019378806519994,Point,13521550.000000002,3661067.508017198,"[13521550.000000002, 3661067.508017198]"
28500,41.434088706970215,1.587815650927261,Point,13521650.0,3661067.508017198,"[13521650.0, 3661067.508017198]"
28501,41.64254641532898,0.6237101795278087,Point,13521750.0,3661067.508017198,"[13521750.0, 3661067.508017198]"
28502,42.31108260154724,2.192272449406218,Point,13521850.000000002,3661067.508017198,"[13521850.000000002, 3661067.508017198]"
28503,42.71682691574097,1.8840665901816922,Point,13521950.000000002,3661067.508017198,"[13521950.000000002, 3661067.508017198]"
28504,42.992506980895996,0.24895686402274264,Point,13522050.000000002,3661067.508017198,"[13522050.000000002, 3661067.508017198]"
28505,33.25870394706726,2.036392514501305,Point,13522150.000000002,3661067.508017198,"[13522150.000000002, 3661067.508017198]"
28506,40.80021405220032,1.4669040110531988,Point,13522250.0,3661067.508017198,"[13522250.0, 3661067.508017198]"
28507,41.74599480628967,0.25466069572464894,Point,13522350.000000002,3661067.508017198,"[13522350.000000002, 3661067.508017198]"
28508,43.26456427574158,2.259654350724923,Point,13522450.000000002,3661067.508017198,"[13522450.000000002, 3661067.508017198]"
28509,43.82831120491028,1.2312076107476035,Point,13522550.0,3661067.508017198,"[13522550.0, 3661067.508017198]"
28510,45.28074073791504,1.6104286573372104,Point,13522650.0,3661067.508017198,"[13522650.0, 3661067.508017198]"
28511,45.71383810043335,1.0244177292755645,Point,13522750.0,3661067.508017198,"[13522750.0, 3661067.508017198]"
28512,43.92854118347168,1.6938154694850847,Point,13522850.000000002,3661067.508017198,"[13522850.000000002, 3661067.508017198]"
28513,44.693321228027344,1.340117648331811,Point,13522950.000000002,3661067.508017198,"[13522950.000000002, 3661067.508017198]"
28514,123.51850605010986,1.0868414377273643,Point,13523050.000000002,3661067.508017198,"[13523050.000000002, 3661067.508017198]"
28744,14.94885528087616,0.2793710943161294,Point,13519150.000000002,3660950.57730544,"[13519150.000000002, 3660950.57730544]"
28745,12.021001696586609,0.2643506553371393,Point,13519250.0,3660950.57730544,"[13519250.0, 3660950.57730544]"
28746,14.35334062576294,0.20396313908036023,Point,13519350.0,3660950.57730544,"[13519350.0, 3660950.57730544]"
28747,13.958787679672241,0.12790792192117542,Point,13519450.000000002,3660950.57730544,"[13519450.000000002, 3660950.57730544]"
28748,14.837462902069092,0.4025438866309553,Point,13519550.000000002,3660950.57730544,"[13519550.000000002, 3660950.57730544]"
28749,15.101920127868652,1.2945429748719575,Point,13519650.0,3660950.57730544,"[13519650.0, 3660950.57730544]"
28750,14.262494325637817,0.9164622479662609,Point,13519750.000000002,3660950.57730544,"[13519750.000000002, 3660950.57730544]"
28758,44.177348136901855,11.071269397972765,Point,13520550.000000002,3660950.57730544,"[13520550.000000002, 3660950.57730544]"
28759,42.64309644699097,0.31644331703072803,Point,13520650.0,3660950.57730544,"[13520650.0, 3660950.57730544]"
28760,43.2629599571228,2.4362012986660484,Point,13520750.0,3660950.57730544,"[13520750.0, 3660950.57730544]"
28761,43.76629328727722,1.8118406118713901,Point,13520850.0,3660950.57730544,"[13520850.0, 3660950.57730544]"
28762,43.41400766372681,1.4145953922531014,Point,13520950.000000002,3660950.57730544,"[13520950.000000002, 3660950.57730544]"
28763,26.04335880279541,1.3501488755349933,Point,13521050.000000002,3660950.57730544,"[13521050.000000002, 3660950.57730544]"
28764,24.071263790130615,1.5622041140240812,Point,13521150.000000002,3660950.57730544,"[13521150.000000002, 3660950.57730544]"
28765,25.16744589805603,1.6267683804244981,Point,13521250.0,3660950.57730544,"[13521250.0, 3660950.57730544]"
28766,27.968926668167114,0.2563659039057272,Point,13521350.0,3660950.57730544,"[13521350.0, 3660950.57730544]"
28767,30.599581718444824,1.5751780698350109,Point,13521450.000000002,3660950.57730544,"[13521450.000000002, 3660950.57730544]"
28768,30.54163432121277,1.418971246455454,Point,13521550.000000002,3660950.57730544,"[13521550.000000002, 3660950.57730544]"
28769,37.24276828765869,1.0474171708862199,Point,13521650.0,3660950.57730544,"[13521650.0, 3660950.57730544]"
28770,41.10427975654602,1.1621477839159902,Point,13521750.0,3660950.57730544,"[13521750.0, 3660950.57730544]"
28771,43.13064742088318,1.6763083289116776,Point,13521850.000000002,3660950.57730544,"[13521850.000000002, 3660950.57730544]"
28772,40.49208354949951,1.8040051636906596,Point,13521950.000000002,3660950.57730544,"[13521950.000000002, 3660950.57730544]"
28773,33.58690333366394,1.2413455281637056,Point,13522050.000000002,3660950.57730544,"[13522050.000000002, 3660950.57730544]"
28774,40.5074143409729,1.0659789397580568,Point,13522150.000000002,3660950.57730544,"[13522150.000000002, 3660950.57730544]"
28775,33.559969425201416,1.5767953172563054,Point,13522250.0,3660950.57730544,"[13522250.0, 3660950.57730544]"
28776,38.90306830406189,1.1675989123334753,Point,13522350.000000002,3660950.57730544,"[13522350.000000002, 3660950.57730544]"
28777,42.27440166473389,0.6317756170761932,Point,13522450.000000002,3660950.57730544,"[13522450.000000002, 3660950.57730544]"
28778,42.54115152359009,1.520337837154825,Point,13522550.0,3660950.57730544,"[13522550.0, 3660950.57730544]"
28779,42.40742349624634,1.716468926463624,Point,13522650.0,3660950.57730544,"[13522650.0, 3660950.57730544]"
28780,44.87078332901001,1.8343860344065996,Point,13522750.0,3660950.57730544,"[13522750.0, 3660950.57730544]"
28781,45.54101800918579,1.4251410261961697,Point,13522850.000000002,3660950.57730544,"[13522850.000000002, 3660950.57730544]"
28782,47.090609550476074,1.2587237657523207,Point,13522950.000000002,3660950.57730544,"[13522950.000000002, 3660950.57730544]"
28783,44.89970350265503,0.7204921579057332,Point,13523050.000000002,3660950.57730544,"[13523050.000000002, 3660950.57730544]"
28784,45.42082929611206,0.9758060904037075,Point,13523150.0,3660950.57730544,"[13523150.0, 3660950.57730544]"
29013,15.479669690132141,0.3523148082496313,Point,13519150.000000002,3660833.647704705,"[13519150.000000002, 3660833.647704705]"
29014,14.869001150131226,1.2599880378283592,Point,13519250.0,3660833.647704705,"[13519250.0, 3660833.647704705]"
29015,14.906834483146667,26.49759524297614,Point,13519350.0,3660833.647704705,"[13519350.0, 3660833.647704705]"
29016,14.552559971809387,1.8165508137338529,Point,13519450.000000002,3660833.647704705,"[13519450.000000002, 3660833.647704705]"
29028,28.518157958984375,0.22233894833143128,Point,13520650.0,3660833.647704705,"[13520650.0, 3660833.647704705]"
29029,26.695441246032715,1.344215359103858,Point,13520750.0,3660833.647704705,"[13520750.0, 3660833.647704705]"
29030,21.576409459114075,0.2924284754406705,Point,13520850.0,3660833.647704705,"[13520850.0, 3660833.647704705]"
29031,31.741809129714966,1.39062592995162,Point,13520950.000000002,3660833.647704705,"[13520950.000000002, 3660833.647704705]"
29032,31.67027187347412,0.29134012044193586,Point,13521050.000000002,3660833.647704705,"[13521050.000000002, 3660833.647704705]"
29033,30.85074019432068,2.1438418582645435,Point,13521150.000000002,3660833.647704705,"[13521150.000000002, 3660833.647704705]"
29034,24.38418745994568,1.7065410124254343,Point,13521250.0,3660833.647704705,"[13521250.0, 3660833.647704705]"
29035,24.452547073364258,1.7957324213641133,Point,13521350.0,3660833.647704705,"[13521350.0, 3660833.647704705]"
29036,35.00414061546326,1.6826813901334714,Point,13521450.000000002,3660833.647704705,"[13521450.000000002, 3660833.647704705]"
29037,41.486106634140015,1.5119684693654778,Point,13521550.000000002,3660833.647704705,"[13521550.000000002, 3660833.647704705]"
29038,43.085227966308594,0.587698144131762,Point,13521650.0,3660833.647704705,"[13521650.0, 3660833.647704705]"
29039,40.62413716316223,2.5555478588700824,Point,13521750.0,3660833.647704705,"[13521750.0, 3660833.647704705]"
29040,39.935662031173706,1.8694482012393276,Point,13521850.000000002,3660833.647704705,"[13521850.000000002, 3660833.647704705]"
29041,39.872578859329224,0.7445021003564201,Point,13521950.000000002,3660833.647704705,"[13521950.000000002, 3660833.647704705]"
29042,40.26038956642151,1.4495345891257316,Point,13522050.000000002,3660833.647704705,"[13522050.000000002, 3660833.647704705]"
29043,40.00461745262146,0.6607723656413014,Point,13522150.000000002,3660833.647704705,"[13522150.000000002, 3660833.647704705]"
29044,41.88253211975098,0.21988831272432724,Point,13522250.0,3660833.647704705,"[13522250.0, 3660833.647704705]"
29045,33.79991698265076,2.199117876587748,Point,13522350.000000002,3660833.647704705,"[13522350.000000002, 3660833.647704705]"
29046,35.11213707923889,1.268610628070205,Point,13522450.000000002,3660833.647704705,"[13522450.000000002, 3660833.647704705]"
29047,43.044124364852905,0.280062621573784,Point,13522550.0,3660833.647704705,"[13522550.0, 3660833.647704705]"
29048,43.22697377204895,1.7866065677450993,Point,13522650.0,3660833.647704705,"[13522650.0, 3660833.647704705]"
29049,45.860092639923096,1.8619344569763285,Point,13522750.0,3660833.647704705,"[13522750.0, 3660833.647704705]"
29050,45.190638065338135,1.3761169586221955,Point,13522850.000000002,3660833.647704705,"[13522850.000000002, 3660833.647704705]"
29051,46.519197940826416,0.9529901527662208,Point,13522950.000000002,3660833.647704705,"[13522950.000000002, 3660833.647704705]"
29052,43.81169009208679,0.5978100389468738,Point,13523050.000000002,3660833.647704705,"[13523050.000000002, 3660833.647704705]"
29053,45.154043197631836,1.2088532930753606,Point,13523150.0,3660833.647704705,"[13523150.0, 3660833.647704705]"
29286,15.630359053611755,0.9751390272556839,Point,13519150.000000002,3660716.719214944,"[13519150.000000002, 3660716.719214944]"
29301,17.095033407211304,11.406257207424934,Point,13520650.0,3660716.719214944,"[13520650.0, 3660716.719214944]"
29302,16.090367555618286,1.6325571489987833,Point,13520750.0,3660716.719214944,"[13520750.0, 3660716.719214944]"
29303,17.95210325717926,2.1809140891377656,Point,13520850.0,3660716.719214944,"[13520850.0, 3660716.719214944]"
29304,28.828773021697998,1.420806252525261,Point,13520950.000000002,3660716.719214944,"[13520950.000000002, 3660716.719214944]"
29305,29.275681972503662,1.2207580509077052,Point,13521050.000000002,3660716.719214944,"[13521050.000000002, 3660716.719214944]"
29306,26.803972482681274,1.3551437126008683,Point,13521150.000000002,3660716.719214944,"[13521150.000000002, 3660716.719214944]"
29307,24.826788902282715,0.48768309520761083,Point,13521250.0,3660716.719214944,"[13521250.0, 3660716.719214944]"
29308,27.13052535057068,1.72364472596959,Point,13521350.0,3660716.719214944,"[13521350.0, 3660716.719214944]"
29309,36.24869966506958,1.4000749552207883,Point,13521450.000000002,3660716.719214944,"[13521450.000000002, 3660716.719214944]"
29310,39.68436408042908,1.428913651279387,Point,13521550.000000002,3660716.719214944,"[13521550.000000002, 3660716.719214944]"
29311,34.65016436576843,1.5985427250601991,Point,13521650.0,3660716.719214944,"[13521650.0, 3660716.719214944]"
29312,41.6392776966095,1.182063762310346,Point,13521750.0,3660716.719214944,"[13521750.0, 3660716.719214944]"
29313,41.46541237831116,1.4697293545227395,Point,13521850.000000002,3660716.719214944,"[13521850.000000002, 3660716.719214944]"
29314,39.32800054550171,0.5004151442648725,Point,13521950.000000002,3660716.719214944,"[13521950.000000002, 3660716.719214944]"
29315,40.96083211898804,2.1191747489764463,Point,13522050.000000002,3660716.719214944,"[13522050.000000002, 3660716.719214944]"
29316,39.03768873214722,1.3932295280392588,Point,13522150.000000002,3660716.719214944,"[13522150.000000002, 3660716.719214944]"
29317,41.99901580810547,1.386083945025704,Point,13522250.0,3660716.719214944,"[13522250.0, 3660716.719214944]"
29318,34.121001958847046,1.0207565750717285,Point,13522350.000000002,3660716.719214944,"[13522350.000000002, 3660716.719214944]"
29319,43.75977897644043,0.6180293920762419,Point,13522450.000000002,3660716.719214944,"[13522450.000000002, 3660716.719214944]"
29320,43.887771129608154,0.6928789988918488,Point,13522550.0,3660716.719214944,"[13522550.0, 3660716.719214944]"
29321,43.52727437019348,1.3761169586221955,Point,13522650.0,3660716.719214944,"[13522650.0, 3660716.719214944]"
29322,45.57452583312988,1.4270481512253093,Point,13522750.0,3660716.719214944,"[13522750.0, 3660716.719214944]"
29323,43.26508665084839,0.8494326814431772,Point,13522850.000000002,3660716.719214944,"[13522850.000000002, 3660716.719214944]"
29324,34.49189376831055,1.8291398318462222,Point,13522950.000000002,3660716.719214944,"[13522950.000000002, 3660716.719214944]"
29325,44.751708984375,0.524463679337902,Point,13523050.000000002,3660716.719214944,"[13523050.000000002, 3660716.719214944]"
29326,45.79965162277222,0.524463679337902,Point,13523150.0,3660716.719214944,"[13523150.0, 3660716.719214944]"
29574,15.52691900730133,2.109114493524653,Point,13520650.0,3660599.791836106,"[13520650.0, 3660599.791836106]"
29575,9.877787232398987,1.4078473749788192,Point,13520750.0,3660599.791836106,"[13520750.0, 3660599.791836106]"
29576,16.67716908454895,11.25804989325644,Point,13520850.0,3660599.791836106,"[13520850.0, 3660599.791836106]"
29577,22.835872173309326,1.2603290971074366,Point,13520950.000000002,3660599.791836106,"[13520950.000000002, 3660599.791836106]"
29578,23.67262291908264,1.34174386731846,Point,13521050.000000002,3660599.791836106,"[13521050.000000002, 3660599.791836106]"
29579,29.63907742500305,0.39443629209664877,Point,13521150.000000002,3660599.791836106,"[13521150.000000002, 3660599.791836106]"
29580,24.497918367385864,0.28698406740343446,Point,13521250.0,3660599.791836106,"[13521250.0, 3660599.791836106]"
29581,27.311707973480225,1.9125760872185245,Point,13521350.0,3660599.791836106,"[13521350.0, 3660599.791836106]"
29582,39.401885986328125,1.2500801503246124,Point,13521450.000000002,3660599.791836106,"[13521450.000000002, 3660599.791836106]"
29583,41.772136211395264,2.224622354407724,Point,13521550.000000002,3660599.791836106,"[13521550.000000002, 3660599.791836106]"
29584,42.24089074134827,1.890827393575408,Point,13521650.0,3660599.791836106,"[13521650.0, 3660599.791836106]"
29585,40.996869802474976,0.6484408244236739,Point,13521750.0,3660599.791836106,"[13521750.0, 3660599.791836106]"
29586,41.31231427192688,1.6100952514596316,Point,13521850.000000002,3660599.791836106,"[13521850.000000002, 3660599.791836106]"
29587,42.67939567565918,1.851686307709946,Point,13521950.000000002,3660599.791836106,"[13521950.000000002, 3660599.791836106]"
29588,44.094852685928345,1.1024001345710643,Point,13522050.000000002,3660599.791836106,"[13522050.000000002, 3660599.791836106]"
29589,42.984172105789185,1.5632702385262829,Point,13522150.000000002,3660599.791836106,"[13522150.000000002, 3660599.791836106]"
29590,42.3819899559021,0.13781291077450558,Point,13522250.0,3660599.791836106,"[13522250.0, 3660599.791836106]"
29591,33.542893171310425,1.3791156318362034,Point,13522350.000000002,3660599.791836106,"[13522350.000000002, 3660599.791836106]"
29592,42.35690641403198,3.3218728208419397,Point,13522450.000000002,3660599.791836106,"[13522450.000000002, 3660599.791836106]"
29593,41.090534925460815,2.0947498316184165,Point,13522550.0,3660599.791836106,"[13522550.0, 3660599.791836106]"
29594,42.98686933517456,0.8342994590797453,Point,13522650.0,3660599.791836106,"[13522650.0, 3660599.791836106]"
29595,36.63637900352478,1.1562222979099483,Point,13522750.0,3660599.791836106,"[13522750.0, 3660599.791836106]"
29596,44.444201946258545,1.4270481512253093,Point,13522850.000000002,3660599.791836106,"[13522850.000000002, 3660599.791836106]"
29597,41.63430833816528,1.437509162363072,Point,13522950.000000002,3660599.791836106,"[13522950.000000002, 3660599.791836106]"
29598,46.01488208770752,0.7390425260391416,Point,13523050.000000002,3660599.791836106,"[13523050.000000002, 3660599.791836106]"
29599,37.302634954452515,1.0140547082635911,Point,13523150.0,3660599.791836106,"[13523150.0, 3660599.791836106]"
29600,45.99384784698486,0.49174513431567046,Point,13523250.0,3660599.791836106,"[13523250.0, 3660599.791836106]"
29848,16.584766030311584,1.1952939305672026,Point,13520750.0,3660482.865568142,"[13520750.0, 3660482.865568142]"
29849,16.63805329799652,1.569176073946656,Point,13520850.0,3660482.865568142,"[13520850.0, 3660482.865568142]"
29850,29.232710123062134,10.071086016285989,Point,13520950.000000002,3660482.865568142,"[13520950.000000002, 3660482.865568142]"
29851,24.982420682907104,0.3301994603574311,Point,13521050.000000002,3660482.865568142,"[13521050.000000002, 3660482.865568142]"
29852,35.02465009689331,0.27000403786403404,Point,13521150.000000002,3660482.865568142,"[13521150.000000002, 3660482.865568142]"
29853,25.671765327453613,0.5064055712444442,Point,13521250.0,3660482.865568142,"[13521250.0, 3660482.865568142]"
29854,28.10695195198059,1.234635062873768,Point,13521350.0,3660482.865568142,"[13521350.0, 3660482.865568142]"
29855,35.64734101295471,1.1690898064994166,Point,13521450.000000002,3660482.865568142,"[13521450.000000002, 3660482.865568142]"
29856,42.8921103477478,3.040719754196881,Point,13521550.000000002,3660482.865568142,"[13521550.000000002, 3660482.865568142]"
29857,42.102813720703125,1.8101228701585195,Point,13521650.0,3660482.865568142,"[13521650.0, 3660482.865568142]"
29858,44.004682779312134,0.5748251156498506,Point,13521750.0,3660482.865568142,"[13521750.0, 3660482.865568142]"
29859,41.70479655265808,1.4051562749719169,Point,13521850.000000002,3660482.865568142,"[13521850.000000002, 3660482.865568142]"
29860,42.3126802444458,1.3932295280392588,Point,13521950.000000002,3660482.865568142,"[13521950.000000002, 3660482.865568142]"
29861,42.941704511642456,1.906229732462318,Point,13522050.000000002,3660482.865568142,"[13522050.000000002, 3660482.865568142]"
29862,44.01523399353027,1.3868368386228553,Point,13522150.000000002,3660482.865568142,"[13522150.000000002, 3660482.865568142]"
29863,43.496400117874146,1.4217088445575818,Point,13522250.0,3660482.865568142,"[13522250.0, 3660482.865568142]"
29864,43.84166741371155,1.6508292327100849,Point,13522350.000000002,3660482.865568142,"[13522350.000000002, 3660482.865568142]"
29865,35.178120851516724,0.8988454611711965,Point,13522450.000000002,3660482.865568142,"[13522450.000000002, 3660482.865568142]"
29866,42.430564403533936,0.9572889261048432,Point,13522550.0,3660482.865568142,"[13522550.0, 3660482.865568142]"
29867,45.32190561294556,2.3455672785124335,Point,13522650.0,3660482.865568142,"[13522650.0, 3660482.865568142]"
29868,45.421661376953125,0.7897042124716416,Point,13522750.0,3660482.865568142,"[13522750.0, 3660482.865568142]"
29869,45.5775260925293,2.2288791451184173,Point,13522850.000000002,3660482.865568142,"[13522850.000000002, 3660482.865568142]"
29870,43.19622826576233,1.4769101216573801,Point,13522950.000000002,3660482.865568142,"[13522950.000000002, 3660482.865568142]"
29871,45.11840295791626,2.1031060636055083,Point,13523050.000000002,3660482.865568142,"[13523050.000000002, 3660482.865568142]"
29872,45.78556680679321,3.0144631362934686,Point,13523150.0,3660482.865568142,"[13523150.0, 3660482.865568142]"
29873,45.95488119125366,0.5170420450690879,Point,13523250.0,3660482.865568142,"[13523250.0, 3660482.865568142]"
30123,25.64655089378357,0.47925944691758876,Point,13520750.0,3660365.9404110014,"[13520750.0, 3660365.9404110014]"
30124,25.422868728637695,2.784261415202267,Point,13520850.0,3660365.9404110014,"[13520850.0, 3660365.9404110014]"
30125,23.949615478515625,1.182063762310346,Point,13520950.000000002,3660365.9404110014,"[13520950.000000002, 3660365.9404110014]"
30126,34.31759738922119,11.219297513664214,Point,13521050.000000002,3660365.9404110014,"[13521050.000000002, 3660365.9404110014]"
30127,35.267518520355225,0.7280288932248475,Point,13521150.000000002,3660365.9404110014,"[13521150.000000002, 3660365.9404110014]"
30128,31.00658345222473,0.5658154867439571,Point,13521250.0,3660365.9404110014,"[13521250.0, 3660365.9404110014]"
30129,40.123934507369995,0.6623656405224887,Point,13521350.0,3660365.9404110014,"[13521350.0, 3660365.9404110014]"
30130,40.59953951835632,0.7498967062754993,Point,13521450.000000002,3660365.9404110014,"[13521450.000000002, 3660365.9404110014]"
30131,39.68109893798828,0.7257223447831656,Point,13521550.000000002,3660365.9404110014,"[13521550.000000002, 3660365.9404110014]"
30132,41.77062916755676,0.6035827844410684,Point,13521650.0,3660365.9404110014,"[13521650.0, 3660365.9404110014]"
30133,44.413479804992676,0.8236917449432193,Point,13521750.0,3660365.9404110014,"[13521750.0, 3660365.9404110014]"
30134,43.3336615562439,1.0839505822607312,Point,13521850.000000002,3660365.9404110014,"[13521850.000000002, 3660365.9404110014]"
30135,41.93878102302551,1.6032151203582246,Point,13521950.000000002,3660365.9404110014,"[13521950.000000002, 3660365.9404110014]"
30136,42.537824869155884,0.5549624121493497,Point,13522050.000000002,3660365.9404110014,"[13522050.000000002, 3660365.9404110014]"
30137,43.449294090270996,1.4961310961779573,Point,13522150.000000002,3660365.9404110014,"[13522150.000000002, 3660365.9404110014]"
30138,44.757155418395996,0.6688165412988579,Point,13522250.0,3660365.9404110014,"[13522250.0, 3660365.9404110014]"
30139,43.59660577774048,1.5791966825937267,Point,13522350.000000002,3660365.9404110014,"[13522350.000000002, 3660365.9404110014]"
30140,43.505011796951294,2.3647069348927987,Point,13522450.000000002,3660365.9404110014,"[13522450.000000002, 3660365.9404110014]"
30141,44.31347465515137,0.5379319138399623,Point,13522550.0,3660365.9404110014,"[13522550.0, 3660365.9404110014]"
30142,45.566566467285156,0.7391958732548815,Point,13522650.0,3660365.9404110014,"[13522650.0, 3660365.9404110014]"
30143,42.000054121017456,0.5348120004549974,Point,13522750.0,3660365.9404110014,"[13522750.0, 3660365.9404110014]"
30144,43.54169583320618,0.8609312688406092,Point,13522850.000000002,3660365.9404110014,"[13522850.000000002, 3660365.9404110014]"
30145,42.32566523551941,0.5002407478326646,Point,13522950.000000002,3660365.9404110014,"[13522950.000000002, 3660365.9404110014]"
30146,43.25589728355408,1.5338529602560542,Point,13523050.000000002,3660365.9404110014,"[13523050.000000002, 3660365.9404110014]"
30147,45.21334457397461,0.8929623427561997,Point,13523150.0,3660365.9404110014,"[13523150.0, 3660365.9404110014]"
30148,46.05882930755615,1.8289760382936122,Point,13523250.0,3660365.9404110014,"[13523250.0, 3660365.9404110014]"
30398,32.97489261627197,0.9015673745616748,Point,13520750.0,3660249.016364634,"[13520750.0, 3660249.016364634]"
30399,29.551891326904297,2.010368927029635,Point,13520850.0,3660249.016364634,"[13520850.0, 3660249.016364634]"
30400,32.6688973903656,0.719750760796748,Point,13520950.000000002,3660249.016364634,"[13520950.000000002, 3660249.016364634]"
30401,37.76854991912842,0.6955531732220305,Point,13521050.000000002,3660249.016364634,"[13521050.000000002, 3660249.016364634]"
30402,36.28006434440613,2.3352190938871997,Point,13521150.000000002,3660249.016364634,"[13521150.000000002, 3660249.016364634]"
30403,38.888651609420776,0.13389336249904868,Point,13521250.0,3660249.016364634,"[13521250.0, 3660249.016364634]"
30404,41.87985920906067,0.7871922716870566,Point,13521350.0,3660249.016364634,"[13521350.0, 3660249.016364634]"
30405,42.22005033493042,0.6831145903528003,Point,13521450.000000002,3660249.016364634,"[13521450.000000002, 3660249.016364634]"
30406,43.10633897781372,1.7996738450906624,Point,13521550.000000002,3660249.016364634,"[13521550.000000002, 3660249.016364634]"
30407,47.18096733093262,1.0492274025406003,Point,13521650.0,3660249.016364634,"[13521650.0, 3660249.016364634]"
30408,35.799132108688354,0.3914381911756113,Point,13521750.0,3660249.016364634,"[13521750.0, 3660249.016364634]"
30409,47.203744888305664,0.8238658264977514,Point,13521850.000000002,3660249.016364634,"[13521850.000000002, 3660249.016364634]"
30410,47.86798906326294,1.5175135514029459,Point,13521950.000000002,3660249.016364634,"[13521950.000000002, 3660249.016364634]"
30411,43.58622646331787,0.9239638124620191,Point,13522050.000000002,3660249.016364634,"[13522050.000000002, 3660249.016364634]"
30412,44.517727851867676,1.8888797574565346,Point,13522150.000000002,3660249.016364634,"[13522150.000000002, 3660249.016364634]"
30413,44.96900415420532,0.403631490065029,Point,13522250.0,3660249.016364634,"[13522250.0, 3660249.016364634]"
30414,44.307658672332764,1.3776817875713043,Point,13522350.000000002,3660249.016364634,"[13522350.000000002, 3660249.016364634]"
30415,44.84471845626831,0.9322025082885242,Point,13522450.000000002,3660249.016364634,"[13522450.000000002, 3660249.016364634]"
30416,45.294898986816406,2.433113593989911,Point,13522550.0,3660249.016364634,"[13522550.0, 3660249.016364634]"
30417,40.55427050590515,2.020335063726057,Point,13522650.0,3660249.016364634,"[13522650.0, 3660249.016364634]"
30418,40.01392149925232,1.03989409138993,Point,13522750.0,3660249.016364634,"[13522750.0, 3660249.016364634]"
30419,43.93845295906067,1.9650779818305206,Point,13522850.000000002,3660249.016364634,"[13522850.000000002, 3660249.016364634]"
30420,47.38735771179199,2.422255752730729,Point,13522950.000000002,3660249.016364634,"[13522950.000000002, 3660249.016364634]"
30421,46.8268928527832,2.425851547683767,Point,13523050.000000002,3660249.016364634,"[13523050.000000002, 3660249.016364634]"
30422,46.0443434715271,0.7556272567639597,Point,13523150.0,3660249.016364634,"[13523150.0, 3660249.016364634]"
30423,46.4289984703064,1.1439399395987766,Point,13523250.0,3660249.016364634,"[13523250.0, 3660249.016364634]"
30424,51.3783597946167,0.49608272168450324,Point,13523350.000000002,3660249.016364634,"[13523350.000000002, 3660249.016364634]"
30673,38.17053747177124,1.2717918727374138,Point,13520850.0,3660132.093428992,"[13520850.0, 3660132.093428992]"
30674,35.94932675361633,2.010786131257591,Point,13520950.000000002,3660132.093428992,"[13520950.000000002, 3660132.093428992]"
30675,37.99747610092163,1.4872664162689886,Point,13521050.000000002,3660132.093428992,"[13521050.000000002, 3660132.093428992]"
30676,37.58622860908508,0.6975549261362944,Point,13521150.000000002,3660132.093428992,"[13521150.000000002, 3660132.093428992]"
30677,36.50996708869934,0.6788083885759439,Point,13521250.0,3660132.093428992,"[13521250.0, 3660132.093428992]"
30678,42.29426670074463,2.115207655788906,Point,13521350.0,3660132.093428992,"[13521350.0, 3660132.093428992]"
30679,38.38945460319519,0.5771041525617799,Point,13521450.000000002,3660132.093428992,"[13521450.000000002, 3660132.093428992]"
30680,42.77386260032654,1.56142196630281,Point,13521550.000000002,3660132.093428992,"[13521550.000000002, 3660132.093428992]"
30681,47.56062173843384,1.3958413226979922,Point,13521650.0,3660132.093428992,"[13521650.0, 3660132.093428992]"
30682,37.886964559555054,0.33914686595043764,Point,13521750.0,3660132.093428992,"[13521750.0, 3660132.093428992]"
30683,37.935425758361816,0.9977298467879548,Point,13521850.000000002,3660132.093428992,"[13521850.000000002, 3660132.093428992]"
30684,46.117984771728516,1.9395697927515094,Point,13521950.000000002,3660132.093428992,"[13521950.000000002, 3660132.093428992]"
30685,44.17063856124878,0.3490141245338728,Point,13522050.000000002,3660132.093428992,"[13522050.000000002, 3660132.093428992]"
30686,42.407654762268066,2.7444023720404056,Point,13522150.000000002,3660132.093428992,"[13522150.000000002, 3660132.093428992]"
30687,45.105764389038086,1.1796358309564556,Point,13522250.0,3660132.093428992,"[13522250.0, 3660132.093428992]"
30688,46.07095813751221,1.9953535550105355,Point,13522350.000000002,3660132.093428992,"[13522350.000000002, 3660132.093428992]"
30689,43.616819858551025,0.8609929206967377,Point,13522450.000000002,3660132.093428992,"[13522450.000000002, 3660132.093428992]"
30690,45.23681163787842,1.1761223906933185,Point,13522550.0,3660132.093428992,"[13522550.0, 3660132.093428992]"
30691,43.89552283287048,2.6052165134804555,Point,13522650.0,3660132.093428992,"[13522650.0, 3660132.093428992]"
30692,39.59102416038513,1.8627035065935513,Point,13522750.0,3660132.093428992,"[13522750.0, 3660132.093428992]"
30693,44.16278886795044,0.9023956395764068,Point,13522850.000000002,3660132.093428992,"[13522850.000000002, 3660132.093428992]"
30694,47.14724111557007,1.092610698418065,Point,13522950.000000002,3660132.093428992,"[13522950.000000002, 3660132.093428992]"
30695,46.816256523132324,1.392469441347259,Point,13523050.000000002,3660132.093428992,"[13523050.000000002, 3660132.093428992]"
30696,45.6309552192688,1.130873139215103,Point,13523150.0,3660132.093428992,"[13523150.0, 3660132.093428992]"
30697,43.77318000793457,4.056988870641703,Point,13523250.0,3660132.093428992,"[13523250.0, 3660132.093428992]"
30698,50.845165729522705,1.6054042926451053,Point,13523350.000000002,3660132.093428992,"[13523350.000000002, 3660132.093428992]"
30947,41.99536728858948,6.543966975935302,Point,13520850.0,3660015.1716040233,"[13520850.0, 3660015.1716040233]"
30948,37.94353890419006,0.5800342467991902,Point,13520950.000000002,3660015.1716040233,"[13520950.000000002, 3660015.1716040233]"
30949,38.441128969192505,10.495905499456072,Point,13521050.000000002,3660015.1716040233,"[13521050.000000002, 3660015.1716040233]"
30950,38.338934898376465,0.30470978751710187,Point,13521150.000000002,3660015.1716040233,"[13521150.000000002, 3660015.1716040233]"
30951,39.70906853675842,0.9767657706075895,Point,13521250.0,3660015.1716040233,"[13521250.0, 3660015.1716040233]"
30952,41.90471839904785,1.3748819993134076,Point,13521350.0,3660015.1716040233,"[13521350.0, 3660015.1716040233]"
30953,34.878483295440674,0.636913492531289,Point,13521450.000000002,3660015.1716040233,"[13521450.000000002, 3660015.1716040233]"
30954,43.29129433631897,1.579261461581288,Point,13521550.000000002,3660015.1716040233,"[13521550.000000002, 3660015.1716040233]"
30955,46.43970775604248,1.5891978195570662,Point,13521650.0,3660015.1716040233,"[13521650.0, 3660015.1716040233]"
30956,37.00968337059021,0.8673295812147461,Point,13521750.0,3660015.1716040233,"[13521750.0, 3660015.1716040233]"
30957,46.267592430114746,1.8973308920538126,Point,13521850.000000002,3660015.1716040233,"[13521850.000000002, 3660015.1716040233]"
30958,48.230637550354004,0.5558496623380925,Point,13521950.000000002,3660015.1716040233,"[13521950.000000002, 3660015.1716040233]"
30959,40.68799805641174,0.5912180487648349,Point,13522050.000000002,3660015.1716040233,"[13522050.000000002, 3660015.1716040233]"
30960,40.10134148597717,0.7383348633035919,Point,13522150.000000002,3660015.1716040233,"[13522150.000000002, 3660015.1716040233]"
30961,44.47634506225586,0.6239849354378179,Point,13522250.0,3660015.1716040233,"[13522250.0, 3660015.1716040233]"
30962,45.730555057525635,0.6205045739506959,Point,13522350.000000002,3660015.1716040233,"[13522350.000000002, 3660015.1716040233]"
30963,38.62452697753906,0.9018204585388806,Point,13522450.000000002,3660015.1716040233,"[13522450.000000002, 3660015.1716040233]"
30964,45.55099868774414,1.3472367988768212,Point,13522550.0,3660015.1716040233,"[13522550.0, 3660015.1716040233]"
30965,47.08847999572754,0.867030059979479,Point,13522650.0,3660015.1716040233,"[13522650.0, 3660015.1716040233]"
30966,45.81144952774048,1.5793264177251056,Point,13522750.0,3660015.1716040233,"[13522750.0, 3660015.1716040233]"
30967,45.85565805435181,1.2085547397911394,Point,13522850.000000002,3660015.1716040233,"[13522850.000000002, 3660015.1716040233]"
30968,45.92678117752075,1.5071873540370215,Point,13522950.000000002,3660015.1716040233,"[13522950.000000002, 3660015.1716040233]"
30969,46.74567890167236,0.7556272567639597,Point,13523050.000000002,3660015.1716040233,"[13523050.000000002, 3660015.1716040233]"
30970,46.77116394042969,1.4081365720463066,Point,13523150.0,3660015.1716040233,"[13523150.0, 3660015.1716040233]"
30971,44.15453624725342,1.5342768522237302,Point,13523250.0,3660015.1716040233,"[13523250.0, 3660015.1716040233]"
30972,51.370680809020996,1.350852022154473,Point,13523350.000000002,3660015.1716040233,"[13523350.000000002, 3660015.1716040233]"
31221,42.521793603897095,10.53760676218592,Point,13520850.0,3659898.25088968,"[13520850.0, 3659898.25088968]"
31222,30.800432443618774,0.6378866430424497,Point,13520950.000000002,3659898.25088968,"[13520950.000000002, 3659898.25088968]"
31223,37.481220722198486,0.32195749804540497,Point,13521050.000000002,3659898.25088968,"[13521050.000000002, 3659898.25088968]"
31224,39.63630414009094,0.36845237073798975,Point,13521150.000000002,3659898.25088968,"[13521150.000000002, 3659898.25088968]"
31225,40.196322202682495,1.633378461802851,Point,13521250.0,3659898.25088968,"[13521250.0, 3659898.25088968]"
31226,32.038846492767334,1.5065385433006886,Point,13521350.0,3659898.25088968,"[13521350.0, 3659898.25088968]"
31227,33.65617489814758,0.6510570170879644,Point,13521450.000000002,3659898.25088968,"[13521450.000000002, 3659898.25088968]"
31228,41.87653875350952,1.758034410722207,Point,13521550.000000002,3659898.25088968,"[13521550.000000002, 3659898.25088968]"
31229,41.8879930973053,0.6907314674018866,Point,13521650.0,3659898.25088968,"[13521650.0, 3659898.25088968]"
31230,45.27930450439453,0.6055441395376976,Point,13521750.0,3659898.25088968,"[13521750.0, 3659898.25088968]"
31231,43.57919144630432,0.7360062272162875,Point,13521850.000000002,3659898.25088968,"[13521850.000000002, 3659898.25088968]"
31232,46.217215061187744,1.8407116382115367,Point,13521950.000000002,3659898.25088968,"[13521950.000000002, 3659898.25088968]"
31233,45.20523738861084,1.2872354533130927,Point,13522050.000000002,3659898.25088968,"[13522050.000000002, 3659898.25088968]"
31234,77.7783432006836,1.0096564313475027,Point,13522150.000000002,3659898.25088968,"[13522150.000000002, 3659898.25088968]"
31235,42.76140832901001,0.621156135957714,Point,13522250.0,3659898.25088968,"[13522250.0, 3659898.25088968]"
31236,44.92750072479248,0.7921583223620521,Point,13522350.000000002,3659898.25088968,"[13522350.000000002, 3659898.25088968]"
31237,47.60798263549805,0.7345804064735973,Point,13522450.000000002,3659898.25088968,"[13522450.000000002, 3659898.25088968]"
31238,37.2463436126709,0.3717739004320025,Point,13522550.0,3659898.25088968,"[13522550.0, 3659898.25088968]"
31239,44.42312717437744,0.5920728261781537,Point,13522650.0,3659898.25088968,"[13522650.0, 3659898.25088968]"
31240,44.66412544250488,0.6896365661648118,Point,13522750.0,3659898.25088968,"[13522750.0, 3659898.25088968]"
31241,34.39972925186157,0.7948906208725749,Point,13522850.000000002,3659898.25088968,"[13522850.000000002, 3659898.25088968]"
31242,42.04160714149475,0.9550944581402737,Point,13522950.000000002,3659898.25088968,"[13522950.000000002, 3659898.25088968]"
31243,47.082923889160156,0.7907806683137115,Point,13523050.000000002,3659898.25088968,"[13523050.000000002, 3659898.25088968]"
31244,46.44839572906494,0.6587498892362829,Point,13523150.0,3659898.25088968,"[13523150.0, 3659898.25088968]"
31245,36.78801870346069,1.0764740261903356,Point,13523250.0,3659898.25088968,"[13523250.0, 3659898.25088968]"
31246,48.845913887023926,1.0754485263026636,Point,13523350.000000002,3659898.25088968,"[13523350.000000002, 3659898.25088968]"
31247,49.969958782196045,0.8119336364588692,Point,13523450.000000002,3659898.25088968,"[13523450.000000002, 3659898.25088968]"
31494,31.422491550445557,6.655420829016894,Point,13520950.000000002,3659781.3312859116,"[13520950.000000002, 3659781.3312859116]"
31495,38.61789870262146,0.3725219563889117,Point,13521050.000000002,3659781.3312859116,"[13521050.000000002, 3659781.3312859116]"
31496,39.82039666175842,10.601843593925137,Point,13521150.000000002,3659781.3312859116,"[13521150.000000002, 3659781.3312859116]"
31497,38.91867136955261,0.845323491885742,Point,13521250.0,3659781.3312859116,"[13521250.0, 3659781.3312859116]"
31498,38.574880599975586,0.667882307860045,Point,13521350.0,3659781.3312859116,"[13521350.0, 3659781.3312859116]"
31499,39.75797486305237,0.7119453749307009,Point,13521450.000000002,3659781.3312859116,"[13521450.000000002, 3659781.3312859116]"
31500,44.60675811767578,0.5189522510486697,Point,13521550.000000002,3659781.3312859116,"[13521550.000000002, 3659781.3312859116]"
31501,43.000219106674194,0.03402987459741102,Point,13521650.0,3659781.3312859116,"[13521650.0, 3659781.3312859116]"
31502,46.27420234680176,1.6609424788363472,Point,13521750.0,3659781.3312859116,"[13521750.0, 3659781.3312859116]"
31503,46.59367752075195,0.6708154890075304,Point,13521850.000000002,3659781.3312859116,"[13521850.000000002, 3659781.3312859116]"
31504,37.70678734779358,0.7064936710458734,Point,13521950.000000002,3659781.3312859116,"[13521950.000000002, 3659781.3312859116]"
31505,46.3051643371582,2.0158800681887006,Point,13522050.000000002,3659781.3312859116,"[13522050.000000002, 3659781.3312859116]"
31506,85.92063045501709,0.534173479208287,Point,13522150.000000002,3659781.3312859116,"[13522150.000000002, 3659781.3312859116]"
31507,78.48108148574829,0.45414591788388997,Point,13522250.0,3659781.3312859116,"[13522250.0, 3659781.3312859116]"
31508,81.77087545394897,1.105714432835208,Point,13522350.000000002,3659781.3312859116,"[13522350.000000002, 3659781.3312859116]"
31509,73.92308187484741,1.8970088531876748,Point,13522450.000000002,3659781.3312859116,"[13522450.000000002, 3659781.3312859116]"
31510,71.42148113250732,2.261738551496764,Point,13522550.0,3659781.3312859116,"[13522550.0, 3659781.3312859116]"
31511,65.87574100494385,1.687860024135948,Point,13522650.0,3659781.3312859116,"[13522650.0, 3659781.3312859116]"
31512,82.78332757949829,1.1062531398235615,Point,13522750.0,3659781.3312859116,"[13522750.0, 3659781.3312859116]"
31513,83.15395545959473,0.07315650131416546,Point,13522850.000000002,3659781.3312859116,"[13522850.000000002, 3659781.3312859116]"
31514,83.85003757476807,0.5169392609429806,Point,13522950.000000002,3659781.3312859116,"[13522950.000000002, 3659781.3312859116]"
31515,84.64475154876709,0.7904064332235636,Point,13523050.000000002,3659781.3312859116,"[13523050.000000002, 3659781.3312859116]"
31516,44.50251054763794,0.9987643614969646,Point,13523150.0,3659781.3312859116,"[13523150.0, 3659781.3312859116]"
31517,47.2072229385376,0.646158383502409,Point,13523250.0,3659781.3312859116,"[13523250.0, 3659781.3312859116]"
31518,50.54723930358887,0.7853635842235074,Point,13523350.000000002,3659781.3312859116,"[13523350.000000002, 3659781.3312859116]"
31519,50.802358627319336,1.1476260836603338,Point,13523450.000000002,3659781.3312859116,"[13523450.000000002, 3659781.3312859116]"
31768,39.96887826919556,2.272509109224626,Point,13520950.000000002,3659664.412792667,"[13520950.000000002, 3659664.412792667]"
31769,40.995715618133545,0.4122154655002358,Point,13521050.000000002,3659664.412792667,"[13521050.000000002, 3659664.412792667]"
31770,41.20711612701416,0.36080987323372393,Point,13521150.000000002,3659664.412792667,"[13521150.000000002, 3659664.412792667]"
31771,40.70690131187439,1.4227331473341982,Point,13521250.0,3659664.412792667,"[13521250.0, 3659664.412792667]"
31772,40.028240442276,0.31240742882167366,Point,13521350.0,3659664.412792667,"[13521350.0, 3659664.412792667]"
31773,36.85739994049072,0.8241897399708732,Point,13521450.000000002,3659664.412792667,"[13521450.000000002, 3659664.412792667]"
31774,39.41903233528137,1.6488732392374106,Point,13521550.000000002,3659664.412792667,"[13521550.000000002, 3659664.412792667]"
31775,37.10549330711365,0.6645963397557026,Point,13521650.0,3659664.412792667,"[13521650.0, 3659664.412792667]"
31776,46.19915437698364,0.41802497617130846,Point,13521750.0,3659664.412792667,"[13521750.0, 3659664.412792667]"
31777,37.582261085510254,0.7717392186078277,Point,13521850.000000002,3659664.412792667,"[13521850.000000002, 3659664.412792667]"
31778,38.13609790802002,0.26078139079598683,Point,13521950.000000002,3659664.412792667,"[13521950.000000002, 3659664.412792667]"
31779,64.15327167510986,0.36412683818823854,Point,13522050.000000002,3659664.412792667,"[13522050.000000002, 3659664.412792667]"
31780,86.9037880897522,5.71078883605312,Point,13522150.000000002,3659664.412792667,"[13522150.000000002, 3659664.412792667]"
31781,80.79766845703125,1.175945938531889,Point,13522250.0,3659664.412792667,"[13522250.0, 3659664.412792667]"
31782,84.48627233505249,0.6087666819876667,Point,13522350.000000002,3659664.412792667,"[13522350.000000002, 3659664.412792667]"
31783,72.78755044937134,1.9096709636762186,Point,13522450.000000002,3659664.412792667,"[13522450.000000002, 3659664.412792667]"
31784,72.98031187057495,0.9213587473226983,Point,13522550.0,3659664.412792667,"[13522550.0, 3659664.412792667]"
31785,80.52666664123535,0.8296252762599372,Point,13522650.0,3659664.412792667,"[13522650.0, 3659664.412792667]"
31786,82.45324420928955,1.2381424506893095,Point,13522750.0,3659664.412792667,"[13522750.0, 3659664.412792667]"
31787,80.84318256378174,1.1480142059079326,Point,13522850.000000002,3659664.412792667,"[13522850.000000002, 3659664.412792667]"
31788,79.26559734344482,1.1550477179291478,Point,13522950.000000002,3659664.412792667,"[13522950.000000002, 3659664.412792667]"
31789,85.81549596786499,1.199194199074216,Point,13523050.000000002,3659664.412792667,"[13523050.000000002, 3659664.412792667]"
31790,84.13352918624878,0.6887603309228383,Point,13523150.0,3659664.412792667,"[13523150.0, 3659664.412792667]"
31791,41.16523098945618,1.1591288312571963,Point,13523250.0,3659664.412792667,"[13523250.0, 3659664.412792667]"
31792,53.41579008102417,0.24721139526219615,Point,13523350.000000002,3659664.412792667,"[13523350.000000002, 3659664.412792667]"
31793,43.29530692100525,0.2639021125800392,Point,13523450.000000002,3659664.412792667,"[13523450.000000002, 3659664.412792667]"
31794,59.67486906051636,3.8138535902762465,Point,13523550.0,3659664.412792667,"[13523550.0, 3659664.412792667]"
32043,42.52760672569275,6.974948470190534,Point,13521050.000000002,3659547.495409898,"[13521050.000000002, 3659547.495409898]"
32044,41.00475215911865,2.2774116593179534,Point,13521150.000000002,3659547.495409898,"[13521150.000000002, 3659547.495409898]"
32045,41.12608981132507,10.302181984488207,Point,13521250.0,3659547.495409898,"[13521250.0, 3659547.495409898]"
32046,39.439120054244995,0.3218652221016859,Point,13521350.0,3659547.495409898,"[13521350.0, 3659547.495409898]"
32047,42.64555644989014,5.777898284698681,Point,13521450.000000002,3659547.495409898,"[13521450.000000002, 3659547.495409898]"
32048,41.42645859718323,6.012130776481409,Point,13521550.000000002,3659547.495409898,"[13521550.000000002, 3659547.495409898]"
32049,37.93814492225647,0.66878352309587,Point,13521650.0,3659547.495409898,"[13521650.0, 3659547.495409898]"
32050,38.53912043571472,5.394253767821025,Point,13521750.0,3659547.495409898,"[13521750.0, 3659547.495409898]"
32051,46.467751026153564,0.5404177593504843,Point,13521850.000000002,3659547.495409898,"[13521850.000000002, 3659547.495409898]"
32052,39.10015559196472,1.5733644564048734,Point,13521950.000000002,3659547.495409898,"[13521950.000000002, 3659547.495409898]"
32053,82.33413600921631,6.1032631422067904,Point,13522050.000000002,3659547.495409898,"[13522050.000000002, 3659547.495409898]"
32054,86.46524143218994,0.6993198340049918,Point,13522150.000000002,3659547.495409898,"[13522150.000000002, 3659547.495409898]"
32055,84.69773960113525,0.6770894719849201,Point,13522250.0,3659547.495409898,"[13522250.0, 3659547.495409898]"
32056,84.1896014213562,1.0278645369336463,Point,13522350.000000002,3659547.495409898,"[13522350.000000002, 3659547.495409898]"
32057,85.40771913528442,2.479491912771001,Point,13522450.000000002,3659547.495409898,"[13522450.000000002, 3659547.495409898]"
32058,81.96268367767334,0.8110407843606919,Point,13522550.0,3659547.495409898,"[13522550.0, 3659547.495409898]"
32059,78.47568082809448,0.5097335755715564,Point,13522650.0,3659547.495409898,"[13522650.0, 3659547.495409898]"
32060,79.3791651725769,0.9027721151852307,Point,13522750.0,3659547.495409898,"[13522750.0, 3659547.495409898]"
32061,85.71467351913452,0.6880943908919385,Point,13522850.000000002,3659547.495409898,"[13522850.000000002, 3659547.495409898]"
32062,83.83374166488647,0.3303999980711462,Point,13522950.000000002,3659547.495409898,"[13522950.000000002, 3659547.495409898]"
32063,90.06751918792725,0.9454115535077089,Point,13523050.000000002,3659547.495409898,"[13523050.000000002, 3659547.495409898]"
32064,87.73960256576538,0.20248212474736269,Point,13523150.0,3659547.495409898,"[13523150.0, 3659547.495409898]"
32065,52.58739376068115,0.8835081050695028,Point,13523250.0,3659547.495409898,"[13523250.0, 3659547.495409898]"
32066,42.7792546749115,0.26167282810700754,Point,13523350.000000002,3659547.495409898,"[13523350.000000002, 3659547.495409898]"
32067,58.540101051330566,0.24666749459293189,Point,13523450.000000002,3659547.495409898,"[13523450.000000002, 3659547.495409898]"
32068,62.264122009277344,1.3736749986188934,Point,13523550.0,3659547.495409898,"[13523550.0, 3659547.495409898]"
32316,41.87144470214844,12.592678367674715,Point,13521050.000000002,3659430.579137553,"[13521050.000000002, 3659430.579137553]"
32317,44.15267372131348,1.579261461581288,Point,13521150.000000002,3659430.579137553,"[13521150.000000002, 3659430.579137553]"
32318,44.18938875198364,5.240393881766753,Point,13521250.0,3659430.579137553,"[13521250.0, 3659430.579137553]"
32319,42.56452226638794,0.3323234072160297,Point,13521350.0,3659430.579137553,"[13521350.0, 3659430.579137553]"
32320,43.37019753456116,6.100641923700111,Point,13521450.000000002,3659430.579137553,"[13521450.000000002, 3659430.579137553]"
32321,45.04817819595337,0.1966602731170497,Point,13521550.000000002,3659430.579137553,"[13521550.000000002, 3659430.579137553]"
32322,41.40395975112915,1.5870001430217608,Point,13521650.0,3659430.579137553,"[13521650.0, 3659430.579137553]"
32323,43.49170422554016,0.39685936126584986,Point,13521750.0,3659430.579137553,"[13521750.0, 3659430.579137553]"
32324,44.089439392089844,6.39882576016222,Point,13521850.000000002,3659430.579137553,"[13521850.000000002, 3659430.579137553]"
32325,45.269994258880615,0.38691240518331815,Point,13521950.000000002,3659430.579137553,"[13521950.000000002, 3659430.579137553]"
32326,81.10376119613647,0.7685302541094974,Point,13522050.000000002,3659430.579137553,"[13522050.000000002, 3659430.579137553]"
32327,80.18964576721191,1.0976932443536846,Point,13522150.000000002,3659430.579137553,"[13522150.000000002, 3659430.579137553]"
32328,75.92701005935669,1.6549106943306648,Point,13522250.0,3659430.579137553,"[13522250.0, 3659430.579137553]"
32329,77.72410488128662,0.6417691709099813,Point,13522350.000000002,3659430.579137553,"[13522350.000000002, 3659430.579137553]"
32330,80.45826578140259,0.9072448511196435,Point,13522450.000000002,3659430.579137553,"[13522450.000000002, 3659430.579137553]"
32331,66.07279300689697,0.6834116861273423,Point,13522550.0,3659430.579137553,"[13522550.0, 3659430.579137553]"
32332,82.14323472976685,1.3956951247305072,Point,13522650.0,3659430.579137553,"[13522650.0, 3659430.579137553]"
32333,81.69310283660889,1.0579286859051682,Point,13522750.0,3659430.579137553,"[13522750.0, 3659430.579137553]"
32334,83.53602313995361,0.5457879858846111,Point,13522850.000000002,3659430.579137553,"[13522850.000000002, 3659430.579137553]"
32335,80.37398099899292,0.04481601096416044,Point,13522950.000000002,3659430.579137553,"[13522950.000000002, 3659430.579137553]"
32336,87.9506630897522,0.3608255602409002,Point,13523050.000000002,3659430.579137553,"[13523050.000000002, 3659430.579137553]"
32337,85.58871936798096,1.7551596881911524,Point,13523150.0,3659430.579137553,"[13523150.0, 3659430.579137553]"
32338,54.48989152908325,1.2793442258184458,Point,13523250.0,3659430.579137553,"[13523250.0, 3659430.579137553]"
32339,48.7799391746521,0.14222424306183398,Point,13523350.000000002,3659430.579137553,"[13523350.000000002, 3659430.579137553]"
32340,64.04846525192261,0.34827684775452294,Point,13523450.000000002,3659430.579137553,"[13523450.000000002, 3659430.579137553]"
32341,59.76816415786743,1.4828058178811339,Point,13523550.0,3659430.579137553,"[13523550.0, 3659430.579137553]"
32342,64.13009691238403,0.8693830052868445,Point,13523650.0,3659430.579137553,"[13523650.0, 3659430.579137553]"
32589,30.87453007698059,2.402075461304049,Point,13521050.000000002,3659313.663975584,"[13521050.000000002, 3659313.663975584]"
32590,34.251254081726074,10.253024704392024,Point,13521150.000000002,3659313.663975584,"[13521150.000000002, 3659313.663975584]"
32591,42.80809569358826,1.9194282399364149,Point,13521250.0,3659313.663975584,"[13521250.0, 3659313.663975584]"
32592,41.85185885429382,1.0547204026487187,Point,13521350.0,3659313.663975584,"[13521350.0, 3659313.663975584]"
32593,41.976993560791016,0.38691240518331815,Point,13521450.000000002,3659313.663975584,"[13521450.000000002, 3659313.663975584]"
32594,43.67317295074463,5.716308072583685,Point,13521550.000000002,3659313.663975584,"[13521550.000000002, 3659313.663975584]"
32595,43.8028724193573,0.6788063669672952,Point,13521650.0,3659313.663975584,"[13521650.0, 3659313.663975584]"
32596,42.91211009025574,0.3781896508349683,Point,13521750.0,3659313.663975584,"[13521750.0, 3659313.663975584]"
32597,44.00227093696594,6.005923085551767,Point,13521850.000000002,3659313.663975584,"[13521850.000000002, 3659313.663975584]"
32598,43.52242636680603,0.5627593330631601,Point,13521950.000000002,3659313.663975584,"[13521950.000000002, 3659313.663975584]"
32599,80.71845579147339,6.363620371485739,Point,13522050.000000002,3659313.663975584,"[13522050.000000002, 3659313.663975584]"
32600,84.28146743774414,0.22801033052881065,Point,13522150.000000002,3659313.663975584,"[13522150.000000002, 3659313.663975584]"
32601,82.82307004928589,1.14533297223106,Point,13522250.0,3659313.663975584,"[13522250.0, 3659313.663975584]"
32602,65.96282815933228,1.6227153309057942,Point,13522350.000000002,3659313.663975584,"[13522350.000000002, 3659313.663975584]"
32603,79.55874967575073,0.2670429949224409,Point,13522450.000000002,3659313.663975584,"[13522450.000000002, 3659313.663975584]"
32604,82.2050051689148,4.8336664242443605,Point,13522550.0,3659313.663975584,"[13522550.0, 3659313.663975584]"
32605,83.11532354354858,1.4289681894169575,Point,13522650.0,3659313.663975584,"[13522650.0, 3659313.663975584]"
32606,79.60073566436768,0.5097335755715564,Point,13522750.0,3659313.663975584,"[13522750.0, 3659313.663975584]"
32607,77.76061630249023,0.838535283446013,Point,13522850.000000002,3659313.663975584,"[13522850.000000002, 3659313.663975584]"
32608,80.97441101074219,1.1181621134035937,Point,13522950.000000002,3659313.663975584,"[13522950.000000002, 3659313.663975584]"
32609,83.98919773101807,1.0467292832218014,Point,13523050.000000002,3659313.663975584,"[13523050.000000002, 3659313.663975584]"
32610,86.31557703018188,0.4267429611046611,Point,13523150.0,3659313.663975584,"[13523150.0, 3659313.663975584]"
32611,50.27605390548706,0.9925057338335177,Point,13523250.0,3659313.663975584,"[13523250.0, 3659313.663975584]"
32612,54.42173671722412,0.7270162337553343,Point,13523350.000000002,3659313.663975584,"[13523350.000000002, 3659313.663975584]"
32613,51.81618881225586,0.781836689809367,Point,13523450.000000002,3659313.663975584,"[13523450.000000002, 3659313.663975584]"
32614,42.44191837310791,0.9820600692489443,Point,13523550.0,3659313.663975584,"[13523550.0, 3659313.663975584]"
32615,51.30237865447998,0.46552195194425633,Point,13523650.0,3659313.663975584,"[13523650.0, 3659313.663975584]"
32863,41.59176158905029,10.715477550879664,Point,13521150.000000002,3659196.7499239394,"[13521150.000000002, 3659196.7499239394]"
32864,43.433793783187866,1.7648263013314844,Point,13521250.0,3659196.7499239394,"[13521250.0, 3659196.7499239394]"
32865,43.74535322189331,1.792216996784991,Point,13521350.0,3659196.7499239394,"[13521350.0, 3659196.7499239394]"
32866,43.27177834510803,0.16601951424360806,Point,13521450.000000002,3659196.7499239394,"[13521450.000000002, 3659196.7499239394]"
32867,43.05327272415161,0.4872266382605307,Point,13521550.000000002,3659196.7499239394,"[13521550.000000002, 3659196.7499239394]"
32868,34.254844665527344,0.4188615540313961,Point,13521650.0,3659196.7499239394,"[13521650.0, 3659196.7499239394]"
32869,39.91326093673706,0.1725994208314631,Point,13521750.0,3659196.7499239394,"[13521750.0, 3659196.7499239394]"
32870,39.64229393005371,6.336690350786642,Point,13521850.000000002,3659196.7499239394,"[13521850.000000002, 3659196.7499239394]"
32871,43.65147304534912,0.8092722511446921,Point,13521950.000000002,3659196.7499239394,"[13521950.000000002, 3659196.7499239394]"
32872,75.50898504257202,0.8162580929018772,Point,13522050.000000002,3659196.7499239394,"[13522050.000000002, 3659196.7499239394]"
32873,45.0292911529541,1.0898322562628007,Point,13522150.000000002,3659196.7499239394,"[13522150.000000002, 3659196.7499239394]"
32874,76.68984317779541,0.12420252759649555,Point,13522250.0,3659196.7499239394,"[13522250.0, 3659196.7499239394]"
32875,70.69838857650757,0.6447226708102833,Point,13522350.000000002,3659196.7499239394,"[13522350.000000002, 3659196.7499239394]"
32876,72.08409452438354,1.355134717025046,Point,13522450.000000002,3659196.7499239394,"[13522450.000000002, 3659196.7499239394]"
32877,72.5003023147583,0.8415046973884417,Point,13522550.0,3659196.7499239394,"[13522550.0, 3659196.7499239394]"
32878,76.34999227523804,4.891076124003506,Point,13522650.0,3659196.7499239394,"[13522650.0, 3659196.7499239394]"
32879,65.47513961791992,0.12553352574399093,Point,13522750.0,3659196.7499239394,"[13522750.0, 3659196.7499239394]"
32880,76.66010570526123,0.1050265318787463,Point,13522850.000000002,3659196.7499239394,"[13522850.000000002, 3659196.7499239394]"
32881,75.51476764678955,0.3717647970299547,Point,13522950.000000002,3659196.7499239394,"[13522950.000000002, 3659196.7499239394]"
32882,63.28857898712158,1.210430239114502,Point,13523050.000000002,3659196.7499239394,"[13523050.000000002, 3659196.7499239394]"
32883,73.8004641532898,0.39518592124597074,Point,13523150.0,3659196.7499239394,"[13523150.0, 3659196.7499239394]"
32884,47.89071273803711,0.6139732579505064,Point,13523250.0,3659196.7499239394,"[13523250.0, 3659196.7499239394]"
32885,53.09279155731201,0.4702078574449865,Point,13523350.000000002,3659196.7499239394,"[13523350.000000002, 3659196.7499239394]"
32886,41.99919104576111,0.06506986465714683,Point,13523450.000000002,3659196.7499239394,"[13523450.000000002, 3659196.7499239394]"
32887,30.396729469299316,2.156707349399379,Point,13523550.0,3659196.7499239394,"[13523550.0, 3659196.7499239394]"
32888,41.652178049087524,0.5015339873403031,Point,13523650.0,3659196.7499239394,"[13523650.0, 3659196.7499239394]"
33136,42.29615616798401,10.645072691178694,Point,13521150.000000002,3659079.836982572,"[13521150.000000002, 3659079.836982572]"
33137,42.89124798774719,6.370081466104653,Point,13521250.0,3659079.836982572,"[13521250.0, 3659079.836982572]"
33138,41.04675507545471,1.8007405165733084,Point,13521350.0,3659079.836982572,"[13521350.0, 3659079.836982572]"
33139,41.24309515953064,0.7693529726148006,Point,13521450.000000002,3659079.836982572,"[13521450.000000002, 3659079.836982572]"
33140,39.89479446411133,0.6812378783460917,Point,13521550.000000002,3659079.836982572,"[13521550.000000002, 3659079.836982572]"
33141,45.00900983810425,5.375339046960521,Point,13521650.0,3659079.836982572,"[13521650.0, 3659079.836982572]"
33142,34.52483296394348,0.614094352868396,Point,13521750.0,3659079.836982572,"[13521750.0, 3659079.836982572]"
33143,36.02113652229309,6.305404025007028,Point,13521850.000000002,3659079.836982572,"[13521850.000000002, 3659079.836982572]"
33144,44.013203382492065,0.24212422673186557,Point,13521950.000000002,3659079.836982572,"[13521950.000000002, 3659079.836982572]"
33145,61.83613443374634,6.493389727079605,Point,13522050.000000002,3659079.836982572,"[13522050.000000002, 3659079.836982572]"
33146,68.71307706832886,0.16016088898474234,Point,13522150.000000002,3659079.836982572,"[13522150.000000002, 3659079.836982572]"
33147,63.9851279258728,4.918246982830973,Point,13522250.0,3659079.836982572,"[13522250.0, 3659079.836982572]"
33148,69.04896688461304,0.6646924707642404,Point,13522350.000000002,3659079.836982572,"[13522350.000000002, 3659079.836982572]"
33149,74.52434921264648,5.024058563836796,Point,13522450.000000002,3659079.836982572,"[13522450.000000002, 3659079.836982572]"
33150,63.97942304611206,0.3167362011625986,Point,13522550.0,3659079.836982572,"[13522550.0, 3659079.836982572]"
33151,76.36180782318115,1.355134717025046,Point,13522650.0,3659079.836982572,"[13522650.0, 3659079.836982572]"
33152,76.15507364273071,0.3167362011625986,Point,13522750.0,3659079.836982572,"[13522750.0, 3659079.836982572]"
33153,77.35146760940552,1.7816710007933556,Point,13522850.000000002,3659079.836982572,"[13522850.000000002, 3659079.836982572]"
33154,71.51039409637451,0.3584080601858568,Point,13522950.000000002,3659079.836982572,"[13522950.000000002, 3659079.836982572]"
33155,67.23970365524292,5.1774499440477,Point,13523050.000000002,3659079.836982572,"[13523050.000000002, 3659079.836982572]"
33156,43.30793333053589,1.5447092663193396,Point,13523150.0,3659079.836982572,"[13523150.0, 3659079.836982572]"
33157,42.76780557632446,1.7828850417488675,Point,13523250.0,3659079.836982572,"[13523250.0, 3659079.836982572]"
33158,48.674102783203125,1.4828058178811339,Point,13523350.000000002,3659079.836982572,"[13523350.000000002, 3659079.836982572]"
33159,52.11019229888916,0.181522801362778,Point,13523450.000000002,3659079.836982572,"[13523450.000000002, 3659079.836982572]"
33160,50.662500858306885,0.2153413646976153,Point,13523550.0,3659079.836982572,"[13523550.0, 3659079.836982572]"
33161,42.06398797035217,0.01991597839435609,Point,13523650.0,3659079.836982572,"[13523650.0, 3659079.836982572]"
33162,45.06578731536865,0.8303534182600475,Point,13523750.0,3659079.836982572,"[13523750.0, 3659079.836982572]"
33407,42.16015362739563,0.45845442160336103,Point,13521150.000000002,3658962.9251514296,"[13521150.000000002, 3658962.9251514296]"
33408,42.495001554489136,4.136692217902803,Point,13521250.0,3658962.9251514296,"[13521250.0, 3658962.9251514296]"
33409,41.043598890304565,6.600676953910677,Point,13521350.0,3658962.9251514296,"[13521350.0, 3658962.9251514296]"
33410,42.34185194969177,0.4109732574689048,Point,13521450.000000002,3658962.9251514296,"[13521450.000000002, 3658962.9251514296]"
33411,43.00486397743225,7.260441979513189,Point,13521550.000000002,3658962.9251514296,"[13521550.000000002, 3658962.9251514296]"
33412,44.65714120864868,0.24212422673186557,Point,13521650.0,3658962.9251514296,"[13521650.0, 3658962.9251514296]"
33413,40.170281648635864,5.595192297003665,Point,13521750.0,3658962.9251514296,"[13521750.0, 3658962.9251514296]"
33414,35.551886796951294,0.1282238171061105,Point,13521850.000000002,3658962.9251514296,"[13521850.000000002, 3658962.9251514296]"
33415,65.58083391189575,0.5279601047818626,Point,13521950.000000002,3658962.9251514296,"[13521950.000000002, 3658962.9251514296]"
33416,68.55598735809326,5.641570615784755,Point,13522050.000000002,3658962.9251514296,"[13522050.000000002, 3658962.9251514296]"
33417,43.21888542175293,0.38691240518331815,Point,13522150.000000002,3658962.9251514296,"[13522150.000000002, 3658962.9251514296]"
33418,50.75332689285278,1.1048126917648673,Point,13522250.0,3658962.9251514296,"[13522250.0, 3658962.9251514296]"
33419,76.08311414718628,5.2964124341468155,Point,13522350.000000002,3658962.9251514296,"[13522350.000000002, 3658962.9251514296]"
33420,62.37865591049194,0.6147531811898659,Point,13522450.000000002,3658962.9251514296,"[13522450.000000002, 3658962.9251514296]"
33421,77.03030729293823,0.8352357130498206,Point,13522550.0,3658962.9251514296,"[13522550.0, 3658962.9251514296]"
33422,49.69155931472778,0.514983372363713,Point,13522650.0,3658962.9251514296,"[13522650.0, 3658962.9251514296]"
33423,62.83690786361694,1.4959866950898015,Point,13522750.0,3658962.9251514296,"[13522750.0, 3658962.9251514296]"
33424,83.59868478775024,0.44035596302387625,Point,13522850.000000002,3658962.9251514296,"[13522850.000000002, 3658962.9251514296]"
33425,60.06611490249634,2.427196055822499,Point,13522950.000000002,3658962.9251514296,"[13522950.000000002, 3658962.9251514296]"
33426,62.67702627182007,0.514983372363713,Point,13523050.000000002,3658962.9251514296,"[13523050.000000002, 3658962.9251514296]"
33427,41.499287366867065,1.859022485896325,Point,13523150.0,3658962.9251514296,"[13523150.0, 3658962.9251514296]"
33428,36.61218214035034,0.5509954077597599,Point,13523250.0,3658962.9251514296,"[13523250.0, 3658962.9251514296]"
33429,50.09521150588989,0.810110966515496,Point,13523350.000000002,3658962.9251514296,"[13523350.000000002, 3658962.9251514296]"
33430,42.36669993400574,0.181522801362778,Point,13523450.000000002,3658962.9251514296,"[13523450.000000002, 3658962.9251514296]"
33431,48.20579481124878,0.05876605251975904,Point,13523550.0,3658962.9251514296,"[13523550.0, 3658962.9251514296]"
33432,50.17377471923828,2.1527367823176795,Point,13523650.0,3658962.9251514296,"[13523650.0, 3658962.9251514296]"
33433,43.651390075683594,0.3833268283764321,Point,13523750.0,3658962.9251514296,"[13523750.0, 3658962.9251514296]"
33680,52.324095249176025,2.265005061516075,Point,13521250.0,3658846.014430463,"[13521250.0, 3658846.014430463]"
33681,56.088265895843506,10.931977528754718,Point,13521350.0,3658846.014430463,"[13521350.0, 3658846.014430463]"
33682,54.7523775100708,6.739354011439273,Point,13521450.000000002,3658846.014430463,"[13521450.000000002, 3658846.014430463]"
33683,32.90407848358154,0.16016088898474234,Point,13521550.000000002,3658846.014430463,"[13521550.000000002, 3658846.014430463]"
33684,35.07318377494812,1.127821393177438,Point,13521650.0,3658846.014430463,"[13521650.0, 3658846.014430463]"
33685,40.45138669013977,0.4830983857706137,Point,13521750.0,3658846.014430463,"[13521750.0, 3658846.014430463]"
33686,40.27326846122742,0.38691240518331815,Point,13521850.000000002,3658846.014430463,"[13521850.000000002, 3658846.014430463]"
33687,78.2860541343689,5.515430335607332,Point,13521950.000000002,3658846.014430463,"[13521950.000000002, 3658846.014430463]"
33688,82.1037163734436,0.6857885810607472,Point,13522050.000000002,3658846.014430463,"[13522050.000000002, 3658846.014430463]"
33689,80.50408554077148,0.3725219563889117,Point,13522150.000000002,3658846.014430463,"[13522150.000000002, 3658846.014430463]"
33690,59.021944522857666,1.4091767183897557,Point,13522250.0,3658846.014430463,"[13522250.0, 3658846.014430463]"
33691,61.48049449920654,5.217838751940854,Point,13522350.000000002,3658846.014430463,"[13522350.000000002, 3658846.014430463]"
33692,79.08670568466187,0.25988036109339147,Point,13522450.000000002,3658846.014430463,"[13522450.000000002, 3658846.014430463]"
33693,81.55776691436768,0.3725219563889117,Point,13522550.0,3658846.014430463,"[13522550.0, 3658846.014430463]"
33694,66.02072381973267,0.8121068399540239,Point,13522650.0,3658846.014430463,"[13522650.0, 3658846.014430463]"
33695,58.82465696334839,1.5680078809101627,Point,13522750.0,3658846.014430463,"[13522750.0, 3658846.014430463]"
33696,65.8169298171997,0.22445737813848385,Point,13522850.000000002,3658846.014430463,"[13522850.000000002, 3658846.014430463]"
33697,40.937227964401245,2.3992770342614627,Point,13522950.000000002,3658846.014430463,"[13522950.000000002, 3658846.014430463]"
33698,67.02031517028809,0.20632219242581396,Point,13523050.000000002,3658846.014430463,"[13523050.000000002, 3658846.014430463]"
33699,34.24328351020813,0.13248742795485613,Point,13523150.0,3658846.014430463,"[13523150.0, 3658846.014430463]"
33700,45.69118404388428,0.5940572795561503,Point,13523250.0,3658846.014430463,"[13523250.0, 3658846.014430463]"
33701,49.120792865753174,0.01991597839435609,Point,13523350.000000002,3658846.014430463,"[13523350.000000002, 3658846.014430463]"
33702,39.286508083343506,4.503162954035397,Point,13523450.000000002,3658846.014430463,"[13523450.000000002, 3658846.014430463]"
33703,40.858248710632324,0.6278008638426151,Point,13523550.0,3658846.014430463,"[13523550.0, 3658846.014430463]"
33704,50.984798431396484,0.14475675496042803,Point,13523650.0,3658846.014430463,"[13523650.0, 3658846.014430463]"
33705,42.20074415206909,4.393061881710403,Point,13523750.0,3658846.014430463,"[13523750.0, 3658846.014430463]"
33706,37.67981719970703,3.3982049748898753,Point,13523850.000000002,3658846.014430463,"[13523850.000000002, 3658846.014430463]"
33953,54.09207820892334,0.33803167767848646,Point,13521250.0,3658729.1048196224,"[13521250.0, 3658729.1048196224]"
33954,52.24401903152466,0.8063122856753585,Point,13521350.0,3658729.1048196224,"[13521350.0, 3658729.1048196224]"
33955,50.47176265716553,0.8262541012103953,Point,13521450.000000002,3658729.1048196224,"[13521450.000000002, 3658729.1048196224]"
33956,51.39765977859497,0.43794095456566456,Point,13521550.000000002,3658729.1048196224,"[13521550.000000002, 3658729.1048196224]"
33957,52.71820259094238,2.201957193875547,Point,13521650.0,3658729.1048196224,"[13521650.0, 3658729.1048196224]"
33958,52.737345695495605,5.098165251928245,Point,13521750.0,3658729.1048196224,"[13521750.0, 3658729.1048196224]"
33959,54.979214668273926,0.7301517438545457,Point,13521850.000000002,3658729.1048196224,"[13521850.000000002, 3658729.1048196224]"
33960,75.18814897537231,0.17606515612860224,Point,13521950.000000002,3658729.1048196224,"[13521950.000000002, 3658729.1048196224]"
33961,79.29069423675537,0.5545316555535392,Point,13522050.000000002,3658729.1048196224,"[13522050.000000002, 3658729.1048196224]"
33962,67.51034784317017,2.910748978509346,Point,13522150.000000002,3658729.1048196224,"[13522150.000000002, 3658729.1048196224]"
33963,58.06098651885986,5.413979055972775,Point,13522250.0,3658729.1048196224,"[13522250.0, 3658729.1048196224]"
33964,66.8004469871521,0.38691240518331815,Point,13522350.000000002,3658729.1048196224,"[13522350.000000002, 3658729.1048196224]"
33965,64.46116971969604,1.1048126917648673,Point,13522450.000000002,3658729.1048196224,"[13522450.000000002, 3658729.1048196224]"
33966,77.1364073753357,1.4920391517781924,Point,13522550.0,3658729.1048196224,"[13522550.0, 3658729.1048196224]"
33967,64.1624641418457,0.02850434499746135,Point,13522650.0,3658729.1048196224,"[13522650.0, 3658729.1048196224]"
33968,38.27292323112488,0.8443022033788947,Point,13522750.0,3658729.1048196224,"[13522750.0, 3658729.1048196224]"
33969,71.26915454864502,0.6046106779336764,Point,13522850.000000002,3658729.1048196224,"[13522850.000000002, 3658729.1048196224]"
33970,62.713998317718506,1.5932524239713828,Point,13522950.000000002,3658729.1048196224,"[13522950.000000002, 3658729.1048196224]"
33971,70.18325471878052,0.05876605251975904,Point,13523050.000000002,3658729.1048196224,"[13523050.000000002, 3658729.1048196224]"
33972,49.50333642959595,0.4143360739762596,Point,13523150.0,3658729.1048196224,"[13523150.0, 3658729.1048196224]"
33973,46.90923500061035,2.398595265625743,Point,13523250.0,3658729.1048196224,"[13523250.0, 3658729.1048196224]"
33974,46.78350591659546,4.7763887100868345,Point,13523350.000000002,3658729.1048196224,"[13523350.000000002, 3658729.1048196224]"
33975,48.46247720718384,0.44203328974875067,Point,13523450.000000002,3658729.1048196224,"[13523450.000000002, 3658729.1048196224]"
33976,39.1555609703064,1.859022485896325,Point,13523550.0,3658729.1048196224,"[13523550.0, 3658729.1048196224]"
33977,49.31899452209473,0.05133501980523585,Point,13523650.0,3658729.1048196224,"[13523650.0, 3658729.1048196224]"
33978,43.49638795852661,4.574584683073181,Point,13523750.0,3658729.1048196224,"[13523750.0, 3658729.1048196224]"
33979,39.28306579589844,2.9701734907160615,Point,13523850.000000002,3658729.1048196224,"[13523850.000000002, 3658729.1048196224]"
33980,44.192341327667236,0.647274755909089,Point,13523950.0,3658729.1048196224,"[13523950.0, 3658729.1048196224]"
33981,52.776705741882324,1.2065700862752387,Point,13524050.000000002,3658729.1048196224,"[13524050.000000002, 3658729.1048196224]"
34227,50.244919776916504,0.31240742882167366,Point,13521350.0,3658612.196318858,"[13521350.0, 3658612.196318858]"
34228,51.31365966796875,1.8238330807865846,Point,13521450.000000002,3658612.196318858,"[13521450.000000002, 3658612.196318858]"
34229,50.3603401184082,0.14577044019033591,Point,13521550.000000002,3658612.196318858,"[13521550.000000002, 3658612.196318858]"
34230,48.514331340789795,2.5554975417839665,Point,13521650.0,3658612.196318858,"[13521650.0, 3658612.196318858]"
34231,47.96315908432007,5.059439830525363,Point,13521750.0,3658612.196318858,"[13521750.0, 3658612.196318858]"
34232,41.729586362838745,0.6322841389635625,Point,13521850.000000002,3658612.196318858,"[13521850.000000002, 3658612.196318858]"
34233,72.38052034378052,0.26078139079598683,Point,13521950.000000002,3658612.196318858,"[13521950.000000002, 3658612.196318858]"
34234,71.75812911987305,0.03402987459741102,Point,13522050.000000002,3658612.196318858,"[13522050.000000002, 3658612.196318858]"
34235,65.59944152832031,0.26078139079598683,Point,13522150.000000002,3658612.196318858,"[13522150.000000002, 3658612.196318858]"
34236,63.325496196746826,1.0726173283399967,Point,13522250.0,3658612.196318858,"[13522250.0, 3658612.196318858]"
34237,63.638004779815674,2.2801649399181,Point,13522350.000000002,3658612.196318858,"[13522350.000000002, 3658612.196318858]"
34238,61.90335988998413,1.320462747244956,Point,13522450.000000002,3658612.196318858,"[13522450.000000002, 3658612.196318858]"
34239,78.10252046585083,4.467138477707796,Point,13522550.0,3658612.196318858,"[13522550.0, 3658612.196318858]"
34240,76.6642107963562,0.3902780907504377,Point,13522650.0,3658612.196318858,"[13522650.0, 3658612.196318858]"
34241,56.17166471481323,0.12553352574399093,Point,13522750.0,3658612.196318858,"[13522750.0, 3658612.196318858]"
34242,66.27875518798828,1.0726173283399967,Point,13522850.000000002,3658612.196318858,"[13522850.000000002, 3658612.196318858]"
34243,73.83579540252686,4.467150918639351,Point,13522950.000000002,3658612.196318858,"[13522950.000000002, 3658612.196318858]"
34244,75.9505558013916,1.7819647040811792,Point,13523050.000000002,3658612.196318858,"[13523050.000000002, 3658612.196318858]"
34245,65.00771284103394,4.572391211011971,Point,13523150.0,3658612.196318858,"[13523150.0, 3658612.196318858]"
34246,65.4716100692749,0.5476508370983856,Point,13523250.0,3658612.196318858,"[13523250.0, 3658612.196318858]"
34247,63.45026636123657,1.3218601824602714,Point,13523350.000000002,3658612.196318858,"[13523350.000000002, 3658612.196318858]"
34248,39.53592014312744,0.17493990967904477,Point,13523450.000000002,3658612.196318858,"[13523450.000000002, 3658612.196318858]"
34249,42.8275625705719,4.376965824708712,Point,13523550.0,3658612.196318858,"[13523550.0, 3658612.196318858]"
34250,43.197765827178955,1.3030022814393272,Point,13523650.0,3658612.196318858,"[13523650.0, 3658612.196318858]"
34251,47.31643486022949,1.0148882067120777,Point,13523750.0,3658612.196318858,"[13523750.0, 3658612.196318858]"
34252,48.95179271697998,0.15657531217785628,Point,13523850.000000002,3658612.196318858,"[13523850.000000002, 3658612.196318858]"
34253,53.370001792907715,0.10561754734963484,Point,13523950.0,3658612.196318858,"[13523950.0, 3658612.196318858]"
34254,53.662097454071045,0.5681735699261743,Point,13524050.000000002,3658612.196318858,"[13524050.000000002, 3658612.196318858]"
34255,56.80513620376587,0.3259096598462252,Point,13524150.0,3658612.196318858,"[13524150.0, 3658612.196318858]"
34256,63.615896701812744,0.3012094353606702,Point,13524250.000000002,3658612.196318858,"[13524250.000000002, 3658612.196318858]"
34499,52.778024673461914,0.4581778690120095,Point,13521450.000000002,3658495.288928121,"[13521450.000000002, 3658495.288928121]"
34500,51.64466667175293,3.2768770142449535,Point,13521550.000000002,3658495.288928121,"[13521550.000000002, 3658495.288928121]"
34501,49.55168151855469,0.36579928216177054,Point,13521650.0,3658495.288928121,"[13521650.0, 3658495.288928121]"
34502,38.81343078613281,0.6381531524717892,Point,13521750.0,3658495.288928121,"[13521750.0, 3658495.288928121]"
34503,43.638593673706055,0.5595794702658283,Point,13521850.000000002,3658495.288928121,"[13521850.000000002, 3658495.288928121]"
34504,63.60103750228882,0.7023899842110068,Point,13521950.000000002,3658495.288928121,"[13521950.000000002, 3658495.288928121]"
34505,71.21891260147095,5.02589735598725,Point,13522050.000000002,3658495.288928121,"[13522050.000000002, 3658495.288928121]"
34506,65.68829584121704,5.119071620733482,Point,13522150.000000002,3658495.288928121,"[13522150.000000002, 3658495.288928121]"
34507,54.22076082229614,0.40466853954484405,Point,13522250.0,3658495.288928121,"[13522250.0, 3658495.288928121]"
34508,65.49084377288818,0.01991597839435609,Point,13522350.000000002,3658495.288928121,"[13522350.000000002, 3658495.288928121]"
34509,63.51626634597778,1.775304754125363,Point,13522450.000000002,3658495.288928121,"[13522450.000000002, 3658495.288928121]"
34510,74.07310009002686,1.1181621134035937,Point,13522550.0,3658495.288928121,"[13522550.0, 3658495.288928121]"
34511,72.05619668960571,1.3942598455008621,Point,13522650.0,3658495.288928121,"[13522650.0, 3658495.288928121]"
34512,64.7348690032959,4.516831683947954,Point,13522750.0,3658495.288928121,"[13522750.0, 3658495.288928121]"
34513,77.74227523803711,0.181522801362778,Point,13522850.000000002,3658495.288928121,"[13522850.000000002, 3658495.288928121]"
34514,76.38166522979736,2.48682334973894,Point,13522950.000000002,3658495.288928121,"[13522950.000000002, 3658495.288928121]"
34515,66.20139646530151,4.5136251584922125,Point,13523050.000000002,3658495.288928121,"[13523050.000000002, 3658495.288928121]"
34516,64.22370147705078,0.5476508370983856,Point,13523150.0,3658495.288928121,"[13523150.0, 3658495.288928121]"
34517,76.49877595901489,0.9456435144450799,Point,13523250.0,3658495.288928121,"[13523250.0, 3658495.288928121]"
34518,77.47394514083862,0.1101010723249949,Point,13523350.000000002,3658495.288928121,"[13523350.000000002, 3658495.288928121]"
34519,77.61258506774902,4.5385726476771335,Point,13523450.000000002,3658495.288928121,"[13523450.000000002, 3658495.288928121]"
34520,63.24890756607056,4.904700683412742,Point,13523550.0,3658495.288928121,"[13523550.0, 3658495.288928121]"
34521,80.28430032730103,1.7461428660046567,Point,13523650.0,3658495.288928121,"[13523650.0, 3658495.288928121]"
34522,65.41945600509644,0.09342173515519218,Point,13523750.0,3658495.288928121,"[13523750.0, 3658495.288928121]"
34523,93.63813018798828,0.01991597839435609,Point,13523850.000000002,3658495.288928121,"[13523850.000000002, 3658495.288928121]"
34524,95.501633644104,4.904700683412742,Point,13523950.0,3658495.288928121,"[13523950.0, 3658495.288928121]"
34525,81.21018314361572,0.3259096598462252,Point,13524050.000000002,3658495.288928121,"[13524050.000000002, 3658495.288928121]"
34526,84.31230640411377,0.1997693796688016,Point,13524150.0,3658495.288928121,"[13524150.0, 3658495.288928121]"
34527,88.74087810516357,1.2065700862752387,Point,13524250.000000002,3658495.288928121,"[13524250.000000002, 3658495.288928121]"
34770,46.11360263824463,0.11046768274458457,Point,13521450.000000002,3658378.3826473597,"[13521450.000000002, 3658378.3826473597]"
34771,44.5865216255188,1.1245142687756977,Point,13521550.000000002,3658378.3826473597,"[13521550.000000002, 3658378.3826473597]"
34772,38.76938033103943,1.775304754125363,Point,13521650.0,3658378.3826473597,"[13521650.0, 3658378.3826473597]"
34773,44.83045721054077,0.9456435144450799,Point,13521750.0,3658378.3826473597,"[13521750.0, 3658378.3826473597]"
34774,44.30716323852539,2.373586675073292,Point,13521850.000000002,3658378.3826473597,"[13521850.000000002, 3658378.3826473597]"
34775,58.319315910339355,0.4830983857706137,Point,13521950.000000002,3658378.3826473597,"[13521950.000000002, 3658378.3826473597]"
34776,73.62940788269043,0.16016088898474234,Point,13522050.000000002,3658378.3826473597,"[13522050.000000002, 3658378.3826473597]"
34777,76.13454580307007,0.16568641858469202,Point,13522150.000000002,3658378.3826473597,"[13522150.000000002, 3658378.3826473597]"
34778,71.44843482971191,1.1782348756896315,Point,13522250.0,3658378.3826473597,"[13522250.0, 3658378.3826473597]"
34779,70.43572187423706,2.5091192230028763,Point,13522350.000000002,3658378.3826473597,"[13522350.000000002, 3658378.3826473597]"
34780,50.5849494934082,0.6381531524717892,Point,13522450.000000002,3658378.3826473597,"[13522450.000000002, 3658378.3826473597]"
34781,83.55850076675415,0.20811661784292523,Point,13522550.0,3658378.3826473597,"[13522550.0, 3658378.3826473597]"
34782,84.06971025466919,0.20811661784292523,Point,13522650.0,3658378.3826473597,"[13522650.0, 3658378.3826473597]"
34783,76.86388111114502,1.3492286378330136,Point,13522750.0,3658378.3826473597,"[13522750.0, 3658378.3826473597]"
34784,72.34863233566284,4.415815898834115,Point,13522850.000000002,3658378.3826473597,"[13522850.000000002, 3658378.3826473597]"
34785,75.01398754119873,0.1515725223816371,Point,13522950.000000002,3658378.3826473597,"[13522950.000000002, 3658378.3826473597]"
34786,60.980788707733154,1.1987576085174203,Point,13523050.000000002,3658378.3826473597,"[13523050.000000002, 3658378.3826473597]"
34787,69.549880027771,1.6089460980585573,Point,13523150.0,3658378.3826473597,"[13523150.0, 3658378.3826473597]"
34788,65.74765539169312,0.7479814650451457,Point,13523250.0,3658378.3826473597,"[13523250.0, 3658378.3826473597]"
34789,57.33214235305786,4.5586563661600605,Point,13523350.000000002,3658378.3826473597,"[13523350.000000002, 3658378.3826473597]"
34790,59.178523540496826,4.5385726476771335,Point,13523450.000000002,3658378.3826473597,"[13523450.000000002, 3658378.3826473597]"
34791,76.42037153244019,0.5681735699261743,Point,13523550.0,3658378.3826473597,"[13523550.0, 3658378.3826473597]"
34792,77.62807035446167,1.532479746121464,Point,13523650.0,3658378.3826473597,"[13523650.0, 3658378.3826473597]"
34793,76.43855476379395,0.3070848550383849,Point,13523750.0,3658378.3826473597,"[13523750.0, 3658378.3826473597]"
34794,82.69093751907349,0.17649129057221238,Point,13523850.000000002,3658378.3826473597,"[13523850.000000002, 3658378.3826473597]"
34795,83.16855430603027,4.5385726476771335,Point,13523950.0,3658378.3826473597,"[13523950.0, 3658378.3826473597]"
34796,70.49629640579224,0.3259096598462252,Point,13524050.000000002,3658378.3826473597,"[13524050.000000002, 3658378.3826473597]"
34797,53.336631774902344,0.06423683173921764,Point,13524150.0,3658378.3826473597,"[13524150.0, 3658378.3826473597]"
34798,55.49283027648926,0.06423683173921764,Point,13524250.000000002,3658378.3826473597,"[13524250.000000002, 3658378.3826473597]"
35039,39.19182229042053,0.1172991036088432,Point,13521550.000000002,3658261.4774765265,"[13521550.000000002, 3658261.4774765265]"
35040,43.18666911125183,0.14577044019033591,Point,13521650.0,3658261.4774765265,"[13521650.0, 3658261.4774765265]"
35041,53.285383224487305,0.11973144355268975,Point,13521750.0,3658261.4774765265,"[13521750.0, 3658261.4774765265]"
35042,77.58137655258179,0.14577044019033591,Point,13521850.000000002,3658261.4774765265,"[13521850.000000002, 3658261.4774765265]"
35043,77.09642839431763,0.2489556475961242,Point,13521950.000000002,3658261.4774765265,"[13521950.000000002, 3658261.4774765265]"
35044,73.84885597229004,4.467138477707796,Point,13522050.000000002,3658261.4774765265,"[13522050.000000002, 3658261.4774765265]"
35045,75.91869831085205,0.09635378654152965,Point,13522150.000000002,3658261.4774765265,"[13522150.000000002, 3658261.4774765265]"
35046,77.21808862686157,0.14577044019033591,Point,13522250.0,3658261.4774765265,"[13522250.0, 3658261.4774765265]"
35047,87.1458625793457,0.12553352574399093,Point,13522350.000000002,3658261.4774765265,"[13522350.000000002, 3658261.4774765265]"
35048,75.4865550994873,1.7250697279610827,Point,13522450.000000002,3658261.4774765265,"[13522450.000000002, 3658261.4774765265]"
35049,67.60447454452515,2.4156974878476842,Point,13522550.0,3658261.4774765265,"[13522550.0, 3658261.4774765265]"
35050,61.22277021408081,0.8564892852965861,Point,13522650.0,3658261.4774765265,"[13522650.0, 3658261.4774765265]"
35051,58.46859121322632,0.7922524535573684,Point,13522750.0,3658261.4774765265,"[13522750.0, 3658261.4774765265]"
35052,60.87739610671997,0.7420159501769619,Point,13522850.000000002,3658261.4774765265,"[13522850.000000002, 3658261.4774765265]"
35053,63.13255977630615,0.411310507685665,Point,13522950.000000002,3658261.4774765265,"[13522950.000000002, 3658261.4774765265]"
35054,54.39047956466675,0.411310507685665,Point,13523050.000000002,3658261.4774765265,"[13523050.000000002, 3658261.4774765265]"
35056,49.4247522354126,1.3472732699515497,Point,13523250.0,3658261.4774765265,"[13523250.0, 3658261.4774765265]"
35057,37.11248183250427,1.2985506987220115,Point,13523350.000000002,3658261.4774765265,"[13523350.000000002, 3658261.4774765265]"
35058,38.46957278251648,1.581901621124554,Point,13523450.000000002,3658261.4774765265,"[13523450.000000002, 3658261.4774765265]"
35059,50.53667116165161,0.05133501980523585,Point,13523550.0,3658261.4774765265,"[13523550.0, 3658261.4774765265]"
35060,65.69865989685059,0.01991597839435609,Point,13523650.0,3658261.4774765265,"[13523650.0, 3658261.4774765265]"
35061,81.2655200958252,0.5476508370983856,Point,13523750.0,3658261.4774765265,"[13523750.0, 3658261.4774765265]"
35062,78.73525094985962,0.5681735699261743,Point,13523850.000000002,3658261.4774765265,"[13523850.000000002, 3658261.4774765265]"
35063,74.82425212860107,0.5526765639457331,Point,13523950.0,3658261.4774765265,"[13523950.0, 3658261.4774765265]"
35064,51.324498653411865,1.5520505101481312,Point,13524050.000000002,3658261.4774765265,"[13524050.000000002, 3658261.4774765265]"
35065,44.53852319717407,1.0839172034124567,Point,13524150.0,3658261.4774765265,"[13524150.0, 3658261.4774765265]"
35313,54.274330615997314,0.21365289015037287,Point,13521650.0,3658144.57341557,"[13521650.0, 3658144.57341557]"
35314,43.67288112640381,0.4581778690120095,Point,13521750.0,3658144.57341557,"[13521750.0, 3658144.57341557]"
35315,73.0084457397461,0.43213887237436344,Point,13521850.000000002,3658144.57341557,"[13521850.000000002, 3658144.57341557]"
35316,64.6703577041626,1.0486090147625544,Point,13521950.000000002,3658144.57341557,"[13521950.000000002, 3658144.57341557]"
35317,70.13272094726562,1.8512100081385063,Point,13522050.000000002,3658144.57341557,"[13522050.000000002, 3658144.57341557]"
35318,70.73135900497437,4.67151410867089,Point,13522150.000000002,3658144.57341557,"[13522150.000000002, 3658144.57341557]"
35319,82.93960237503052,0.014390448794406421,Point,13522250.0,3658144.57341557,"[13522250.0, 3658144.57341557]"
35320,83.35178995132446,1.1782348756896315,Point,13522350.000000002,3658144.57341557,"[13522350.000000002, 3658144.57341557]"
35321,70.65068864822388,2.656619978048738,Point,13522450.000000002,3658144.57341557,"[13522450.000000002, 3658144.57341557]"
35322,68.68715286254883,1.1987576085174203,Point,13522550.0,3658144.57341557,"[13522550.0, 3658144.57341557]"
35323,70.5286717414856,0.8564892852965861,Point,13522650.0,3658144.57341557,"[13522650.0, 3658144.57341557]"
35324,65.98119306564331,0.1660299024929689,Point,13522750.0,3658144.57341557,"[13522750.0, 3658144.57341557]"
35325,56.91274356842041,0.708473475638849,Point,13522850.000000002,3658144.57341557,"[13522850.000000002, 3658144.57341557]"
35326,48.7426381111145,0.13248742795485613,Point,13522950.000000002,3658144.57341557,"[13522950.000000002, 3658144.57341557]"
35327,51.296807289123535,0.7841026655269181,Point,13523050.000000002,3658144.57341557,"[13523050.000000002, 3658144.57341557]"
35328,44.693546295166016,0.04503120766784807,Point,13523150.0,3658144.57341557,"[13523150.0, 3658144.57341557]"
35329,35.715251207351685,0.12553352574399093,Point,13523250.0,3658144.57341557,"[13523250.0, 3658144.57341557]"
35330,34.27703380584717,1.512513902894469,Point,13523350.000000002,3658144.57341557,"[13523350.000000002, 3658144.57341557]"
35331,33.479426860809326,0.06423683173921764,Point,13523450.000000002,3658144.57341557,"[13523450.000000002, 3658144.57341557]"
35332,36.51439833641052,4.799083136063106,Point,13523550.0,3658144.57341557,"[13523550.0, 3658144.57341557]"
35583,45.14757251739502,0.5637954163616444,Point,13521750.0,3658027.6704644393,"[13521750.0, 3658027.6704644393]"
35584,67.66599082946777,1.3850247571616703,Point,13521850.000000002,3658027.6704644393,"[13521850.000000002, 3658027.6704644393]"
35585,48.50011873245239,0.5080441263875066,Point,13521950.000000002,3658027.6704644393,"[13521950.000000002, 3658027.6704644393]"
35586,70.41580820083618,0.11973144355268975,Point,13522050.000000002,3658027.6704644393,"[13522050.000000002, 3658027.6704644393]"
35587,82.30495357513428,0.181522801362778,Point,13522150.000000002,3658027.6704644393,"[13522150.000000002, 3658027.6704644393]"
35588,81.90222454071045,2.656619978048738,Point,13522250.0,3658027.6704644393,"[13522250.0, 3658027.6704644393]"
35589,91.30746364593506,2.44721577456467,Point,13522350.000000002,3658027.6704644393,"[13522350.000000002, 3658027.6704644393]"
35590,94.92337226867676,3.04628152643893,Point,13522450.000000002,3658027.6704644393,"[13522450.000000002, 3658027.6704644393]"
35591,91.30649280548096,0.9753515994584152,Point,13522550.0,3658027.6704644393,"[13522550.0, 3658027.6704644393]"
35592,73.10386562347412,5.159953840877406,Point,13522650.0,3658027.6704644393,"[13522650.0, 3658027.6704644393]"
35593,69.94474077224731,4.4583310066437445,Point,13522750.0,3658027.6704644393,"[13522750.0, 3658027.6704644393]"
35594,58.90484809875488,0.05876605251975904,Point,13522850.000000002,3658027.6704644393,"[13522850.000000002, 3658027.6704644393]"
35595,53.80530548095703,0.20811661784292523,Point,13522950.000000002,3658027.6704644393,"[13522950.000000002, 3658027.6704644393]"
35596,56.56708478927612,0.3100293473562767,Point,13523050.000000002,3658027.6704644393,"[13523050.000000002, 3658027.6704644393]"
35598,37.78956627845764,4.357049846314355,Point,13523250.0,3658027.6704644393,"[13523250.0, 3658027.6704644393]"
35599,31.915045976638794,1.2583849024338611,Point,13523350.000000002,3658027.6704644393,"[13523350.000000002, 3658027.6704644393]"
35600,16.517737865447998,1.2508410747874612,Point,13523450.000000002,3658027.6704644393,"[13523450.000000002, 3658027.6704644393]"
35601,15.62336552143097,0.6305840385912459,Point,13523550.0,3658027.6704644393,"[13523550.0, 3658027.6704644393]"
35852,56.85038900375366,1.1427608470817212,Point,13521750.0,3657910.7686230866,"[13521750.0, 3657910.7686230866]"
35853,80.99822521209717,1.230952971942291,Point,13521850.000000002,3657910.7686230866,"[13521850.000000002, 3657910.7686230866]"
35854,63.52791166305542,18.298035952902737,Point,13521950.000000002,3657910.7686230866,"[13521950.000000002, 3657910.7686230866]"
35855,51.653151988983154,0.14072939026688225,Point,13522050.000000002,3657910.7686230866,"[13522050.000000002, 3657910.7686230866]"
35856,92.7101354598999,0.09635378654152965,Point,13522150.000000002,3657910.7686230866,"[13522150.000000002, 3657910.7686230866]"
35857,89.59967136383057,0.14577044019033591,Point,13522250.0,3657910.7686230866,"[13522250.0, 3657910.7686230866]"
35858,87.48146057128906,0.181522801362778,Point,13522350.000000002,3657910.7686230866,"[13522350.000000002, 3657910.7686230866]"
35859,119.17343807220459,0.8121068399540239,Point,13522450.000000002,3657910.7686230866,"[13522450.000000002, 3657910.7686230866]"
35860,109.94437026977539,1.2381424506893095,Point,13522550.0,3657910.7686230866,"[13522550.0, 3657910.7686230866]"
35861,99.34088516235352,0.36579928216177054,Point,13522650.0,3657910.7686230866,"[13522650.0, 3657910.7686230866]"
35862,70.94921779632568,0.5848059596795994,Point,13522750.0,3657910.7686230866,"[13522750.0, 3657910.7686230866]"
35863,54.74420118331909,0.5021745770584264,Point,13522850.000000002,3657910.7686230866,"[13522850.000000002, 3657910.7686230866]"
35864,52.988136291503906,0.09636622747308393,Point,13522950.000000002,3657910.7686230866,"[13522950.000000002, 3657910.7686230866]"
36117,66.04246616363525,0.13168955240324962,Point,13521750.0,3657793.8678914616,"[13521750.0, 3657793.8678914616]"
36118,83.20818185806274,0.25138798753997077,Point,13521850.000000002,3657793.8678914616,"[13521850.000000002, 3657793.8678914616]"
36119,67.31767654418945,0.10561754734963484,Point,13521950.000000002,3657793.8678914616,"[13521950.000000002, 3657793.8678914616]"
36120,76.88333415985107,1.1987576085174203,Point,13522050.000000002,3657793.8678914616,"[13522050.000000002, 3657793.8678914616]"
36121,97.39489841461182,0.44203328974875067,Point,13522150.000000002,3657793.8678914616,"[13522150.000000002, 3657793.8678914616]"
36376,38.57417869567871,18.424176233080157,Point,13521750.0,3657676.9682695153,"[13521750.0, 3657676.9682695153]"
36377,64.78903341293335,0.1101010723249949,Point,13521850.000000002,3657676.9682695153,"[13521850.000000002, 3657676.9682695153]"
36378,60.187110900878906,0.1956366975658329,Point,13521950.000000002,3657676.9682695153,"[13521950.000000002, 3657676.9682695153]"
36379,58.16942548751831,0.11973144355268975,Point,13522050.000000002,3657676.9682695153,"[13522050.000000002, 3657676.9682695153]"
36380,68.1893196105957,0.23727409133691585,Point,13522150.000000002,3657676.9682695153,"[13522150.000000002, 3657676.9682695153]"
36636,51.0247597694397,2.4935940933457603,Point,13521850.000000002,3657560.0697571966,"[13521850.000000002, 3657560.0697571966]"
