名称,大类,中类,经度,纬度,省份,地级市,区县,lon_wgs,lat_wgs,category_group
嫩江码头,交通设施,公交站,121.557992,31.315649,上海市,上海市,杨浦区,121.55373523402824,31.317795160572523,Transport
民星路虬江码头路,交通设施,公交站,121.5535,31.311552,上海市,上海市,杨浦区,121.54923327418491,31.313691487252303,Transport
公厕,生活服务,公厕,121.556018,31.315343,上海市,上海市,杨浦区,121.55175684206634,31.3174857551074,Toilet
公厕,生活服务,公厕,121.552182,31.316011,上海市,上海市,杨浦区,121.547911712841,31.318146226811415,Toilet
公厕,生活服务,公厕,121.554659,31.31897,上海市,上海市,杨浦区,121.55039439777306,31.3211088749758,Toilet
共青国家森林湿地公园-公共厕所,生活服务,公厕,121.557255,31.318288,上海市,上海市,杨浦区,121.55299638502964,31.320431868592383,Toilet
共青国家森林湿地公园-公共厕所,生活服务,公厕,121.556983,31.313741,上海市,上海市,杨浦区,121.55272415694132,31.31588610427162,Toilet
景联路,交通设施,地铁,121.454496,31.101412,上海市,上海市,徐汇区,121.44992716385526,31.103386030402906,Transport
龙吴路景联路,交通设施,公交站,121.454199,31.10246,上海市,上海市,徐汇区,121.44962929802924,31.104432790705083,Transport
关港,交通设施,公交站,121.454183,31.10243,上海市,上海市,徐汇区,121.44961325892892,31.104402772297917,Transport
龙吴路景联路,交通设施,公交站,121.454396,31.101852,上海市,上海市,徐汇区,121.44982686443632,31.103825563911112,Transport
华泾,交通设施,地铁,121.440456,31.112718,上海市,上海市,徐汇区,121.43585366782644,31.11465832574328,Transport
华泾西,交通设施,地铁,121.440107,31.113457,上海市,上海市,徐汇区,121.43550390982207,31.115396332610175,Transport
华泾西地铁站1号口,交通设施,地铁,121.440173,31.114029,上海市,上海市,徐汇区,121.435569991192,31.11596812693181,Transport
华泾西地铁站4号口,交通设施,地铁,121.439914,31.113174,上海市,上海市,徐汇区,121.4353105529382,31.115113167713783,Transport
华泾西地铁站2号口,交通设施,地铁,121.440955,31.113107,上海市,上海市,徐汇区,121.43635363675632,31.11504795538665,Transport
朱梅路地铁站,交通设施,公交站,121.438192,31.123271,上海市,上海市,徐汇区,121.43358435651764,31.125201818809103,Transport
景洪路华泾路,交通设施,公交站,121.439884,31.114991,上海市,上海市,徐汇区,121.43528033672816,31.116929114837603,Transport
老沪闵路华泾路,交通设施,公交站,121.437433,31.115994,上海市,上海市,徐汇区,121.43282456707968,31.117927618074464,Transport
华泾路老沪闵路,交通设施,公交站,121.440651,31.116813,上海市,上海市,徐汇区,121.43604870420174,31.11875139555048,Transport
友乐路迎宾一路,交通设施,公交站,121.353639,31.192446,上海市,上海市,长宁区,121.34904385828946,31.194357432623217,Transport
公厕,生活服务,公厕,121.360566,31.189139,上海市,上海市,长宁区,121.35595819500928,31.191041026938155,Toilet
公厕,生活服务,公厕,121.361576,31.196444,上海市,上海市,长宁区,121.3569657861911,31.19834087337934,Toilet
公厕,生活服务,公厕,121.361335,31.191443,上海市,上海市,长宁区,121.35672564042964,31.193342717366136,Toilet
上海动物园-公厕,生活服务,公厕,121.362102,31.193325,上海市,上海市,长宁区,121.3574911436152,31.19522263975862,Toilet
公厕,生活服务,公厕,121.361148,31.194808,上海市,上海市,长宁区,121.35653867685208,31.19670632401049,Toilet
公厕,生活服务,公厕,121.360007,31.196473,上海市,上海市,长宁区,121.35539955591996,31.1983722285704,Toilet
上海动物园-公共厕所,生活服务,公厕,121.359398,31.193759,上海市,上海市,长宁区,121.35479188642648,31.19566051009881,Toilet
上海植物园,交通设施,地铁,121.450396,31.14905,上海市,上海市,徐汇区,121.44581266763028,31.15098929420552,Transport
植物园,交通设施,公交站,121.450785,31.145235,上海市,上海市,徐汇区,121.44620295275864,31.147177128104172,Transport
上海植物园,交通设施,公交站,121.450681,31.143684,上海市,上海市,徐汇区,121.44609883047374,31.145626739501893,Transport
园南二村,交通设施,公交站,121.442438,31.142787,上海市,上海市,徐汇区,121.43783712011496,31.144714384617465,Transport
龙吴路百色路,交通设施,公交站,121.450722,31.14518,上海市,上海市,徐汇区,121.44613980227764,31.14712202655637,Transport
龙吴路龙水南路,交通设施,公交站,121.450228,31.151276,上海市,上海市,徐汇区,121.4456440646287,31.15321376905349,Transport
公厕,生活服务,公厕,121.4477,31.14633,上海市,上海市,徐汇区,121.44311045760725,31.148265306751853,Toilet
上海植物园-公厕,生活服务,公厕,121.444662,31.144278,上海市,上海市,徐汇区,121.4400657581416,31.14620860474287,Toilet
上海植物园-公厕,生活服务,公厕,121.446724,31.148575,上海市,上海市,徐汇区,121.44213200909272,31.15050721358264,Toilet
上海植物园-公厕,生活服务,公厕,121.449986,31.146537,上海市,上海市,徐汇区,121.44540188418816,31.148476785791352,Toilet
上海植物园-公厕,生活服务,公厕,121.44999,31.148415,上海市,上海市,徐汇区,121.4454057317636,31.150353796003305,Toilet
上海植物园-公厕,生活服务,公厕,121.444461,31.146517,上海市,上海市,徐汇区,121.43986412432513,31.148446040870844,Toilet
龙腾大道徐梅路,交通设施,公交站,121.462087,31.127818,上海市,上海市,徐汇区,121.4575368715582,31.129795156043333,Transport
出租车司机专用公厕,生活服务,公厕,121.462188,31.126324,上海市,上海市,徐汇区,121.45763829337206,31.128302216899943,Toilet
龙瑞路,交通设施,地铁,121.452928,31.136137,上海市,上海市,徐汇区,121.44835211700163,31.13808853891825,Transport
龙吴路龙瑞路,交通设施,公交站,121.451956,31.138676,上海市,上海市,徐汇区,121.44737743442212,31.140624095735014,Transport
龙吴路罗秀路,交通设施,公交站,121.453881,31.133816,上海市,上海市,徐汇区,121.44930777022334,31.13577085967868,Transport
龙腾大道龙瑞路,交通设施,公交站,121.455065,31.140814,上海市,上海市,徐汇区,121.45049426605482,31.142767707223825,Transport
龙腾大道进木港,交通设施,公交站,121.457938,31.13386,上海市,上海市,徐汇区,121.4533756145322,31.13582398321077,Transport
龙吴路龙瑞路,交通设施,公交站,121.451944,31.138678,上海市,上海市,徐汇区,121.4473654040797,31.140626069224105,Transport
公厕,生活服务,公厕,121.454317,31.133352,上海市,上海市,徐汇区,121.4497449448151,31.13530806714581,Toilet
公厕,生活服务,公厕,121.45848,31.133639,上海市,上海市,徐汇区,121.45391913097284,31.135604365277707,Toilet
龙腾大道喜泰支路,交通设施,公交站,121.454534,31.145284,上海市,上海市,徐汇区,121.44996148382964,31.147234140876424,Transport
公厕,生活服务,公厕,121.453132,31.148313,上海市,上海市,徐汇区,121.44855558887056,31.15025846631989,Toilet
龙腾大道云锦路,交通设施,公交站,121.465022,31.160859,上海市,上海市,徐汇区,121.4604777009694,31.162825841273268,Transport
公厕,生活服务,公厕,121.464737,31.15781,上海市,上海市,徐汇区,121.46019210846114,31.15977771629608,Toilet
龙腾大道龙兰路,交通设施,公交站,121.463239,31.167497,上海市,上海市,徐汇区,121.45868882745002,31.169455922184174,Transport
龙腾大道丰谷路,交通设施,公交站,121.461928,31.174337,上海市,上海市,徐汇区,121.4573734083081,31.17628917283908,Transport
公厕,生活服务,公厕,121.462388,31.174252,上海市,上海市,徐汇区,121.45783475290328,31.176205343408515,Toilet
世博会博物馆,交通设施,地铁,121.481569,31.197557,上海市,上海市,黄浦区,121.47707511720444,31.199550287346668,Transport
龙华东路蒙自路,交通设施,公交站,121.481553,31.195949,上海市,上海市,黄浦区,121.4770591998431,31.1979430363778,Transport
龙华东路制造局路,交通设施,公交站,121.487882,31.196202,上海市,上海市,黄浦区,121.48341022975994,31.19821444818894,Transport
德昉门诊部,医疗保健,诊所,121.482715,31.196846,上海市,上海市,黄浦区,121.478225122878,31.198842956245574,Medical_Service
曜影医疗黄浦滨江门诊部,医疗保健,诊所,121.482059,31.197569,上海市,上海市,黄浦区,121.47756680000154,31.19956369754444,Medical_Service
世博会博物馆地铁站3A口,交通设施,地铁,121.481553,31.197406,上海市,上海市,黄浦区,121.4770590752138,31.19939931575096,Transport
世博会博物馆地铁站2号口,交通设施,地铁,121.481904,31.196401,上海市,上海市,黄浦区,121.47741136678292,31.198395826591405,Transport
瑞宁路龙腾大道,交通设施,公交站,121.467097,31.18615,上海市,上海市,徐汇区,121.46255682853008,31.18810918305931,Transport
龙腾大道瑞宁路,交通设施,公交站,121.463611,31.183836,上海市,上海市,徐汇区,121.45906051889672,31.185787495083765,Transport
公厕,生活服务,公厕,121.463601,31.180756,上海市,上海市,徐汇区,121.45905075445503,31.18270902895909,Toilet
公厕,生活服务,公厕,121.470826,31.188574,上海市,上海市,徐汇区,121.46629727831586,31.190541785961557,Toilet
联虹路迎乐路,交通设施,公交站,121.350038,31.205113,上海市,上海市,长宁区,121.3454489651872,31.207024330972544,Transport
迎乐路仙霞西路,交通设施,公交站,121.34812,31.208528,上海市,上海市,长宁区,121.3435346187362,31.210441034669785,Transport
仙霞西路北祥路,交通设施,公交站,121.349597,31.209805,上海市,上海市,长宁区,121.34500846105762,31.211714821260877,Transport
公厕,生活服务,公厕,121.347802,31.210686,上海市,上海市,长宁区,121.34321709394756,31.212598554452686,Toilet
汤更浪,交通设施,公交站,121.345996,31.223342,上海市,上海市,长宁区,121.341413793717,31.22525174440964,Transport
通协路金轮路,交通设施,公交站,121.351701,31.226697,上海市,上海市,长宁区,121.3471067362957,31.228595147178847,Transport
协和路临虹路,交通设施,公交站,121.352795,31.230161,上海市,上海市,长宁区,121.34819825744968,31.232055672481533,Transport
临虹路金轮路,交通设施,公交站,121.349819,31.230557,上海市,上海市,长宁区,121.34522821248996,31.232456591647875,Transport
广顺北路通协路,交通设施,公交站,121.348681,31.227768,上海市,上海市,长宁区,121.34409279329154,31.22967088445116,Transport
广顺北路临新路,交通设施,公交站,121.348357,31.23311,上海市,上海市,长宁区,121.34376900218962,31.23501097109316,Transport
虹古路青溪路,交通设施,公交站,121.377619,31.205181,上海市,上海市,长宁区,121.3729844773298,31.20705339412626,Transport
青溪路淮阴路,交通设施,公交站,121.375532,31.204272,上海市,上海市,长宁区,121.37090007188657,31.206147001061115,Transport
仙霞路威宁路,交通设施,公交站,121.382286,31.207456,上海市,上海市,长宁区,121.37764631783118,31.209323010989472,Transport
西郊花园豪华酒店-洗手间,生活服务,公厕,121.378126,31.202165,上海市,上海市,长宁区,121.3734911555504,31.204038365286717,Toilet
上海西郊宾馆东湖公寓酒店,生活服务,公厕,121.377989,31.204835,上海市,上海市,长宁区,121.37335408018475,31.206707195104077,Toilet
临华路协和路,交通设施,公交站,121.351341,31.235894,上海市,上海市,长宁区,121.34674666334722,31.23778849307416,Transport
绥德路,交通设施,公交站,121.36976,31.266475,上海市,上海市,普陀区,121.36513051938717,31.268328120405886,Transport
桃浦路定边路,交通设施,公交站,121.364306,31.263983,上海市,上海市,普陀区,121.35968528033278,31.265844508959844,Transport
未来岛社区卫生运营服务站,医疗保健,综合医院,121.363485,31.263758,上海市,上海市,普陀区,121.35886567270413,31.26562078010829,Medical_Service
苗江路龙华东路,交通设施,公交站,121.493481,31.196913,上海市,上海市,黄浦区,121.48902910878188,31.198941839112635,Transport
龙华东路苗江路,交通设施,公交站,121.492144,31.196868,上海市,上海市,黄浦区,121.48768732390567,31.198892842281843,Transport
公厕,生活服务,公厕,121.49172,31.197072,上海市,上海市,黄浦区,121.48726179101172,31.19909546923068,Toilet
公厕,生活服务,公厕,121.497099,31.198201,上海市,上海市,黄浦区,121.49266001711662,31.200240122157595,Toilet
公厕,生活服务,公厕,121.493551,31.198271,上海市,上海市,黄浦区,121.48909924430272,31.20029937916154,Toilet
丹阳路,交通设施,地铁,121.531196,31.253857,上海市,上海市,杨浦区,121.52687124191642,31.255969072875867,Transport
杨树浦路江浦路,交通设施,公交站,121.534147,31.253578,上海市,上海市,杨浦区,121.52983155016828,31.255697846293224,Transport
公厕,生活服务,公厕,121.538746,31.254207,上海市,上海市,杨浦区,121.5344444393937,31.25633801727484,Toilet
丹阳路地铁站2号口,交通设施,地铁,121.532073,31.252673,上海市,上海市,杨浦区,121.52775112668289,31.25478789499821,Transport
丹阳路地铁站3号口,交通设施,地铁,121.531049,31.253467,上海市,上海市,杨浦区,121.52672380567496,31.255578858918227,Transport
丹阳路地铁站1号口,交通设施,地铁,121.531598,31.253584,上海市,上海市,杨浦区,121.52727454428326,31.25569724907688,Transport
公厕,生活服务,公厕,121.551465,31.262393,上海市,上海市,杨浦区,121.5471974218854,31.264548626737124,Toilet
公厕,生活服务,公厕,121.562169,31.271996,上海市,上海市,杨浦区,121.55792463034844,31.2741666520999,Toilet
松潘路杨树浦路,交通设施,公交站,121.541516,31.25984,上海市,上海市,杨浦区,121.5372220285048,31.26197513413893,Transport
杨树浦路临青路,交通设施,公交站,121.544945,31.262346,上海市,上海市,杨浦区,121.54066041887968,31.26448786944174,Transport
杨树浦路松潘路,交通设施,公交站,121.542133,31.25959,上海市,上海市,杨浦区,121.53784080832855,31.2617266801022,Transport
公厕,生活服务,公厕,121.543537,31.262868,上海市,上海市,杨浦区,121.53924848560058,31.265006474762707,Toilet
公厕,生活服务,公厕,121.546417,31.2591,上海市,上海市,杨浦区,121.54213667622348,31.261246526677525,Toilet
公厕,生活服务,公厕,121.541219,31.260541,上海市,上海市,杨浦区,121.5369241183669,31.26267513203153,Toilet
无障碍公厕,生活服务,公厕,121.543533,31.262866,上海市,上海市,杨浦区,121.53924447461256,31.26500446653837,Toilet
公厕,生活服务,公厕,121.542437,31.256212,上海市,上海市,杨浦区,121.5381459523572,31.258350867042427,Toilet
大桥社区卫生中心平青站点,医疗保健,综合医院,121.542366,31.261789,上海市,上海市,杨浦区,121.53807428513716,31.26392525974982,Medical_Service
怀德路杨树浦路,交通设施,公交站,121.528826,31.253628,上海市,上海市,杨浦区,121.52449362906071,31.255733873584003,Transport
杨树浦路许昌路,交通设施,公交站,121.525853,31.252683,上海市,上海市,杨浦区,121.52151093200872,31.254781206800896,Transport
公厕,生活服务,公厕,121.528541,31.254144,上海市,上海市,杨浦区,121.52420765798549,31.256248878322356,Toilet
公厕,生活服务,公厕,121.52586,31.253874,上海市,上海市,杨浦区,121.52151785509746,31.25597169762561,Toilet
出租车司机专用公厕,生活服务,公厕,121.52572,31.249773,上海市,上海市,杨浦区,121.5213777344654,31.25187213753469,Toilet
平凉社区卫生中心许昌社区卫生服务站家庭医生工作站,医疗保健,综合医院,121.52613,31.253674,上海市,上海市,杨浦区,121.521788768545,31.255772528518325,Medical_Service
上海美申医疗门诊部,医疗保健,诊所,121.525924,31.254216,上海市,上海市,杨浦区,121.52158203901752,31.25631372221714,Medical_Service
复兴岛,交通设施,地铁,121.561277,31.28081,上海市,上海市,杨浦区,121.55703009427592,31.28297552396645,Transport
定海桥,交通设施,公交站,121.562824,31.273671,上海市,上海市,杨浦区,121.55858079110963,31.275841964084357,Transport
中华船厂,交通设施,公交站,121.562561,31.276683,上海市,上海市,杨浦区,121.55831702103606,31.278852285042348,Transport
男洗手间,生活服务,公厕,121.561733,31.28086,上海市,上海市,杨浦区,121.55748701645824,31.28302623378753,Toilet
女洗手间,生活服务,公厕,121.561816,31.280925,上海市,上海市,杨浦区,121.55757017861602,31.28309133881393,Toilet
无障碍洗手间,生活服务,公厕,121.561699,31.280901,上海市,上海市,杨浦区,121.55745294431271,31.283067162552985,Toilet
出租车司机专用公厕,生活服务,公厕,121.566032,31.280536,上海市,上海市,杨浦区,121.56179429351285,31.282708830099576,Toilet
联合仓库,交通设施,公交站,121.562001,31.282159,上海市,上海市,杨浦区,121.55775544828278,31.28432511970031,Transport
复兴岛公园,交通设施,公交站,121.561614,31.286186,上海市,上海市,杨浦区,121.55736733248204,31.288349843212615,Transport
复兴岛,交通设施,公交站,121.561389,31.288813,上海市,上海市,杨浦区,121.55714165671009,31.2909754081273,Transport
公厕,生活服务,公厕,121.553009,31.294093,上海市,上海市,杨浦区,121.54874255197576,31.296238395167656,Toilet
出租车司机专用公厕,生活服务,公厕,121.556101,31.294264,上海市,上海市,杨浦区,121.5518417891486,31.29641513720421,Toilet
上海理工大学三公寓一号楼公厕,生活服务,公厕,121.556536,31.294997,上海市,上海市,杨浦区,121.55227771462748,31.297148630698462,Toilet
上海理工大学医务室,医疗保健,诊所,121.555672,31.292647,上海市,上海市,杨浦区,121.55141194278734,31.29479800425601,Medical_Service
虬江码头,交通设施,公交站,121.555408,31.308529,上海市,上海市,杨浦区,121.5511460104695,31.310673243745693,Transport
公厕,生活服务,公厕,121.554265,31.307302,上海市,上海市,杨浦区,121.55000044568312,31.30944458294598,Toilet
公厕,生活服务,公厕,121.555202,31.305405,上海市,上海市,杨浦区,121.55093979459308,31.307550075148644,Toilet
出租车司机专用公厕,生活服务,公厕,121.552801,31.304388,上海市,上海市,杨浦区,121.54853319019368,31.306528908956192,Toilet
军工路殷行路,交通设施,公交站,121.5448,31.328803,上海市,上海市,杨浦区,121.54050946238829,31.330917958244644,Transport
东方国际水产中心,交通设施,公交站,121.541435,31.332843,上海市,上海市,杨浦区,121.53713468244808,31.33494880351541,Transport
军工路东方国际水产中心,交通设施,公交站,121.542254,31.33145,上海市,上海市,杨浦区,121.53795613515284,31.33355821142601,Transport
公厕,生活服务,公厕,121.543364,31.333562,上海市,上海市,杨浦区,121.53906908537068,31.33567200120855,Toilet
公厕,生活服务,公厕,121.543783,31.334938,上海市,上海市,杨浦区,121.53948913881028,31.33704846097023,Toilet
公厕,生活服务,公厕,121.5445,31.334702,上海市,上海市,杨浦区,121.54020814347572,31.33681416072651,Toilet
上海百福居颐养医疗护理员门诊部,医疗保健,诊所,121.542154,31.332082,上海市,上海市,杨浦区,121.53785579824132,31.334189751972897,Medical_Service
临江码头,交通设施,公交站,121.533317,31.338369,上海市,上海市,杨浦区,121.52899184183902,31.34045285196065,Transport
公厕,生活服务,公厕,121.532899,31.338609,上海市,上海市,杨浦区,121.52857251051448,31.340691688408626,Toilet
殷高东路政芳路,交通设施,公交站,121.500051,31.320842,上海市,上海市,杨浦区,121.49561224571056,31.32283658053953,Transport
国晓路政和路,交通设施,公交站,121.511861,31.326511,上海市,上海市,杨浦区,121.50746430528989,31.32853900826172,Transport
政和路国晓路,交通设施,公交站,121.513226,31.325634,上海市,上海市,杨浦区,121.50883423310368,31.327666372754237,Transport
江湾城路清波路,交通设施,公交站,121.514038,31.321655,上海市,上海市,杨浦区,121.50964944728368,31.32369123882367,Transport
新江湾城街道社区卫生中心,医疗保健,综合医院,121.512579,31.325927,上海市,上海市,杨浦区,121.50818491034568,31.327957351365374,Medical_Service
政和路国秀路,交通设施,公交站,121.514652,31.333366,上海市,上海市,杨浦区,121.51026462481168,31.33539976729279,Transport
殷行路政和路,交通设施,公交站,121.511782,31.328916,上海市,上海市,杨浦区,121.50738481972476,31.33094289576719,Transport
国浩路政和路,交通设施,公交站,121.515477,31.33565,上海市,上海市,杨浦区,121.51109233944707,31.33768537069529,Transport
国秀路政和路,交通设施,公交站,121.514986,31.332499,上海市,上海市,杨浦区,121.51059987675018,31.33453405923437,Transport
殷行路江湾城路,交通设施,公交站,121.515413,31.328853,上海市,上海市,杨浦区,121.51102869005685,31.33089062956151,Transport
国浩路江湾城路,交通设施,公交站,121.519934,31.335495,上海市,上海市,杨浦区,121.51556488809108,31.337543334831,Transport
公厕,生活服务,公厕,121.514818,31.334239,上海市,上海市,杨浦区,121.51043113671058,31.33627294216172,Toilet
上海崇仁堂中医门诊部,医疗保健,诊所,121.516616,31.336342,上海市,上海市,杨浦区,121.5122352803854,31.33838045059127,Medical_Service
长航锚地,交通设施,公交站,121.52161,31.343418,上海市,上海市,杨浦区,121.51724597251884,31.345468322378206,Transport
军工路闸北电厂,交通设施,公交站,121.527521,31.34086,上海市,上海市,杨浦区,121.52317701989716,31.34292762977037,Transport
公厕,生活服务,公厕,121.521545,31.340219,上海市,上海市,杨浦区,121.51718102076632,31.342270254439143,Toilet
国帆路,交通设施,地铁,121.513146,31.339513,上海市,上海市,杨浦区,121.50875277215307,31.341540146547043,Transport
政和路国帆路,交通设施,公交站,121.517354,31.338593,上海市,上海市,杨浦区,121.51297567103428,31.340632799432303,Transport
国帆路淞沪路,交通设施,公交站,121.515306,31.340215,上海市,上海市,杨浦区,121.51092035052936,31.34224825655749,Transport
国帆路地铁站1号口,交通设施,地铁,121.513761,31.340244,上海市,上海市,杨浦区,121.50936989077177,31.342272705244543,Transport
国帆路地铁站2号口,交通设施,地铁,121.513145,31.339024,上海市,上海市,杨浦区,121.50875181008615,31.341051315660124,Transport
国帆路地铁站3号口,交通设施,地铁,121.512686,31.339001,上海市,上海市,杨浦区,121.5082911816765,31.34102696613232,Transport
国秀路淞沪路,交通设施,公交站,121.510342,31.33356,上海市,上海市,杨浦区,121.50593928305668,31.335580933217585,Transport
淞沪路殷行路,交通设施,公交站,121.50663,31.33064,上海市,上海市,杨浦区,121.50221419607108,31.332650860060475,Transport
淞沪路国秀路,交通设施,公交站,121.507564,31.332166,上海市,上海市,杨浦区,121.50315143057756,31.334179117397397,Transport
殷行路淞沪路,交通设施,公交站,121.507817,31.328802,上海市,上海市,杨浦区,121.50340562691278,31.33081709454268,Transport
国权北路国秀路,交通设施,公交站,121.502296,31.337011,上海市,上海市,杨浦区,121.49786399306936,31.33900649611513,Transport
复旦大学,交通设施,公交站,121.509913,31.335273,上海市,上海市,杨浦区,121.50550860177238,31.33729204054326,Transport
无障碍洗手间,生活服务,公厕,121.507132,31.32872,上海市,上海市,杨浦区,121.50271816813598,31.33073306653992,Toilet
唯芙门诊,医疗保健,诊所,121.509775,31.33006,上海市,上海市,杨浦区,121.50537055015532,31.33208050201759,Medical_Service
新江湾城地铁站7号口,交通设施,地铁,121.50629,31.32953,上海市,上海市,杨浦区,121.501873064602,31.331540238846213,Transport
新江湾城地铁站1号口,交通设施,地铁,121.507335,31.329208,上海市,上海市,杨浦区,121.5029218576768,31.331221499236367,Transport
新江湾城地铁站6号口,交通设施,地铁,121.50692,31.329497,上海市,上海市,杨浦区,121.502505338373,31.331509146670463,Transport
复旦大学江湾校区卫生科门诊室,医疗保健,诊所,121.506352,31.332952,上海市,上海市,杨浦区,121.50193499712518,31.33496119003397,Medical_Service
国帆路恒学路,交通设施,公交站,121.509251,31.341643,上海市,上海市,杨浦区,121.5048436874805,31.34365781442438,Transport
国权北路国帆路,交通设施,公交站,121.506006,31.34228,上海市,上海市,杨浦区,121.50158695537615,31.344284848163376,Transport
国权北路湾谷科技园,交通设施,公交站,121.503325,31.33902,上海市,上海市,杨浦区,121.49889654526426,31.34101789827462,Transport
公共厕所,生活服务,公厕,121.502533,31.340967,上海市,上海市,杨浦区,121.49810151364358,31.34296181983654,Toilet
武威路金迎路,交通设施,公交站,121.338852,31.280535,上海市,上海市,普陀区,121.33428036088829,31.282432501881427,Transport
金迈路金迎路,交通设施,公交站,121.339089,31.280488,上海市,上海市,普陀区,121.33451683969876,31.282385075706824,Transport
体育公园-公厕,生活服务,公厕,121.342955,31.281557,上海市,上海市,普陀区,121.3383742746954,31.28344643721273,Toilet
金通路金迎路,交通设施,公交站,121.333405,31.291107,上海市,上海市,普陀区,121.32884466179856,31.293010516464104,Transport
公厕,生活服务,公厕,121.335028,31.287389,上海市,上海市,普陀区,121.33046431888458,31.28929092529633,Toilet
公厕,生活服务,公厕,121.341712,31.287209,上海市,上海市,普陀区,121.33713348899018,31.28909840435209,Toilet
社区医院,交通设施,公交站,121.35419,31.281843,上海市,上海市,普陀区,121.34958603950912,31.283712568009214,Transport
桃浦镇社区卫生中心,医疗保健,综合医院,121.354911,31.281655,上海市,上海市,普陀区,121.35030565813238,31.28352345461382,Medical_Service
公厕,生活服务,公厕,121.361117,31.278265,上海市,上海市,普陀区,121.3565004909028,31.280125087478737,Toilet
公厕,生活服务,公厕,121.354504,31.282059,上海市,上海市,普陀区,121.34989941049092,31.283927958287357,Toilet
武威路,交通设施,地铁,121.364638,31.276667,上海市,上海市,普陀区,121.360015628728,31.27852262921009,Transport
武威路敦煌路,交通设施,公交站,121.36955,31.278845,上海市,上海市,普陀区,121.36491975251988,31.280693138611834,Transport
武威路真南路,交通设施,公交站,121.36644,31.279251,上海市,上海市,普陀区,121.36181448763242,31.28110305277285,Transport
真南路敦煌路,交通设施,公交站,121.369167,31.273113,上海市,上海市,普陀区,121.36453782031862,31.274964037885475,Transport
桃浦水厂,交通设施,公交站,121.366605,31.274607,上海市,上海市,普陀区,121.36197963003872,31.27646077859343,Transport
真南路武威路,交通设施,公交站,121.365704,31.275688,上海市,上海市,普陀区,121.36107997555573,31.277542554339657,Transport
古浪路敦煌路,交通设施,公交站,121.368079,31.284951,上海市,上海市,普陀区,121.36345043498056,31.28679850238964,Transport
绿杨桥,交通设施,公交站,121.36554,31.284942,上海市,上海市,普陀区,121.36091543560228,31.28679292844493,Transport
公厕,生活服务,公厕,121.365492,31.284831,上海市,上海市,普陀区,121.36086752298976,31.286682040606063,Toilet
医疗急救中心桃浦分站,医疗保健,急救中心,121.372691,31.287174,上海市,上海市,普陀区,121.36805556576628,31.28901487069469,Medical_Service
新杨工业园区,交通设施,公交站,121.354992,31.293932,上海市,上海市,普陀区,121.3503854363168,31.295795306472243,Transport
柳华路柳明路,交通设施,公交站,121.353195,31.299538,上海市,上海市,普陀区,121.3485914537308,31.301402055655227,Transport
柳园路柳明路,交通设施,公交站,121.353157,31.296979,上海市,上海市,普陀区,121.3485537507642,31.298844136348123,Transport
公厕,生活服务,公厕,121.356568,31.299217,上海市,上海市,普陀区,121.35195797057663,31.301075633398828,Toilet
新杨社区卫生运营服务站,医疗保健,综合医院,121.356405,31.295792,上海市,上海市,普陀区,121.3517955760772,31.297652259794173,Medical_Service
柳园路,交通设施,公交站,121.341404,31.295525,上海市,上海市,普陀区,121.33682544276968,31.297411610387886,Transport
柳明路柳华路,交通设施,公交站,121.352084,31.298778,上海市,上海市,普陀区,121.34748272439391,31.30064423483172,Transport
柳园路柳明路,交通设施,公交站,121.352833,31.297052,上海市,上海市,普陀区,121.3482303847155,31.298917652690186,Transport
柳园路真陈路,交通设施,公交站,121.34608,31.296241,上海市,上海市,普陀区,121.34149130980164,31.298118767140945,Transport
公厕,生活服务,公厕,121.344555,31.295954,上海市,上海市,普陀区,121.33996958212362,31.297834642346068,Toilet
祁连山路武威东路,交通设施,公交站,121.378096,31.276826,上海市,上海市,普陀区,121.37345469086227,31.278665340783885,Transport
公厕,生活服务,公厕,121.378521,31.273108,上海市,上海市,普陀区,121.37387953280214,31.274948494387736,Toilet
公厕,生活服务,公厕,121.377483,31.278118,上海市,上海市,普陀区,121.37284228700372,31.27995740863956,Toilet
古浪路,交通设施,地铁,121.392178,31.284594,上海市,上海市,普陀区,121.38752432533032,31.28641999584886,Transport
桃浦污水厂,交通设施,公交站,121.385913,31.288557,上海市,上海市,普陀区,121.38126305593582,31.29038492010172,Transport
祁安路古浪路,交通设施,公交站,121.385639,31.284462,上海市,上海市,普陀区,121.38098963388444,31.286291789468955,Transport
上海德济医院,医疗保健,综合医院,121.386216,31.283719,上海市,上海市,普陀区,121.38156623842228,31.285548697187604,Medical_Service
120急救中心分站,医疗保健,急救中心,121.386304,31.283645,上海市,上海市,普陀区,121.38165417603182,31.28547466807716,Medical_Service
祁安路地铁站3号口,交通设施,地铁,121.38398,31.291323,上海市,上海市,普陀区,121.37933144371178,31.29315120577676,Transport
祁安路地铁站2号口,交通设施,地铁,121.385741,31.291247,上海市,上海市,普陀区,121.38109095912984,31.293073946695014,Transport
古浪路地铁站4号口,交通设施,地铁,121.391732,31.282977,上海市,上海市,普陀区,121.38707869441336,31.284803863007888,Transport
古浪路地铁站5号口,交通设施,地铁,121.39187,31.284182,上海市,上海市,普陀区,121.3872165176398,31.28600830271687,Transport
古浪路地铁站6号口,交通设施,地铁,121.392048,31.285633,上海市,上海市,普陀区,121.38739430001053,31.287458625847748,Transport
上海德济医院胸痛中心,医疗保健,综合医院,121.386688,31.283403,上海市,上海市,普陀区,121.38203790093004,31.28523251125242,Medical_Service
上海德济医院·青岛大学上海临床医学院,医疗保健,综合医院,121.386326,31.28373,上海市,上海市,普陀区,121.38167615145665,31.28555961811953,Medical_Service
医疗急救中心德济医院分站,医疗保健,急救中心,121.386706,31.283659,上海市,上海市,普陀区,121.38205586486788,31.285488393633663,Medical_Service
上海德济医院急诊,医疗保健,综合医院,121.386576,31.283777,上海市,上海市,普陀区,121.38192595397622,31.285606431108874,Medical_Service
古浪路祁安路,交通设施,公交站,121.381097,31.283815,上海市,上海市,普陀区,121.3764518414738,31.285648641473852,Transport
古浪路祁连山路,交通设施,公交站,121.377789,31.284134,上海市,上海市,普陀区,121.3731474067803,31.285970603162227,Transport
祁连山路古浪路,交通设施,公交站,121.379069,31.282649,上海市,上海市,普陀区,121.37442609058076,31.284484972921828,Transport
公厕,生活服务,公厕,121.375243,31.286086,上海市,上海市,普陀区,121.37060431430992,31.28792444491434,Toilet
祁安路,交通设施,地铁,121.384853,31.291591,上海市,上海市,普陀区,121.38020366335442,31.293418442909054,Transport
祁安路连亮路,交通设施,公交站,121.38617,31.293904,上海市,上海市,普陀区,121.38151938543152,31.295729578733045,Transport
祁顺路连亮路,交通设施,公交站,121.390478,31.291902,上海市,上海市,普陀区,121.38582460759356,31.29372581935914,Transport
环镇南路鄂尔多斯路,交通设施,公交站,121.391558,31.294376,上海市,上海市,普陀区,121.38690379035916,31.296198297141853,Transport
第二社区卫生中心连亮路社区卫生服务站,医疗保健,综合医院,121.390338,31.291959,上海市,上海市,普陀区,121.38568468467189,31.29378286794995,Medical_Service
祁安路地铁站1号口,交通设施,地铁,121.38576,31.291697,上海市,上海市,普陀区,121.38110990452968,31.29352375134972,Transport
龙吴路银都路,交通设施,公交站,121.45443,31.108034,上海市,上海市,徐汇区,121.44986042109169,31.11000419506617,Transport
望月路银都路,交通设施,公交站,121.458336,31.108936,上海市,上海市,徐汇区,121.4537768574717,31.110914562302234,Transport
紫阳,交通设施,公交站,121.455734,31.112653,上海市,上海市,徐汇区,121.4511674673298,31.114623540121247,Transport
龙吴路华展路,交通设施,公交站,121.455755,31.112782,上海市,上海市,徐汇区,121.45118851223904,31.11475251604799,Transport
华展路龙吴路,交通设施,公交站,121.454058,31.112072,上海市,上海市,徐汇区,121.44948710336556,31.114039138651265,Transport
公共厕所,生活服务,公厕,121.453789,31.113645,上海市,上海市,徐汇区,121.44921726992006,31.11561068051548,Toilet
华泾镇社区卫生中心华阳社区卫生服务站,医疗保健,综合医院,121.45327,31.113593,上海市,上海市,徐汇区,121.44869693607524,31.115557580529693,Medical_Service
华泾镇政府,交通设施,公交站,121.456798,31.118981,上海市,上海市,徐汇区,121.45223378244005,31.120950464783466,Transport
龙吴路华泾路,交通设施,公交站,121.457012,31.118667,上海市,上海市,徐汇区,121.45244838997804,31.120637126863294,Transport
沙家浜小区,交通设施,公交站,121.46035,31.115917,上海市,上海市,徐汇区,121.45579590508666,31.117896465208972,Transport
印象欧洲社区卫生运营服务站,医疗保健,综合医院,121.461415,31.11711,上海市,上海市,徐汇区,121.45686384886147,31.119091377278085,Medical_Service
龙吴路,交通设施,地铁,121.457175,31.119983,上海市,上海市,徐汇区,121.45261172006424,31.121952778183758,Transport
华泾路,交通设施,地铁,121.456912,31.119996,上海市,上海市,徐汇区,121.45234800410203,31.121965168189355,Transport
龙吴路徐梅路,交通设施,公交站,121.456863,31.12211,上海市,上海市,徐汇区,121.4522986892421,31.12407789750991,Transport
大桥社区卫生运营服务站,医疗保健,综合医院,121.459273,31.122556,上海市,上海市,徐汇区,121.45471529515652,31.1245292566779,Medical_Service
华泾路龙吟路,交通设施,公交站,121.455227,31.119889,上海市,上海市,徐汇区,121.45065849719774,31.12185441825181,Transport
无障碍公厕,生活服务,公厕,121.45574,31.120004,上海市,上海市,徐汇区,121.45117285045424,31.12197050476154,Toilet
华泾路位育路,交通设施,公交站,121.445972,31.118286,上海市,上海市,徐汇区,121.4413809177234,31.1202331426742,Transport
华泾新村,交通设施,公交站,121.446029,31.11822,上海市,上海市,徐汇区,121.4414380519599,31.120167287308337,Transport
无障碍洗手间,生活服务,公厕,121.442672,31.117668,上海市,上海市,徐汇区,121.43807378245512,31.119609423574516,Toilet
华泾路长华路,交通设施,公交站,121.450292,31.11938,上海市,上海市,徐汇区,121.445710973461,31.12133509942447,Transport
长华路华泾路,交通设施,公交站,121.448968,31.120096,上海市,上海市,徐汇区,121.44438371397143,31.122048010178013,Transport
建华路位育路,交通设施,公交站,121.444881,31.121056,上海市,上海市,徐汇区,121.44028724658246,31.12299957241088,Transport
华泾卫生中心,交通设施,公交站,121.444959,31.121093,上海市,上海市,徐汇区,121.44036541546016,31.123036697169127,Transport
华泾镇社区卫生中心,医疗保健,综合医院,121.444518,31.121384,上海市,上海市,徐汇区,121.4399234211054,31.12332672081,Medical_Service
公厕,生活服务,公厕,121.446629,31.121724,上海市,上海市,徐汇区,121.44203911134882,31.123670512815995,Toilet
华泾镇社区卫生中心门诊,医疗保健,诊所,121.444504,31.121151,上海市,上海市,徐汇区,121.43990941061004,31.123093822666156,Medical_Service
江安路桂江路,交通设施,公交站,121.411263,31.147419,上海市,上海市,徐汇区,121.40662101455564,31.14930978188444,Transport
浦北路桂江路,交通设施,公交站,121.410423,31.150969,上海市,上海市,徐汇区,121.40578031651462,31.1528575808583,Transport
虹梅路顾戴路,交通设施,公交站,121.408953,31.147869,上海市,上海市,徐汇区,121.404309994743,31.14975874294297,Transport
公厕,生活服务,公厕,121.409097,31.150522,上海市,上海市,徐汇区,121.40445381698042,31.152410379127595,Toilet
女洗手间,生活服务,公厕,121.412072,31.150355,上海市,上海市,徐汇区,121.40743017006812,31.15224456185696,Toilet
男洗手间,生活服务,公厕,121.41208,31.150321,上海市,上海市,徐汇区,121.40743817725873,31.15221058334088,Toilet
钦州南路桂江路,交通设施,公交站,121.407023,31.155142,上海市,上海市,徐汇区,121.40237876046832,31.15702741476097,Transport
桂平路浦北路,交通设施,公交站,121.409611,31.154803,上海市,上海市,徐汇区,121.40496764242612,31.15668927993446,Transport
金地·喜悦荟oopcity-儿童专用公厕,生活服务,公厕,121.412056,31.151873,上海市,上海市,徐汇区,121.40741402966844,31.153761752031297,Toilet
桂平路钦州南路,交通设施,公交站,121.407644,31.158583,上海市,上海市,徐汇区,121.40299963345076,31.160466745832288,Transport
莲花路东兰路,交通设施,公交站,121.396617,31.153914,上海市,上海市,徐汇区,121.39197298112764,31.15580030952644,Transport
古美路东兰路,交通设施,公交站,121.400873,31.155561,上海市,上海市,徐汇区,121.39622811348674,31.15744576509884,Transport
出租车司机专用公厕,生活服务,公厕,121.400526,31.154753,上海市,上海市,徐汇区,121.39588120802966,31.156638215876274,Toilet
古美卫生运营服务站,医疗保健,综合医院,121.400743,31.156334,上海市,上海市,徐汇区,121.39609805464887,31.158218367860837,Medical_Service
虹梅路,交通设施,地铁,121.397207,31.160355,上海市,上海市,徐汇区,121.39256226559684,31.162237789189504,Transport
莲花路漕宝路,交通设施,公交站,121.394264,31.160775,上海市,上海市,徐汇区,121.38962017911888,31.162658419708475,Transport
虹梅路地铁站5号口,交通设施,地铁,121.396466,31.160431,上海市,上海市,徐汇区,121.39182145718242,31.162313928643723,Transport
虹梅路地铁站4号口,交通设施,地铁,121.395218,31.160109,上海市,上海市,徐汇区,121.3905738814986,31.16199245171805,Transport
田州路古美路,交通设施,公交站,121.396302,31.163241,上海市,上海市,徐汇区,121.39165726045574,31.165122506445776,Transport
莲花路田林路,交通设施,公交站,121.392577,31.165653,上海市,上海市,徐汇区,121.38793349419518,31.16753453375317,Transport
无障碍洗手间,生活服务,公厕,121.396938,31.165358,上海市,上海市,徐汇区,121.39229289928026,31.167238246802327,Toilet
母婴室,生活服务,公厕,121.397113,31.165155,上海市,上海市,徐汇区,121.39246787179611,31.16703531124525,Toilet
虹梅路宜山路,交通设施,公交站,121.398165,31.169402,上海市,上海市,徐汇区,121.39351926379486,31.17127989579405,Transport
宜山路虹梅路,交通设施,公交站,121.397438,31.169657,上海市,上海市,徐汇区,121.3927924005191,31.171534909846663,Transport
漕河泾开发区公园-公共厕所,生活服务,公厕,121.401221,31.168089,上海市,上海市,徐汇区,121.39657500585184,31.169967213088302,Toilet
上海瑞和门诊部,医疗保健,诊所,121.397852,31.168507,上海市,上海市,徐汇区,121.39320640676318,31.170385417645235,Medical_Service
古美路田林路,交通设施,公交站,121.39563,31.166521,上海市,上海市,徐汇区,121.39098518446144,31.168400991115387,Transport
古美路宜山路,交通设施,公交站,121.394686,31.168877,上海市,上海市,徐汇区,121.39004131174497,31.170756068720134,Transport
漕河泾开发区地铁站3号口,交通设施,地铁,121.397242,31.169983,上海市,上海市,徐汇区,121.39259641959823,31.171860784930363,Transport
桂箐路漕宝路,交通设施,公交站,121.407197,31.164064,上海市,上海市,徐汇区,121.4025520308044,31.165944785627303,Transport
桂平路漕宝路,交通设施,公交站,121.405874,31.161667,上海市,上海市,徐汇区,121.40122892825526,31.163548788566324,Transport
漕宝路桂平路,交通设施,公交站,121.406422,31.163223,上海市,上海市,徐汇区,121.4017769105428,31.165104069949976,Transport
mcdonalds,生活服务,公厕,121.404305,31.164419,上海市,上海市,徐汇区,121.39965943961158,31.16629916716327,Toilet
虹漕路,交通设施,地铁,121.41057,31.164004,上海市,上海市,徐汇区,121.40592624866149,31.165885798143936,Transport
虹漕路漕宝路,交通设施,公交站,121.411859,31.165012,上海市,上海市,徐汇区,121.40721578429672,31.166893785429085,Transport
漕宝路虹漕路,交通设施,公交站,121.410521,31.164004,上海市,上海市,徐汇区,121.4058772267152,31.16588578020812,Transport
无障碍洗手间,生活服务,公厕,121.410904,31.164458,上海市,上海市,徐汇区,121.4062603621812,31.166339687376063,Toilet
无障碍洗手间,生活服务,公厕,121.408399,31.163148,上海市,上海市,徐汇区,121.40375447332389,31.165029552867907,Toilet
男洗手间,生活服务,公厕,121.408496,31.163111,上海市,上海市,徐汇区,121.40385150916376,31.164992598432686,Toilet
女洗手间,生活服务,公厕,121.408481,31.163207,上海市,上海市,徐汇区,121.40383649573756,31.16508854437605,Toilet
虹漕路地铁站1号口,交通设施,地铁,121.411136,31.164482,上海市,上海市,徐汇区,121.40649246987026,31.166363764815134,Transport
虹漕路地铁站3号口,交通设施,地铁,121.409605,31.164219,上海市,上海市,徐汇区,121.404960821291,31.166100353176343,Transport
虹漕路田林路,交通设施,公交站,121.410979,31.168259,上海市,上海市,徐汇区,121.40633506678174,31.170138746888167,Transport
田林路桂箐路,交通设施,公交站,121.407304,31.168467,上海市,上海市,徐汇区,121.40265867702738,31.17034552741794,Transport
田林路虹漕路,交通设施,公交站,121.411793,31.169319,上海市,上海市,徐汇区,121.40714937565244,31.17119852854608,Transport
虹梅街道社区卫生中心-华鑫站,医疗保健,综合医院,121.410024,31.169345,上海市,上海市,徐汇区,121.4053795468123,31.17122383852557,Medical_Service
桂箐路全州路,交通设施,公交站,121.406601,31.167098,上海市,上海市,徐汇区,121.4019556153546,31.168977091907177,Transport
桂箐路平果路,交通设施,公交站,121.406013,31.16975,上海市,上海市,徐汇区,121.40136725352455,31.17162761909133,Transport
桂平路全州路,交通设施,公交站,121.404183,31.166166,上海市,上海市,徐汇区,121.39953727369054,31.16804525060609,Transport
桂箐路田林路,交通设施,公交站,121.406208,31.168979,上海市,上海市,徐汇区,121.40156236206226,31.170857049227426,Transport
田林路桂平路,交通设施,公交站,121.405338,31.168081,上海市,上海市,徐汇区,121.40069227065212,31.169959381668438,Transport
桂平路田林路,交通设施,公交站,121.40351,31.168695,上海市,上海市,徐汇区,121.3988639906678,31.170572898588546,Transport
公厕,生活服务,公厕,121.403883,31.166788,上海市,上海市,徐汇区,121.39923718855977,31.168666906413485,Toilet
桂箐路钦江路,交通设施,公交站,121.405078,31.174698,上海市,上海市,徐汇区,121.40043165204712,31.17657294542633,Transport
桂箐路宜山路,交通设施,公交站,121.405354,31.173127,上海市,上海市,徐汇区,121.40070783442296,31.17500278532066,Transport
桂平路宜山路,交通设施,公交站,121.402893,31.170845,上海市,上海市,徐汇区,121.39824676665086,31.17272176766946,Transport
钦江路桂平路,交通设施,公交站,121.402363,31.175017,上海市,上海市,徐汇区,121.3977163877595,31.1768916207588,Transport
宜山路桂箐路,交通设施,公交站,121.40471,31.171995,上海市,上海市,徐汇区,121.40006383253996,31.173871290695185,Transport
苍梧路宜山路,交通设施,公交站,121.412055,31.174438,上海市,上海市,徐汇区,121.40741106699468,31.17631500960659,Transport
宜山路虹漕路,交通设施,公交站,121.407459,31.172513,上海市,上海市,徐汇区,121.40281336842216,31.174389478153277,Transport
公厕,生活服务,公厕,121.409996,31.170505,上海市,上海市,徐汇区,121.40535143416665,31.172383231013832,Toilet
钦江路虹漕路,交通设施,公交站,121.407976,31.17608,上海市,上海市,徐汇区,121.4033302119458,31.177954774396287,Transport
虹漕路钦江路,交通设施,公交站,121.408613,31.177947,上海市,上海市,徐汇区,121.40396725857296,31.17982099036576,Transport
苍梧路钦江路,交通设施,公交站,121.41106,31.177583,上海市,上海市,徐汇区,121.4064152940026,31.17945799304152,Transport
钦州北路虹漕路,交通设施,公交站,121.407285,31.179386,上海市,上海市,徐汇区,121.40263872178754,31.18125892779584,Transport
上海海悦豪华酒店-洗手间,生活服务,公厕,121.410715,31.17641,上海市,上海市,徐汇区,121.4060702352348,31.178285459809636,Toilet
,交通设施,公交站,121.408945,31.175314,上海市,上海市,徐汇区,121.40429960518205,31.17718942929093,Transport
上海禾新医院内科,医疗保健,综合医院,121.409337,31.176668,上海市,上海市,徐汇区,121.40469163365977,31.178542856112937,Medical_Service
上海禾新医院神经内科,医疗保健,综合医院,121.409303,31.176693,上海市,上海市,徐汇区,121.40465761847284,31.17856783279333,Medical_Service
上海禾新医院-泌尿外科,医疗保健,综合医院,121.409413,31.176678,上海市,上海市,徐汇区,121.40476766209684,31.17855287480312,Medical_Service
上海禾新医院-皮肤科,医疗保健,综合医院,121.409425,31.176655,上海市,上海市,徐汇区,121.40477966875358,31.17852989032284,Medical_Service
上海禾新医院-妇科,医疗保健,综合医院,121.409234,31.176649,上海市,上海市,徐汇区,121.40458859608415,31.178523833979792,Medical_Service
上海禾新医院-康复科,医疗保健,综合医院,121.409678,31.17653,上海市,上海市,徐汇区,121.4050327795667,31.178405035355546,Medical_Service
上海禾新医院儿科,医疗保健,综合医院,121.409384,31.176656,上海市,上海市,徐汇区,121.4047386527918,31.17853087692155,Medical_Service
上海禾新医院-产科,医疗保健,综合医院,121.409418,31.176579,上海市,上海市,徐汇区,121.4047726726496,31.178453926908897,Medical_Service
桂箐路钦州北路,交通设施,公交站,121.404409,31.177803,上海市,上海市,徐汇区,121.399762287737,31.17967628947913,Transport
漕河泾开发区,交通设施,地铁,121.397784,31.170602,上海市,上海市,徐汇区,121.3931382393386,31.172479350757985,Transport
宜山路桂平路,交通设施,公交站,121.401437,31.171348,上海市,上海市,徐汇区,121.39679071424862,31.173224522691097,Transport
虹许路宜山路,交通设施,公交站,121.397707,31.171962,上海市,上海市,徐汇区,121.39306113808384,31.173838666718424,Transport
漕河泾开发区地铁站2号口,交通设施,地铁,121.398606,31.170649,上海市,上海市,徐汇区,121.39396007204527,31.172526175951123,Transport
漕河泾开发区地铁站1号口,交通设施,地铁,121.398473,31.171092,上海市,上海市,徐汇区,121.39382705757885,31.17296897029937,Transport
桂平路钦江路,交通设施,公交站,121.401438,31.176049,上海市,上海市,徐汇区,121.39679130520229,31.17792311277429,Transport
钦州北路桂平路,交通设施,公交站,121.40175,31.177769,上海市,上海市,徐汇区,121.39710314812584,31.179642224403267,Transport
上海嘉会国际医院,医疗保健,综合医院,121.40031,31.17546,上海市,上海市,徐汇区,121.39566342527486,31.177334488686565,Medical_Service
虹梅路环镇南路,交通设施,公交站,121.395142,31.175801,上海市,上海市,徐汇区,121.39049654345708,31.177676364590965,Transport
钦州北路苍梧路,交通设施,公交站,121.409591,31.180036,上海市,上海市,徐汇区,121.4049454397468,31.181909222025027,Transport
虹梅街道社区卫生中心桂林社区卫生服务站,医疗保健,综合医院,121.410078,31.180371,上海市,上海市,徐汇区,121.40543261030372,31.18224421454042,Medical_Service
姚虹路,交通设施,地铁,121.406389,31.19151,上海市,上海市,长宁区,121.401741441537,31.193376644766275,Transport
古羊路伊犁路,交通设施,公交站,121.406012,31.191579,上海市,上海市,长宁区,121.40136435355994,31.193445546216005,Transport
蓝宝石路玛瑙路,交通设施,公交站,121.402852,31.19278,上海市,上海市,长宁区,121.39820385581584,31.19464565994312,Transport
上海青月中医门诊部,医疗保健,诊所,121.405417,31.19358,上海市,上海市,长宁区,121.40076906521784,31.19544546173596,Medical_Service
古羊路姚虹路,交通设施,公交站,121.407462,31.191509,上海市,上海市,长宁区,121.4028147160296,31.19337586274129,Transport
姚虹路古羊路,交通设施,公交站,121.409043,31.1921,上海市,上海市,长宁区,121.40439618005274,31.193966983008423,Transport
姚虹路黄金城道,交通设施,公交站,121.409136,31.192871,上海市,上海市,长宁区,121.40448914738384,31.19473762701677,Transport
宋园路,交通设施,地铁,121.41206,31.196549,上海市,上海市,长宁区,121.40741414536832,31.19841487950029,Transport
虹桥路伊犁路,交通设施,公交站,121.407944,31.197415,上海市,上海市,长宁区,121.40329634489308,31.19927904601429,Transport
虹桥路宋园路,交通设施,公交站,121.410961,31.196581,上海市,上海市,长宁区,121.40631459366588,31.1984464133801,Transport
姚虹路虹桥路,交通设施,公交站,121.409892,31.196198,上海市,上海市,长宁区,121.40524515487462,31.198063217364314,Transport
虹桥路姚虹西路,交通设施,公交站,121.408682,31.197105,上海市,上海市,长宁区,121.40403461488016,31.19896939482579,Transport
宋园路地铁站1号口,交通设施,地铁,121.412007,31.196748,上海市,上海市,长宁区,121.4073611000913,31.198613758114817,Transport
古羊路水城路,交通设施,公交站,121.395622,31.19204,上海市,上海市,长宁区,121.39097496676264,31.19390702248538,Transport
古羊路古北路,交通设施,公交站,121.401294,31.191803,上海市,上海市,长宁区,121.39664593911355,31.193669167758014,Transport
蓝宝石路古北路,交通设施,公交站,121.399514,31.193257,上海市,上海市,长宁区,121.39486596434352,31.195122598691903,Transport
公厕,生活服务,公厕,121.400085,31.192094,上海市,上海市,长宁区,121.39543699910104,31.19396011280777,Toilet
武警总队医院,医疗保健,综合医院,121.387938,31.192654,上海市,上海市,长宁区,121.38329489293324,31.194524207241997,Medical_Service
医疗急救中心,医疗保健,急救中心,121.388907,31.192762,上海市,上海市,长宁区,121.38426322438846,31.194631579854583,Medical_Service
武警总队医院急诊部,医疗保健,综合医院,121.389028,31.192653,上海市,上海市,长宁区,121.38438415469128,31.194522565130324,Medical_Service
武警总队医院住院部,医疗保健,综合医院,121.387896,31.192943,上海市,上海市,长宁区,121.38325289736323,31.19481308913196,Medical_Service
虹桥路虹许路,交通设施,公交站,121.388979,31.198284,上海市,上海市,长宁区,121.38433469667436,31.20015080293505,Transport
延安西路虹许路,交通设施,公交站,121.387545,31.193778,上海市,上海市,长宁区,121.3829020751115,31.19564789161484,Transport
水城南路,交通设施,公交站,121.392349,31.197004,上海市,上海市,长宁区,121.38770287744144,31.19886974684481,Transport
虹梅路延安西路,交通设施,公交站,121.383266,31.19404,上海市,上海市,长宁区,121.37862656355148,31.19591280366844,Transport
公共厕所,生活服务,公厕,121.38421,31.196535,上海市,上海市,长宁区,121.37956949999116,31.19840583495154,Toilet
虹许路,交通设施,公交站,121.387326,31.193797,上海市,上海市,长宁区,121.38268323261856,31.195667020457808,Transport
虹桥路程家桥,交通设施,公交站,121.373491,31.190969,上海市,上海市,长宁区,121.36886285716332,31.19285282800616,Transport
程家桥,交通设施,公交站,121.373505,31.191004,上海市,上海市,长宁区,121.36887683552752,31.192887794565543,Transport
上海申德医院,医疗保健,综合医院,121.374159,31.191818,上海市,上海市,长宁区,121.36952990465164,31.193700649689838,Medical_Service
剑河路,交通设施,公交站,121.377104,31.189676,上海市,上海市,长宁区,121.37247142878316,31.19155657088115,Transport
程家桥街道社区卫生中心程桥二村社区卫生服务站,医疗保健,综合医院,121.375538,31.190608,上海市,上海市,长宁区,121.37090725145596,31.19248974234455,Medical_Service
凯迪华光公寓,交通设施,公交站,121.37848,31.190092,上海市,上海市,长宁区,121.3738458034798,31.191970994887885,Transport
龙溪路,交通设施,地铁,121.380039,31.194389,上海市,上海市,长宁区,121.37540272593124,31.196264386230624,Transport
虹桥路虹梅路,交通设施,公交站,121.381432,31.195243,上海市,上海市,长宁区,121.37679421740188,31.1971167255272,Transport
女洗手间,生活服务,公厕,121.380316,31.194676,上海市,上海市,长宁区,121.3756794090735,31.19655099213409,Toilet
桥家程砺彷希街道社区卫生中心,医疗保健,综合医院,121.375402,31.197668,上海市,上海市,长宁区,121.370770808233,31.19954638282272,Medical_Service
沪青平公路外环高速公路,交通设施,公交站,121.357681,31.183959,上海市,上海市,长宁区,121.35307887955103,31.18586810444184,Transport
程家桥街道社区卫生中心,医疗保健,综合医院,121.354255,31.183469,上海市,上海市,长宁区,121.34965943240442,31.185383909383177,Medical_Service
程家桥街道社区卫生中心机场新村社区卫生服务站,医疗保健,综合医院,121.354348,31.183456,上海市,上海市,长宁区,121.34975225287066,31.185370761807,Medical_Service
机场广场,交通设施,公交站,121.356064,31.188332,上海市,上海市,长宁区,121.35146453636814,31.190241496435,Transport
机场新村,交通设施,公交站,121.354988,31.185377,上海市,上海市,长宁区,121.3503908493109,31.187289737026138,Transport
虹井路,交通设施,公交站,121.369126,31.187026,上海市,上海市,长宁区,121.36450436086606,31.188917088880284,Transport
秀龙口腔专科医院,医疗保健,诊所,121.367781,31.187027,上海市,上海市,长宁区,121.36316140026292,31.188919836290008,Medical_Service
程家桥街道社区卫生中心,医疗保健,综合医院,121.37199,31.188122,上海市,上海市,长宁区,121.3673641420963,31.190009001803137,Medical_Service
程家桥街道社区卫生中心,医疗保健,综合医院,121.37207,31.188136,上海市,上海市,长宁区,121.36744403009342,31.190022899696867,Medical_Service
红十字老年护理医院,医疗保健,综合医院,121.371929,31.188397,上海市,上海市,长宁区,121.36730320286782,31.190283936586464,Medical_Service
程家桥街道社区卫生中心,医疗保健,综合医院,121.37204,31.188135,上海市,上海市,长宁区,121.36741407169713,31.19002193583165,Medical_Service
上海动物园,交通设施,公交站,121.367514,31.188998,上海市,上海市,长宁区,121.36289464180405,31.190890201229667,Transport
延安西路虹井路,交通设施,公交站,121.367663,31.186726,上海市,上海市,长宁区,121.36304360834356,31.18861914343264,Transport
临时站,交通设施,公交站,121.365455,31.18989,上海市,上海市,长宁区,121.36083882769672,31.19178454953957,Transport
上海动物园,交通设施,公交站,121.365408,31.189918,上海市,上海市,长宁区,121.3607919014327,31.19181260074186,Transport
上海动物园,交通设施,公交站,121.365508,31.189975,上海市,上海市,长宁区,121.36089173453044,31.191869433592064,Transport
上海动物园,交通设施,公交站,121.36537,31.189899,上海市,上海市,长宁区,121.36075396471226,31.191793663003025,Transport
上海动物园,交通设施,公交站,121.365354,31.189883,上海市,上海市,长宁区,121.36073799206412,31.1917776932304,Transport
公厕,生活服务,公厕,121.365949,31.190686,上海市,上海市,长宁区,121.3613319626308,31.192579470249928,Toilet
程家桥街道社区卫生中心门诊部,医疗保健,诊所,121.367467,31.18948,上海市,上海市,长宁区,121.3628476728694,31.191372022404963,Medical_Service
程家桥卫生中心,医疗保健,综合医院,121.367346,31.189696,上海市,上海市,长宁区,121.36272684208048,31.191588075360745,Medical_Service
程桥社区卫生中心-预防接种门诊,医疗保健,诊所,121.367375,31.189683,上海市,上海市,长宁区,121.36275579811728,31.19157504323526,Medical_Service
程家桥街道社区卫生中心儿童保健园,医疗保健,综合医院,121.367282,31.190047,上海市,上海市,长宁区,121.3626629112555,31.19193898519165,Medical_Service
上海动物园地铁站4号口,交通设施,地铁,121.36767,31.190557,上海市,上海市,长宁区,121.36305026530184,31.19244821486922,Transport
上海动物园,交通设施,地铁,121.368117,31.190292,上海市,上海市,长宁区,121.36349660158902,31.192182758874303,Transport
哈密路虹桥路,交通设施,公交站,121.36991,31.191184,上海市,上海市,长宁区,121.36528684123718,31.193072013682983,Transport
上海动物园医疗站,医疗保健,诊所,121.36816,31.19177,上海市,上海市,长宁区,121.36353940770248,31.193659964952065,Medical_Service
上海动物园地铁站1号口,交通设施,地铁,121.36889,31.190493,上海市,上海市,长宁区,121.36426841332111,31.192382655026915,Transport
剑河路青溪路,交通设施,公交站,121.370121,31.197481,上海市,上海市,长宁区,121.36549698669027,31.199365623696952,Transport
剑河路平溪路,交通设施,公交站,121.371855,31.195022,上海市,上海市,长宁区,121.36722873067704,31.19690572213488,Transport
哈密路青溪路,交通设施,公交站,121.367856,31.195745,上海市,上海市,长宁区,121.36323552870236,31.19763338903376,Transport
公厕,生活服务,公厕,121.366364,31.19415,上海市,上海市,长宁区,121.36174599985824,31.19604117813435,Toilet
迎宾三路空港一路,交通设施,公交站,121.349928,31.184921,上海市,上海市,长宁区,121.34534093393889,31.186842532949782,Transport
虹桥1号航站楼,交通设施,地铁,121.347355,31.191325,上海市,上海市,长宁区,121.3427726989517,31.19324785197478,Transport
公厕,生活服务,公厕,121.347933,31.192626,上海市,上海市,长宁区,121.34334938084484,31.194547176882896,Toilet
公厕,生活服务,公厕,121.347356,31.190588,上海市,上海市,长宁区,121.34277376047372,31.19251121804722,Toilet
男洗手间,生活服务,公厕,121.347646,31.19175,上海市,上海市,长宁区,121.3430630544186,31.19367212245012,Toilet
公厕,生活服务,公厕,121.346081,31.1926,上海市,上海市,长宁区,121.34150126812446,31.194524497525265,Toilet
公厕,生活服务,公厕,121.346361,31.19331,上海市,上海市,长宁区,121.34178061554736,31.195233640973285,Toilet
女洗手间,生活服务,公厕,121.346345,31.193117,上海市,上海市,长宁区,121.34176466595524,31.19504076568237,Toilet
无障碍洗手间,生活服务,公厕,121.346359,31.193038,上海市,上海市,长宁区,121.34177864323928,31.1949617798375,Toilet
无障碍洗手间,生活服务,公厕,121.34684,31.193389,上海市,上海市,长宁区,121.34225860035738,31.195311743277607,Toilet
无障碍洗手间,生活服务,公厕,121.3462,31.192939,上海市,上海市,长宁区,121.3416199873997,31.194863114770847,Toilet
公厕,生活服务,公厕,121.345934,31.193412,上海市,上海市,长宁区,121.34135450903705,31.19533635827556,Toilet
无障碍洗手间,生活服务,公厕,121.346076,31.192736,上海市,上海市,长宁区,121.3414962669604,31.194660438830976,Toilet
无障碍洗手间,生活服务,公厕,121.346015,31.193419,上海市,上海市,长宁区,121.34143533703018,31.195343208907943,Toilet
无障碍洗手间,生活服务,公厕,121.346427,31.193288,上海市,上海市,长宁区,121.34184647826471,31.19521153343537,Toilet
母婴室,生活服务,公厕,121.346493,31.193726,上海市,上海市,长宁区,121.34191230135954,31.195649197310576,Toilet
女洗手间,生活服务,公厕,121.346113,31.192963,上海市,上海市,长宁区,121.34153316915412,31.194887259300607,Toilet
女洗手间,生活服务,公厕,121.346791,31.193343,上海市,上海市,长宁区,121.34220970729328,31.1952658538066,Toilet
男洗手间,生活服务,公厕,121.346844,31.193372,上海市,上海市,长宁区,121.3422625934212,31.19529474457504,Toilet
男洗手间,生活服务,公厕,121.34607,31.192876,上海市,上海市,长宁区,121.34149026756602,31.194800379961485,Toilet
男洗手间,生活服务,公厕,121.346409,31.193071,上海市,上海市,长宁区,121.3418285349426,31.19499467366008,Toilet
公厕,生活服务,公厕,121.346402,31.193635,上海市,上海市,长宁区,121.34182150102976,31.19555840581411,Toilet
母婴室,生活服务,公厕,121.346232,31.192836,上海市,上海市,长宁区,121.34165192870708,31.19476010849448,Toilet
母婴室,生活服务,公厕,121.346386,31.193374,上海市,上海市,长宁区,121.34180555729505,31.19529756426808,Toilet
婴儿换洗间/哺乳室/母婴室,生活服务,公厕,121.346177,31.192875,上海市,上海市,长宁区,121.34159704150724,31.19479918796881,Toilet
婴儿换洗间/哺乳室/母婴室,生活服务,公厕,121.346802,31.193387,上海市,上海市,长宁区,121.34222068037722,31.195309812249363,Toilet
虹桥1号航站楼地铁站3号口,交通设施,地铁,121.346786,31.191772,上海市,上海市,长宁区,121.34220485338926,31.193695644840652,Transport
虹桥1号航站楼地铁站1号口,交通设施,地铁,121.347873,31.191815,上海市,上海市,长宁区,121.3432895757382,31.193736687192224,Transport
上中西路凌云路,交通设施,公交站,121.420846,31.132722,上海市,上海市,徐汇区,121.41621240031314,31.13462656639317,Transport
凌云路上中西路,交通设施,公交站,121.42196,31.132158,上海市,上海市,徐汇区,121.41732759325932,31.134063827837217,Transport
凌云街道社区卫生中心,医疗保健,综合医院,121.421489,31.132269,上海市,上海市,徐汇区,121.41685609190762,31.13417435662368,Medical_Service
凌云路街道社区卫生中心,医疗保健,综合医院,121.421621,31.132386,上海市,上海市,徐汇区,121.41698821837328,31.13429140751648,Medical_Service
龙州路罗秀路,交通设施,公交站,121.426323,31.13086,上海市,上海市,徐汇区,121.42169581783745,31.13277081281333,Transport
凌云路罗秀路,交通设施,公交站,121.422386,31.131564,上海市,上海市,徐汇区,121.4177540996728,31.1334705299434,Transport
罗秀路凌云路,交通设施,公交站,121.42282,31.129455,上海市,上海市,徐汇区,121.41818875595791,31.131363069719885,Transport
公厕,生活服务,公厕,121.425632,31.132227,上海市,上海市,徐汇区,121.42100382290292,31.134136337460266,Toilet
无障碍公厕,生活服务,公厕,121.425653,31.132223,上海市,上海市,徐汇区,121.42102484951488,31.13413236164508,Toilet
龙州路嘉川路,交通设施,公交站,121.423889,31.136705,上海市,上海市,徐汇区,121.41925833513244,31.13861016097331,Transport
龙州路上中西路,交通设施,公交站,121.424478,31.135286,上海市,上海市,徐汇区,121.4198481497786,31.13719250487328,Transport
上中西路天等路,交通设施,公交站,121.42572,31.134529,上海市,上海市,徐汇区,121.4210917334329,31.136437185527253,Transport
上中西路龙州路,交通设施,公交站,121.423693,31.133659,上海市,上海市,徐汇区,121.4190623733874,31.13556561470976,Transport
公厕,生活服务,公厕,121.424883,31.135446,上海市,上海市,徐汇区,121.4202536219843,31.137352825862628,Toilet
公厕,生活服务,公厕,121.424582,31.134746,上海市,上海市,徐汇区,121.41995232063,31.13665290009551,Toilet
洗手间,生活服务,公厕,121.425689,31.135117,上海市,上海市,徐汇区,121.42106064355002,31.13702483562974,Toilet
天等路上中西路,交通设施,公交站,121.428152,31.135453,上海市,上海市,徐汇区,121.42352685955306,31.13736337679156,Transport
上中西路老沪闵路,交通设施,公交站,121.431572,31.136285,上海市,上海市,徐汇区,121.42695181488958,31.138199151372756,Transport
嘉川路天等路,交通设施,公交站,121.42744,31.138617,上海市,上海市,徐汇区,121.42281361451218,31.14052485923021,Transport
百色路老沪闵路,交通设施,公交站,121.429697,31.142196,上海市,上海市,徐汇区,121.425073471436,31.144104599668296,Transport
嘉川路老沪闵路,交通设施,公交站,121.431033,31.140294,上海市,上海市,徐汇区,121.4264116351109,31.142205297376403,Transport
老沪闵路上中路,交通设施,公交站,121.431326,31.138982,上海市,上海市,徐汇区,121.42670519942936,31.14089437999501,Transport
龙州路梅陇路,交通设施,公交站,121.423106,31.138213,上海市,上海市,徐汇区,121.4184743133022,31.140116603824143,Transport
华东理工大学,交通设施,公交站,121.425218,31.140801,上海市,上海市,徐汇区,121.42058856594028,31.14270528981409,Transport
华东理工大学堂医院,医疗保健,综合医院,121.423486,31.141798,上海市,上海市,徐汇区,121.41885443050607,31.14370003970122,Medical_Service
梅陇路虹梅南路,交通设施,公交站,121.41534,31.137118,上海市,上海市,徐汇区,121.41070133475966,31.139016293078893,Transport
虹梅南路梅陇路,交通设施,公交站,121.414997,31.135928,上海市,上海市,徐汇区,121.41035819987756,31.137826736432245,Transport
凌云路梅陇路,交通设施,公交站,121.418955,31.137578,上海市,上海市,徐汇区,121.41431918783104,31.139478452127463,Transport
凌云路嘉川路,交通设施,公交站,121.420526,31.134892,上海市,上海市,徐汇区,121.41589189552047,31.1367951296755,Transport
嘉川路虹梅南路,交通设施,公交站,121.417917,31.134583,上海市,上海市,徐汇区,121.41328054579648,31.136484314227857,Transport
出租车司机专用公厕,生活服务,公厕,121.420763,31.134017,上海市,上海市,徐汇区,121.41612920531182,31.13592079738043,Toilet
锦江乐园,交通设施,地铁,121.414083,31.142219,上海市,上海市,徐汇区,121.4094430492646,31.14411385853269,Transport
梅陇汽车站,交通设施,公交站,121.412892,31.141454,上海市,上海市,徐汇区,121.40825139543988,31.143348672996463,Transport
梅陇,交通设施,公交站,121.412785,31.141079,上海市,上海市,徐汇区,121.4081443670187,31.142973823510207,Transport
梅陇西南汽车站,交通设施,公交站,121.41279,31.141175,上海市,上海市,徐汇区,121.40814936151509,31.14306977443353,Transport
沪闵路虹梅南路,交通设施,公交站,121.413811,31.142482,上海市,上海市,徐汇区,121.40917085523888,31.14437657634864,Transport
KFC,生活服务,公厕,121.414284,31.142497,上海市,上海市,徐汇区,121.40964415414744,31.144391816617897,Toilet
锦江乐园地铁站出入口,交通设施,地铁,121.413941,31.14227,上海市,上海市,徐汇区,121.40930095497642,31.14416475694517,Transport
锦江乐园地铁站北1口,交通设施,地铁,121.414099,31.142413,上海市,上海市,徐汇区,121.40945904260268,31.14430776321217,Transport
锦江乐园地铁站北2出口,交通设施,地铁,121.413684,31.142013,上海市,上海市,徐汇区,121.40904381741456,31.143907762255058,Transport
mcdonalds虹梅南路店洗手间,生活服务,公厕,121.413712,31.142001,上海市,上海市,徐汇区,121.40907183570567,31.14389578292852,Toilet
朱梅路,交通设施,地铁,121.437825,31.124327,上海市,上海市,徐汇区,121.43321657546956,31.12625666107865,Transport
罗秀路老沪闵路,交通设施,公交站,121.437212,31.131832,上海市,上海市,徐汇区,121.43260178860255,31.13375662213568,Transport
星秀社区卫生运营服务站,医疗保健,综合医院,121.437366,31.132971,上海市,上海市,徐汇区,121.43275597400743,31.134895244818328,Medical_Service
罗秀路,交通设施,地铁,121.435829,31.13154,上海市,上海市,徐汇区,121.43121631577222,31.13346267768837,Transport
大华医院,医疗保健,综合医院,121.434321,31.132356,上海市,上海市,徐汇区,121.42970562941542,31.13427603505328,Medical_Service
老沪闵路罗秀路,交通设施,公交站,121.435634,31.132473,上海市,上海市,徐汇区,121.4310208903661,31.13439488254643,Transport
罗秀路地铁站2号口,交通设施,地铁,121.435609,31.131101,上海市,上海市,徐汇区,121.43099596512768,31.13302358849135,Transport
罗秀路地铁站3号口,交通设施,地铁,121.435271,31.132402,上海市,上海市,徐汇区,121.43065726003272,31.13432338539213,Transport
罗秀路地铁站1号口,交通设施,地铁,121.436488,31.131551,上海市,上海市,徐汇区,121.43187649338849,31.13347466362391,Transport
大华医院综合楼,医疗保健,综合医院,121.434756,31.132474,上海市,上海市,徐汇区,121.43014136206968,31.134394596155147,Medical_Service
大华医院-预检分诊,医疗保健,综合医院,121.43456,31.132705,上海市,上海市,徐汇区,121.42994500616796,31.134625188586377,Medical_Service
大华医院-煎药室,医疗保健,综合医院,121.434096,31.132293,上海市,上海市,徐汇区,121.42948025434984,31.134212749054846,Medical_Service
大华医院-体检部,医疗保健,综合医院,121.434596,31.132479,上海市,上海市,徐汇区,121.42998108729344,31.13439936264463,Medical_Service
大华医院-消化内科,医疗保健,综合医院,121.434742,31.132733,上海市,上海市,徐汇区,121.4301273155812,31.134653435786507,Medical_Service
大华医院-肛肠科,医疗保健,综合医院,121.434945,31.132516,上海市,上海市,徐汇区,121.43033068414935,31.13443684746658,Medical_Service
大华医院-口腔科,医疗保健,综合医院,121.434905,31.132565,上海市,上海市,徐汇区,121.43029061082176,31.134485762829748,Medical_Service
大华医院-皮肤科,医疗保健,综合医院,121.434985,31.132705,上海市,上海市,徐汇区,121.43037073694433,31.13462580340213,Medical_Service
大华医院门诊部,医疗保健,综合医院,121.434872,31.132737,上海市,上海市,徐汇区,121.43025753899096,31.13465762187453,Medical_Service
大华医院-输液室,医疗保健,综合医院,121.434409,31.1327,上海市,上海市,徐汇区,121.42979374913696,31.134619974698023,Medical_Service
上海乐聚护理站,医疗保健,诊所,121.445885,31.132424,上海市,上海市,徐汇区,121.44129250075636,31.13436326568475,Medical_Service
龙川路罗香路,交通设施,公交站,121.442303,31.137812,上海市,上海市,徐汇区,121.43770226847164,31.139741814409117,Transport
龙川路罗秀路,交通设施,公交站,121.443274,31.134782,上海市,上海市,徐汇区,121.43867557725198,31.136715171200848,Transport
罗秀路龙川路,交通设施,公交站,121.445479,31.133507,上海市,上海市,徐汇区,121.44088549734931,31.135444913131728,Transport
公厕,生活服务,公厕,121.444829,31.133647,上海市,上海市,徐汇区,121.44023404419396,31.135583622978668,Toilet
公共厕所,生活服务,公厕,121.442084,31.136551,上海市,上海市,徐汇区,121.43748292199648,31.138481109256887,Toilet
平福路罗秀路,交通设施,公交站,121.448292,31.136497,上海市,上海市,徐汇区,121.44370469485344,31.138438741409253,Transport
罗秀路龙吴路,交通设施,公交站,121.451403,31.13515,上海市,上海市,徐汇区,121.44682335455164,31.137098827004035,Transport
公厕,生活服务,公厕,121.450516,31.135486,上海市,上海市,徐汇区,121.4459341325326,31.137432796826975,Toilet
平福路上中路,交通设施,公交站,121.447038,31.140326,上海市,上海市,徐汇区,121.44244744253712,31.142263221142343,Transport
龙临路上中路,交通设施,公交站,121.436629,31.135679,上海市,上海市,徐汇区,121.43201739093612,31.137600647412395,Transport
上海中学,交通设施,公交站,121.436661,31.13775,上海市,上海市,徐汇区,121.43204926960756,31.139670581105197,Transport
上中路龙临路,交通设施,公交站,121.433585,31.136609,上海市,上海市,徐汇区,121.42896802567026,31.138525699992478,Transport
老沪闵路上中路,交通设施,公交站,121.432976,31.135232,上海市,上海市,徐汇区,121.42835814345707,31.1371485998942,Transport
公厕,生活服务,公厕,121.43642,31.136013,上海市,上海市,徐汇区,121.43180798443552,31.137934149600422,Toilet
无障碍公厕,生活服务,公厕,121.436379,31.136044,上海市,上海市,徐汇区,121.43176690793356,31.13796507076906,Toilet
园南新村,交通设施,公交站,121.439016,31.141206,上海市,上海市,徐汇区,121.43440837690964,31.143128435928908,Transport
龙川北路上中路,交通设施,公交站,121.439969,31.139542,上海市,上海市,徐汇区,121.43536338072016,31.141466894089938,Transport
龙川北路百色路,交通设施,公交站,121.438882,31.141686,上海市,上海市,徐汇区,121.43427407737018,31.14360796171404,Transport
长桥街道社区卫生中心,医疗保健,综合医院,121.440659,31.139147,上海市,上海市,徐汇区,121.43605478865696,31.141073263099127,Medical_Service
长桥街道社区卫生中心-预防接种门诊,医疗保健,诊所,121.44078,31.139122,上海市,上海市,徐汇区,121.4361760340691,31.14104848140109,Medical_Service
嘉川路百色路,交通设施,公交站,121.433931,31.142036,上海市,上海市,徐汇区,121.4293141327866,31.14395027254656,Transport
上海植物园-公厕,生活服务,公厕,121.439819,31.144629,上海市,上海市,徐汇区,121.435212644821,31.146550923717005,Toilet
龙川北路罗城路,交通设施,公交站,121.43695,31.150771,上海市,上海市,徐汇区,121.43233766798018,31.152685076988654,Transport
公厕,生活服务,公厕,121.437258,31.149581,上海市,上海市,徐汇区,121.43264633637236,31.15149618294273,Toilet
上海植物园-公厕,生活服务,公厕,121.4399,31.147552,上海市,上海市,徐汇区,121.43529355131643,31.149472502053957,Toilet
石龙路龙川北路,交通设施,公交站,121.432208,31.150426,上海市,上海市,徐汇区,121.4275875901214,31.152333440060023,Transport
龙川北路石龙路,交通设施,公交站,121.436372,31.15178,上海市,上海市,徐汇区,121.43175853229636,31.15369266127204,Transport
公厕,生活服务,公厕,121.432323,31.151178,上海市,上海市,徐汇区,121.42770270815107,31.15308519617262,Toilet
上海植物园-公厕,生活服务,公厕,121.445538,31.151971,上海市,上海市,徐汇区,121.44094303324434,31.15389915499185,Toilet
龙吴路黄石路,交通设施,公交站,121.449938,31.155389,上海市,上海市,徐汇区,121.44535300313233,31.157324004456463,Transport
龙启路,交通设施,地铁,121.449278,31.158671,上海市,上海市,徐汇区,121.4446911256022,31.160602938420297,Transport
石龙路,交通设施,地铁,121.443188,31.157962,上海市,上海市,徐汇区,121.4385873892706,31.15988268357016,Transport
石龙路地铁站,交通设施,公交站,121.443435,31.157415,上海市,上海市,徐汇区,121.43883496339036,31.15933641416024,Transport
石龙路东泉路,交通设施,公交站,121.446077,31.157752,上海市,上海市,徐汇区,121.4414827446134,31.15967813281432,Transport
公厕,生活服务,公厕,121.446647,31.157692,上海市,上海市,徐汇区,121.4420540449646,31.159619255650192,Toilet
公厕,生活服务,公厕,121.443851,31.157974,上海市,上海市,徐汇区,121.43925180864711,31.159895873851315,Toilet
无障碍公厕,生活服务,公厕,121.443839,31.157938,上海市,上海市,徐汇区,121.43923978587192,31.15985987091101,Toilet
沪申五官科医院,医疗保健,综合医院,121.442801,31.156673,上海市,上海市,徐汇区,121.43819968115322,31.158593669362517,Medical_Service
石龙路地铁站西南出口,交通设施,地铁,121.442955,31.157753,上海市,上海市,徐汇区,121.43835391302704,31.159673376731604,Transport
石龙路地铁站东北出口,交通设施,地铁,121.443181,31.15802,上海市,上海市,徐汇区,121.43858036936382,31.159940640628157,Transport
石龙路地铁站东南入口,交通设施,地铁,121.443289,31.157837,上海市,上海市,徐汇区,121.43868861515226,31.159757930264405,Transport
石龙路地铁站西北入口,交通设施,地铁,121.442767,31.15796,上海市,上海市,徐汇区,121.43816549810188,31.1598799337924,Transport
上海南站,交通设施,公交站,121.435839,31.152427,上海市,上海市,徐汇区,121.43122452420955,31.15433851845049,Transport
上海南站南广场,交通设施,公交站,121.434073,31.152723,上海市,上海市,徐汇区,121.42945544524436,31.154631793807003,Transport
上海长途客运南站,交通设施,公交站,121.433114,31.152588,上海市,上海市,徐汇区,121.4284948644342,31.15449552596453,Transport
上海南站,交通设施,公交站,121.432709,31.1527,上海市,上海市,徐汇区,121.42808919613086,31.1546069131589,Transport
公厕,生活服务,公厕,121.432463,31.151857,上海市,上海市,徐汇区,121.42784287325284,31.153764025496837,Toilet
KFC,生活服务,公厕,121.43335,31.152036,上海市,上海市,徐汇区,121.42873129988948,31.153944143362928,Toilet
永川路石龙路,交通设施,公交站,121.439373,31.154721,上海市,上海市,徐汇区,121.4347648983932,31.15663684119,Transport
永川路罗城路,交通设施,公交站,121.440012,31.152462,上海市,上海市,徐汇区,121.43540534733847,31.154380087491035,Transport
石龙路永川路,交通设施,公交站,121.438181,31.155269,上海市,上海市,徐汇区,121.4335705656416,31.15718262894404,Transport
南宁路宾南路,交通设施,公交站,121.437106,31.160409,上海市,上海市,徐汇区,121.43249311865024,31.162318249635565,Transport
桂江路沪闵路,交通设施,公交站,121.412623,31.142884,上海市,上海市,徐汇区,121.40798211899936,31.144777782650763,Transport
沪闵路虹漕南路,交通设施,公交站,121.416681,31.145817,上海市,上海市,徐汇区,121.41204257093386,31.14771145960396,Transport
沪闵路虹梅南路,交通设施,公交站,121.413886,31.143116,上海市,上海市,徐汇区,121.40924584696164,31.145010276179157,Transport
凌云街道社区卫生中心凌云新村社区卫生服务站,医疗保健,综合医院,121.41699,31.142609,上海市,上海市,徐汇区,121.41235209175964,31.144505372561,Medical_Service
虹漕南路江安路,交通设施,公交站,121.417402,31.148542,上海市,上海市,徐汇区,121.4127639071896,31.150435487586066,Transport
桂平路江安路,交通设施,公交站,121.412509,31.148053,上海市,上海市,徐汇区,121.40786760650032,31.149943976906947,Transport
江安路桂平路,交通设施,公交站,121.414264,31.14833,上海市,上海市,徐汇区,121.40962363440264,31.150221698406067,Transport
康健街道社区卫生中心,医疗保健,综合医院,121.414654,31.147981,上海市,上海市,徐汇区,121.41001392084938,31.14987309570265,Medical_Service
康健街道社区卫生中心儿童保健预防接种门诊,医疗保健,综合医院,121.414186,31.148195,上海市,上海市,徐汇区,121.40954559588484,31.15008672849683,Medical_Service
康健街道社区卫生中心补液室,医疗保健,综合医院,121.414847,31.148456,上海市,上海市,徐汇区,121.41020700932908,31.150347951012144,Medical_Service
康健社区医养健康中心,医疗保健,诊所,121.41492,31.148251,上海市,上海市,徐汇区,121.4102800767388,31.15014310091306,Medical_Service
预防接种和儿童保健门诊,医疗保健,诊所,121.41404,31.148041,上海市,上海市,徐汇区,121.40939951608544,31.149932733188525,Medical_Service
康健街道社区卫生中心儿童保健门诊,医疗保健,综合医院,121.414153,31.148133,上海市,上海市,徐汇区,121.40951258011118,31.150024743907792,Medical_Service
华东理工大学,交通设施,地铁,121.429096,31.143385,上海市,上海市,徐汇区,121.4244714991256,31.145292234219788,Transport
华东理工大学,交通设施,公交站,121.42923,31.142591,上海市,上海市,徐汇区,121.42460576017152,31.144498819884923,Transport
慈力中医诊所,医疗保健,诊所,121.429123,31.144453,上海市,上海市,徐汇区,121.42449844514142,31.146359696618347,Medical_Service
慈力诊所,医疗保健,诊所,121.429101,31.144497,上海市,上海市,徐汇区,121.42447640983038,31.14640364670434,Medical_Service
汇澜社区卫生运营服务站,医疗保健,综合医院,121.429076,31.145022,上海市,上海市,徐汇区,121.42445132853382,31.14692833674863,Medical_Service
华东理工大学地铁站2号口,交通设施,地铁,121.429311,31.14345,上海市,上海市,徐汇区,121.4246868022898,31.145357458805844,Transport
华东理工大学地铁站3号口,交通设施,地铁,121.428856,31.143576,上海市,上海市,徐汇区,121.42423114067252,31.14548284516048,Transport
石龙路老沪闵路,交通设施,公交站,121.429555,31.147824,上海市,上海市,徐汇区,121.42493077625994,31.14972942588085,Transport
漕河泾街道社区卫生中心,医疗保健,综合医院,121.429733,31.149297,上海市,上海市,徐汇区,121.4251089082074,31.151201862341072,Medical_Service
沪闵路桂林路,交通设施,公交站,121.422367,31.151248,上海市,上海市,徐汇区,121.417733370439,31.153143974954656,Transport
乐泰精品花庭豪华酒店-洗手间,生活服务,公厕,121.426653,31.147879,上海市,上海市,徐汇区,121.4220247687266,31.14978103728462,Toilet
金塘社区卫生运营服务站,医疗保健,综合医院,121.425298,31.148426,上海市,上海市,徐汇区,121.42066800264392,31.150326306020023,Medical_Service
浦北路桂林路,交通设施,公交站,121.422629,31.155578,上海市,上海市,徐汇区,121.41799527871711,31.15747192945685,Transport
桂林路桂林西街,交通设施,公交站,121.423176,31.153404,上海市,上海市,徐汇区,121.41854307283865,31.155299580705183,Transport
上海南站,交通设施,公交站,121.426606,31.15313,上海市,上海市,徐汇区,121.42197725177355,31.155029206446677,Transport
公厕,生活服务,公厕,121.426922,31.152696,上海市,上海市,徐汇区,121.42229370329672,31.15459578255225,Toilet
康强坊社区卫生运营服务站,医疗保健,综合医院,121.423885,31.154385,上海市,上海市,徐汇区,121.41925279577194,31.15628074017591,Medical_Service
上海南站地铁站8号口,交通设施,地铁,121.430282,31.157101,上海市,上海市,徐汇区,121.4256580425518,31.15900242736815,Transport
出租车司机专用公厕,生活服务,公厕,121.42052,31.154584,上海市,上海市,徐汇区,121.41588417963634,31.156476625887937,Toilet
钦州南路桂林路,交通设施,公交站,121.417498,31.157712,上海市,上海市,徐汇区,121.41285918879628,31.15960071555673,Transport
桂林路桂林东街,交通设施,公交站,121.420281,31.157099,上海市,上海市,徐汇区,121.4156447283889,31.158990109583996,Transport
公厕,生活服务,公厕,121.417597,31.160554,上海市,上海市,徐汇区,121.41295802316138,31.162441296002694,Toilet
公厕,生活服务,公厕,121.421258,31.157688,上海市,上海市,徐汇区,121.41662264788458,31.15957961131077,Toilet
康乐社区卫生运营服务站,医疗保健,综合医院,121.421256,31.157661,上海市,上海市,徐汇区,121.41662064819128,31.15955262376465,Medical_Service
钦州南路虹漕南路,交通设施,公交站,121.414895,31.157027,上海市,上海市,徐汇区,121.41025429703326,31.15891445445556,Transport
公厕,生活服务,公厕,121.415753,31.159719,上海市,上海市,徐汇区,121.41111266622568,31.16160554437662,Toilet
上海师范大学西部校医院,医疗保健,综合医院,121.4162,31.15914,上海市,上海市,徐汇区,121.41156004639286,31.161027121054968,Medical_Service
数码诊所,医疗保健,诊所,121.416013,31.159598,上海市,上海市,徐汇区,121.41137286729762,31.16148476580664,Medical_Service
徐浦大桥,交通设施,地铁,121.455986,31.127147,上海市,上海市,徐汇区,121.4514188927216,31.12911015501688,Transport
龙吴路华发路,交通设施,公交站,121.455562,31.128073,上海市,上海市,徐汇区,121.45099368135908,31.13003469688071,Transport
华发路龙吴路,交通设施,公交站,121.454858,31.127156,上海市,上海市,徐汇区,121.45028789714443,31.129116624666946,Transport
徐浦大桥,交通设施,公交站,121.455649,31.127958,上海市,上海市,徐汇区,121.4510809228819,31.12991995474536,Transport
徐梅路龙吴路,交通设施,公交站,121.459187,31.124576,上海市,上海市,徐汇区,121.45462888054608,31.126547949474173,Transport
龙耀路,交通设施,地铁,121.459747,31.159703,上海市,上海市,徐汇区,121.45518743054213,31.16165749019644,Transport
云锦路龙耀路,交通设施,公交站,121.459802,31.159211,上海市,上海市,徐汇区,121.45524262810088,31.161165878396027,Transport
无障碍洗手间,生活服务,公厕,121.459949,31.159341,上海市,上海市,徐汇区,121.45539003222169,31.161296160469888,Toilet
女洗手间,生活服务,公厕,121.460031,31.15931,上海市,上海市,徐汇区,121.45547226690644,31.16126537227065,Toilet
龙耀路云锦路,交通设施,公交站,121.454372,31.159249,上海市,上海市,徐汇区,121.4497978554781,31.16119140813072,Transport
龙耀路喜泰路,交通设施,公交站,121.453066,31.159458,上海市,上海市,徐汇区,121.44848845813598,31.16139745014159,Transport
云锦路地铁站4号口,交通设施,地铁,121.45858,31.164828,上海市,上海市,徐汇区,121.45401672242085,31.16677706585145,Transport
云锦路,交通设施,地铁,121.458565,31.166465,上海市,上海市,徐汇区,121.45400153969452,31.168413181668534,Transport
云锦路丰谷路,交通设施,公交站,121.458465,31.167407,上海市,上海市,徐汇区,121.4539011809942,31.169354460042324,Transport
无障碍洗手间,生活服务,公厕,121.458377,31.166492,上海市,上海市,徐汇区,121.45381301594428,31.1684397281616,Toilet
云锦路地铁站5号口,交通设施,地铁,121.458453,31.165813,上海市,上海市,徐汇区,121.4538892850884,31.16776125763284,Transport
云锦路地铁站7号口,交通设施,地铁,121.458001,31.167916,上海市,上海市,徐汇区,121.453435854342,31.169862115516263,Transport
云锦路地铁站1号口,交通设施,地铁,121.458555,31.168116,上海市,上海市,徐汇区,121.45399136964328,31.170063303921676,Transport
云锦路地铁站2号口,交通设施,地铁,121.458675,31.167189,上海市,上海市,徐汇区,121.4541117830057,31.16913706445705,Transport
云锦路地铁站6号口,交通设施,地铁,121.458224,31.16693,上海市,上海市,徐汇区,121.45365955482372,31.16887714445525,Transport
龙华机场,交通设施,公交站,121.455287,31.166531,上海市,上海市,徐汇区,121.45071463591388,31.16847164703473,Transport
丰谷路龙恒路,交通设施,公交站,121.455242,31.170252,上海市,上海市,徐汇区,121.45066919564589,31.172190624062612,Transport
丰谷路机场西路,交通设施,公交站,121.453609,31.169093,上海市,上海市,徐汇区,121.44903202319828,31.171028620566823,Transport
龙华机场,交通设施,公交站,121.4553,31.166398,上海市,上海市,徐汇区,121.45072768184993,31.16833874498744,Transport
怡乐家园社区卫生运营服务站,医疗保健,综合医院,121.451915,31.167186,上海市,上海市,徐汇区,121.44733387063172,31.169118967342538,Medical_Service
上海微医中医诊所,医疗保健,诊所,121.455064,31.166218,上海市,上海市,徐汇区,121.45049107279524,31.168158311784616,Medical_Service
微医诊所,医疗保健,诊所,121.455146,31.166182,上海市,上海市,徐汇区,121.45057329266616,31.16812251315873,Medical_Service
龙华,交通设施,地铁,121.452979,31.17272,上海市,上海市,徐汇区,121.4484000906344,31.17465238850705,Transport
龙华西路龙恒路,交通设施,公交站,121.453325,31.170516,上海市,上海市,徐汇区,121.4487471683252,31.17245026985624,Transport
公厕,生活服务,公厕,121.452292,31.171007,上海市,上海市,徐汇区,121.44771149119676,31.172938796377355,Toilet
无障碍公厕,生活服务,公厕,121.452351,31.171052,上海市,上海市,徐汇区,121.44777063660702,31.172983899047523,Toilet
公厕,生活服务,公厕,121.4531,31.174571,上海市,上海市,徐汇区,121.44852124058336,31.17650270053739,Toilet
龙华地铁站1号口,交通设施,地铁,121.452765,31.173198,上海市,上海市,徐汇区,121.4481855029601,31.17512968265705,Transport
龙华地铁站5号口,交通设施,地铁,121.453201,31.173734,上海市,上海市,徐汇区,121.44862257189538,31.17566634769448,Transport
龙华地铁站3号口,交通设施,地铁,121.452982,31.17508,上海市,上海市,徐汇区,121.44840289451857,31.17701118538949,Transport
龙华地铁站4号口,交通设施,地铁,121.453033,31.174283,上海市,上海市,徐汇区,121.44845409384511,31.176214703399744,Transport
龙华地铁站2号口,交通设施,地铁,121.452323,31.172675,上海市,上海市,徐汇区,121.44774242557148,31.17460600498476,Transport
云锦路后马路,交通设施,公交站,121.457582,31.172918,上海市,上海市,徐汇区,121.45301527170142,31.17486056821227,Transport
龙华路华容路,交通设施,公交站,121.452766,31.177262,上海市,上海市,徐汇区,121.4481861545374,31.17919160595906,Transport
宛平南路龙华港桥,交通设施,公交站,121.455478,31.179297,上海市,上海市,徐汇区,121.45090504144204,31.181231522098415,Transport
公厕,生活服务,公厕,121.4518,31.175412,上海市,上海市,徐汇区,121.4472178713595,31.177340491838446,Toilet
弘汉中医门诊部,医疗保健,诊所,121.452895,31.177433,上海市,上海市,徐汇区,121.44831546893394,31.17936279617907,Medical_Service
弘汉中医,医疗保健,诊所,121.452864,31.177362,上海市,上海市,徐汇区,121.44828439590154,31.17929176566173,Medical_Service
公厕,生活服务,公厕,121.473304,31.192776,上海市,上海市,黄浦区,121.46878288288887,31.194748394650635,Toilet
男洗手间,生活服务,公厕,121.473406,31.192216,上海市,上海市,黄浦区,121.46888526231254,31.19418895253538,Toilet
女洗手间,生活服务,公厕,121.473439,31.192209,上海市,上海市,黄浦区,121.46891837017932,31.194182046337023,Toilet
公厕,生活服务,公厕,121.473526,31.192331,上海市,上海市,黄浦区,121.46900564263916,31.194304223771105,Toilet
男洗手间,生活服务,公厕,121.472942,31.19326,上海市,上海市,黄浦区,121.46841966748195,31.19523116544583,Toilet
男洗手间,生活服务,公厕,121.473712,31.193572,上海市,上海市,黄浦区,121.46919214170028,31.195545116034783,Toilet
公厕,生活服务,公厕,121.480442,31.192152,上海市,上海市,黄浦区,121.47594472403698,31.194144725609647,Toilet
卢浦大桥,交通设施,公交站,121.47939,31.193823,上海市,上海市,黄浦区,121.47488900455733,31.19581188524889,Transport
中山南一路鲁班路,交通设施,公交站,121.479575,31.19782,上海市,上海市,黄浦区,121.47507428972384,31.199807433347136,Transport
公厕,生活服务,公厕,121.478878,31.194303,上海市,上海市,黄浦区,121.47437523097352,31.196290189146364,Toilet
公厕,生活服务,公厕,121.477838,31.198105,上海市,上海市,黄浦区,121.47333140324275,31.20008736042385,Toilet
女洗手间,生活服务,公厕,121.477857,31.198156,上海市,上海市,黄浦区,121.47335046264548,31.200138388923637,Toilet
上海苇渡门诊部,医疗保健,诊所,121.476259,31.194734,上海市,上海市,黄浦区,121.47174742070338,31.19671359208942,Medical_Service
男洗手间,生活服务,公厕,121.477808,31.198155,上海市,上海市,黄浦区,121.47330129828268,31.200137251036697,Toilet
世博会博物馆地铁站3号口,交通设施,地铁,121.481079,31.198086,上海市,上海市,黄浦区,121.47658339258346,31.200077613729093,Transport
东安新村,交通设施,公交站,121.456279,31.187306,上海市,上海市,徐汇区,121.4517074924853,31.18923828060585,Transport
龙华中路东安路,交通设施,公交站,121.456457,31.18477,上海市,上海市,徐汇区,121.45188619082288,31.186703960680955,Transport
东安路中山南二路,交通设施,公交站,121.455974,31.188045,上海市,上海市,徐汇区,121.45140160998024,31.18997621977076,Transport
公厕,生活服务,公厕,121.454472,31.184444,上海市,上海市,徐汇区,121.44989594260376,31.18637367836693,Toilet
无障碍洗手间,生活服务,公厕,121.451721,31.187828,上海市,上海市,徐汇区,121.44713760044804,31.18975003502438,Toilet
无障碍洗手间,生活服务,公厕,121.451627,31.187879,上海市,上海市,徐汇区,121.4470433606778,31.18980081110759,Toilet
无障碍洗手间,生活服务,公厕,121.451622,31.187877,上海市,上海市,徐汇区,121.44703834834176,31.18979880157027,Toilet
龙华中路地铁站10号口,交通设施,地铁,121.456555,31.185161,上海市,上海市,徐汇区,121.45198442158872,31.18709498653353,Transport
大木桥路中山南二路,交通设施,公交站,121.464139,31.193416,上海市,上海市,徐汇区,121.45958926031408,31.19536401427916,Transport
中山南二路大木桥路,交通设施,公交站,121.464238,31.191637,上海市,上海市,徐汇区,121.4596887081888,31.193586148461915,Transport
女洗手间,生活服务,公厕,121.464284,31.193265,上海市,上海市,徐汇区,121.45973470507565,31.19521345314556,Toilet
大木桥路地铁站3号口,交通设施,地铁,121.462464,31.193498,上海市,上海市,徐汇区,121.45790931709011,31.195441814455865,Transport
大木桥路地铁站5号口,交通设施,地铁,121.463715,31.193553,上海市,上海市,徐汇区,121.45916399001916,31.1954998858231,Transport
大木桥路地铁站6号口,交通设施,地铁,121.46454,31.193201,上海市,上海市,徐汇区,121.45999147457042,31.195150128657264,Transport
江滨路日晖东路,交通设施,公交站,121.471263,31.191549,上海市,上海市,黄浦区,121.46673541540184,31.193516471350517,Transport
东安路,交通设施,地铁,121.454852,31.190785,上海市,上海市,徐汇区,121.450276393069,31.192712336918333,Transport
肿瘤医院,交通设施,公交站,121.453526,31.192792,上海市,上海市,徐汇区,121.44894676228034,31.19471542281957,Transport
东安路零陵路,交通设施,公交站,121.45522,31.190015,上海市,上海市,徐汇区,121.45064543158485,31.191943540795663,Transport
零陵路东安路,交通设施,公交站,121.455834,31.19114,上海市,上海市,徐汇区,121.45126096821288,31.19306935560964,Transport
无障碍洗手间,生活服务,公厕,121.453182,31.190729,上海市,上海市,徐汇区,121.44860205522689,31.19265270535973,Toilet
无障碍洗手间,生活服务,公厕,121.453218,31.190736,上海市,上海市,徐汇区,121.44863814704136,31.19265977974317,Toilet
无障碍洗手间,生活服务,公厕,121.453342,31.190807,上海市,上海市,徐汇区,121.44876245964664,31.19273101288168,Toilet
无障碍洗手间,生活服务,公厕,121.453325,31.19127,上海市,上海市,徐汇区,121.44874537590924,31.19319374491917,Toilet
无障碍洗手间,生活服务,公厕,121.453315,31.190838,上海市,上海市,徐汇区,121.44873538751172,31.192761938873208,Toilet
无障碍洗手间,生活服务,公厕,121.453881,31.191029,上海市,上海市,徐汇区,121.44930283325137,31.19295407571849,Toilet
无障碍洗手间,生活服务,公厕,121.453816,31.191029,上海市,上海市,徐汇区,121.44923766466351,31.19295393365231,Toilet
无障碍洗手间,生活服务,公厕,121.453858,31.191047,上海市,上海市,徐汇区,121.4492797720227,31.192972016447605,Toilet
无障碍洗手间,生活服务,公厕,121.453856,31.191114,上海市,上海市,徐汇区,121.449277761047,31.193038978634736,Toilet
无障碍洗手间,生活服务,公厕,121.453484,31.191772,上海市,上海市,徐汇区,121.44890474205698,31.1936958396294,Toilet
无障碍洗手间,生活服务,公厕,121.453813,31.191074,上海市,上海市,徐汇区,121.44923465299937,31.192998904637463,Toilet
无障碍洗手间,生活服务,公厕,121.453915,31.191049,上海市,上海市,徐汇区,121.44933691977644,31.19297414010457,Toilet
无障碍洗手间,生活服务,公厕,121.453863,31.191106,上海市,上海市,徐汇区,121.4492847798968,31.19303099792958,Toilet
无障碍洗手间,生活服务,公厕,121.453907,31.191071,上海市,上海市,徐汇区,121.44932889710644,31.19299611162139,Toilet
无障碍洗手间,生活服务,公厕,121.453925,31.190985,上海市,上海市,徐汇区,121.44934695127046,31.19291019393232,Toilet
无障碍洗手间,生活服务,公厕,121.453845,31.190954,上海市,上海市,徐汇区,121.44926674633724,31.19287903445716,Toilet
无障碍洗手间,生活服务,公厕,121.453613,31.191674,上海市,上海市,徐汇区,121.44903408353376,31.193598169110437,Toilet
无障碍洗手间,生活服务,公厕,121.453826,31.191039,上海市,上海市,徐汇区,121.44924768972513,31.192963950507654,Toilet
无障碍洗手间,生活服务,公厕,121.453889,31.191071,上海市,上海市,徐汇区,121.44931085038442,31.19299607224949,Toilet
无障碍洗手间,生活服务,公厕,121.453861,31.191011,上海市,上海市,徐汇区,121.44928278291484,31.19293604097544,Toilet
无障碍洗手间,生活服务,公厕,121.45384,31.191049,上海市,上海市,徐汇区,121.4492617251637,31.1929739761076,Toilet
无障碍洗手间,生活服务,公厕,121.453865,31.19107,上海市,上海市,徐汇区,121.4492867881952,31.192995020269997,Toilet
无障碍洗手间,生活服务,公厕,121.453861,31.191056,上海市,上海市,徐汇区,121.44928277902758,31.192981018513347,Toilet
无障碍洗手间,生活服务,公厕,121.453774,31.190978,上海市,上海市,徐汇区,121.44919556022673,31.19290286739094,Toilet
无障碍洗手间,生活服务,公厕,121.45383,31.190966,上海市,上海市,徐汇区,121.44925170640246,31.1928909956877,Toilet
无障碍洗手间,生活服务,公厕,121.453471,31.19177,上海市,上海市,徐汇区,121.44889170870825,31.193693812378942,Toilet
无障碍洗手间,生活服务,公厕,121.453879,31.191069,上海市,上海市,徐汇区,121.44930082460618,31.19299405137925,Toilet
无障碍洗手间,生活服务,公厕,121.453911,31.191132,上海市,上海市,徐汇区,121.4493329022216,31.19305708992694,Toilet
无障碍洗手间,生活服务,公厕,121.453902,31.190972,上海市,上海市,徐汇区,121.44932389267863,31.1928971501012,Toilet
无障碍洗手间,生活服务,公厕,121.453538,31.191766,上海市,上海市,徐汇区,121.44895888189244,31.19368996001917,Toilet
无障碍洗手间,生活服务,公厕,121.453935,31.191071,上海市,上海市,徐汇区,121.44935696981128,31.1929961728886,Toilet
无障碍洗手间,生活服务,公厕,121.45352,31.191753,上海市,上海市,徐汇区,121.44894083656334,31.193676927356645,Toilet
无障碍洗手间,生活服务,公厕,121.453901,31.191057,上海市,上海市,徐汇区,121.44932288274036,31.192982105484056,Toilet
无障碍洗手间,生活服务,公厕,121.453838,31.191098,上海市,上海市,徐汇区,121.44925971574432,31.193022947279847,Toilet
复旦大学附属肿瘤医院6号楼东,医疗保健,综合医院,121.453674,31.192183,上海市,上海市,徐汇区,121.44909519726664,31.19410704830197,Medical_Service
复旦大学附属肿瘤医院徐汇院区门诊,医疗保健,综合医院,121.453695,31.191703,上海市,上海市,徐汇区,121.44911629306168,31.19362733332509,Medical_Service
上海复医门诊部,医疗保健,诊所,121.454269,31.190357,上海市,上海市,徐汇区,121.44969190119131,31.19228326236538,Medical_Service
云涧,医疗保健,诊所,121.455363,31.191279,上海市,上海市,徐汇区,121.45078870161548,31.19320722899345,Medical_Service
复旦大学放射医学研究所上海放射医学专科门诊部,医疗保健,诊所,121.451626,31.191754,上海市,上海市,徐汇区,121.4470420232324,31.193673870987556,Medical_Service
无障碍洗手间,生活服务,公厕,121.45328,31.191186,上海市,上海市,徐汇区,121.44870026745312,31.193109689326704,Toilet
无障碍洗手间,生活服务,公厕,121.453316,31.19076,上海市,上海市,徐汇区,121.44873639682262,31.192683979989493,Toilet
无障碍洗手间,生活服务,公厕,121.453081,31.19061,上海市,上海市,徐汇区,121.44850080650517,31.19253354653928,Toilet
无障碍洗手间,生活服务,公厕,121.453231,31.190748,上海市,上海市,徐汇区,121.44865117939126,31.192671801884543,Toilet
无障碍洗手间,生活服务,公厕,121.453289,31.190738,上海市,上海市,徐汇区,121.44870932929554,31.192661932470887,Toilet
无障碍洗手间,生活服务,公厕,121.453132,31.190651,上海市,上海市,徐汇区,121.44855193369423,31.192574636224357,Toilet
无障碍洗手间,生活服务,公厕,121.453109,31.190679,上海市,上海市,徐汇区,121.4485288723044,31.19260257254678,Toilet
无障碍洗手间,生活服务,公厕,121.453272,31.190847,上海市,上海市,徐汇区,121.44869227617966,31.192770841218003,Toilet
无障碍洗手间,生活服务,公厕,121.452165,31.191286,上海市,上海市,徐汇区,121.4475824183063,31.19320724585568,Toilet
无障碍洗手间,生活服务,公厕,121.453101,31.190733,上海市,上海市,徐汇区,121.44852084713226,31.19265652829789,Toilet
无障碍洗手间,生活服务,公厕,121.453091,31.19069,上海市,上海市,徐汇区,121.4485108252182,31.19261352817567,Toilet
无障碍洗手间,生活服务,公厕,121.453267,31.190741,上海市,上海市,徐汇区,121.4486872724876,31.19266488332051,Toilet
无障碍洗手间,生活服务,公厕,121.453095,31.19062,上海市,上海市,徐汇区,121.4485148415176,31.192543571776408,Toilet
无障碍洗手间,生活服务,公厕,121.453276,31.190779,上海市,上海市,徐汇区,121.44869629233568,31.192702883836237,Toilet
无障碍洗手间,生活服务,公厕,121.453262,31.191253,上海市,上海市,徐汇区,121.44868221540212,31.19317661690945,Toilet
无障碍洗手间,生活服务,公厕,121.453261,31.190713,上海市,上海市,徐汇区,121.4486812594878,31.192636884310662,Toilet
无障碍洗手间,生活服务,公厕,121.453224,31.190783,上海市,上海市,徐汇区,121.448644158389,31.19270676925665,Toilet
无障碍洗手间,生活服务,公厕,121.453269,31.190847,上海市,上海市,徐汇区,121.4486892684694,31.192770834720758,Toilet
无障碍洗手间,生活服务,公厕,121.453262,31.190681,上海市,上海市,徐汇区,121.44868226482224,31.1926049024578,Toilet
无障碍洗手间,生活服务,公厕,121.453168,31.19064,上海市,上海市,徐汇区,121.44858802699004,31.19256371953545,Toilet
无障碍洗手间,生活服务,公厕,121.453088,31.190692,上海市,上海市,徐汇区,121.4485078173574,31.192615520698347,Toilet
无障碍洗手间,生活服务,公厕,121.453277,31.190805,上海市,上海市,徐汇区,121.44869729265966,31.192728873019053,Toilet
无障碍洗手间,生活服务,公厕,121.45329,31.19076,上海市,上海市,徐汇区,121.44871032996566,31.1926839236508,Toilet
无障碍洗手间,生活服务,公厕,121.453305,31.190717,上海市,上海市,徐汇区,121.44872537224867,31.192640977625008,Toilet
无障碍公厕,生活服务,公厕,121.453249,31.191267,上海市,上海市,徐汇区,121.44866918078915,31.193190581775816,Toilet
复旦大学附属肿瘤医院徐汇院区住院部,医疗保健,综合医院,121.45329,31.19074,上海市,上海市,徐汇区,121.44871033169362,31.19266393363851,Medical_Service
东安路地铁站3号口,交通设施,地铁,121.453912,31.190554,上海市,上海市,徐汇区,121.4493339547463,31.192479380716566,Transport
东安路地铁站5号口,交通设施,地铁,121.455295,31.190625,上海市,上海市,徐汇区,121.45072057767844,31.192553403457733,Transport
东安路地铁站6号口,交通设施,地铁,121.454445,31.191027,上海市,上海市,徐汇区,121.44986830342351,31.19295331546851,Transport
东安路地铁站1号口,交通设施,地铁,121.455537,31.190892,上海市,上海市,徐汇区,121.45096319749092,31.192820811869733,Transport
东安路地铁站2号口,交通设施,地铁,121.45404,31.190329,上海市,上海市,徐汇区,121.44946230682945,31.192254773453755,Transport
东安路地铁站4号口,交通设施,地铁,121.454225,31.192125,上海市,上海市,徐汇区,121.44964763365164,31.194050283384183,Transport
虹漕南路漕宝路,交通设施,公交站,121.412734,31.162286,上海市,上海市,徐汇区,121.40809149495423,31.164169592876277,Transport
上海师大,交通设施,公交站,121.419346,31.162345,上海市,上海市,徐汇区,121.4147083911522,31.16423263105764,Transport
冠生园路桂林路,交通设施,公交站,121.421626,31.162965,上海市,上海市,徐汇区,121.41699056819648,31.164854170787034,Transport
公厕,生活服务,公厕,121.419215,31.164816,上海市,上海市,徐汇区,121.41457705662354,31.16670224594431,Toilet
桂林公园-公厕,生活服务,公厕,121.417643,31.164926,上海市,上海市,徐汇区,121.41300368112962,31.16681105097237,Toilet
桂林公园,交通设施,地铁,121.419685,31.166952,上海市,上海市,徐汇区,121.41504730495484,31.168837500470477,Transport
桂林路漕宝路,交通设施,公交站,121.418895,31.165865,上海市,上海市,徐汇区,121.4142566767082,31.167750460965166,Transport
漕宝路桂林路,交通设施,公交站,121.417539,31.166394,上海市,上海市,徐汇区,121.41289946780016,31.16827821831885,Transport
桂林生态公园地铁站6号口,交通设施,地铁,121.418125,31.16866,上海市,上海市,徐汇区,121.41348576133528,31.170543454536908,Transport
桂林生态公园地铁站5号口,交通设施,地铁,121.418199,31.167244,上海市,上海市,徐汇区,121.41355994767976,31.16912823918447,Transport
桂林生态公园地铁站1号口,交通设施,地铁,121.420502,31.167386,上海市,上海市,徐汇区,121.4158650496326,31.169271928821804,Transport
桂林生态公园地铁站4号口,交通设施,地铁,121.419122,31.167141,上海市,上海市,徐汇区,121.41448377006068,31.16902597026831,Transport
苍梧路田林路,交通设施,公交站,121.413522,31.168973,上海市,上海市,徐汇区,121.4088793749914,31.17085350553106,Transport
冠生园路柳州路,交通设施,公交站,121.426494,31.163349,上海市,上海市,徐汇区,121.42186421917052,31.1652427303182,Transport
柳州路钦州南路,交通设施,公交站,121.425641,31.161731,上海市,上海市,徐汇区,121.42101027350164,31.163624662584937,Transport
公厕,生活服务,公厕,121.424994,31.164661,上海市,上海市,徐汇区,121.42036222062684,31.166552468757388,Toilet
公厕,生活服务,公厕,121.425264,31.163817,上海市,上海市,徐汇区,121.42063262444732,31.16570918426716,Toilet
冠生园社区卫生运营服务站,医疗保健,综合医院,121.426804,31.163807,上海市,上海市,徐汇区,121.42217458357716,31.16570083101264,Medical_Service
田林东路钦州路,交通设施,公交站,121.427439,31.173006,上海市,上海市,徐汇区,121.4228096283386,31.17489578635701,Transport
公厕,生活服务,公厕,121.43158,31.172591,上海市,上海市,徐汇区,121.42695667843245,31.174486048436524,Toilet
公厕,生活服务,公厕,121.42699,31.172057,上海市,上海市,徐汇区,121.42236011205388,31.17394677156829,Toilet
出租车司机专用公厕,生活服务,公厕,121.431396,31.170897,上海市,上海市,徐汇区,121.42677253950636,31.172792679133902,Toilet
上海福亨中医门诊部,医疗保健,诊所,121.427313,31.172824,上海市,上海市,徐汇区,121.42268347507242,31.174713737956445,Medical_Service
枕中方中医诊所,医疗保健,诊所,121.42921,31.173937,上海市,上海市,徐汇区,121.42458301122451,31.175828376281636,Medical_Service
钦州路田林东路,交通设施,公交站,121.428731,31.175519,上海市,上海市,徐汇区,121.42410319142942,31.177408993701132,Transport
公厕,生活服务,公厕,121.427251,31.178546,上海市,上海市,徐汇区,121.42262089515276,31.18043274363604,Toilet
公厕,生活服务,公厕,121.427307,31.177595,上海市,上海市,徐汇区,121.42267705263052,31.17948229079617,Toilet
出租车司机专用公厕,生活服务,公厕,121.427618,31.177838,上海市,上海市,徐汇区,121.42298845025864,31.179725518178888,Toilet
大诚中医,医疗保健,诊所,121.430906,31.177605,上海市,上海市,徐汇区,121.42628120415954,31.17949661041905,Medical_Service
宾阳路宾南路,交通设施,公交站,121.436432,31.163609,上海市,上海市,徐汇区,121.43181761521262,31.165515549846507,Transport
沪闵路冠生园路,交通设施,公交站,121.433741,31.162548,上海市,上海市,徐汇区,121.4291220367663,31.16445117375018,Transport
沪闵路冠生园路,交通设施,公交站,121.43372,31.162491,上海市,上海市,徐汇区,121.4291010066884,31.1643941739956,Transport
漕河泾街道社区卫生服务中心,医疗保健,综合医院,121.436523,31.163891,上海市,上海市,徐汇区,121.43190875500326,31.16579754138344,Medical_Service
漕河泾街道社区卫生中心-预防接种门诊,医疗保健,诊所,121.436567,31.163713,上海市,上海市,徐汇区,121.4319528499894,31.16561970087981,Medical_Service
三江路宾阳路,交通设施,公交站,121.43894,31.163467,上海市,上海市,徐汇区,121.43433030270027,31.165377558317388,Transport
三江路龙漕路,交通设施,公交站,121.438436,31.167736,上海市,上海市,徐汇区,121.43382496860762,31.16964353247403,Transport
武宣路南宁路,交通设施,公交站,121.442257,31.164496,上海市,上海市,徐汇区,121.43765386366437,31.166411622883015,Transport
新龙华,交通设施,公交站,121.447909,31.161454,上海市,上海市,徐汇区,121.44331863897786,31.163381748027824,Transport
公厕,生活服务,公厕,121.450918,31.162942,上海市,上海市,徐汇区,121.44633475219312,31.164875075884197,Toilet
公厕,生活服务,公厕,121.450823,31.162058,上海市,上海市,徐汇区,121.44623959395562,31.163991338675675,Toilet
公厕,生活服务,公厕,121.45009,31.168651,上海市,上海市,徐汇区,121.44550422724096,31.17057940308981,Toilet
恒地苑社区卫生运营服务站,医疗保健,综合医院,121.449064,31.166632,上海市,上海市,徐汇区,121.44447592485388,31.16855935992281,Medical_Service
龙漕路,交通设施,地铁,121.444383,31.169426,上海市,上海市,徐汇区,121.43978397223356,31.17134289079327,Transport
龙漕路田东路,交通设施,公交站,121.442571,31.170086,上海市,上海市,徐汇区,121.43796803628234,31.171999283353117,Transport
龙吴路龙漕路,交通设施,公交站,121.445045,31.169252,上海市,上海市,徐汇区,121.4404474421722,31.17117020618569,Transport
龙吴路龙漕路,交通设施,公交站,121.445095,31.169128,上海市,上海市,徐汇区,121.44049756360064,31.17104636343445,Transport
男洗手间,生活服务,公厕,121.444398,31.169277,上海市,上海市,徐汇区,121.43979901787144,31.17119399524927,Toilet
远大心胸医院-洗手间,生活服务,公厕,121.442219,31.16954,上海市,上海市,徐汇区,121.4376153478076,31.17145294522348,Toilet
龙漕路地铁站3号口,交通设施,地铁,121.444066,31.170053,上海市,上海市,徐汇区,121.4394662284159,31.171968986626627,Transport
龙漕路地铁站7号口,交通设施,地铁,121.444299,31.170348,上海市,上海市,徐汇区,121.439699709268,31.172264261172696,Transport
龙漕路地铁站4号口,交通设施,地铁,121.442995,31.169966,上海市,上海市,徐汇区,121.4383929406228,31.171880098113142,Transport
龙漕路地铁站5号口,交通设施,地铁,121.44255,31.170414,上海市,上海市,徐汇区,121.43794696382535,31.1723270772426,Transport
龙漕路地铁站1号口,交通设施,地铁,121.444411,31.169591,上海市,上海市,徐汇区,121.43981201908304,31.17150785717842,Transport
龙漕路地铁站2号口,交通设施,地铁,121.444533,31.169426,上海市,上海市,徐汇区,121.43993430013012,31.171343167011702,Transport
公厕,生活服务,公厕,121.451173,31.177718,上海市,上海市,徐汇区,121.4465891073295,31.17964399586409,Toilet
上海游泳馆,交通设施,公交站,121.44315,31.176938,上海市,上海市,徐汇区,121.43854766586648,31.17884879948945,Transport
中山南二路天钥桥路,交通设施,公交站,121.443046,31.179096,上海市,上海市,徐汇区,121.43844325817084,31.18100551425794,Transport
天钥桥路中山南二路,交通设施,公交站,121.445218,31.178121,上海市,上海市,徐汇区,121.44062005817462,31.1800349823266,Transport
出租车司机专用公厕,生活服务,公厕,121.446156,31.179697,上海市,上海市,徐汇区,121.44156002499246,31.181611952376837,Toilet
上海游泳池地铁站2号口,交通设施,地铁,121.441949,31.178879,上海市,上海市,徐汇区,121.4373439785542,31.180786689107563,Transport
漕溪路,交通设施,地铁,121.438457,31.176736,上海市,上海市,徐汇区,121.4338452284855,31.178638942229647,Transport
上海游泳馆,交通设施,地铁,121.441427,31.17915,上海市,上海市,徐汇区,121.43682088127284,31.181056647103507,Transport
公厕,生活服务,公厕,121.438784,31.176449,上海市,上海市,徐汇区,121.434172877942,31.178352614399035,Toilet
男洗手间,生活服务,公厕,121.438805,31.176419,上海市,上海市,徐汇区,121.43419392083028,31.1783226636255,Toilet
公厕,生活服务,公厕,121.437976,31.178004,上海市,上海市,徐汇区,121.43336320928614,31.179905530496864,Toilet
上海游泳池地铁站3号口,交通设施,地铁,121.44145,31.178521,上海市,上海市,徐汇区,121.436843982808,31.1804280067214,Transport
上海游泳池地铁站1号口,交通设施,地铁,121.441429,31.179513,上海市,上海市,徐汇区,121.4368228539133,31.18141946600644,Transport
漕溪路地铁站3号口,交通设施,地铁,121.437764,31.177115,上海市,上海市,徐汇区,121.43315088918712,31.1790166494272,Transport
漕溪路地铁站1号口,交通设施,地铁,121.438722,31.176679,上海市,上海市,徐汇区,121.43411073918487,31.17858239697954,Transport
漕溪路地铁站2号口,交通设施,地铁,121.438621,31.17642,上海市,上海市,徐汇区,121.43400956847272,31.178323366628053,Transport
上海仁爱医院,医疗保健,综合医院,121.436021,31.175813,上海市,上海市,徐汇区,121.43140482035822,31.177712637269007,Medical_Service
漕溪路枢钮站,交通设施,公交站,121.436487,31.178558,上海市,上海市,徐汇区,121.43187141827364,31.18045694051568,Transport
公厕,生活服务,公厕,121.436785,31.179498,上海市,上海市,徐汇区,121.43216987698727,31.181396916914697,Toilet
公厕,生活服务,公厕,121.43638,31.178885,上海市,上海市,徐汇区,121.43176419700548,31.180783611844067,Toilet
出租车司机专用公厕,生活服务,公厕,121.433381,31.178353,上海市,上海市,徐汇区,121.42876006829891,31.18024753090532,Toilet
仁爱医院中医科,医疗保健,综合医院,121.435882,31.175341,上海市,上海市,徐汇区,121.43126561402092,31.17724067057688,Medical_Service
上海仁爱医院2号楼,医疗保健,综合医院,121.436096,31.176188,上海市,上海市,徐汇区,121.4314799216545,31.178087558240463,Medical_Service
上海仁爱医院-住院部六病区,医疗保健,综合医院,121.436031,31.176103,上海市,上海市,徐汇区,121.43141481303331,31.17800250408722,Medical_Service
上海仁爱医院1号楼,医疗保健,综合医院,121.436162,31.175528,上海市,上海市,徐汇区,121.4315460968857,31.17742799477668,Medical_Service
仁爱医院国际部,医疗保健,综合医院,121.435903,31.176162,上海市,上海市,徐汇区,121.43128658011152,31.17806128232573,Medical_Service
上海仁爱医院住院部,医疗保健,综合医院,121.435991,31.17548,上海市,上海市,徐汇区,121.43137479578924,31.177379762535303,Medical_Service
上海仁爱医院体检楼,医疗保健,综合医院,121.436265,31.177503,上海市,上海市,徐汇区,121.43164911016972,31.17940214174283,Medical_Service
上海仁爱医院门诊,医疗保健,综合医院,121.436159,31.175528,上海市,上海市,徐汇区,121.4315430915178,31.177427990261112,Medical_Service
仁爱医院口腔科,医疗保健,综合医院,121.435843,31.175907,上海市,上海市,徐汇区,121.43122649572469,31.17780632301861,Medical_Service
公厕,生活服务,公厕,121.433667,31.179827,上海市,上海市,徐汇区,121.42904641443864,31.181721179799485,Toilet
中山西路漕溪北路,交通设施,公交站,121.434414,31.180801,上海市,上海市,徐汇区,121.42979458754044,31.18269574271001,Transport
上海体育馆地铁站5号口,交通设施,地铁,121.436746,31.182438,上海市,上海市,徐汇区,121.43213055104268,31.18433536634165,Transport
上海体育馆地铁站8号口,交通设施,地铁,121.435876,31.182696,上海市,上海市,徐汇区,121.43125896538544,31.184591920833217,Transport
上海体育馆地铁站4号口,交通设施,地铁,121.436746,31.182992,上海市,上海市,徐汇区,121.4321305029899,31.184889086160272,Transport
上海体育馆地铁站7号口,交通设施,地铁,121.435854,31.180985,上海市,上海市,徐汇区,121.43123707477125,31.18288175448359,Transport
上海体育馆地铁站6号口,交通设施,地铁,121.436559,31.180795,上海市,上海市,徐汇区,121.43194335438044,31.182692913356945,Transport
上海体育场,交通设施,公交站,121.443757,31.183493,上海市,上海市,徐汇区,121.43915539709354,31.185401565497088,Transport
公厕,生活服务,公厕,121.443612,31.183487,上海市,上海市,徐汇区,121.43901008577473,31.185395305898737,Toilet
周丕光口腔专科医院,医疗保健,诊所,121.445978,31.180983,上海市,上海市,徐汇区,121.44138151151878,31.182896960790224,Medical_Service
虹桥路恭城路,交通设施,公交站,121.43562,31.193294,上海市,上海市,徐汇区,121.4310015928892,31.195184224433508,Transport
虹桥路宜山路,交通设施,公交站,121.432529,31.192236,上海市,上海市,徐汇区,121.42790547530372,31.1941223718608,Transport
公厕,生活服务,公厕,121.436267,31.19135,上海市,上海市,徐汇区,121.43164991250389,31.19324216066789,Toilet
上海西藏大厦万怡豪华酒店-洗手间,生活服务,公厕,121.434429,31.192096,上海市,上海市,徐汇区,121.42980863278352,31.193985085230207,Toilet
徐家汇地铁站20号口,交通设施,地铁,121.435679,31.193658,上海市,上海市,徐汇区,121.43106066538816,31.19554813100413,Transport
钦州北路桂林路,交通设施,公交站,121.412491,31.180765,上海市,上海市,徐汇区,121.40784675201564,31.18263897865193,Transport
西区汽车站,交通设施,公交站,121.42014,31.188796,上海市,上海市,徐汇区,121.41550083700336,31.190670732745527,Transport
素凡中医诊所,医疗保健,诊所,121.420173,31.188968,上海市,上海市,徐汇区,121.41553385376176,31.190842673067024,Medical_Service
鼎瀚新中医,医疗保健,诊所,121.421447,31.186854,上海市,上海市,徐汇区,121.41680930647092,31.188730792910807,Medical_Service
吴中路桂林路,交通设施,公交站,121.415655,31.187411,上海市,上海市,徐汇区,121.41101218698888,31.18928328925121,Transport
公厕,生活服务,公厕,121.414687,31.1875,上海市,上海市,徐汇区,121.41004350646662,31.18937168708852,Toilet
宋园路红松东路,交通设施,公交站,121.413515,31.190367,上海市,上海市,徐汇区,121.40887050943236,31.192236633291785,Transport
宋园路黄金城道,交通设施,公交站,121.413468,31.191535,上海市,上海市,长宁区,121.40882337932489,31.193404026768786,Transport
领尚国际豪华酒店公寓-洗手间,生活服务,公厕,121.414383,31.192048,上海市,上海市,长宁区,121.40973890970808,31.1939172462299,Toilet
中山西路安顺路,交通设施,公交站,121.414876,31.197614,上海市,上海市,长宁区,121.4102317536102,31.199480757141597,Transport
公厕,生活服务,公厕,121.414713,31.197584,上海市,上海市,长宁区,121.4100686462051,31.1994506808695,Toilet
上海宋庆龄纪念馆-公共厕所,生活服务,公厕,121.413088,31.194486,上海市,上海市,长宁区,121.40844289678942,31.1963533724402,Toilet
宋园路地铁站2号口,交通设施,地铁,121.412603,31.19621,上海市,上海市,长宁区,121.40795746989198,31.198076289925105,Transport
东华大学,交通设施,公交站,121.414369,31.207422,上海市,上海市,长宁区,121.40972356208133,31.209283675299005,Transport
公厕,生活服务,公厕,121.413592,31.20756,上海市,上海市,长宁区,121.40894605940274,31.209421202854237,Toilet
安顺路定西路,交通设施,公交站,121.424081,31.200672,上海市,上海市,长宁区,121.41944500118464,31.20254434913817,Transport
新华街道左家宅社区卫生运营服务站,医疗保健,综合医院,121.42297,31.200924,上海市,上海市,长宁区,121.41833271267168,31.202795165688368,Medical_Service
延安西路,交通设施,地铁,121.417107,31.209629,上海市,上海市,长宁区,121.41246335622564,31.211491253166475,Transport
凯旋路,交通设施,公交站,121.415663,31.208096,上海市,上海市,长宁区,121.41101839217858,31.20995808435565,Transport
天山路延安西路,交通设施,公交站,121.41372,31.20859,上海市,上海市,长宁区,121.40907404830592,31.21045076825934,Transport
天山路中山西路,交通设施,公交站,121.413546,31.208679,上海市,上海市,长宁区,121.4088999339087,31.210539637091266,Transport
中山西路天山路,交通设施,公交站,121.412793,31.21141,上海市,上海市,长宁区,121.40814625316546,31.21326895210888,Transport
公厕,生活服务,公厕,121.413199,31.208951,上海市,上海市,长宁区,121.40855270237172,31.2108113338676,Toilet
凯旋路,交通设施,公交站,121.415754,31.208057,上海市,上海市,长宁区,121.41110946144892,31.20991915789717,Transport
公厕,生活服务,公厕,121.414388,31.211083,上海市,上海市,长宁区,121.40974225563706,31.212942913842205,Toilet
天山公园-公厕,生活服务,公厕,121.416708,31.209196,上海市,上海市,长宁区,121.41206407951572,31.21105820140694,Toilet
延安西路地铁站2号口,交通设施,地铁,121.416964,31.208973,上海市,上海市,长宁区,121.4123202996842,31.21083547614681,Transport
交通大学,交通设施,地铁,121.435205,31.202237,上海市,上海市,徐汇区,121.43058508924376,31.20412219831864,Transport
交通大学,交通设施,公交站,121.436144,31.201259,上海市,上海市,徐汇区,121.43152583208295,31.203146071989416,Transport
公厕,生活服务,公厕,121.436266,31.199993,上海市,上海市,徐汇区,121.43164816059726,31.201880877792508,Toilet
公厕,生活服务,公厕,121.433579,31.202386,上海市,上海市,长宁区,121.42895630957132,31.20426879958607,Toilet
上海交通大学徐汇校区校医院,医疗保健,综合医院,121.432997,31.200929,上海市,上海市,徐汇区,121.4283734781598,31.202811709067003,Medical_Service
新华街道社区卫生中心红庄社区卫生服务站,医疗保健,综合医院,121.433576,31.201818,上海市,上海市,长宁区,121.42895335392323,31.20370107373684,Medical_Service
交通大学地铁站3号口,交通设施,地铁,121.434867,31.2019,上海市,上海市,徐汇区,121.43024653247129,31.20378487075985,Transport
交通大学地铁站2号口,交通设施,地铁,121.435112,31.201507,上海市,上海市,徐汇区,121.4304919908133,31.203392420132843,Transport
交通大学地铁站5号口,交通设施,地铁,121.433857,31.201817,上海市,上海市,长宁区,121.42923482261072,31.203700468067986,Transport
交通大学地铁站1号口,交通设施,地铁,121.435713,31.202147,上海市,上海市,徐汇区,121.4310939885611,31.204032992024032,Transport
交通大学地铁站4号口,交通设施,地铁,121.434015,31.201556,上海市,上海市,徐汇区,121.42939311050796,31.20343981898648,Transport
交通大学地铁站6号口,交通设施,地铁,121.434332,31.202743,上海市,上海市,长宁区,121.429710543349,31.204626687846563,Transport
交通大学地铁站7号口,交通设施,地铁,121.435131,31.2028,上海市,上海市,长宁区,121.43051091156684,31.204684814341935,Transport
天平路广元路,交通设施,公交站,121.43801,31.199162,上海市,上海市,徐汇区,121.4333954380796,31.20105298304053,Transport
天平路淮海中路,交通设施,公交站,121.437835,31.202446,上海市,上海市,徐汇区,121.43321982472904,31.204335093932915,Transport
上海文艺医院,医疗保健,综合医院,121.437432,31.202675,上海市,上海市,徐汇区,121.43281605432382,31.204563350429023,Medical_Service
第六人民医院上海文艺医院双向转诊医院,医疗保健,综合医院,121.437686,31.202774,上海市,上海市,徐汇区,121.43307051784528,31.20466269911933,Medical_Service
广元社区卫生运营服务站,医疗保健,综合医院,121.440006,31.199442,上海市,上海市,徐汇区,121.4353952644526,31.20133608544154,Medical_Service
名仁医美,医疗保健,诊所,121.440368,31.198956,上海市,上海市,徐汇区,121.4357580255567,31.200850929887288,Medical_Service
华山路湖南路,交通设施,公交站,121.433463,31.206011,上海市,上海市,长宁区,121.42883980238864,31.20789186801072,Transport
新华街道社区卫生中心,医疗保健,综合医院,121.433677,31.206171,上海市,上海市,长宁区,121.42905414379427,31.208052088738384,Medical_Service
华山路淮海西路,交通设施,公交站,121.434195,31.204078,上海市,上海市,长宁区,121.4295731951695,31.20596083990954,Transport
新华地段医院,医疗保健,综合医院,121.433658,31.206165,上海市,上海市,长宁区,121.42903511267627,31.208046065068046,Medical_Service
医疗急救中心华山分站,医疗保健,急救中心,121.43364,31.204678,上海市,上海市,长宁区,121.42901721188724,31.20655976440678,Medical_Service
复动肌骨诊所,医疗保健,诊所,121.433503,31.205243,上海市,上海市,长宁区,121.42887993533957,31.207124297734637,Medical_Service
上海复跃康复医学诊所,医疗保健,诊所,121.43348,31.20513,上海市,上海市,长宁区,121.42885690705998,31.207011320799797,Medical_Service
上海六悦中医诊所,医疗保健,诊所,121.434395,31.204914,上海市,上海市,长宁区,121.4297734619146,31.206796717176893,Medical_Service
公厕,生活服务,公厕,121.432528,31.206448,上海市,上海市,长宁区,121.4279032391965,31.208327373821056,Toilet
吴兴路衡山路,交通设施,公交站,121.444115,31.202597,上海市,上海市,徐汇区,121.43951251630531,31.20449671370926,Transport
宛平路衡山路,交通设施,公交站,121.443491,31.199394,上海市,上海市,徐汇区,121.43888744823208,31.20129415318639,Transport
衡山路宛平路,交通设施,公交站,121.441923,31.198632,上海市,上海市,徐汇区,121.43731621302967,31.20052974905342,Transport
衡山路高安路,交通设施,公交站,121.445,31.202546,上海市,上海市,徐汇区,121.44039945998638,31.20444737174482,Transport
建国西路宛平路,交通设施,公交站,121.444579,31.200311,上海市,上海市,徐汇区,121.43997772662878,31.202212687600444,Transport
肇嘉浜路吴兴路,交通设施,公交站,121.446336,31.198499,上海市,上海市,徐汇区,121.44173880560491,31.200404882809988,Transport
公厕,生活服务,公厕,121.44331,31.198479,上海市,上海市,徐汇区,121.43870614058876,31.200379278178488,Toilet
久事衡山大豪华酒店-洗手间,生活服务,公厕,121.443627,31.201819,上海市,上海市,徐汇区,121.43902352982197,31.203718207457904,Toilet
宛平社区卫生运营服务站,医疗保健,综合医院,121.445033,31.199522,上海市,上海市,徐汇区,121.44043279496032,31.20142491781936,Medical_Service
上海示从容中医诊所,医疗保健,诊所,121.445571,31.198417,上海市,上海市,徐汇区,121.44097208783572,31.200321470457613,Medical_Service
衡山酒店-洗手间,生活服务,公厕,121.443155,31.200638,上海市,上海市,徐汇区,121.4385506233352,31.2025369376104,Toilet
公厕,生活服务,公厕,121.442045,31.201193,上海市,上海市,徐汇区,121.4374382437354,31.20308970213796,Toilet
衡山路,交通设施,地铁,121.446404,31.204497,上海市,上海市,徐汇区,121.4418064407747,31.20640007072246,Transport
吴兴路淮海中路,交通设施,公交站,121.441948,31.205892,上海市,上海市,徐汇区,121.43734063531696,31.207786235926893,Transport
高安路淮海中路,交通设施,公交站,121.443972,31.20641,上海市,上海市,徐汇区,121.43936887588454,31.208307591875784,Transport
淮海中路高安路,交通设施,公交站,121.443012,31.207153,上海市,上海市,徐汇区,121.43840675499884,31.20904849922109,Transport
公厕,生活服务,公厕,121.443571,31.207011,上海市,上海市,徐汇区,121.43896695958276,31.208907572038942,Toilet
公厕,生活服务,公厕,121.446137,31.203861,上海市,上海市,徐汇区,121.44153888999227,31.20576387100058,Toilet
上海图书馆地铁站3号口,交通设施,地铁,121.444039,31.207559,上海市,上海市,徐汇区,121.4394359214183,31.209456155750665,Transport
衡山路地铁站2号口,交通设施,地铁,121.445964,31.204382,上海市,上海市,徐汇区,121.4413654540142,31.206284287391917,Transport
衡山路地铁站3号口,交通设施,地铁,121.446458,31.205253,上海市,上海市,徐汇区,121.44186049822274,31.207155805545597,Transport
衡山路地铁站1号口,交通设施,地铁,121.446278,31.203963,上海市,上海市,徐汇区,121.44168020070975,31.205866090306607,Transport
复旦大学附属华山医院分部,医疗保健,综合医院,121.433105,31.212125,上海市,上海市,长宁区,121.42848068195376,31.214002412980346,Medical_Service
华山路江苏路,交通设施,公交站,121.433704,31.21044,上海市,上海市,长宁区,121.4290808179249,31.212319057048504,Transport
华山路复兴西路,交通设施,公交站,121.43618,31.211253,上海市,上海市,长宁区,121.43156102879688,31.213135263939535,Transport
中国人民解放军海军第九〇五医院住院部,医疗保健,综合医院,121.432693,31.209555,上海市,上海市,长宁区,121.42806823517346,31.21143309024859,Medical_Service
九O五医院,医疗保健,综合医院,121.432428,31.209689,上海市,上海市,长宁区,121.42780279707316,31.21156666717069,Medical_Service
复旦大学附属华山医院,医疗保健,综合医院,121.433005,31.212251,上海市,上海市,长宁区,121.42838050756704,31.21412821499789,Medical_Service
复旦大学附属华山医院江苏路分部住院部,医疗保健,综合医院,121.433179,31.212087,上海市,上海市,长宁区,121.42855480652538,31.21396453317207,Medical_Service
海军第九〇五医院门急诊大楼,医疗保健,综合医院,121.432653,31.208923,上海市,上海市,长宁区,121.42802822549088,31.210801341848804,Medical_Service
上海臻景门诊部,医疗保健,诊所,121.434081,31.209167,上海市,上海市,长宁区,121.42945856060022,31.211047203755648,Medical_Service
影像诊所,医疗保健,诊所,121.432804,31.209135,上海市,上海市,长宁区,121.42817945135538,31.2110134444458,Medical_Service
复旦大学附属华山医院,医疗保健,综合医院,121.433013,31.211778,上海市,上海市,长宁区,121.42838856172548,31.21365545375635,Medical_Service
复旦大学附属华山医院,医疗保健,综合医院,121.432985,31.212007,上海市,上海市,长宁区,121.42836049614316,31.21388430506693,Medical_Service
上海兴国丽笙酒店-洗手间,生活服务,公厕,121.435087,31.210802,上海市,上海市,长宁区,121.43046614018353,31.212682860654176,Toilet
武康路复兴西路,交通设施,公交站,121.440736,31.209762,上海市,上海市,徐汇区,121.43612582563276,31.211652275779176,Transport
复兴西路华山路,交通设施,公交站,121.440081,31.210813,上海市,上海市,徐汇区,121.43546942649004,31.21270166730359,Transport
公厕,生活服务,公厕,121.437346,31.209456,上海市,上海市,徐汇区,121.43272930658443,31.211340916355383,Toilet
公厕,生活服务,公厕,121.437153,31.20914,上海市,上海市,徐汇区,121.43253597819428,31.21102476999059,Toilet
湖南街道社区卫生中心华康社区卫生服务站,医疗保健,综合医院,121.438681,31.208609,上海市,上海市,徐汇区,121.434066891295,31.210496438952763,Medical_Service
中山公园,交通设施,公交站,121.418802,31.223744,上海市,上海市,长宁区,121.41415855749074,31.225600704050937,Transport
公厕,生活服务,公厕,121.417762,31.225088,上海市,上海市,长宁区,121.41311754439532,31.22694332575337,Toilet
公厕,生活服务,公厕,121.421422,31.225505,上海市,上海市,长宁区,121.41678091702488,31.22736297153208,Toilet
中山公园-公厕,生活服务,公厕,121.41885,31.223584,上海市,上海市,长宁区,121.41420661417617,31.225440815062434,Toilet
中山公园-公厕,生活服务,公厕,121.418424,31.221938,上海市,上海市,长宁区,121.41378038246486,31.22379527979439,Toilet
出租车司机专用公厕,生活服务,公厕,121.41742,31.224935,上海市,上海市,长宁区,121.41277527569524,31.22679016314331,Toilet
谈家渡路曹杨路,交通设施,公交站,121.423442,31.235295,上海市,上海市,普陀区,121.41880225095504,31.237150244831493,Transport
公厕,生活服务,公厕,121.422525,31.233125,上海市,上海市,普陀区,121.41788442049685,31.234980394368563,Toilet
公厕,生活服务,公厕,121.423529,31.235285,上海市,上海市,普陀区,121.4188893508597,31.237140332261557,Toilet
无障碍公厕,生活服务,公厕,121.423465,31.235287,上海市,上海市,普陀区,121.41882527779426,31.23714227037969,Toilet
凯旋北路宁夏路,交通设施,公交站,121.412151,31.227884,上海市,上海市,普陀区,121.40750246399092,31.229734838577865,Transport
公厕,生活服务,公厕,121.416079,31.226983,上海市,上海市,长宁区,121.41143305170358,31.228836333791005,Toilet
白玉路隆德路,交通设施,公交站,121.419415,31.228552,上海市,上海市,普陀区,121.41477169382712,31.23040691140601,Transport
公厕,生活服务,公厕,121.419784,31.228822,上海市,上海市,普陀区,121.4151410141698,31.23067707202125,Toilet
康定路泰兴路,交通设施,公交站,121.455111,31.236845,上海市,上海市,静安区,121.45053209596028,31.23875081332389,Transport
北站医院,医疗保健,综合医院,121.465039,31.243575,上海市,上海市,静安区,121.46048763009856,31.245501422748656,Medical_Service
公厕,生活服务,公厕,121.462926,31.244775,上海市,上海市,静安区,121.45836824798674,31.246695592790587,Toilet
出租车司机专用公厕,生活服务,公厕,121.466006,31.242605,上海市,上海市,静安区,121.46145763614754,31.244534323315907,Toilet
无障碍洗手间,生活服务,公厕,121.46512,31.24353,上海市,上海市,静安区,121.46056887761148,31.24545664828196,Toilet
无障碍洗手间,生活服务,公厕,121.465112,31.24358,上海市,上海市,静安区,121.46056084922796,31.24550660536406,Toilet
无障碍洗手间,生活服务,公厕,121.465212,31.243573,上海市,上海市,静安区,121.46066115088152,31.245499862031465,Toilet
无障碍洗手间,生活服务,公厕,121.465177,31.243572,上海市,上海市,静安区,121.4606260455632,31.245498773729484,Toilet
无障碍洗手间,生活服务,公厕,121.465135,31.243557,上海市,上海市,静安区,121.46058392042389,31.245483674062022,Toilet
无障碍洗手间,生活服务,公厕,121.465125,31.243636,上海市,上海市,静安区,121.46057388351709,31.245562612940027,Toilet
无障碍洗手间,生活服务,公厕,121.46517,31.243561,上海市,上海市,静安区,121.4606190254356,31.245487760964995,Toilet
无障碍洗手间,生活服务,公厕,121.465178,31.243632,上海市,上海市,静安区,121.46062704340044,31.245558749089703,Toilet
无障碍洗手间,生活服务,公厕,121.465155,31.243648,上海市,上海市,静安区,121.46060397277589,31.24557468353647,Toilet
无障碍洗手间,生活服务,公厕,121.465172,31.243468,上海市,上海市,静安区,121.4606210394765,31.24539480816467,Toilet
无障碍洗手间,生活服务,公厕,121.465185,31.243544,上海市,上海市,静安区,121.46063407206655,31.245470806696297,Toilet
无障碍洗手间,生活服务,公厕,121.465158,31.243479,上海市,上海市,静安区,121.46060699637964,31.245405767690507,Toilet
无障碍洗手间,生活服务,公厕,121.46516,31.243512,上海市,上海市,静安区,121.46060899955488,31.2454387578106,Toilet
无障碍洗手间,生活服务,公厕,121.465121,31.243497,上海市,上海市,静安区,121.46056988346623,31.24542366576491,Toilet
北站街道社区卫生中心,医疗保健,综合医院,121.46425,31.243439,上海市,上海市,静安区,121.4596962799454,31.245363495498346,Medical_Service
晋元路海宁路,交通设施,公交站,121.46941,31.245014,上海市,上海市,静安区,121.46487194876086,31.24695108967851,Transport
天目中路晋元路,交通设施,公交站,121.468017,31.245099,上海市,上海市,静安区,121.4634745935824,31.24703239111219,Transport
无障碍公厕,生活服务,公厕,121.468912,31.245433,上海市,上海市,静安区,121.46437235169138,31.247368586498173,Toilet
交通公园-公厕,生活服务,公厕,121.468501,31.248002,上海市,上海市,静安区,121.46395984764465,31.24993535069706,Toilet
中兴路,交通设施,地铁,121.46906,31.253224,上海市,上海市,静安区,121.4645201438318,31.25515649039452,Transport
中兴路止园路,交通设施,公交站,121.470478,31.253802,上海市,上海市,静安区,121.46594256422183,31.25573799661436,Transport
西藏北路永兴路,交通设施,公交站,121.469279,31.250814,上海市,上海市,静安区,121.46474003797069,31.252748140371644,Transport
虬江路西藏北路,交通设施,公交站,121.471359,31.250903,上海市,上海市,静安区,121.4668266198464,31.25284264693825,Transport
西藏北路中兴路,交通设施,公交站,121.469124,31.252207,上海市,上海市,静安区,121.46458443192688,31.25414011087508,Transport
中兴路西藏北路,交通设施,公交站,121.468024,31.252899,上海市,上海市,静安区,121.46348094325478,31.254828916901868,Transport
中兴路地铁站1号口,交通设施,地铁,121.469238,31.253703,上海市,上海市,静安区,121.464698660502,31.255635747616367,Transport
中兴路地铁站2号口,交通设施,地铁,121.469615,31.253172,上海市,上海市,静安区,121.4650768909806,31.25510598031273,Transport
中兴路地铁站4号口,交通设施,地铁,121.468306,31.253273,上海市,上海市,静安区,121.46376378666432,31.255203488028407,Transport
中兴路地铁站3号口,交通设施,地铁,121.468791,31.252473,上海市,上海市,静安区,121.46425036714008,31.25440511562689,Transport
浙江北路天目东路,交通设施,公交站,121.474534,31.24746,上海市,上海市,静安区,121.4700122017686,31.249409843381603,Transport
天目东路浙江北路,交通设施,公交站,121.47504,31.249095,上海市,上海市,静安区,121.47051972437748,31.25104550937912,Transport
公厕,生活服务,公厕,121.4715,31.248628,上海市,上海市,静安区,121.4669682667038,31.25056904356208,Toilet
北站街道社区卫生中心浙江北路四一一号执业点,医疗保健,综合医院,121.474187,31.247958,上海市,上海市,静安区,121.46966402213384,31.249906663266657,Medical_Service
公厕,生活服务,公厕,121.475854,31.245504,上海市,上海市,静安区,121.47133672137052,31.24745838496372,Toilet
宝山路,交通设施,地铁,121.476333,31.25149,上海市,上海市,静安区,121.4718167966696,31.25344303878908,Transport
永兴路公兴路,交通设施,公交站,121.472718,31.253235,上海市,上海市,静安区,121.46818978954204,31.25517728747432,Transport
虬江路公兴路,交通设施,公交站,121.474709,31.251991,上海市,上海市,静安区,121.47018738683305,31.253939301055883,Transport
出租车司机专用公厕,生活服务,公厕,121.474122,31.249627,上海市,上海市,静安区,121.4695986660528,31.251574736715384,Toilet
宝山路地铁站2号口,交通设施,地铁,121.475574,31.251268,上海市,上海市,静安区,121.47105529962462,31.253219021136967,Transport
东宝兴路,交通设施,地铁,121.480223,31.259863,上海市,上海市,虹口区,121.47571917635577,31.26182335856255,Transport
中兴路宝通路,交通设施,公交站,121.476563,31.259109,上海市,上海市,静安区,121.47204690734792,31.261059317461715,Transport
中兴路东宝兴路,交通设施,公交站,121.476768,31.25916,上海市,上海市,静安区,121.47225258601246,31.261110869608743,Transport
东宝兴路中兴路,交通设施,公交站,121.47723,31.261185,上海市,上海市,虹口区,121.47271595495764,31.2631362825633,Transport
公厕,生活服务,公厕,121.481052,31.261152,上海市,上海市,虹口区,121.47655089792217,31.263114176558293,Toilet
无障碍公厕,生活服务,公厕,121.478811,31.260656,上海市,上海市,虹口区,121.47430231612512,31.262611983254477,Toilet
无障碍洗手间,生活服务,公厕,121.480099,31.259887,上海市,上海市,虹口区,121.475594751835,31.261846992923488,Toilet
无障碍洗手间,生活服务,公厕,121.480221,31.258951,上海市,上海市,虹口区,121.47571724777448,31.26091175193945,Toilet
无障碍洗手间,生活服务,公厕,121.480227,31.258962,上海市,上海市,虹口区,121.47572326727988,31.26092276431148,Toilet
东宝兴路地铁站1号口,交通设施,地铁,121.480106,31.260598,上海市,上海市,虹口区,121.47560171467832,31.262557702407467,Transport
东宝兴路地铁站2号口,交通设施,地铁,121.48024,31.259176,上海市,上海市,虹口区,121.47573629323114,31.261136707838403,Transport
中医医院芷江中路院区,医疗保健,综合医院,121.471686,31.259197,上海市,上海市,静安区,121.46715395306715,31.26113386309246,Medical_Service
中医医院膏方科,医疗保健,综合医院,121.471547,31.259385,上海市,上海市,静安区,121.46701449143502,31.261321405952348,Medical_Service
上海中医院膏方咨询室,医疗保健,综合医院,121.471451,31.259422,上海市,上海市,静安区,121.46691818091,31.261358131129956,Medical_Service
中医医院中医针灸科,医疗保健,综合医院,121.471469,31.259377,上海市,上海市,静安区,121.4669362423906,31.26131319929977,Medical_Service
宝昌路芷江中路,交通设施,公交站,121.472285,31.260702,上海市,上海市,静安区,121.46775474916006,31.26263982565633,Transport
东宝兴路芷江中路,交通设施,公交站,121.474066,31.263487,上海市,上海市,静安区,121.46954129120172,31.265428478747424,Transport
中医医院10号楼,医疗保健,综合医院,121.472242,31.259144,上海市,上海市,静安区,121.46771174467938,31.261082390064487,Medical_Service
中医医院9号楼,医疗保健,综合医院,121.472139,31.25921,上海市,上海市,静安区,121.46760840731488,31.261148082067464,Medical_Service
上海中医院名老专家门诊部,医疗保健,综合医院,121.471481,31.259421,上海市,上海市,静安区,121.46694827701268,31.26135721236704,Medical_Service
上海中医院-脾胃病咨询室,医疗保健,综合医院,121.471471,31.259469,上海市,上海市,静安区,121.46693824087252,31.261405164428314,Medical_Service
公厕,生活服务,公厕,121.476169,31.262989,上海市,上海市,虹口区,121.47165126389658,31.26493652398209,Toilet
公厕,生活服务,公厕,121.472183,31.260467,上海市,上海市,静安区,121.46765244079543,31.262404651730726,Toilet
公厕,生活服务,公厕,121.472082,31.260579,上海市,上海市,静安区,121.46755110606529,31.26251632929326,Toilet
中医医院2,医疗保健,综合医院,121.471441,31.259531,上海市,上海市,静安区,121.46690813952708,31.26146705650983,Medical_Service
中医医院2号楼,医疗保健,综合医院,121.471847,31.259386,上海市,上海市,静安区,121.46731545341208,31.26132321508929,Medical_Service
中医医院体检中心,医疗保健,综合医院,121.471646,31.259482,上海市,上海市,静安区,121.46711380029492,31.26141863044053,Medical_Service
名老中医诊疗所芷江路部,医疗保健,诊所,121.471652,31.259753,上海市,上海市,静安区,121.46711979620204,31.261689528090685,Medical_Service
公厕,生活服务,公厕,121.475716,31.262879,上海市,上海市,虹口区,121.47119677157102,31.264825308597977,Toilet
中医医院芷江中路院区急诊,医疗保健,综合医院,121.471424,31.259552,上海市,上海市,静安区,121.46689108332554,31.26148800154957,Medical_Service
中医医院芷江中路院区住院部,医疗保健,综合医院,121.471813,31.259015,上海市,上海市,静安区,121.46728137618632,31.260952285662512,Medical_Service
上海民生中医门诊部,医疗保健,诊所,121.486657,31.254532,上海市,上海市,虹口区,121.4821759303219,31.256513438526216,Medical_Service
四平路社区卫生运营服务站,医疗保健,综合医院,121.488639,31.257318,上海市,上海市,虹口区,121.48416468792894,31.25930408382621,Medical_Service
无障碍洗手间,生活服务,公厕,121.487771,31.257759,上海市,上海市,虹口区,121.48329358017594,31.259742312557204,Toilet
四平社区家庭医生诊所,医疗保健,诊所,121.488691,31.257229,上海市,上海市,虹口区,121.48421687974891,31.259215277604785,Medical_Service
无障碍洗手间,生活服务,公厕,121.487601,31.255075,上海市,上海市,虹口区,121.48312320952324,31.25705899113332,Toilet
无障碍洗手间,生活服务,公厕,121.487727,31.254902,上海市,上海市,虹口区,121.48324966909712,31.256886441060125,Toilet
无障碍洗手间,生活服务,公厕,121.48769,31.255274,上海市,上海市,虹口区,121.4832125066578,31.25725816699712,Toilet
无障碍洗手间,生活服务,公厕,121.487734,31.255029,上海市,上海市,虹口区,121.48325668295432,31.257013405679597,Toilet
嘉兴路街道社区卫生中心四平路服务站,医疗保健,综合医院,121.48869,31.257148,上海市,上海市,虹口区,121.48421588312956,31.25913431025579,Medical_Service
源盛堂,医疗保健,诊所,121.486794,31.254567,上海市,上海市,虹口区,121.48231340921969,31.256548827740545,Medical_Service
海伦路地铁站2号口,交通设施,地铁,121.490249,31.258814,上海市,上海市,虹口区,121.48578027802571,31.26080422643553,Transport
海伦路地铁站3号口,交通设施,地铁,121.48902,31.258775,上海市,上海市,虹口区,121.48454691386034,31.26076157788323,Transport
海伦路地铁站5号口,交通设施,地铁,121.48827,31.258755,上海市,上海市,虹口区,121.48379425881326,31.260739356387926,Transport
母婴室,生活服务,公厕,121.487496,31.25468,上海市,上海市,虹口区,121.48301787280582,31.25666385465928,Toilet
母婴室,生活服务,公厕,121.487665,31.257585,上海市,上海市,虹口区,121.48318722078967,31.25956807475861,Toilet
欧阳路四达路,交通设施,公交站,121.488153,31.26846,上海市,上海市,虹口区,121.48367601505302,31.27043980236921,Transport
欧阳路祥德路,交通设施,公交站,121.486759,31.272615,上海市,上海市,虹口区,121.48227674180264,31.274588901658262,Transport
公厕,生活服务,公厕,121.486911,31.272498,上海市,上海市,虹口区,121.4824292867978,31.27447240050352,Toilet
公厕,生活服务,公厕,121.48776,31.269265,上海市,上海市,虹口区,121.4832815572356,31.2712432916734,Toilet
鲁迅公园,交通设施,公交站,121.483405,31.268218,上海市,上海市,虹口区,121.47891140075232,31.270183935604653,Transport
公厕,生活服务,公厕,121.481626,31.271949,上海市,上海市,虹口区,121.4771259406884,31.27390818330548,Toilet
公厕,生活服务,公厕,121.485196,31.268867,上海市,上海市,虹口区,121.48070858069488,31.27083789563873,Toilet
公厕,生活服务,公厕,121.482009,31.268796,上海市,上海市,虹口区,121.4775105282368,31.27075763536048,Toilet
上海自在堂中医门诊部,医疗保健,诊所,121.483501,31.26828,上海市,上海市,虹口区,121.47900772834316,31.270246188714083,Medical_Service
中山北路,交通设施,地铁,121.459213,31.258883,上海市,上海市,静安区,121.45464337076862,31.26078833913378,Transport
中山北路,交通设施,公交站,121.460446,31.260944,上海市,上海市,静安区,121.4558796776158,31.262851372879403,Transport
北区汽车站,交通设施,公交站,121.46029,31.260964,上海市,上海市,静安区,121.45572323189556,31.26287099029826,Transport
大统路中山北路,交通设施,公交站,121.459379,31.259011,上海市,上海市,静安区,121.45480982563966,31.26091667541997,Transport
共和新路中山北路,交通设施,公交站,121.460279,31.262136,上海市,上海市,静安区,121.45571209932235,31.264042453597188,Transport
公厕,生活服务,公厕,121.46114,31.262889,上海市,上海市,静安区,121.45657549535944,31.26479719872164,Toilet
中山北路地铁站1号口,交通设施,地铁,121.459171,31.259376,上海市,上海市,静安区,121.45460121041926,31.261281024131893,Transport
中山北路地铁站4号口,交通设施,地铁,121.458816,31.259421,上海市,上海市,静安区,121.454245214072,31.26132516871305,Transport
普善路谈家桥路,交通设施,公交站,121.453976,31.261447,上海市,上海市,静安区,121.44939198925113,31.26333929553322,Transport
中山北路普善路,交通设施,公交站,121.455814,31.259541,上海市,上海市,静安区,121.45123500206874,31.261438209711454,Transport
柳营路泽州路,交通设施,公交站,121.455926,31.263545,上海市,上海市,静安区,121.45134695524024,31.265440718508533,Transport
公厕,生活服务,公厕,121.455642,31.25913,上海市,上海市,静安区,121.45106257829237,31.261027002774,Toilet
公厕,生活服务,公厕,121.451825,31.259332,上海市,上海市,静安区,121.44723567327672,31.261220588428465,Toilet
无障碍公厕,生活服务,公厕,121.455706,31.263007,上海市,上海市,静安区,121.45112641348564,31.264902456459,Toilet
西藏北路芷江中路,交通设施,公交站,121.467531,31.257164,上海市,上海市,静安区,121.46298605063882,31.259090748407747,Transport
芷江中路西藏北路,交通设施,公交站,121.468334,31.258226,上海市,上海市,静安区,121.46379144693996,31.26015437606642,Transport
公厕,生活服务,公厕,121.470445,31.255441,上海市,上海市,静安区,121.46590931841963,31.257376183562755,Toilet
公厕,生活服务,公厕,121.469132,31.25811,上海市,上海市,静安区,121.46459194849926,31.260040524163166,Toilet
宝山路街道社区卫生中心,医疗保健,综合医院,121.468949,31.257236,上海市,上海市,静安区,121.46440845075568,31.25916642579248,Medical_Service
宝山社区卫生中心-预防接种门诊,医疗保健,诊所,121.468762,31.257236,上海市,上海市,静安区,121.46422086621436,31.259165933773374,Medical_Service
中山北路共和新路,交通设施,公交站,121.464189,31.26192,上海市,上海市,静安区,121.45963350350196,31.26383613396496,Transport
北区汽车站,交通设施,公交站,121.463029,31.260732,上海市,上海市,静安区,121.45847017308562,31.26264576118493,Transport
公厕,生活服务,公厕,121.462327,31.261993,上海市,上海市,静安区,121.45776600892448,31.263904481339324,Toilet
公厕,生活服务,公厕,121.46316,31.25937,上海市,上海市,静安区,121.45860167608846,31.261284680819166,Toilet
新赵家宅社区卫生运营服务站,医疗保健,综合医院,121.466107,31.260675,上海市,上海市,静安区,121.46155738500768,31.26259653753563,Medical_Service
延长路共和新路,交通设施,公交站,121.45775,31.272306,上海市,上海市,静安区,121.45317514747514,31.27420212781271,Transport
共和新路洛川东路,交通设施,公交站,121.457024,31.269761,上海市,上海市,静安区,121.45244738185272,31.27165653972632,Transport
闸北公园-公厕,生活服务,公厕,121.458485,31.269457,上海市,上海市,静安区,121.4539124248949,31.271356051733637,Toilet
公厕,生活服务,公厕,121.421837,31.243802,上海市,上海市,普陀区,121.41719475460395,31.245651892842407,Toilet
兰田路社区卫生运营服务站家庭医生工作站,医疗保健,综合医院,121.421647,31.243672,上海市,上海市,普陀区,121.41700456718806,31.24552178572107,Medical_Service
曹杨路地铁站13号口,交通设施,地铁,121.421116,31.241159,上海市,上海市,普陀区,121.41647324092236,31.24300947137216,Transport
曹杨路地铁站12号口,交通设施,地铁,121.420512,31.240293,上海市,上海市,普陀区,121.41586871440192,31.242143363567667,Transport
曹杨路兰溪路,交通设施,公交站,121.413302,31.240597,上海市,上海市,普陀区,121.40865300547006,31.24244250502509,Transport
武宁路中宁路,交通设施,公交站,121.41498,31.244671,上海市,上海市,普陀区,121.41033172456956,31.246515544124165,Transport
上海巴士第三公共交通有限责任公司门诊部,医疗保健,诊所,121.412851,31.241202,上海市,上海市,普陀区,121.40820168963342,31.243047012686866,Medical_Service
中宁路地铁站1号口,交通设施,地铁,121.41558,31.244813,上海市,上海市,普陀区,121.41093213291214,31.24665782845791,Transport
东新路光复西路,交通设施,公交站,121.428575,31.242248,上海市,上海市,普陀区,121.42394116948036,31.244105528708506,Transport
公厕,生活服务,公厕,121.42832,31.241643,上海市,上海市,普陀区,121.42368586553472,31.243500504605368,Toilet
上海刘一博中医诊所,医疗保健,诊所,121.428369,31.244342,上海市,上海市,普陀区,121.42373469880778,31.24619833797672,Medical_Service
中宁路,交通设施,地铁,121.414538,31.2451,上海市,上海市,普陀区,121.4098893895434,31.24694410411358,Transport
星诺口腔专科医院,医疗保健,诊所,121.413047,31.245687,上海市,上海市,普陀区,121.40839741148643,31.247530074040597,Medical_Service
公共厕所,生活服务,公厕,121.413681,31.24695,上海市,上海市,普陀区,121.40903168092024,31.248792818407438,Toilet
公共厕所,生活服务,公厕,121.414745,31.247272,上海市,上海市,普陀区,121.4100963382012,31.249115240073422,Toilet
无障碍公厕,生活服务,公厕,121.41363,31.246926,上海市,上海市,普陀区,121.40898065168334,31.24876880334177,Toilet
江苏饭店公厕,生活服务,公厕,121.412328,31.245407,上海市,上海市,普陀区,121.40767803143308,31.24724986737393,Toilet
中宁路地铁站3号口,交通设施,地铁,121.4132,31.244959,上海市,上海市,普陀区,121.40855056461682,31.246802476407453,Transport
中宁路地铁站4号口,交通设施,地铁,121.413614,31.245456,上海市,上海市,普陀区,121.4089647700923,31.247299457330147,Transport
石泉路中宁路,交通设施,公交站,121.417724,31.247186,上海市,上海市,普陀区,121.41307758674128,31.249031138081087,Transport
公厕,生活服务,公厕,121.421639,31.245707,上海市,上海市,普陀区,121.41699638150985,31.247555859287782,Toilet
石泉街道社区卫生中心,医疗保健,综合医院,121.418401,31.248162,上海市,上海市,普陀区,121.41375507710124,31.250007178608808,Medical_Service
金盛国际家具-男洗手间,生活服务,公厕,121.420198,31.2534,上海市,上海市,普陀区,121.41555326656083,31.25524421400629,Toilet
女洗手间,生活服务,公厕,121.420558,31.253559,上海市,上海市,普陀区,121.41591360318742,31.25540343582549,Toilet
上海名宾门诊部,医疗保健,诊所,121.420691,31.25073,上海市,上海市,普陀区,121.416046981064,31.252575803246494,Medical_Service
女洗手间,生活服务,公厕,121.420618,31.253552,上海市,上海市,普陀区,121.41597366288369,31.25539648821696,Toilet
女洗手间,生活服务,公厕,121.418251,31.251701,上海市,上海市,普陀区,121.41360463889228,31.25354448951819,Toilet
女洗手间,生活服务,公厕,121.418819,31.252811,上海市,上海市,普陀区,121.4141730392594,31.25465440988339,Toilet
女洗手间,生活服务,公厕,121.420071,31.253166,上海市,上海市,普陀区,121.41542616496626,31.25501021607416,Toilet
女洗手间,生活服务,公厕,121.420027,31.253172,上海市,上海市,普陀区,121.41538212237664,31.255016178339428,Toilet
女洗手间,生活服务,公厕,121.420018,31.253132,上海市,上海市,普陀区,121.41537311727258,31.2549761889235,Toilet
女洗手间,生活服务,公厕,121.420087,31.253208,上海市,上海市,普陀区,121.41544217662664,31.255052210216405,Toilet
男洗手间,生活服务,公厕,121.420626,31.253617,上海市,上海市,普陀区,121.41598166510894,31.255461465989093,Toilet
男洗手间,生活服务,公厕,121.41887,31.25281,上海市,上海市,普陀区,121.4142240848292,31.25465344819887,Toilet
男洗手间,生活服务,公厕,121.420045,31.25319,上海市,上海市,普陀区,121.41540013800368,31.255034184691027,Toilet
男卫生间,生活服务,公厕,121.42012,31.253148,上海市,上海市,普陀区,121.41547521350388,31.254992263221663,Toilet
铜川路府村路,交通设施,公交站,121.417082,31.253225,上海市,上海市,普陀区,121.41243453700908,31.2550670067007,Transport
公厕,生活服务,公厕,121.412392,31.251887,上海市,上海市,普陀区,121.4077415010564,31.2537269928224,Toilet
石泉路街道社区卫生中心铜川路社区卫生服务站,医疗保健,综合医院,121.414112,31.252778,上海市,上海市,普陀区,121.409462442891,31.254618437351024,Medical_Service
公厕,生活服务,公厕,121.446925,31.241717,上海市,上海市,静安区,121.44232540681551,31.243603518783527,Toilet
昌化路安远路,交通设施,公交站,121.446825,31.242353,上海市,上海市,普陀区,121.44222512194597,31.244239036392,Transport
公厕,生活服务,公厕,121.44679,31.243757,上海市,上海市,普陀区,121.44218991988818,31.245642332194443,Toilet
公厕,生活服务,公厕,121.448128,31.249684,上海市,上海市,普陀区,121.4435305143814,31.25156928264872,Toilet
上海善康堂中医诊所,医疗保健,诊所,121.448901,31.251164,上海市,上海市,普陀区,121.44430521798472,31.25305016444371,Medical_Service
中潭路远景路,交通设施,公交站,121.442894,31.252457,上海市,上海市,普陀区,121.43828457418893,31.254331198623127,Transport
无障碍公厕,生活服务,公厕,121.436743,31.246951,上海市,上海市,普陀区,121.43212194319244,31.24881747433049,Toilet
出租车司机专用公厕,生活服务,公厕,121.434494,31.247859,上海市,上海市,普陀区,121.42986889792016,31.249721732881127,Toilet
镇坪路地铁站5号口,交通设施,地铁,121.432286,31.246342,上海市,上海市,普陀区,121.42765738268312,31.248202351257262,Transport
石泉东路光新路,交通设施,公交站,121.432628,31.254568,上海市,上海市,普陀区,121.427999215568,31.2564251407852,Transport
公厕,生活服务,公厕,121.436283,31.257829,上海市,上海市,普陀区,121.43166016542372,31.259689940689743,Toilet
香溢花城社区卫生运营服务站,医疗保健,综合医院,121.436689,31.254819,上海市,上海市,普陀区,121.43206716082015,31.25668188350335,Medical_Service
子长路新村路,交通设施,公交站,121.434548,31.261061,上海市,上海市,普陀区,121.42992184150933,31.26291796979847,Transport
甘泉路志丹路,交通设施,公交站,121.432297,31.2627,上海市,上海市,普陀区,121.42766697634748,31.264553130327982,Transport
子长路延长西路,交通设施,公交站,121.434545,31.261095,上海市,上海市,普陀区,121.42991883341928,31.262951950667063,Transport
章家巷社区卫生运营服务站,医疗保健,综合医院,121.433686,31.261157,上海市,上海市,普陀区,121.4290583774442,31.263012705129107,Medical_Service
平江小区,交通设施,公交站,121.448029,31.254692,上海市,上海市,普陀区,121.4434308473336,31.256574859913748,Transport
沪太路中山北路,交通设施,公交站,121.450658,31.256874,上海市,上海市,静安区,121.4460659835142,31.258761222984827,Transport
洛川中路普善路,交通设施,公交站,121.45164,31.265576,上海市,上海市,静安区,121.44704966810356,31.267461484383475,Transport
运城路大宁路,交通设施,公交站,121.441782,31.269914,上海市,上海市,静安区,121.43716873405276,31.27177863643329,Transport
大宁路运城路,交通设施,公交站,121.443602,31.269933,上海市,上海市,静安区,121.4389925656253,31.271800853272428,Transport
公厕,生活服务,公厕,121.44265,31.26946,上海市,上海市,静安区,121.43803858230756,31.271326352099223,Toilet
新村路沪太路,交通设施,公交站,121.440975,31.26776,上海市,上海市,普陀区,121.43636027155918,31.26962417092665,Transport
沪太新村,交通设施,公交站,121.439265,31.267659,上海市,上海市,普陀区,121.43464688742591,31.269520360756044,Transport
公厕,生活服务,公厕,121.441412,31.264899,上海市,上海市,普陀区,121.43679840973854,31.266765151283725,Toilet
宜川路沪太路,交通设施,公交站,121.438179,31.270237,上海市,上海市,静安区,121.43355858165285,31.27209550712645,Transport
大宁灵石公园-公厕,生活服务,公厕,121.439226,31.272223,上海市,上海市,静安区,121.43460741473716,31.2740823481554,Toilet
彭浦镇社区卫生中心,医疗保健,综合医院,121.43972,31.268837,上海市,上海市,静安区,121.43510267406164,31.27069860336499,Medical_Service
SAM皮肤健康管理中心,医疗保健,诊所,121.438013,31.270142,上海市,上海市,静安区,121.43339227679996,31.272000284430334,Medical_Service
沪太路宜川路,交通设施,公交站,121.434577,31.270941,上海市,上海市,静安区,121.429950031122,31.272793753407868,Transport
新泉路交通路,交通设施,公交站,121.417895,31.262098,上海市,上海市,普陀区,121.41324742920968,31.263936662901877,Transport
交通路交暨路,交通设施,公交站,121.418963,31.260342,上海市,上海市,普陀区,121.41431651122882,31.262182201020394,Transport
公厕,生活服务,公厕,121.421807,31.258997,上海市,上海市,普陀区,121.4171633985316,31.26084009925149,Toilet
新泉社区卫生运营服务站,医疗保健,综合医院,121.417698,31.262512,上海市,上海市,普陀区,121.41305022841574,31.26435034602465,Medical_Service
广泉路,交通设施,地铁,121.412802,31.261501,上海市,上海市,普陀区,121.40815089085586,31.263336948900896,Transport
棉花仓库,交通设施,公交站,121.414064,31.261238,上海市,上海市,普陀区,121.40941367415682,31.263074690551356,Transport
公厕,生活服务,公厕,121.412614,31.259189,上海市,上海市,普陀区,121.40796298664029,31.26102587110896,Toilet
华池路汉阴路,交通设施,公交站,121.42762,31.255957,上海市,上海市,普陀区,121.42298365727927,31.25780728745912,Transport
交通路志丹路,交通设施,公交站,121.42963,31.258269,上海市,上海市,普陀区,121.4249962857246,31.2601206433682,Transport
公厕,生活服务,公厕,121.429418,31.256188,上海市,上海市,普陀区,121.42478415862736,31.25804029975217,Toilet
公厕,生活服务,公厕,121.429419,31.256193,上海市,上海市,普陀区,121.42478515964088,31.25804529876392,Toilet
公厕,生活服务,公厕,121.42759,31.257017,上海市,上海市,普陀区,121.4229535242854,31.258866786538626,Toilet
新村路,交通设施,地铁,121.422665,31.263968,上海市,上海市,普陀区,121.41802188520045,31.26580970304036,Transport
西乡路新村路,交通设施,公交站,121.426837,31.266679,上海市,上海市,普陀区,121.4221986774109,31.268523740384573,Transport
灵石路新村路,交通设施,公交站,121.42294,31.266856,上海市,上海市,普陀区,121.4182969365352,31.26869671002888,Transport
新村路双山路,交通设施,公交站,121.425261,31.264915,上海市,上海市,普陀区,121.4206208239186,31.266758820196344,Transport
新村路地铁站1号口,交通设施,地铁,121.423171,31.264471,上海市,上海市,普陀区,121.41852840229062,31.266312954157765,Transport
新村路广泉路,交通设施,公交站,121.414543,31.266073,上海市,上海市,普陀区,121.4098925631128,31.26790785242776,Transport
新村路大华路,交通设施,公交站,121.414206,31.266224,上海市,上海市,普陀区,121.40955532990988,31.268058605510063,Transport
广泉路新村路,交通设施,公交站,121.415536,31.265073,上海市,上海市,普陀区,121.41088633403696,31.26690884970094,Transport
万里门诊部,医疗保健,诊所,121.413818,31.266659,上海市,上海市,普陀区,121.40916704614632,31.268493215234106,Medical_Service
中医医院,医疗保健,综合医院,121.413852,31.26665,上海市,上海市,普陀区,121.4092010681488,31.26848423662201,Medical_Service
中泾路新潮路,交通设施,公交站,121.362533,31.200277,上海市,上海市,长宁区,121.35792079960724,31.20217056874754,Transport
金浜路福泉路,交通设施,公交站,121.361305,31.198423,上海市,上海市,长宁区,121.3566950883157,31.200319300912916,Transport
新潮路福泉路,交通设施,公交站,121.360552,31.201717,上海市,上海市,长宁区,121.3559431304325,31.2036128160342,Transport
新泾路福泉路,交通设施,公交站,121.361097,31.20397,上海市,上海市,长宁区,121.35648697270511,31.205863890884896,Transport
福泉路新泾路,交通设施,公交站,121.360044,31.203759,上海市,上海市,长宁区,121.35543585861444,31.205654590051893,Transport
上海金庭山庄酒店-洗手间,生活服务,公厕,121.35706,31.204441,上海市,上海市,长宁区,121.35245726445058,31.206340924551853,Toilet
哈密路龙溪路,交通设施,公交站,121.365442,31.200332,上海市,上海市,长宁区,121.36082494339573,31.202221390974675,Transport
公厕,生活服务,公厕,121.366594,31.202731,上海市,上海市,长宁区,121.36197489097428,31.204617635360886,Toilet
上海神宏中医门诊部,医疗保健,诊所,121.369733,31.200162,上海市,上海市,长宁区,121.36510932182192,31.202045789613937,Medical_Service
申宏中医,医疗保健,诊所,121.369764,31.200039,上海市,上海市,长宁区,121.3651402869274,31.201922811016736,Medical_Service
剑河路可乐路,交通设施,公交站,121.369895,31.204264,上海市,上海市,长宁区,121.3652707279992,31.20614557629029,Transport
哈密路仙霞路,交通设施,公交站,121.370953,31.207602,上海市,上海市,长宁区,121.36632690906669,31.209480640293634,Transport
公厕,生活服务,公厕,121.368232,31.205057,上海市,上海市,长宁区,121.36361014503298,31.20694032002355,Toilet
淞虹路新泾路,交通设施,公交站,121.36431,31.204108,上海市,上海市,长宁区,121.35969447138008,31.20599712911188,Transport
淞虹路可乐路,交通设施,公交站,121.363867,31.205483,上海市,上海市,长宁区,121.35925208967043,31.20737208951119,Transport
上海和睦家医院,医疗保健,综合医院,121.364872,31.206595,上海市,上海市,长宁区,121.3602553292463,31.20848212460569,Medical_Service
平塘路甘溪路,交通设施,公交站,121.364745,31.211369,上海市,上海市,长宁区,121.36012812362816,31.21325399174384,Transport
仙霞西路剑河路,交通设施,公交站,121.367585,31.208504,上海市,上海市,长宁区,121.36296383966574,31.210386496073944,Transport
平塘路泉口路,交通设施,公交站,121.364445,31.214609,上海市,上海市,长宁区,121.35982833712669,31.216492857511827,Transport
泉口路剑河路,交通设施,公交站,121.366139,31.213511,上海市,上海市,长宁区,121.36151967882476,31.215393027719657,Transport
泉口路淞虹路,交通设施,公交站,121.362828,31.214012,上海市,上海市,长宁区,121.35821410457214,31.2158984666144,Transport
协和路仙霞西路,交通设施,公交站,121.356593,31.21095,上海市,上海市,长宁区,121.35199057830434,31.21284751516833,Transport
公厕,生活服务,公厕,121.35595,31.209504,上海市,上海市,长宁区,121.35134892094096,31.21140325272683,Toilet
无障碍公厕,生活服务,公厕,121.356007,31.209523,上海市,上海市,长宁区,121.35140581093958,31.21142215106538,Toilet
新泾镇社区卫生中心,医疗保健,综合医院,121.360475,31.214913,上海市,上海市,长宁区,121.35586512366702,31.216802536974207,Medical_Service
泉口路福泉路,交通设施,公交站,121.35954,31.21473,上海市,上海市,长宁区,121.3549318135202,31.216621054847156,Transport
福泉路泉口路,交通设施,公交站,121.358537,31.215568,上海市,上海市,长宁区,121.35393056456932,31.21746021123279,Transport
公共厕所,生活服务,公厕,121.360796,31.214307,上海市,上海市,长宁区,121.35618560739722,31.216196341353584,Toilet
公厕,生活服务,公厕,121.362117,31.216604,上海市,上海市,长宁区,121.3575041000377,31.21849026926035,Toilet
新泾社区卫生中心-预防接种门诊,医疗保健,综合医院,121.360261,31.215107,上海市,上海市,长宁区,121.35565148774089,31.216996769518,Medical_Service
泉口路协和路,交通设施,公交站,121.357463,31.214631,上海市,上海市,长宁区,121.3528586296122,31.21652535383316,Transport
协和路泉口路,交通设施,公交站,121.356411,31.21252,上海市,上海市,长宁区,121.3518087858782,31.21441705199633,Transport
广顺路定威路,交通设施,公交站,121.353504,31.215392,上海市,上海市,长宁区,121.34890713825575,31.21729245217105,Transport
协和路甘溪路站,交通设施,公交站,121.356374,31.21256,上海市,上海市,长宁区,121.35177185235588,31.214457092446807,Transport
协和路泉口路,交通设施,公交站,121.35613,31.215619,上海市,上海市,长宁区,121.35152804962752,31.217515019406875,Transport
公厕,生活服务,公厕,121.353975,31.213391,上海市,上海市,长宁区,121.34937738975545,31.21529162554972,Toilet
公厕,生活服务,公厕,121.354752,31.216207,上海市,上海市,长宁区,121.35015263734464,31.218104989574325,Toilet
上海急救,医疗保健,急救中心,121.355461,31.213411,上海市,上海市,长宁区,121.35086051576546,31.21530916574188,Medical_Service
心逸楼,医疗保健,综合医院,121.355223,31.212955,上海市,上海市,长宁区,121.35062301156364,31.214853774192783,Medical_Service
西郊绿地医院心悦楼,医疗保健,综合医院,121.355499,31.213695,上海市,上海市,长宁区,121.35089841845428,31.21559296731786,Medical_Service
协和路金钟路,交通设施,公交站,121.354693,31.222227,上海市,上海市,长宁区,121.35009323024434,31.224122226145205,Transport
北翟路协和路,交通设施,公交站,121.355136,31.223599,上海市,上海市,长宁区,121.35053525722566,31.225492850012387,Transport
协和路北翟路,交通设施,公交站,121.353939,31.224891,上海市,上海市,长宁区,121.34934046466424,31.22678622001387,Transport
福泉北路北翟路,交通设施,公交站,121.357335,31.225032,上海市,上海市,长宁区,121.35272996715436,31.22692162064333,Transport
北翟路协和路,交通设施,公交站,121.353384,31.223865,上海市,上海市,长宁区,121.34878664065326,31.22576162988233,Transport
协和路金钟路,交通设施,公交站,121.354602,31.222314,上海市,上海市,长宁区,121.35000239878715,31.22420933522374,Transport
北翟路剑河路,交通设施,公交站,121.366973,31.223347,上海市,上海市,长宁区,121.36235150481018,31.225223216426933,Transport
光复西路千阳南路,交通设施,公交站,121.366716,31.227347,上海市,上海市,普陀区,121.3620945618424,31.22922168369252,Transport
公厕,生活服务,公厕,121.366547,31.22792,上海市,上海市,普陀区,121.36192577921813,31.22979464441029,Toilet
出租车司机专用公厕,生活服务,公厕,121.368412,31.22838,上海市,上海市,普陀区,121.3637878461494,31.230251951979096,Toilet
长征社区卫生中心,医疗保健,综合医院,121.369519,31.233014,上海市,上海市,普陀区,121.36489278436068,31.23488237619633,Medical_Service
同普路千阳路,交通设施,公交站,121.370959,31.231875,上海市,上海市,普陀区,121.3663307917314,31.2337421108743,Transport
千阳路同普路,交通设施,公交站,121.369968,31.233119,上海市,上海市,普陀区,121.3653411148788,31.234986761658224,Transport
千阳路云岭西路,交通设施,公交站,121.368971,31.231005,上海市,上海市,普陀区,121.36434577478208,31.232875006792625,Transport
上海糖平中医诊所,医疗保健,诊所,121.371461,31.233565,上海市,上海市,普陀区,121.366831933747,31.235430718589424,Medical_Service
长征镇社区卫生中心-预防接种门诊,医疗保健,诊所,121.369679,31.232991,上海市,上海市,普陀区,121.36505255020025,31.234859184452045,Medical_Service
长征镇社区卫生中心住院部,医疗保健,综合医院,121.369682,31.233117,上海市,上海市,普陀区,121.36505553483175,31.23498512236457,Medical_Service
同普路棕榈路,交通设施,公交站,121.363704,31.234449,上海市,上海市,普陀区,121.35908684976934,31.2363245800416,Transport
祁连山南路云岭西路,交通设施,公交站,121.365577,31.233028,上海市,上海市,普陀区,121.36095688773108,31.23490159723023,Transport
协和路通协路,交通设施,公交站,121.353519,31.227046,上海市,上海市,长宁区,121.3489211001735,31.2289409099506,Transport
福泉北路通协路,交通设施,公交站,121.356367,31.227575,上海市,上海市,长宁区,121.35176356519398,31.229464980232397,Transport
福泉北路临新路,交通设施,公交站,121.354525,31.232306,上海市,上海市,长宁区,121.3499246827172,31.234196786820355,Transport
公厕,生活服务,公厕,121.356267,31.234589,上海市,上海市,普陀区,121.35166314675924,31.23647588372575,Toilet
公厕,生活服务,公厕,121.354614,31.23231,上海市,上海市,长宁区,121.35001350997508,31.234200637939256,Toilet
水城路,交通设施,地铁,121.39228,31.199463,上海市,上海市,长宁区,121.3876336973877,31.20132756391158,Transport
水城路虹桥路,交通设施,公交站,121.391938,31.201224,上海市,上海市,长宁区,121.38729171606428,31.203087849437324,Transport
星空广场-洗手间,生活服务,公厕,121.392435,31.201194,上海市,上海市,长宁区,121.38778847063062,31.203057646342668,Toilet
水城路地铁站3号口,交通设施,地铁,121.391382,31.199017,上海市,上海市,长宁区,121.3867361999671,31.200882190296685,Transport
水城路地铁站1号口,交通设施,地铁,121.392343,31.200016,上海市,上海市,长宁区,121.38769661818948,31.20188026457241,Transport
威宁路仙霞路,交通设施,公交站,121.38438,31.209599,上海市,上海市,长宁区,121.37973821523109,31.211463316428134,Transport
茅台路威宁路,交通设施,公交站,121.386125,31.210653,上海市,上海市,长宁区,121.38148167852808,31.21251555566458,Transport
仙霞路青溪路,交通设施,公交站,121.378696,31.207762,上海市,上海市,长宁区,121.37406002530685,31.20963208218412,Transport
上海交通大学医学院附属同仁医院6号楼,医疗保健,综合医院,121.377888,31.209199,上海市,上海市,长宁区,121.373252816841,31.21106917486908,Medical_Service
天山路哈密路,交通设施,公交站,121.378642,31.215956,上海市,上海市,长宁区,121.37400537312158,31.21782218748034,Transport
双流路天山路,交通设施,公交站,121.380624,31.214311,上海市,上海市,长宁区,121.37598538084792,31.216176135223087,Transport
上海美健门诊部,医疗保健,诊所,121.377916,31.216216,上海市,上海市,长宁区,121.3732801744486,31.21808277249174,Medical_Service
北虹社区卫生运营服务站,医疗保健,诊所,121.37795,31.213616,上海市,上海市,长宁区,121.37331436147544,31.215483984271657,Medical_Service
元化门诊部,医疗保健,诊所,121.378844,31.216148,上海市,上海市,长宁区,121.37420713111987,31.218013901692995,Medical_Service
虹桥路水城路,交通设施,公交站,121.394474,31.200339,上海市,上海市,长宁区,121.38982665468411,31.202202280600243,Transport
水城南路虹桥路,交通设施,公交站,121.392723,31.198615,上海市,上海市,长宁区,121.38807655695604,31.20047979323974,Transport
水城路地铁站2号口,交通设施,地铁,121.392926,31.199451,上海市,上海市,长宁区,121.38827938921692,31.20131529789044,Transport
伊犁路,交通设施,地铁,121.403911,31.198871,上海市,上海市,长宁区,121.39926239884043,31.20073369061855,Transport
虹桥路古北路,交通设施,公交站,121.404112,31.19882,上海市,上海市,长宁区,121.39946342384354,31.20068273028419,Transport
娄山关路,交通设施,公交站,121.404416,31.201884,上海市,上海市,长宁区,121.39976719210956,31.203745249847127,Transport
新虹桥中心花园-公厕,生活服务,公厕,121.403966,31.199568,上海市,上海市,长宁区,121.39931734355432,31.201430351211247,Toilet
伊犁路地铁站4号口,交通设施,地铁,121.403535,31.199374,上海市,上海市,长宁区,121.39888632225151,31.201236420529742,Transport
伊犁路地铁站3号口,交通设施,地铁,121.402988,31.198843,上海市,上海市,长宁区,121.39833933400564,31.20070566071659,Transport
伊犁路地铁站1号口,交通设施,地铁,121.404224,31.19918,上海市,上海市,长宁区,121.39957540486712,31.201042561833297,Transport
上海杜宁中西医结合诊所,医疗保健,诊所,121.404012,31.202532,上海市,上海市,长宁区,121.39936309005196,31.20439289952343,Medical_Service
伊犁路安顺路,交通设施,公交站,121.407699,31.201392,上海市,上海市,长宁区,121.40305092426684,31.2032540287909,Transport
新虹桥中心花园-公厕,生活服务,公厕,121.407443,31.200532,上海市,上海市,长宁区,121.4027949249476,31.20239439170102,Toilet
古北路长宁路,交通设施,公交站,121.398914,31.216279,上海市,上海市,长宁区,121.39426404700744,31.218133454519283,Transport
古北路天山路,交通设施,公交站,121.399979,31.213329,上海市,上海市,长宁区,121.3953291606634,31.21518473066283,Transport
天山路古北路,交通设施,公交站,121.398764,31.21237,上海市,上海市,长宁区,121.39411441247688,31.21422635233469,Transport
天山支路古北路,交通设施,公交站,121.398328,31.214843,上海市,上海市,长宁区,121.39367827582292,31.216698238157388,Transport
天山面瘫诊所,医疗保健,诊所,121.399571,31.215954,上海市,上海市,长宁区,121.3949209799828,31.21780851933793,Medical_Service
娄山关路地铁站6号口,交通设施,地铁,121.399772,31.212764,上海市,上海市,长宁区,121.39512223320028,31.214620025037902,Transport
娄山关路地铁站7号口,交通设施,地铁,121.399568,31.213634,上海市,上海市,长宁区,121.39491818252282,31.215489631290477,Transport
光复西路大渡河路,交通设施,公交站,121.393935,31.219854,上海市,上海市,普陀区,121.3892861703292,31.22170804252425,Transport
上海新发展亚太万豪豪华酒店-洗手间,生活服务,公厕,121.395901,31.221195,上海市,上海市,普陀区,121.39125133768248,31.223047770530343,Toilet
长宁路古北路,交通设施,公交站,121.399675,31.217968,上海市,上海市,长宁区,121.39502479141515,31.2198215455911,Transport
大渡河路枣阳路,交通设施,公交站,121.40066,31.221195,上海市,上海市,普陀区,121.3960094140716,31.223046917098134,Transport
洗手间,生活服务,公厕,121.401204,31.218832,上海市,上海市,长宁区,121.39655358841476,31.220685003662595,Toilet
公厕,生活服务,公厕,121.401518,31.21857,上海市,上海市,长宁区,121.39686759998142,31.22042311415581,Toilet
出租车司机专用公厕,生活服务,公厕,121.398361,31.219426,上海市,上海市,普陀区,121.3937108701546,31.221279045890302,Toilet
竹椅街公厕,生活服务,公厕,121.401111,31.223959,上海市,上海市,普陀区,121.39646014586158,31.22580958206825,Toilet
长宁路遵义路,交通设施,公交站,121.406952,31.217357,上海市,上海市,长宁区,121.40230232652272,31.219211140053204,Transport
长宁路锦屏路,交通设施,公交站,121.402481,31.218317,上海市,上海市,长宁区,121.3978306194028,31.22017021831036,Transport
长宁路娄山关路,交通设施,公交站,121.406618,31.217369,上海市,上海市,长宁区,121.40196824253084,31.219223068753227,Transport
公厕,生活服务,公厕,121.406337,31.219397,上海市,上海市,长宁区,121.40168700057168,31.221250052168127,Toilet
公厕,生活服务,公厕,121.405222,31.221518,上海市,上海市,普陀区,121.40057159799736,31.22336987786806,Toilet
洁健牙科诊所,医疗保健,诊所,121.403129,31.220973,上海市,上海市,普陀区,121.39847841332474,31.222824969217456,Medical_Service
周家桥街道社区卫生中心,医疗保健,综合医院,121.406022,31.217923,上海市,上海市,长宁区,121.40137206088366,31.21977670011827,Medical_Service
上海元朔中医门诊部,医疗保健,诊所,121.406173,31.220037,上海市,上海市,长宁区,121.4015229086567,31.22188971999662,Medical_Service
中山西路长宁路,交通设施,公交站,121.410872,31.21948,上海市,上海市,长宁区,121.40622355739694,31.22133427497493,Transport
公厕,生活服务,公厕,121.411312,31.217812,上海市,上海市,长宁区,121.40666391272558,31.21966724045885,Toilet
出租车司机专用公厕,生活服务,公厕,121.411258,31.219131,上海市,上海市,长宁区,121.40660977146412,31.22098559116213,Toilet
中滋堂中医诊所,医疗保健,诊所,121.409428,31.217257,上海市,上海市,长宁区,121.40477913450611,31.219111830479346,Medical_Service
光复西路中山北路,交通设施,公交站,121.40872,31.222655,上海市,上海市,普陀区,121.4040704022886,31.22450705664209,Transport
公厕,生活服务,公厕,121.411461,31.223455,上海市,上海市,普陀区,121.4068124944172,31.22530762594796,Toilet
长风社区卫生中心海鑫社区卫生服务站,医疗保健,综合医院,121.408177,31.223112,上海市,上海市,普陀区,121.40352717972893,31.224963693680035,Medical_Service
华东师大后门,交通设施,公交站,121.402691,31.222049,上海市,上海市,普陀区,121.39804029996468,31.223900449809666,Transport
华东师范大学中山北路校区校医院,医疗保健,综合医院,121.40645,31.229764,上海市,上海市,普陀区,121.40179912259266,31.231612195286957,Medical_Service
桐柏路花溪路,交通设施,公交站,121.405944,31.234412,上海市,上海市,普陀区,121.40129260735613,31.236257954402127,Transport
杨柳青路枣阳路,交通设施,公交站,121.40407,31.233578,上海市,上海市,普陀区,121.39941839036376,31.23542412089351,Transport
大渡河路同普路,交通设施,公交站,121.39626,31.229472,上海市,上海市,普陀区,121.39160950646404,31.23132078389065,Transport
同普路大渡河路,交通设施,公交站,121.393066,31.228003,上海市,上海市,普陀区,121.38841683787416,31.22985353737437,Transport
大渡河路金沙江路,交通设施,公交站,121.396336,31.229646,上海市,上海市,普陀区,121.3916854688808,31.23149468268478,Transport
公厕,生活服务,公厕,121.39469,31.228323,上海市,上海市,普陀区,121.39004013457134,31.23017279094408,Toilet
无障碍公厕,生活服务,公厕,121.394624,31.228369,上海市,上海市,普陀区,121.38997415545748,31.23021879155321,Toilet
长风生态公园地铁站5号口,交通设施,地铁,121.395931,31.226703,上海市,上海市,普陀区,121.39128084821832,31.22855316776974,Transport
怒江路金沙江路,交通设施,公交站,121.399173,31.230132,上海市,上海市,普陀区,121.3945217993205,31.23197988265277,Transport
枣阳路,交通设施,公交站,121.401976,31.228453,上海市,上海市,普陀区,121.3973247312352,31.23030144246629,Transport
长风公园二号门,交通设施,公交站,121.402124,31.229218,上海市,上海市,普陀区,121.3974726645199,31.23106608335009,Transport
公厕,生活服务,公厕,121.399075,31.229109,上海市,上海市,普陀区,121.39442390332992,31.23095737325391,Toilet
长风公园-公厕,生活服务,公厕,121.399655,31.227494,上海市,上海市,普陀区,121.3950039635806,31.229343050761795,Toilet
长风公园-公厕,生活服务,公厕,121.398163,31.22717,上海市,上海市,普陀区,121.39351223385862,31.229019429585296,Toilet
公厕,生活服务,公厕,121.402253,31.22905,上海市,上海市,普陀区,121.39760168008075,31.23089816058948,Toilet
长风公园-公厕,生活服务,公厕,121.401293,31.22759,上海市,上海市,普陀区,121.39664182129812,31.22943886830989,Toilet
大渡河路,交通设施,地铁,121.39444,31.231726,上海市,上海市,普陀区,121.38978993339312,31.23357429149884,Transport
金沙江路中江路,交通设施,公交站,121.393912,31.23162,上海市,上海市,普陀区,121.389262154445,31.233468528148524,Transport
长风社区卫生中心,医疗保健,综合医院,121.396838,31.232333,上海市,上海市,普陀区,121.39218709389256,31.23418030747374,Medical_Service
无障碍洗手间,生活服务,公厕,121.395453,31.232043,上海市,上海市,普陀区,121.39080253828266,31.233890817813897,Toilet
女洗手间,生活服务,公厕,121.395521,31.23199,上海市,上海市,普陀区,121.39087052007392,31.233837822020945,Toilet
男洗手间,生活服务,公厕,121.395397,31.231992,上海市,上海市,普陀区,121.39074656170322,31.233839858382524,Toilet
长风街道长风社区卫生中心-预防接种门诊,医疗保健,诊所,121.396941,31.232132,上海市,上海市,普陀区,121.39229008411424,31.233979375957297,Medical_Service
大渡河路地铁站7号口,交通设施,地铁,121.395861,31.23373,上海市,上海市,普陀区,121.3912102577126,31.235576917691045,Transport
大渡河路地铁站6号口,交通设施,地铁,121.396008,31.232152,上海市,上海市,普陀区,121.3913573492384,31.23399960680125,Transport
大渡河路地铁站9号口,交通设施,地铁,121.39644,31.232113,上海市,上海市,普陀区,121.39178922361144,31.233960509067103,Transport
大渡河路地铁站3号口,交通设施,地铁,121.393298,31.231389,上海市,上海市,普陀区,121.38864843827388,31.23323786811458,Transport
大渡河路地铁站5号口,交通设施,地铁,121.395425,31.232212,上海市,上海市,普陀区,121.39077453301726,31.234059747913797,Transport
大渡河路地铁站1号口,交通设施,地铁,121.395519,31.232052,上海市,上海市,普陀区,121.39086851533705,31.23389979386951,Transport
大渡河路地铁站4号口,交通设施,地铁,121.393365,31.231897,上海市,上海市,普陀区,121.3887153643134,31.23374560622711,Transport
蒲淞北路北翟路,交通设施,公交站,121.374972,31.218223,上海市,上海市,长宁区,121.37033956449572,31.22009188031885,Transport
公厕,生活服务,公厕,121.374186,31.221609,上海市,上海市,普陀区,121.36955428110323,31.223477141765244,Toilet
洗手间,生活服务,公厕,121.375213,31.218262,上海市,上海市,长宁区,121.37058025606528,31.22013059964439,Toilet
出租车司机专用公厕,生活服务,公厕,121.374346,31.218789,上海市,上海市,长宁区,121.36971431846436,31.220658300963144,Toilet
北新泾地铁站5号口,交通设施,地铁,121.373674,31.217028,上海市,上海市,长宁区,121.36904335096447,31.218898895111497,Transport
北新泾,交通设施,公交站,121.377672,31.219217,上海市,上海市,长宁区,121.37303619532712,31.22108258495308,Transport
光复西路丹巴路,交通设施,公交站,121.381278,31.220995,上海市,上海市,普陀区,121.37663813181544,31.222856373971695,Transport
公厕,生活服务,公厕,121.379592,31.219238,上海市,上海市,长宁区,121.37495404310562,31.221101723451817,Toilet
上海永华口腔门诊部,医疗保健,诊所,121.380829,31.218397,上海市,上海市,长宁区,121.37618981413294,31.22026000101229,Medical_Service
丹巴路云岭东路,交通设施,公交站,121.381701,31.225128,上海市,上海市,普陀区,121.37706035032863,31.226987060139223,Transport
公厕,生活服务,公厕,121.373109,31.222592,上海市,上海市,普陀区,121.36847862046984,31.22446090049847,Toilet
公厕,生活服务,公厕,121.38642,31.21815,上海市,上海市,长宁区,121.381775795428,31.220008761349384,Toilet
出租车司机专用公厕,生活服务,公厕,121.382555,31.221166,上海市,上海市,普陀区,121.377913867689,31.22302621475884,Toilet
公厕,生活服务,公厕,121.391758,31.220479,上海市,上海市,普陀区,121.387110131998,31.22233364022581,Toilet
云岭东路泸定路,交通设施,公交站,121.390569,31.222881,上海市,上海市,普陀区,121.3859215755537,31.224735075356385,Transport
云岭东路丹巴路,交通设施,公交站,121.383791,31.223648,上海市,上海市,普陀区,121.37914851148624,31.22550605712921,Transport
泸定路云岭东路,交通设施,公交站,121.38716,31.223956,上海市,上海市,普陀区,121.38251472952982,31.2258115254705,Transport
门诊部五官科,医疗保健,综合医院,121.386175,31.226234,上海市,上海市,普陀区,121.38153028257632,31.22808910679515,Medical_Service
公厕,生活服务,公厕,121.385924,31.226305,上海市,上海市,普陀区,121.38127947508114,31.22816024572972,Toilet
出租车司机专用公厕,生活服务,公厕,121.387192,31.221913,上海市,上海市,普陀区,121.38254688380552,31.22376946905869,Toilet
泸定路同普路,交通设施,公交站,121.388181,31.228597,上海市,上海市,普陀区,121.38353459424212,31.23044971413084,Transport
同普路中江路,交通设施,公交站,121.390647,31.227669,上海市,上海市,普陀区,121.38599911346247,31.22952078663071,Transport
中江路同普路,交通设施,公交站,121.392166,31.229265,上海市,上海市,普陀区,121.38751715826464,31.231115326685902,Transport
同普路泸定路,交通设施,公交站,121.390736,31.227721,上海市,上海市,普陀区,121.38608805802606,31.229572717817444,Transport
煤气站,交通设施,公交站,121.387012,31.231544,上海市,上海市,普陀区,121.38236617858846,31.23339607309973,Transport
煤气站,交通设施,公交站,121.387044,31.231616,上海市,上海市,普陀区,121.38239814843875,31.233468018962537,Transport
真北路地铁站1号口,交通设施,地铁,121.38261,31.23265,上海市,上海市,普陀区,121.37796781571232,31.23450479153933,Transport
真光路同普路,交通设施,公交站,121.373838,31.233404,上海市,上海市,普陀区,121.36920571097546,31.235267015552537,Transport
金沙江路真北路,交通设施,公交站,121.375797,31.23356,上海市,上海市,普陀区,121.3711621960877,31.23542079481454,Transport
金沙江路万镇路,交通设施,公交站,121.373528,31.234711,上海市,上海市,普陀区,121.3688960070585,31.236573763783767,Transport
118广场,生活服务,公厕,121.376774,31.231638,上海市,上海市,普陀区,121.37213817363184,31.233498662211424,Toilet
上海诚元堂中医诊所,医疗保健,诊所,121.375937,31.231465,上海市,上海市,普陀区,121.37130220547726,31.233326616655702,Medical_Service
清峪路真光路,交通设施,公交站,121.374148,31.238339,上海市,上海市,普陀区,121.36951487575952,31.24019939642,Transport
清峪路万镇路,交通设施,公交站,121.373749,31.238541,上海市,上海市,普陀区,121.36911638144376,31.24040175322047,Transport
真光路清峪路,交通设施,公交站,121.377306,31.237959,上海市,上海市,普陀区,121.3726689922448,31.23981620469694,Transport
真光路金沙江路,交通设施,公交站,121.375344,31.235786,上海市,上海市,普陀区,121.370709567208,31.237646253490222,Transport
王爱民按摩诊所,医疗保健,诊所,121.376414,31.236196,上海市,上海市,普陀区,121.37177821088532,31.238054929861985,Medical_Service
上海玉爱民中医诊所,医疗保健,诊所,121.376613,31.23631,上海市,上海市,普陀区,121.37197696048835,31.23816867070095,Medical_Service
象源丽都社区卫生运营服务站,医疗保健,诊所,121.376381,31.236103,上海市,上海市,普陀区,121.3717452590122,31.23796200704446,Medical_Service
万镇路延川路,交通设施,公交站,121.375371,31.243123,上海市,上海市,普陀区,121.37073589493204,31.24497987327296,Transport
延川路万镇路,交通设施,公交站,121.374603,31.242653,上海市,上海市,普陀区,121.36996891141042,31.24451092442773,Transport
长征镇社区卫生中心祥和名邸社区卫生服务站,医疗保健,综合医院,121.376091,31.24211,上海市,上海市,普陀区,121.37145509002949,31.243966565510032,Medical_Service
梅川路梅川新村,交通设施,公交站,121.387745,31.240774,上海市,上海市,普陀区,121.38309783938,31.242621364382348,Transport
武宁路真北路,交通设施,公交站,121.39004,31.246251,上海市,上海市,普陀区,121.3853908512154,31.24809456860283,Transport
海棠公园-公厕,生活服务,公厕,121.390506,31.247811,上海市,上海市,普陀区,121.38585643917934,31.24965362630984,Toilet
子洲路铜川路,交通设施,公交站,121.388031,31.251626,上海市,上海市,普陀区,121.38338269147052,31.253468301758005,Transport
真北路铜川路,交通设施,公交站,121.390768,31.250595,上海市,上海市,普陀区,121.3861180458144,31.252436248948666,Transport
铜川路真北路,交通设施,公交站,121.390086,31.251772,上海市,上海市,普陀区,121.3854363420712,31.25361307288831,Transport
真北路真北支路,交通设施,公交站,121.391666,31.252155,上海市,上海市,普陀区,121.38701541885489,31.253995124568057,Transport
公厕,生活服务,公厕,121.391164,31.252551,上海市,上海市,普陀区,121.38651365391694,31.254391184628957,Toilet
新真光社区卫生运营服务站,医疗保健,综合医院,121.389936,31.250629,上海市,上海市,普陀区,121.38528653248966,31.252470661319705,Medical_Service
真光路,交通设施,地铁,121.384158,31.253242,上海市,上海市,普陀区,121.37951260812656,31.255086233446995,Transport
真光新村,交通设施,公交站,121.385249,31.252204,上海市,上海市,普陀区,121.3806027673064,31.254047888659105,Transport
铜川路真光路,交通设施,公交站,121.387058,31.252634,上海市,上海市,普陀区,121.38241030621782,31.254476463750287,Transport
真光路地铁站1号口,交通设施,地铁,121.385272,31.253247,上海市,上海市,普陀区,121.38062565733892,31.25509040900937,Transport
真光路地铁站3号口,交通设施,地铁,121.383061,31.25331,上海市,上海市,普陀区,121.37841659299283,31.25515505949177,Transport
真光路地铁站2号口,交通设施,地铁,121.385252,31.252822,上海市,上海市,普陀区,121.38060571094924,31.25466561194738,Transport
公厕,生活服务,公厕,121.378174,31.249211,上海市,上海市,普陀区,121.37353500771889,31.251062244837986,Toilet
高陵路金汤路,交通设施,公交站,121.381902,31.25176,上海市,上海市,普陀区,121.37725883330492,31.25360670217053,Transport
金汤路高陵路,交通设施,公交站,121.380964,31.251444,上海市,上海市,普陀区,121.37632179873602,31.253291651756744,Transport
铜川路高陵路,交通设施,公交站,121.381835,31.25374,上海市,上海市,普陀区,121.37719172648929,31.25558587967084,Transport
桂巷新村,交通设施,公交站,121.401864,31.236336,上海市,上海市,普陀区,121.39721204463102,31.238180792343453,Transport
杨柳青路梅川路,交通设施,公交站,121.399894,31.239729,上海市,上海市,普陀区,121.39524186855536,31.241572368441062,Transport
公厕,生活服务,公厕,121.401702,31.236135,上海市,上海市,普陀区,121.39705006442948,31.237979889044283,Toilet
出租车司机专用公厕,生活服务,公厕,121.40176,31.236136,上海市,上海市,普陀区,121.39710806337312,31.23798088691704,Toilet
太乙堂中医,医疗保健,诊所,121.401051,31.237416,上海市,上海市,普陀区,121.39639897556356,31.23926032959473,Medical_Service
上海太乙堂扈羲中医诊所,医疗保健,诊所,121.400996,31.237373,上海市,上海市,普陀区,121.3963439822504,31.239217352612624,Medical_Service
普陀医院,交通设施,公交站,121.40133,31.241658,上海市,上海市,普陀区,121.39667759309368,31.243500377668944,Transport
真如西村,交通设施,公交站,121.399182,31.24455,上海市,上海市,普陀区,121.39452954061674,31.246391267542357,Transport
杨柳青路武宁路,交通设施,公交站,121.398832,31.243725,上海市,上海市,普陀区,121.39417966762647,31.245566692540528,Transport
公厕,生活服务,公厕,121.402191,31.24158,上海市,上海市,普陀区,121.39753858683036,31.243422389506737,Toilet
KFC长征店-洗手间,生活服务,公厕,121.399385,31.244312,上海市,上海市,普陀区,121.39473253232948,31.246153347519144,Toilet
公厕,生活服务,公厕,121.399142,31.243666,上海市,上海市,普陀区,121.3944896237013,31.245507673085918,Toilet
公厕,生活服务,公厕,121.400769,31.242236,上海市,上海市,普陀区,121.39611657187795,31.244078147974605,Toilet
无障碍公厕,生活服务,公厕,121.402256,31.241538,上海市,上海市,普陀区,121.39760359107176,31.24338040815171,Toilet
邵邦经络,医疗保健,诊所,121.39856,31.241671,上海市,上海市,普陀区,121.39390789389272,31.24351366839365,Medical_Service
梅岭北路,交通设施,地铁,121.396947,31.242935,上海市,上海市,普陀区,121.3922951405014,31.24477742082502,Transport
梅川新村,交通设施,公交站,121.393475,31.240582,上海市,上海市,普陀区,121.38882455889812,31.242426570679378,Transport
大渡河路梅川路,交通设施,公交站,121.396579,31.24096,上海市,上海市,普陀区,121.3919274126658,31.242803408451163,Transport
公厕,生活服务,公厕,121.393574,31.240959,上海市,上海市,普陀区,121.38892348310796,31.24280336108448,Toilet
星梅社区卫生运营服务站,医疗保健,综合医院,121.393182,31.242563,上海市,上海市,普陀区,121.38853151601656,31.244406784261063,Medical_Service
梅岭北路地铁站4号口,交通设施,地铁,121.396317,31.241998,上海市,上海市,普陀区,121.3916653974428,31.24384100404169,Transport
梅岭北路地铁站5号口,交通设施,地铁,121.396526,31.243903,上海市,上海市,普陀区,121.3918741709429,31.24574508593061,Transport
老年医院,医疗保健,综合医院,121.407479,31.248132,上海市,上海市,普陀区,121.40282678594558,31.24997200755648,Medical_Service
曹杨路南石路,交通设施,公交站,121.408533,31.246751,上海市,上海市,普陀区,121.4038812364208,31.248591892696425,Transport
上海中医医院,医疗保健,综合医院,121.407835,31.248255,上海市,上海市,普陀区,121.40318288008174,31.250095036240456,Medical_Service
中医医院-病房大楼,医疗保健,综合医院,121.407682,31.24804,上海市,上海市,普陀区,121.40302985294674,31.2498800959365,Medical_Service
铜川路曹杨路,交通设施,公交站,121.409718,31.251383,上海市,上海市,普陀区,121.40506627379692,31.25322217686421,Transport
真华南路礼泉路,交通设施,公交站,121.410864,31.253797,上海市,上海市,普陀区,121.40621256127017,31.2556355107048,Transport
真如地铁站2号口,交通设施,地铁,121.40782,31.250113,上海市,上海市,普陀区,121.40316771341918,31.251952201113788,Transport
真如,交通设施,地铁,121.407242,31.250769,上海市,上海市,普陀区,121.40258948977606,31.252607775489096,Transport
铜川路兰溪路,交通设施,公交站,121.403302,31.250864,上海市,上海市,普陀区,121.39864881703085,31.252702226434767,Transport
曹杨路铜川路,交通设施,公交站,121.406248,31.254213,上海市,上海市,普陀区,121.40159494443893,31.256050051937613,Transport
大渡河路铜川路,交通设施,公交站,121.397479,31.252407,上海市,上海市,普陀区,121.39282618187724,31.25424504831646,Transport
公厕,生活服务,公厕,121.399755,31.252993,上海市,上海市,普陀区,121.39510172744252,31.25483041263729,Toilet
铜川路地铁站出入口,交通设施,地铁,121.397891,31.250882,上海市,上海市,普陀区,121.39323822232318,31.25272064253265,Transport
铜川路地铁站2号口,交通设施,地铁,121.398211,31.250499,上海市,上海市,普陀区,121.39355818977232,31.25233775272164,Transport
铜川路地铁站5号口,交通设施,地铁,121.397404,31.252432,上海市,上海市,普陀区,121.39275119748316,31.2542700533952,Transport
铜川路地铁站1号口,交通设施,地铁,121.397854,31.251684,上海市,上海市,普陀区,121.39320116031293,31.25352229255927,Transport
铜川路,交通设施,地铁,121.396993,31.250734,上海市,上海市,普陀区,121.39234044817084,31.252572902327444,Transport
北石路铜川路,交通设施,公交站,121.394171,31.249979,上海市,上海市,普陀区,121.38951944791636,31.25181907296263,Transport
铜川路北石路,交通设施,公交站,121.393451,31.25097,上海市,上海市,普陀区,121.38879966341828,31.25280989743357,Transport
公厕,生活服务,公厕,121.396234,31.252483,上海市,上海市,普陀区,121.39158150741063,31.25432131457457,Toilet
铜川路地铁站3号口,交通设施,地铁,121.396699,31.250594,上海市,上海市,普陀区,121.39204653898364,31.25243303576486,Transport
铜川路地铁站4号口,交通设施,地铁,121.395863,31.250977,上海市,上海市,普陀区,121.39121075291872,31.25281608705456,Transport
真北路杨家桥,交通设施,公交站,121.392974,31.258133,上海市,上海市,普陀区,121.3883222526956,31.25996991801152,Transport
兰溪路固川路,交通设施,公交站,121.400594,31.256159,上海市,上海市,普陀区,121.39594036953844,31.25799493091107,Transport
公厕,生活服务,公厕,121.398117,31.256082,上海市,上海市,普陀区,121.39346372145272,31.257918293891805,Toilet
上海宏康医院-肾结石,医疗保健,综合医院,121.39804,31.256136,上海市,上海市,普陀区,121.39338673250715,31.25797228459244,Medical_Service
桃浦路真北路,交通设施,公交站,121.394644,31.259823,上海市,上海市,普陀区,121.3899914046994,31.26165855916743,Transport
大渡河路桃浦路,交通设施,公交站,121.396867,31.259261,上海市,上海市,普陀区,121.39221373727004,31.261096164631397,Transport
KFC-洗手间,生活服务,公厕,121.394231,31.260084,上海市,上海市,普陀区,121.38957854229184,31.26191958720496,Toilet
KFC,生活服务,公厕,121.393642,31.26049,上海市,上海市,普陀区,121.38898975023947,31.262325625005605,Toilet
交通路真华路,交通设施,公交站,121.408989,31.262249,上海市,上海市,普陀区,121.40433604506318,31.264083167532764,Transport
曹杨路陆家巷,交通设施,公交站,121.404813,31.259037,上海市,上海市,普陀区,121.4001592620038,31.26087172707337,Transport
曹杨路芝川路,交通设施,公交站,121.404746,31.259099,上海市,上海市,普陀区,121.40009224703644,31.260933692790363,Transport
曹杨路芝川路,交通设施,公交站,121.404129,31.260479,上海市,上海市,普陀区,121.3994750496678,31.26231303322337,Transport
杏儒央宗明医堂,医疗保健,诊所,121.40529,31.259341,上海市,上海市,普陀区,121.4006363103255,31.261175650592776,Medical_Service
富平路水泉路,交通设施,公交站,121.403819,31.266342,上海市,上海市,普陀区,121.3991645067288,31.268173469446303,Transport
真金路富平路,交通设施,公交站,121.405316,31.267235,上海市,上海市,普陀区,121.40066162561612,31.269066230588184,Transport
中环国际大豪华酒店洗手间,生活服务,公厕,121.405112,31.26657,上海市,上海市,普陀区,121.40045764991756,31.268401490889893,Toilet
万里社区卫生运营服务站,医疗保健,综合医院,121.406471,31.267828,上海市,上海市,普陀区,121.4018168063645,31.26965915648156,Medical_Service
屯艮丰中医诊所,医疗保健,诊所,121.40236,31.26565,上海市,上海市,普陀区,121.39770548828042,31.267481721983845,Medical_Service
富平路真金路,交通设施,公交站,121.407529,31.26625,上海市,上海市,普陀区,121.40287521901035,31.26808205279278,Transport
富平路真华路,交通设施,公交站,121.408232,31.266266,上海市,上海市,普陀区,121.40357843305893,31.26809821853661,Transport
真华路新村路站,交通设施,公交站,121.410261,31.267934,上海市,上海市,普陀区,121.40560805657344,31.269766124846903,Transport
KFC新村路店-洗手间,生活服务,公厕,121.410629,31.267458,上海市,上海市,普陀区,121.4059762611177,31.269290462164488,Toilet
同济大学附属天佑医院口腔科,医疗保健,综合医院,121.410465,31.2675,上海市,上海市,普陀区,121.40581218392288,31.26933238410159,Medical_Service
水泉路新村路,交通设施,公交站,121.402309,31.270227,上海市,上海市,普陀区,121.3976540879002,31.27205675854016,Transport
新村路真金路站,交通设施,公交站,121.406004,31.269196,上海市,上海市,普陀区,121.40134958442268,31.27102649019431,Transport
基础公司,交通设施,公交站,121.40123,31.26397,上海市,上海市,普陀区,121.39657565009844,31.26580247730912,Transport
交通路杨家桥,交通设施,公交站,121.398717,31.264204,上海市,上海市,普陀区,121.39406290006336,31.26603664208313,Transport
上海西站地铁站6号口,交通设施,地铁,121.401672,31.264103,上海市,上海市,普陀区,121.39701762466278,31.26593540156038,Transport
上海西站地铁站8号口,交通设施,地铁,121.400426,31.264336,上海市,上海市,普陀区,121.39577166924042,31.26616837397246,Transport
上海西站地铁站7号口,交通设施,地铁,121.401432,31.264207,上海市,上海市,普陀区,121.3967776218327,31.26603936534733,Transport
公厕,生活服务,公厕,121.401663,31.272767,上海市,上海市,普陀区,121.39700786835236,31.274595689343645,Toilet
富水路万里小区,交通设施,公交站,121.400598,31.272727,上海市,上海市,普陀区,121.39594292285656,31.27455576510689,Transport
公厕,生活服务,公厕,121.400157,31.268788,上海市,上海市,普陀区,121.39550230510802,31.270618482636127,Toilet
万里街道社区卫生中心,医疗保健,综合医院,121.398803,31.268485,上海市,上海市,普陀区,121.39414851170712,31.270315784999926,Medical_Service
真南路万泉路,交通设施,公交站,121.395129,31.269092,上海市,上海市,普陀区,121.3904754182231,31.270923392781405,Transport
新村路万泉路站,交通设施,公交站,121.39663,31.269281,上海市,上海市,普陀区,121.39197592718683,31.271111887443155,Transport
真北路桃浦西路,交通设施,公交站,121.395072,31.271678,上海市,上海市,普陀区,121.39041821271351,31.27350830780006,Transport
公厕,生活服务,公厕,121.373119,31.257684,上海市,上海市,普陀区,121.3684855548152,31.259536888076905,Toilet
万镇路桃浦路,交通设施,公交站,121.381293,31.25888,上海市,上海市,普陀区,121.37664981743536,31.26072407998963,Transport
桃浦路双河路,交通设施,公交站,121.3777,31.261555,上海市,上海市,普陀区,121.37306047759954,31.263401264425653,Transport
清涧新村,交通设施,公交站,121.381751,31.26171,上海市,上海市,普陀区,121.37710711456894,31.26355245085849,Transport
洗手间,生活服务,公厕,121.379317,31.261738,上海市,上海市,普陀区,121.37467564126726,31.26358261822253,Toilet
公厕,生活服务,公厕,121.378233,31.259234,上海市,上海市,普陀区,121.37359306758708,31.26108075095168,Toilet
无障碍公厕,生活服务,公厕,121.378273,31.259289,上海市,上海市,普陀区,121.37363301733308,31.261135687763,Toilet
桃浦路社区卫生运营服务站,医疗保健,综合医院,121.378012,31.261712,上海市,上海市,普陀区,121.37337210411351,31.263557886575736,Medical_Service
真建新村,交通设施,公交站,121.377034,31.261718,上海市,上海市,普陀区,121.37239524500792,31.26356486561114,Transport
高陵路铜川路,交通设施,公交站,121.382907,31.254631,上海市,上海市,普陀区,121.37826262128176,31.256475598345443,Transport
真光路金鼎路,交通设施,公交站,121.387295,31.258397,上海市,上海市,普陀区,121.38264662845089,31.260236768209737,Transport
公厕,生活服务,公厕,121.385566,31.254256,上海市,上海市,普陀区,121.38091932803113,31.256098752978385,Toilet
公厕,生活服务,公厕,121.386553,31.256124,上海市,上海市,普陀区,121.38190538407656,31.257965251091,Toilet
桃浦路真光路,交通设施,公交站,121.388416,31.259796,上海市,上海市,普陀区,121.38376671326326,31.261634466584017,Transport
公厕,生活服务,公厕,121.390293,31.261128,上海市,上海市,普陀区,121.38564240253704,31.262964844563346,Toilet
无障碍公厕,生活服务,公厕,121.390279,31.261164,上海市,上海市,普陀区,121.38562840768128,31.26300083610696,Toilet
利群医院,医疗保健,综合医院,121.385492,31.260879,上海市,上海市,普陀区,121.38084481095142,31.26271889562511,Medical_Service
高陵路桃浦路,交通设施,公交站,121.384307,31.259396,上海市,上海市,普陀区,121.3796609412784,31.26123740955909,Transport
清涧路高陵路,交通设施,公交站,121.38607,31.262601,上海市,上海市,普陀区,121.3814221958886,31.26443974352187,Transport
桃浦路高陵路,交通设施,公交站,121.383428,31.260465,上海市,上海市,普陀区,121.37878263182594,31.26230661982252,Transport
公厕,生活服务,公厕,121.384453,31.258923,上海市,上海市,普陀区,121.37980685572552,31.26076450696948,Toilet
公厕,生活服务,公厕,121.385038,31.2601,上海市,上海市,普陀区,121.38039125480822,31.261940561039893,Toilet
出租车司机专用公厕,生活服务,公厕,121.384273,31.263256,上海市,上海市,普陀区,121.3796266343938,31.265095753761788,Toilet
利群医院胸痛中心,医疗保健,综合医院,121.384617,31.260566,上海市,上海市,普陀区,121.3799705712102,31.262406666498013,Medical_Service
利群医院1号楼,医疗保健,综合医院,121.385315,31.260909,上海市,上海市,普陀区,121.38066795377485,31.262749008465008,Medical_Service
利群医院5号楼,医疗保健,综合医院,121.386019,31.260859,上海市,上海市,普陀区,121.38137138820454,31.26269853666325,Medical_Service
利群医院2号楼,医疗保健,综合医院,121.385219,31.261187,上海市,上海市,普陀区,121.38057200901784,31.263026956094173,Medical_Service
利群医院门诊部,医疗保健,综合医院,121.38537,31.260549,上海市,上海市,普陀区,121.38072293981904,31.26238912623973,Medical_Service
利群医院急诊部,医疗保健,综合医院,121.384985,31.260794,上海市,上海市,普陀区,121.38033823879758,31.26263429663267,Medical_Service
利群医院-口腔科,医疗保健,综合医院,121.384646,31.260555,上海市,上海市,普陀区,121.3799995473162,31.262395649799515,Medical_Service
利群医院住院部,医疗保健,综合医院,121.384991,31.261095,上海市,上海市,普陀区,121.38034420750742,31.26293516103454,Medical_Service
利群医院-肝炎门诊,医疗保健,综合医院,121.385406,31.260589,上海市,上海市,普陀区,121.38075890672472,31.26242908315245,Medical_Service
金昌路,交通设施,地铁,121.383799,31.267604,上海市,上海市,普陀区,121.37915267430338,31.26944223978981,Transport
公厕,生活服务,公厕,121.384991,31.267977,上海市,上海市,普陀区,121.38034360734984,31.269814185218905,Toilet
交通路真南路,交通设施,公交站,121.391116,31.267403,上海市,上海市,普陀区,121.3864643845968,31.26923671843687,Transport
公厕,生活服务,公厕,121.389475,31.267855,上海市,上海市,普陀区,121.38482431551289,31.26968937141054,Toilet
公厕,生活服务,公厕,121.391366,31.264163,上海市,上海市,普陀区,121.38671453092802,31.26599799605575,Toilet
公厕,生活服务,公厕,121.391325,31.26662,上海市,上海市,普陀区,121.38667333868516,31.26845395511577,Toilet
无障碍公厕,生活服务,公厕,121.391385,31.266679,上海市,上海市,普陀区,121.38673330113204,31.26851290136513,Toilet
出租车司机专用公厕,生活服务,公厕,121.390978,31.264528,上海市,上海市,普陀区,121.38632671207009,31.26636302449357,Toilet
李子园,交通设施,地铁,121.39001,31.269015,上海市,上海市,普陀区,121.38535888368509,31.270848586135784,Transport
李子园地铁站,交通设施,公交站,121.391592,31.268961,上海市,上海市,普陀区,121.38693999152622,31.27079382540945,Transport
真南路交通路,交通设施,公交站,121.389295,31.269078,上海市,上海市,普陀区,121.38464432310896,31.270911946985223,Transport
真南路真北路,交通设施,公交站,121.391587,31.269042,上海市,上海市,普陀区,121.38693498710025,31.270874793062884,Transport
上海天佑医院,医疗保健,综合医院,121.389839,31.269702,上海市,上海市,普陀区,121.385187927912,31.271535383259472,Medical_Service
无障碍洗手间,生活服务,公厕,121.38956,31.26896,上海市,上海市,普陀区,121.38490916564874,31.270793851324903,Toilet
女洗手间,生活服务,公厕,121.389471,31.26887,上海市,上海市,普陀区,121.38482022946862,31.27070393861359,Toilet
男洗手间,生活服务,公厕,121.389512,31.268939,上海市,上海市,普陀区,121.38486119761826,31.270772886574225,Toilet
上海天佑医院行政办公大楼,医疗保健,综合医院,121.388697,31.270381,上海市,上海市,普陀区,121.38404660028527,31.272214730607864,Medical_Service
李子园地铁站1号口,交通设施,地铁,121.390153,31.269206,上海市,上海市,普陀区,121.38550178097675,31.27103942935782,Transport
李子园地铁站2号口,交通设施,地铁,121.390594,31.268636,上海市,上海市,普陀区,121.385942571581,31.27046944708119,Transport
李子园地铁站3号口,交通设施,地铁,121.389061,31.268831,上海市,上海市,普陀区,121.38441049558288,31.270665184112826,Transport
真南路二号桥,交通设施,公交站,121.383212,31.270354,上海市,上海市,普陀区,121.37856596751138,31.272191523452143,Transport
绥德路祁连山南路,交通设施,公交站,121.3742,31.265339,上海市,上海市,普陀区,121.36956445817034,31.26718732750158,Transport
祁连山南路绥德路,交通设施,公交站,121.376424,31.265739,上海市,上海市,普陀区,121.3717856267273,31.267584752882986,Transport
祁连山路,交通设施,地铁,121.375988,31.271644,上海市,上海市,普陀区,121.37134964485898,31.273487681857556,Transport
祁连山路真南路,交通设施,公交站,121.377342,31.272248,上海市,上海市,普陀区,121.37270196382752,31.274090025595072,Transport
真南路祁连山路,交通设施,公交站,121.375562,31.271744,上海市,上海市,普陀区,121.37092416395944,31.273588092769973,Transport
公厕,生活服务,公厕,121.377387,31.26901,上海市,上海市,普陀区,121.37274719315668,31.27085336041306,Toilet
祁连山路地铁站2号口,交通设施,地铁,121.376543,31.271353,上海市,上海市,普陀区,121.3719039936408,31.27319622425961,Transport
祁连山路地铁站5号口,交通设施,地铁,121.376999,31.27199,上海市,上海市,普陀区,121.37235939169236,31.2738324837072,Transport
祁连山路地铁站4号口,交通设施,地铁,121.375459,31.271937,上海市,上海市,普陀区,121.37082127586456,31.27378112130201,Transport
祁连山路地铁站3号口,交通设施,地铁,121.375156,31.271485,上海市,上海市,普陀区,121.37051869637236,31.2733296408157,Transport
万镇路金沙江路,交通设施,公交站,121.371926,31.236431,上海市,上海市,普陀区,121.36729603435424,31.238294839931864,Transport
金沙江路祁连山南路,交通设施,公交站,121.369902,31.236388,上海市,上海市,普陀区,121.36527492737972,31.238254337036494,Transport
上海德杏堂中医门诊部,医疗保健,诊所,121.369506,31.24099,上海市,上海市,普陀区,121.36487911039652,31.242854731453534,Medical_Service
上海德杏堂中医院,医疗保健,综合医院,121.369616,31.240888,上海市,上海市,普陀区,121.36498895673684,31.242752638628403,Medical_Service
金鼎路靖边路,交通设施,公交站,121.366266,31.25874,上海市,上海市,普陀区,121.36164254806732,31.260601065661422,Transport
公厕,生活服务,公厕,121.368046,31.25819,上海市,上海市,普陀区,121.3634198136675,31.26004892529828,Toilet
桃浦路靖边路,交通设施,公交站,121.368186,31.26339,上海市,上海市,普陀区,121.3635591473116,31.265246474072335,Transport
定边路桃浦路,交通设施,公交站,121.364164,31.261603,上海市,上海市,普陀区,121.35954372304144,31.26346574389986,Transport
公厕,生活服务,公厕,121.363203,31.261611,上海市,上海市,普陀区,121.35858433575412,31.26347511975895,Toilet
公厕,生活服务,公厕,121.495225,31.201964,上海市,上海市,黄浦区,121.4907789450125,31.20399560928095,Toilet
耀江花园社区卫生运营服务站,医疗保健,综合医院,121.493557,31.199178,上海市,上海市,黄浦区,121.48910518863012,31.201205950142647,Medical_Service
苗江路望达路,交通设施,公交站,121.498156,31.199513,上海市,上海市,黄浦区,121.49372072041642,31.201554673411795,Transport
苗江路半淞园路,交通设施,公交站,121.500669,31.203011,上海市,上海市,黄浦区,121.49624250373124,31.20505856443963,Transport
南浦大桥,交通设施,公交站,121.498153,31.206115,上海市,上海市,黄浦区,121.49371714870166,31.208153432577728,Transport
蓬莱公园,交通设施,公交站,121.49289,31.206344,上海市,上海市,黄浦区,121.48843518723584,31.20836643537753,Transport
南车站路中山南路,交通设施,公交站,121.494819,31.203836,上海市,上海市,黄浦区,121.49037132526657,31.2058654679985,Transport
中山南路南车站路,交通设施,公交站,121.494922,31.205348,上海市,上海市,黄浦区,121.49047456705406,31.207377040845305,Transport
公厕,生活服务,公厕,121.494016,31.204988,上海市,上海市,黄浦区,121.48956534158252,31.20701448485284,Toilet
无障碍公厕,生活服务,公厕,121.493954,31.20497,上海市,上海市,黄浦区,121.48950312048775,31.20699630685081,Toilet
公厕,生活服务,公厕,121.501419,31.207381,上海市,上海市,黄浦区,121.49699484417812,31.20942870450392,Toilet
公厕,生活服务,公厕,121.502434,31.205026,上海市,上海市,黄浦区,121.49801371284912,31.20707792215729,Toilet
南浦大桥,交通设施,公交站,121.501299,31.208622,上海市,上海市,黄浦区,121.49687430506066,31.210668739225145,Transport
中山南路多稼路,交通设施,公交站,121.503586,31.210659,上海市,上海市,黄浦区,121.49916939767223,31.21271167225597,Transport
公厕,生活服务,公厕,121.50284,31.209017,上海市,上海市,黄浦区,121.4984208416414,31.211068210778546,Toilet
市二医院,医疗保健,综合医院,121.505291,31.210069,上海市,上海市,黄浦区,121.50088060200598,31.212127105354007,Medical_Service
上海歌特维康门诊部,医疗保健,诊所,121.501962,31.210459,上海市,上海市,黄浦区,121.49753954596213,31.212506857139477,Medical_Service
强生职工医院,医疗保健,综合医院,121.506751,31.211911,上海市,上海市,黄浦区,121.50234570672194,31.213972614685392,Medical_Service
中山南路董家渡路,交通设施,公交站,121.506104,31.215912,上海市,上海市,黄浦区,121.50169603780756,31.217969746361124,Transport
公厕,生活服务,公厕,121.507301,31.213797,上海市,上海市,黄浦区,121.50289752598098,31.215859361483368,Toilet
河南南路蓬莱路,交通设施,公交站,121.492085,31.217202,上海市,上海市,黄浦区,121.48762638061174,31.219216785139253,Transport
公厕,生活服务,公厕,121.494375,31.219272,上海市,上海市,黄浦区,121.4899244152474,31.221292688464167,Toilet
公厕,生活服务,公厕,121.493541,31.220937,上海市,上海市,黄浦区,121.48908727847092,31.222954385971004,Toilet
公厕,生活服务,公厕,121.492307,31.219258,上海市,上海市,黄浦区,121.48784899957856,31.22127247251789,Toilet
公厕,生活服务,公厕,121.491477,31.218216,上海市,上海市,黄浦区,121.48701612134414,31.22022847814653,Toilet
小东门街道社区卫生中心,医疗保健,综合医院,121.495171,31.218232,上海市,上海市,黄浦区,121.49072336647342,31.22025558420345,Medical_Service
小东门社区卫生中心-预防接种门诊,医疗保健,诊所,121.494989,31.218243,上海市,上海市,黄浦区,121.49054071066908,31.22026602976322,Medical_Service
中华路王家码头路,交通设施,公交站,121.498505,31.217099,上海市,上海市,黄浦区,121.49406948661448,31.21913320359337,Transport
公厕,生活服务,公厕,121.497594,31.220764,上海市,上海市,黄浦区,121.49315488531126,31.2227937036831,Toilet
上海萃方中医诊所,医疗保健,诊所,121.498997,31.218942,上海市,上海市,黄浦区,121.4945631075544,31.220976814893547,Medical_Service
小南门地铁站3号口,交通设施,地铁,121.498253,31.217457,上海市,上海市,黄浦区,121.4938165459605,31.21949027008469,Transport
豆市街复兴东路,交通设施,公交站,121.502033,31.221341,上海市,上海市,黄浦区,121.49760987923274,31.223383867438013,Transport
白渡路中山南路,交通设施,公交站,121.50332,31.220982,上海市,上海市,黄浦区,121.49890156130202,31.223028930249523,Transport
中山南路复兴东路,交通设施,公交站,121.50408,31.220593,上海市,上海市,黄浦区,121.49966433957697,31.222642411333396,Transport
上海济爱老码头门诊部,医疗保健,诊所,121.505712,31.218742,上海市,上海市,黄浦区,121.5013023852632,31.2207972152149,Medical_Service
老码头广场13号楼-医务室,医疗保健,诊所,121.505543,31.21884,上海市,上海市,黄浦区,121.50113276764333,31.22089465914833,Medical_Service
南外滩·老码头南侧,交通设施,公交站,121.50725,31.21722,上海市,上海市,黄浦区,121.50284605276136,31.219280569835096,Transport
南外滩·老码头北侧,交通设施,公交站,121.506147,31.21983,上海市,上海市,黄浦区,121.50173886084949,31.221886008732135,Transport
复兴东路码头,交通设施,公交站,121.504081,31.222501,上海市,上海市,黄浦区,121.49966518139745,31.224549511311647,Transport
十六铺三号码头,交通设施,公交站,121.501227,31.225368,上海市,上海市,黄浦区,121.49680062324684,31.227406528566416,Transport
金陵东路码头,交通设施,公交站,121.493663,31.231319,上海市,上海市,黄浦区,121.48920883178812,31.23333188253172,Transport
外滩浦江游船码头,交通设施,公交站,121.49375,31.231338,上海市,上海市,黄浦区,121.4892961424796,31.233351135674408,Transport
中山东二路金陵东路,交通设施,公交站,121.493726,31.231256,上海市,上海市,黄浦区,121.48927206330674,31.23326910148884,Transport
金陵东路中山东二路,交通设施,公交站,121.49223,31.231784,上海市,上海市,黄浦区,121.48777065627586,31.233792357945138,Transport
出租车司机专用公厕,生活服务,公厕,121.492714,31.231367,上海市,上海市,黄浦区,121.48825642466228,31.233377005426163,Toilet
隆昌路杨树浦路,交通设施,公交站,121.551218,31.26818,上海市,上海市,杨浦区,121.54694932636632,31.270332633423667,Transport
杨树浦路隆昌路,交通设施,公交站,121.550743,31.26709,上海市,上海市,杨浦区,121.54647323134776,31.26924214494005,Transport
公厕,生活服务,公厕,121.551846,31.263647,上海市,上海市,杨浦区,121.54757925780932,31.265802840171464,Toilet
公厕,生活服务,公厕,121.55799,31.267809,上海市,上海市,杨浦区,121.5537372152238,31.269974502085237,Toilet
公厕,生活服务,公厕,121.555916,31.266437,上海市,上海市,杨浦区,121.5516586856523,31.26859938795076,Toilet
中心医院,医疗保健,综合医院,121.550687,31.271558,上海市,上海市,杨浦区,121.54641671821572,31.2737081202494,Medical_Service
公厕,生活服务,公厕,121.552593,31.272539,上海市,上海市,杨浦区,121.5483273427433,31.27469249536482,Toilet
公厕,生活服务,公厕,121.550495,31.270813,上海市,上海市,杨浦区,121.54622429788816,31.27296304812299,Toilet
公厕,生活服务,公厕,121.551503,31.27026,上海市,上海市,杨浦区,121.54723485995989,31.272412313388116,Toilet
公厕,生活服务,公厕,121.552954,31.270219,上海市,上海市,杨浦区,121.54868941030976,31.27237418597226,Toilet
公厕,生活服务,公厕,121.551287,31.271881,上海市,上海市,杨浦区,121.54701818918504,31.274032191091617,Toilet
中心医院同济大学附属杨浦医院,医疗保健,综合医院,121.550583,31.271579,上海市,上海市,杨浦区,121.54631245530923,31.27372890054279,Medical_Service
中心医院-体检,医疗保健,综合医院,121.550843,31.271705,上海市,上海市,杨浦区,121.54657309684642,31.2738553731216,Medical_Service
中心医院1号住院部,医疗保健,综合医院,121.550865,31.271047,上海市,上海市,杨浦区,121.54659520678015,31.273197697648385,Medical_Service
中心医院-医技楼,医疗保健,综合医院,121.550331,31.271685,上海市,上海市,杨浦区,121.5460598118174,31.27383434309204,Medical_Service
兰州路杨树浦路,交通设施,公交站,121.534038,31.256339,上海市,上海市,杨浦区,121.52972198023032,31.2584573472457,Transport
公厕,生活服务,公厕,121.533186,31.258385,上海市,上海市,杨浦区,121.52886715102952,31.2605002597636,Toilet
公厕,生活服务,公厕,121.531998,31.25639,上海市,上海市,杨浦区,121.52767557741714,31.25850305464688,Toilet
杨树浦路眉州路,交通设施,公交站,121.537221,31.255402,上海市,上海市,杨浦区,121.53291479117588,31.257528759047677,Transport
公厕,生活服务,公厕,121.539754,31.257299,上海市,上海市,杨浦区,121.53545514431369,31.25943108015005,Toilet
公厕,生活服务,公厕,121.537371,31.25577,上海市,上海市,杨浦区,121.53306521110017,31.25789696646946,Toilet
公厕,生活服务,公厕,121.539038,31.254398,上海市,上海市,杨浦区,121.53473728545964,31.25652963902805,Toilet
平凉路临青路,交通设施,公交站,121.541254,31.267076,上海市,上海市,杨浦区,121.536958672176,31.26920738242105,Transport
公厕,生活服务,公厕,121.545252,31.265114,上海市,上海市,杨浦区,121.54096802584256,31.26725535170482,Toilet
大桥街道社区卫生中心,医疗保健,综合医院,121.545112,31.267077,上海市,上海市,杨浦区,121.5408274800125,31.26921719498866,Medical_Service
杨树浦路宁武路,交通设施,公交站,121.548618,31.26551,上海市,上海市,杨浦区,121.54434294437876,31.26765844549894,Transport
公厕,生活服务,公厕,121.550045,31.267496,上海市,上海市,杨浦区,121.54577343787844,31.269646549685483,Toilet
长阳路眉州路,交通设施,公交站,121.530955,31.267829,上海市,上海市,杨浦区,121.5266282995442,31.26993434314674,Transport
宁国路河间路,交通设施,公交站,121.534711,31.267533,上海市,上海市,杨浦区,121.53039612551652,31.26964819041925,Transport
宁国路地铁站5号口,交通设施,地铁,121.531776,31.268101,上海市,上海市,杨浦区,121.52745189080125,31.27020838203632,Transport
公厕,生活服务,公厕,121.534035,31.267761,上海市,上海市,杨浦区,121.52971801292624,31.269874370360704,Toilet
上海大厦,交通设施,公交站,121.491644,31.243991,上海市,上海市,虹口区,121.48718151960954,31.245992004898437,Transport
公厕,生活服务,公厕,121.492404,31.243752,上海市,上海市,虹口区,121.48794425840404,31.245755393861973,Toilet
北外滩·滨江绿地,交通设施,公交站,121.504043,31.249251,上海市,上海市,虹口区,121.4996247746372,31.251287087298675,Transport
北外滩滨江公厕,生活服务,公厕,121.505319,31.249048,上海市,上海市,虹口区,121.50090539853063,31.251088029726724,Toilet
北外滩滨江共享厕所,生活服务,公厕,121.502937,31.248452,上海市,上海市,虹口区,121.4985148456714,31.250485102260303,Toilet
北外滩滨江共享厕所,生活服务,公厕,121.509269,31.249295,上海市,上海市,虹口区,121.50486958649708,31.25134678829901,Toilet
东大名路丹徒路,交通设施,公交站,121.504371,31.250781,上海市,上海市,虹口区,121.49995382947058,31.25281739430277,Transport
东长治路公平路,交通设施,公交站,121.504492,31.252684,上海市,上海市,虹口区,121.5000751049096,31.25471991250534,Transport
东大名路高阳路,交通设施,公交站,121.501558,31.24972,上海市,上海市,虹口区,121.49713075161034,31.251748362340305,Transport
提篮桥地铁站4号口,交通设施,地铁,121.505734,31.25354,上海市,上海市,虹口区,121.50132151437828,31.255579279304097,Transport
大名路闵行路,交通设施,公交站,121.492632,31.246043,上海市,上海市,虹口区,121.48817287948384,31.248046043927992,Transport
白渡桥,交通设施,公交站,121.493876,31.24624,上海市,上海市,虹口区,121.48942132482838,31.24824669782496,Transport
闵行路长治路,交通设施,公交站,121.492141,31.246045,上海市,上海市,虹口区,121.48768012150776,31.24804656836359,Transport
长治路闵行路,交通设施,公交站,121.491543,31.246339,上海市,上海市,虹口区,121.48707995837262,31.248338642048736,Transport
大名社区家庭医生诊所,医疗保健,诊所,121.493999,31.246918,上海市,上海市,虹口区,121.48954470883994,31.248924763155426,Medical_Service
上海外滩茂悦大豪华酒店-洗手间,生活服务,公厕,121.493284,31.245336,上海市,上海市,虹口区,121.48882727698872,31.247341323256254,Toilet
国际客运中心,交通设施,地铁,121.498116,31.250157,上海市,上海市,虹口区,121.49367626988084,31.25217474710157,Transport
唐山路高阳路,交通设施,公交站,121.500873,31.253223,上海市,上海市,虹口区,121.49644297640629,31.25524772850253,Transport
唐山路新建路,交通设施,公交站,121.496972,31.251735,上海市,上海市,虹口区,121.49252800491448,31.253748582683304,Transport
东长治路旅顺路,交通设施,公交站,121.49676,31.249776,上海市,上海市,虹口区,121.492315406795,31.25178981559845,Transport
唐山路社区家庭医生诊所,医疗保健,诊所,121.497203,31.251957,上海市,上海市,虹口区,121.49275981971674,31.253971182461477,Medical_Service
女洗手间,生活服务,公厕,121.498064,31.249678,上海市,上海市,虹口区,121.49362412280088,31.25169580381228,Toilet
男洗手间,生活服务,公厕,121.49807,31.249672,上海市,上海市,虹口区,121.4936301449856,31.251689824652075,Toilet
哺乳室,生活服务,公厕,121.498126,31.249659,上海市,上海市,虹口区,121.4936863483886,31.2516769999323,Toilet
国际客运中心地铁站4号口,交通设施,地铁,121.497006,31.250025,上海市,上海市,虹口区,121.4925622732177,31.25203944812689,Transport
国际客运中心地铁站1号口,交通设施,地铁,121.49857,31.250616,上海市,上海市,虹口区,121.4941318711833,31.252634916232527,Transport
国际客运中心地铁站2号口,交通设施,地铁,121.49857,31.25016,上海市,上海市,虹口区,121.4941319099846,31.25217911981888,Transport
国际客运中心地铁站3号口,交通设施,地铁,121.497578,31.249699,上海市,上海市,虹口区,121.49313636577732,31.251715323924465,Transport
梧州路余杭路,交通设施,公交站,121.493516,31.252548,上海市,上海市,虹口区,121.48905949443191,31.254550791591218,Transport
东汉阳路溧阳路,交通设施,公交站,121.492929,31.250494,上海市,上海市,虹口区,121.48847056408748,31.25249594041157,Transport
东汉阳路梧州路,交通设施,公交站,121.494596,31.251034,上海市,上海市,虹口区,121.49014350386685,31.253040719331253,Transport
周家嘴路新建路,交通设施,公交站,121.494505,31.253346,上海市,上海市,虹口区,121.490051979525,31.25535141677686,Transport
北外滩滨江共享厕所,生活服务,公厕,121.513402,31.249545,上海市,上海市,虹口区,121.5090172990598,31.251608965145792,Toilet
霍山路舟山路,交通设施,公交站,121.511087,31.254033,上海市,上海市,虹口区,121.50669368717072,31.256088103995207,Transport
惠民路临潼路,交通设施,公交站,121.513434,31.254049,上海市,上海市,虹口区,121.50904903163136,31.25611105482494,Transport
平凉路临潼路,交通设施,公交站,121.515597,31.252002,上海市,上海市,虹口区,121.51121983832198,31.25407132169481,Transport
提篮桥,交通设施,公交站,121.511827,31.250857,上海市,上海市,虹口区,121.50743659362124,31.252915715489,Transport
提篮桥,交通设施,公交站,121.511687,31.251041,上海市,上海市,虹口区,121.50729607946256,31.253099217659894,Transport
杨树浦路临潼路,交通设施,公交站,121.51388,31.251292,上海市,上海市,虹口区,121.5094968436067,31.25335659524443,Transport
临潼路杨树浦路,交通设施,公交站,121.514434,31.252125,上海市,上海市,虹口区,121.51005273098652,31.25419085532605,Transport
公厕,生活服务,公厕,121.511231,31.251546,上海市,上海市,虹口区,121.50683841136336,31.25360263707336,Toilet
上海中医药大学附属中西医结合医院,医疗保健,综合医院,121.511429,31.257521,上海市,上海市,虹口区,121.50703661171588,31.25957558229669,Medical_Service
大连路,交通设施,地铁,121.513133,31.257922,上海市,上海市,虹口区,121.50874663715312,31.2599814575919,Transport
上海航道医院,医疗保健,综合医院,121.511735,31.256973,上海市,上海市,虹口区,121.50734374848926,31.25902873258898,Medical_Service
保定路长阳路,交通设施,公交站,121.512267,31.256073,上海市,上海市,虹口区,121.50787771803772,31.258130707697838,Transport
惠民路保定路,交通设施,公交站,121.514081,31.254529,上海市,上海市,虹口区,121.50969828075011,31.25659275004952,Transport
保定路惠民路,交通设施,公交站,121.513694,31.254574,上海市,上海市,虹口区,121.50930990798211,31.25663658962307,Transport
长阳路大连路,交通设施,公交站,121.511342,31.256336,上海市,上海市,虹口区,121.5069494018262,31.258390845132062,Transport
公厕,生活服务,公厕,121.511401,31.256094,上海市,上海市,虹口区,121.50700863267052,31.258149127245883,Toilet
公厕,生活服务,公厕,121.514968,31.254748,上海市,上海市,虹口区,121.51058839273918,31.25681426053678,Toilet
男洗手间,生活服务,公厕,121.512265,31.258679,上海市,上海市,虹口区,121.50787549043916,31.260735556004352,Toilet
医疗急救中心保定分站,医疗保健,综合医院,121.512035,31.257153,上海市,上海市,虹口区,121.50764480133526,31.25920954396236,Medical_Service
大连路地铁站2号口,交通设施,地铁,121.513845,31.258175,上海市,上海市,杨浦区,121.50946113789286,31.26023644805773,Transport
大连路地铁站5号口,交通设施,地铁,121.513061,31.258502,上海市,上海市,杨浦区,121.50867433271576,31.260560990235184,Transport
大连路地铁站6号口,交通设施,地铁,121.512733,31.257281,上海市,上海市,虹口区,121.50834527184306,31.259339556187385,Transport
大连路地铁站3号口,交通设施,地铁,121.512458,31.25786,上海市,上海市,虹口区,121.50806924589028,31.25991748737168,Transport
大连路地铁站4号口,交通设施,地铁,121.511931,31.258817,上海市,上海市,虹口区,121.50754029036482,31.260872504730315,Transport
中西医结合医院住院部,医疗保健,综合医院,121.511432,31.25716,上海市,上海市,虹口区,121.50703965296476,31.25921474994673,Medical_Service
中西医结合医院中医特色楼,医疗保健,综合医院,121.511631,31.257616,上海市,上海市,虹口区,121.5072393235881,31.259671140896568,Medical_Service
上海航道医院船员体检中心,医疗保健,综合医院,121.511949,31.257044,上海市,上海市,虹口区,121.50755850447229,31.259100336710635,Medical_Service
上海中医药大学附属中西医结合医院门诊部,医疗保健,综合医院,121.510942,31.257558,上海市,上海市,虹口区,121.50654787129103,31.25961111706969,Medical_Service
上海中医药大学附属中西医结合医院急诊,医疗保健,综合医院,121.511151,31.257431,上海市,上海市,虹口区,121.50675762789832,31.259484794998343,Medical_Service
平凉社区卫生中心,医疗保健,综合医院,121.52024,31.255026,上海市,上海市,杨浦区,121.5158787372624,31.2571074140657,Medical_Service
许昌路长阳路,交通设施,公交站,121.52064,31.262331,上海市,上海市,杨浦区,121.5162794960426,31.264410353307884,Transport
公厕,生活服务,公厕,121.520536,31.261662,上海市,上海市,杨浦区,121.51617519529788,31.263741347820755,Toilet
出租车司机专用公厕,生活服务,公厕,121.517302,31.259162,上海市,上海市,杨浦区,121.51293020568248,31.26123313070521,Toilet
平凉社区卫生中心明园村社区卫生服务站,医疗保健,综合医院,121.520211,31.262337,上海市,上海市,杨浦区,121.51584902097704,31.264415126168608,Medical_Service
许昌路龙江路,交通设施,公交站,121.525527,31.254408,上海市,上海市,杨浦区,121.52118370201023,31.256504543601363,Transport
许昌路平凉路,交通设施,公交站,121.523417,31.258655,上海市,上海市,杨浦区,121.51906626501469,31.260743806787836,Transport
平凉路许昌路,交通设施,公交站,121.523705,31.25692,上海市,上海市,杨浦区,121.51935538313208,31.25901037475639,Transport
公厕,生活服务,公厕,121.522023,31.258821,上海市,上海市,杨浦区,121.51766752186566,31.26090581156389,Toilet
公厕,生活服务,公厕,121.524696,31.254769,上海市,上海市,杨浦区,121.5203498952038,31.25686308423348,Toilet
公厕,生活服务,公厕,121.524098,31.257425,上海市,上海市,杨浦区,121.519749664155,31.259516249649757,Toilet
惠民公园-公厕,生活服务,公厕,121.522109,31.258522,上海市,上海市,杨浦区,121.5177538399539,31.260607185668263,Toilet
龙江路江浦路,交通设施,公交站,121.53056,31.256937,上海市,上海市,杨浦区,121.52623294999252,31.25904603508656,Transport
江浦路平凉路,交通设施,公交站,121.527279,31.258328,上海市,上海市,杨浦区,121.52294117362057,31.2604276172427,Transport
江浦路丹阳路,交通设施,公交站,121.528883,31.256473,上海市,上海市,杨浦区,121.52455057532464,31.25857776928573,Transport
平凉路怀德路,交通设施,公交站,121.525807,31.25831,上海市,上海市,杨浦区,121.52146430571938,31.26040559572576,Transport
公厕,生活服务,公厕,121.53015,31.25461,上海市,上海市,杨浦区,121.5258218287524,31.25671897522198,Toilet
平凉路地铁站4号口,交通设施,地铁,121.52617,31.258624,上海市,上海市,杨浦区,121.52182848487908,31.260720455963927,Transport
平凉路地铁站3号口,交通设施,地铁,121.527217,31.25789,上海市,上海市,杨浦区,121.52287900639776,31.25998964073517,Transport
丹阳路地铁站4号口,交通设施,地铁,121.530463,31.254376,上海市,上海市,杨浦区,121.52613585394072,31.25648590872687,Transport
海杨社区卫生运营服务站家庭医生工作站,医疗保健,综合医院,121.528003,31.257769,上海市,上海市,杨浦区,121.52366759640655,31.259870827195968,Medical_Service
江浦公园,交通设施,地铁,121.523669,31.264618,上海市,上海市,杨浦区,121.51931861346348,31.266704915305898,Transport
江浦路陈家头,交通设施,公交站,121.520993,31.268056,上海市,上海市,杨浦区,121.51663322409168,31.27013388588877,Transport
长阳路江浦路,交通设施,公交站,121.522791,31.26406,上海市,上海市,杨浦区,121.5184376908756,31.26614469462611,Transport
江浦路长阳路,交通设施,公交站,121.523145,31.265428,上海市,上海市,杨浦区,121.51879277486924,31.26751309762248,Transport
公厕,生活服务,公厕,121.525524,31.263977,上海市,上海市,杨浦区,121.52117988684682,31.26606934522852,Toilet
江浦公园-公厕,生活服务,公厕,121.52307,31.266119,上海市,上海市,杨浦区,121.51871746279078,31.26820358907392,Toilet
江浦生态公园地铁站5号口,交通设施,地铁,121.523195,31.265488,上海市,上海市,杨浦区,121.51884293899172,31.26757321199581,Transport
江浦生态公园地铁站2号口,交通设施,地铁,121.524162,31.264224,上海市,上海市,杨浦区,121.51981330693644,31.26631246182168,Transport
江浦生态公园地铁站3号口,交通设施,地铁,121.523086,31.264003,上海市,上海市,杨浦区,121.51873369522168,31.26608854820215,Transport
江浦生态公园地铁站1号口,交通设施,地铁,121.524039,31.264975,上海市,上海市,杨浦区,121.51968982995308,31.2670627941376,Transport
江浦生态公园地铁站4号口,交通设施,地铁,121.523072,31.264477,上海市,上海市,杨浦区,121.51871960789497,31.266562303721383,Transport
大桥街道社区卫生中心,医疗保健,综合医院,121.528366,31.268435,上海市,上海市,杨浦区,121.52403088608884,31.27053317868429,Medical_Service
公厕,生活服务,公厕,121.525966,31.26832,上海市,上海市,杨浦区,121.52162299190483,31.27041169096875,Toilet
公厕,生活服务,公厕,121.527932,31.269095,上海市,上海市,杨浦区,121.52359541176068,31.271191723295264,Toilet
公厕,生活服务,公厕,121.529585,31.269211,上海市,上海市,杨浦区,121.52525378030138,31.271312117026056,Toilet
社区药物维持治疗门诊,医疗保健,诊所,121.528531,31.269017,上海市,上海市,杨浦区,121.52419637532849,31.27111537409208,Medical_Service
周家嘴路江浦路,交通设施,公交站,121.521877,31.271362,上海市,上海市,杨浦区,121.51751996724089,31.27344098096407,Transport
公厕,生活服务,公厕,121.522071,31.271797,上海市,上海市,杨浦区,121.51771459172372,31.27387634441749,Toilet
公厕,生活服务,公厕,121.52394,31.270781,上海市,上海市,杨浦区,121.51959000769412,31.272866025938058,Toilet
唐山路通北路,交通设施,公交站,121.513922,31.264358,上海市,上海市,杨浦区,121.50953788745636,31.26641698032674,Transport
周家嘴路荆州路,交通设施,公交站,121.511855,31.26368,上海市,上海市,杨浦区,121.5074636082104,31.265733159665405,Transport
公厕,生活服务,公厕,121.511848,31.2674,上海市,上海市,杨浦区,121.50745626839446,31.269451533511745,Toilet
公厕,生活服务,公厕,121.513348,31.264298,上海市,上海市,杨浦区,121.50896186010972,31.26635531302589,Toilet
上海瀚海明玉大豪华酒店-洗手间,生活服务,公厕,121.515083,31.265881,上海市,上海市,杨浦区,121.51070285696028,31.26794273548709,Toilet
友医友杨中医门诊部,医疗保健,诊所,121.513712,31.26584,上海市,上海市,杨浦区,121.5093270190048,31.26789772105313,Medical_Service
许昌路周家嘴路,交通设施,公交站,121.517325,31.266178,上海市,上海市,杨浦区,121.51295269351124,31.268246149543987,Transport
公厕,生活服务,公厕,121.492636,31.256835,上海市,上海市,虹口区,121.48817597311628,31.258833248934547,Toilet
嘉兴路街道社区卫生中心胡家木桥路分中心,医疗保健,综合医院,121.493338,31.258827,上海市,上海市,虹口区,121.48888032007322,31.260826485013244,Medical_Service
1933老场坊-公厕,生活服务,公厕,121.49258,31.254607,上海市,上海市,虹口区,121.4881199626194,31.2566060637986,Toilet
岳州路公平路,交通设施,公交站,121.499099,31.258839,上海市,上海市,虹口区,121.49466208350763,31.260855881075905,Transport
公平路周家嘴路,交通设施,公交站,121.500937,31.258694,上海市,上海市,虹口区,121.49650674273649,31.260716509335,Transport
嘉兴路街道社区卫生中心育才分中心,医疗保健,综合医院,121.498375,31.257378,上海市,上海市,虹口区,121.49393559104624,31.25939333078232,Medical_Service
嘉兴社区卫生中心-预防接种门诊,医疗保健,诊所,121.498407,31.257281,上海市,上海市,虹口区,121.4939677149356,31.25929647028424,Medical_Service
公厕,生活服务,公厕,121.499203,31.257127,上海市,上海市,虹口区,121.49476660517152,31.25914494757724,Toilet
公平路唐山路,交通设施,公交站,121.504227,31.25551,上海市,上海市,虹口区,121.49980890795185,31.257543860739293,Transport
唐山路公平路,交通设施,公交站,121.505896,31.25529,上海市,上海市,虹口区,121.50148395007146,31.257328993016536,Transport
海门路周家嘴路,交通设施,公交站,121.502367,31.257032,上海市,上海市,虹口区,121.49794205595676,31.259059567116697,Transport
公厕,生活服务,公厕,121.502074,31.255986,上海市,上海市,虹口区,121.4976480852663,31.2580131413714,Toilet
桔子酒店,生活服务,公厕,121.504423,31.254834,上海市,上海市,虹口区,121.50000567323578,31.256868751297773,Toilet
桔子水晶豪华酒店·公平路北外滩-洗手间,生活服务,公厕,121.50466,31.254405,上海市,上海市,虹口区,121.5002435654544,31.25644065658248,Toilet
北外滩街道社区卫生中心,医疗保健,综合医院,121.504184,31.256966,上海市,上海市,虹口区,121.4997656290157,31.258999089104325,Medical_Service
上海衡山虹妇幼医院妇科,医疗保健,综合医院,121.50405,31.258295,上海市,上海市,虹口区,121.49963103210524,31.2603271003796,Medical_Service
唐山路安国路,交通设施,公交站,121.507366,31.257495,上海市,上海市,虹口区,121.50295905769478,31.25953744492784,Transport
昆明路海门路,交通设施,公交站,121.506162,31.254796,上海市,上海市,虹口区,121.5017509508807,31.256836012647383,Transport
海门路东长治路,交通设施,公交站,121.507843,31.254429,上海市,上海市,虹口区,121.50343803296744,31.256474229811403,Transport
上海犹太难民纪念馆,交通设施,公交站,121.50888,31.254444,上海市,上海市,虹口区,121.50447875553252,31.25649233245353,Transport
公厕,生活服务,公厕,121.508395,31.255246,上海市,上海市,虹口区,121.50399194689712,31.257292524599013,Toilet
公厕,生活服务,公厕,121.509892,31.257442,上海市,上海市,虹口区,121.50549412785978,31.259492036755148,Toilet
公厕,生活服务,公厕,121.50803,31.255778,上海市,上海市,虹口区,121.50362559069735,31.257823194943573,Toilet
公厕,生活服务,公厕,121.50674,31.25571,上海市,上海市,虹口区,121.50233095576652,31.2577513488078,Toilet
公厕,生活服务,公厕,121.506541,31.25492,上海市,上海市,虹口区,121.50213130600912,31.25696109890452,Toilet
舟山路社区家庭医生诊所,医疗保健,诊所,121.508782,31.255021,上海市,上海市,虹口区,121.5043803550617,31.2570687837642,Medical_Service
舟山路社区卫生运营服务站,医疗保健,综合医院,121.508728,31.255073,上海市,上海市,虹口区,121.50432615689412,31.25712059902295,Medical_Service
提篮桥地铁站1号口,交通设施,地铁,121.507655,31.254206,上海市,上海市,虹口区,121.50324937598018,31.256250764051646,Transport
北外滩街道卫生中心三益邨卫生服务站,医疗保健,综合医院,121.506245,31.255973,上海市,上海市,虹口区,121.50183415018049,31.258012742830477,Medical_Service
飞虹路大连路,交通设施,公交站,121.505392,31.264072,上海市,上海市,虹口区,121.50097738699928,31.26610563278446,Transport
公共厕所,生活服务,公厕,121.502356,31.266605,上海市,上海市,虹口区,121.49793020260697,31.268628367211363,Toilet
公厕,生活服务,公厕,121.504638,31.266863,上海市,上海市,虹口区,121.50022042836352,31.268893153243088,Toilet
嘉兴路街道社区卫生中心,医疗保健,综合医院,121.501975,31.26429,上海市,上海市,虹口区,121.49754802143664,31.26631321363874,Medical_Service
新港路大连路,交通设施,公交站,121.505693,31.268539,上海市,上海市,虹口区,121.50127909370266,31.270571615970635,Transport
新港路瑞虹路,交通设施,公交站,121.501041,31.269182,上海市,上海市,虹口区,121.49661022699183,31.2712002814935,Transport
和平公园,交通设施,公交站,121.502553,31.268817,上海市,上海市,虹口区,121.49812772701934,31.270840013432508,Transport
大连路和平公园,交通设施,公交站,121.504885,31.271881,上海市,上海市,虹口区,121.50046789409072,31.27390975263401,Transport
新港路和平公园,交通设施,公交站,121.502599,31.268822,上海市,上海市,虹口区,121.49817389294364,31.270845150436926,Transport
上海新医联门诊部,医疗保健,诊所,121.504685,31.272381,上海市,上海市,杨浦区,121.50026712946963,31.274408936579857,Medical_Service
和平公园-公厕,生活服务,公厕,121.503375,31.271345,上海市,上海市,虹口区,121.49895248424131,31.27336941978384,Toilet
和平生态公园-3号厕所,生活服务,公厕,121.502351,31.272473,上海市,上海市,虹口区,121.49792468568242,31.27449384347761,Toilet
公厕,生活服务,公厕,121.501524,31.270412,上海市,上海市,虹口区,121.4970948695889,31.272431218017587,Toilet
和平公园-公厕,生活服务,公厕,121.50128,31.270316,上海市,上海市,虹口区,121.49684999510632,31.27233452042349,Toilet
和平公园-公厕,生活服务,公厕,121.502939,31.269011,上海市,上海市,虹口区,121.49851510631512,31.27103509783719,Toilet
无障碍公厕,生活服务,公厕,121.502912,31.269133,上海市,上海市,虹口区,121.49848799832203,31.27115696397268,Toilet
临平北路四平路,交通设施,公交站,121.492401,31.263627,上海市,上海市,虹口区,121.4879395517586,31.265621576103086,Transport
四平路临平北路,交通设施,公交站,121.491636,31.265981,上海市,上海市,虹口区,121.48717161394026,31.26797226283378,Transport
公共厕所,生活服务,公厕,121.49144,31.266835,上海市,上海市,虹口区,121.48697484063608,31.268825307516003,Toilet
欧阳路街道社区卫生中心,医疗保健,综合医院,121.492817,31.26811,上海市,上海市,虹口区,121.48835665946602,31.270103893037977,Medical_Service
邮电新村地铁站2号口,交通设施,地铁,121.49401,31.267876,上海市,上海市,虹口区,121.48955396103506,31.26987358368712,Transport
同济大学附属同济医院分院,医疗保健,综合医院,121.500917,31.28055,上海市,上海市,杨浦区,121.4964848112365,31.28256310801744,Medical_Service
赤峰路密云路,交通设施,公交站,121.497899,31.281369,上海市,上海市,杨浦区,121.49345582790258,31.28337263135915,Transport
密云社区卫生运营服务站家庭医生工作站,医疗保健,综合医院,121.497603,31.278057,上海市,上海市,杨浦区,121.49315904083107,31.28006111718099,Medical_Service
同济大学附属同济医院分院急诊,医疗保健,急救中心,121.500858,31.280913,上海市,上海市,杨浦区,121.49642556689278,31.28292577838353,Medical_Service
赤峰路四平路,交通设施,公交站,121.5033,31.279295,上海市,上海市,杨浦区,121.4988765374194,31.281315841225677,Transport
国康路中山北二路,交通设施,公交站,121.501537,31.286751,上海市,上海市,杨浦区,121.49710652666894,31.28876342380145,Transport
洗手间,生活服务,公厕,121.502975,31.282547,上海市,上海市,杨浦区,121.49855008582396,31.284565506265118,Toilet
国权路四平路,交通设施,公交站,121.509017,31.290142,上海市,上海市,杨浦区,121.50461322069371,31.29217558523201,Transport
公共厕所,生活服务,公厕,121.509018,31.288286,上海市,上海市,杨浦区,121.50461438171764,31.290320343926236,Toilet
国权路地铁站1号口,交通设施,地铁,121.510666,31.290002,上海市,上海市,杨浦区,121.506268137142,31.29204056761203,Transport
国权路地铁站3号口,交通设施,地铁,121.509565,31.288936,上海市,上海市,杨浦区,121.5051632877308,31.2909717151774,Transport
国权路地铁站4号口,交通设施,地铁,121.50979,31.289956,上海市,上海市,杨浦区,121.5053890072196,31.29199197250545,Transport
中山北二路密云路,交通设施,公交站,121.501893,31.287536,上海市,上海市,杨浦区,121.497463747837,31.289549179879327,Transport
四平科技公园-公厕,生活服务,公厕,121.503684,31.288736,上海市,上海市,杨浦区,121.4992611229989,31.29075410642275,Toilet
密云路赤峰路,交通设施,公交站,121.496107,31.28327,上海市,上海市,杨浦区,121.491657197108,31.285267424998622,Transport
运光路松花江路,交通设施,公交站,121.496646,31.290564,上海市,上海市,虹口区,121.49219751942152,31.29256006657201,Transport
辉河路中山北二路,交通设施,公交站,121.498758,31.287634,上海市,上海市,虹口区,121.494317398798,31.28963764929011,Transport
公厕,生活服务,公厕,121.496373,31.288816,上海市,上海市,虹口区,121.49192368349244,31.290811952235774,Toilet
控江路凤城路,交通设施,公交站,121.523128,31.276207,上海市,上海市,杨浦区,121.51877480907912,31.27828745557863,Transport
公厕,生活服务,公厕,121.524612,31.277272,上海市,上海市,杨浦区,121.5202637190362,31.27935615133542,Toilet
黄兴路周家嘴路,交通设施,公交站,121.52925,31.274256,上海市,上海市,杨浦区,121.52491727194796,31.276354075917585,Transport
松花江路双阳路,交通设施,公交站,121.528884,31.288439,上海市,上海市,杨浦区,121.5245488911494,31.29053020284915,Transport
公厕,生活服务,公厕,121.529324,31.289333,上海市,上海市,杨浦区,121.52499024396734,31.291425017755973,Toilet
黄兴公园-公厕,生活服务,公厕,121.527673,31.290048,上海市,上海市,杨浦区,121.52333379993618,31.292135279168136,Toilet
文化佳园卫生运营服务站,医疗保健,综合医院,121.526133,31.290584,上海市,上海市,杨浦区,121.5217886720492,31.29266685801085,Medical_Service
中山北二路四平路,交通设施,公交站,121.512474,31.284461,上海市,上海市,杨浦区,121.5080830511785,31.286507207760373,Transport
男洗手间,生活服务,公厕,121.51412,31.28305,上海市,上海市,杨浦区,121.50973500643116,31.28510165203025,Toilet
抚顺路地铁站1号口,交通设施,地铁,121.515703,31.283012,上海市,上海市,杨浦区,121.51132359003302,31.28506831338325,Transport
抚顺路地铁站2号口,交通设施,地铁,121.515287,31.284097,上海市,上海市,杨浦区,121.51090603503712,31.286151647345104,Transport
抚顺路,交通设施,地铁,121.515797,31.283708,上海市,上海市,杨浦区,121.51141786147838,31.28576430058,Transport
江浦路中山北二路,交通设施,公交站,121.515837,31.283473,上海市,上海市,杨浦区,121.51145802186592,31.285529514583548,Transport
中山北二路黄兴路,交通设施,公交站,121.51904,31.285356,上海市,上海市,杨浦区,121.5146720360638,31.287421028967145,Transport
四平路国权路,交通设施,公交站,121.510905,31.290738,上海市,上海市,杨浦区,121.50650792855372,31.292776980796592,Transport
公厕,生活服务,公厕,121.513941,31.290927,上海市,上海市,杨浦区,121.5095547066741,31.292974899079127,Toilet
国权路地铁站2号口,交通设施,地铁,121.511216,31.289444,上海市,上海市,杨浦区,121.506820148416,31.291484432137675,Transport
国定路四平路,交通设施,公交站,121.511155,31.295149,上海市,上海市,杨浦区,121.506758447199,31.297186946385636,Transport
四平路国定路,交通设施,公交站,121.512254,31.293507,上海市,上海市,杨浦区,121.50786150257191,31.29554887034993,Transport
公共厕所,生活服务,公厕,121.513656,31.293785,上海市,上海市,杨浦区,121.50926845585929,31.295830904697663,Toilet
上海利民门诊部,医疗保健,诊所,121.513296,31.294157,上海市,上海市,杨浦区,121.50890714859165,31.296201692493923,Medical_Service
双阳北路国顺东路,交通设施,公交站,121.525199,31.295914,上海市,上海市,杨浦区,121.52085111302834,31.29799213651772,Transport
国顺东路双阳北路,交通设施,公交站,121.523215,31.292944,上海市,上海市,杨浦区,121.5188606925224,31.29501780341405,Transport
黄兴公园,交通设施,公交站,121.528969,31.295875,上海市,上海市,杨浦区,121.52463354181845,31.29796342632704,Transport
公厕,生活服务,公厕,121.521438,31.300646,上海市,上海市,杨浦区,121.51707699777307,31.302711716575264,Toilet
翔殷路国和路,交通设施,公交站,121.523924,31.302424,上海市,上海市,杨浦区,121.51957128683584,31.304496012474107,Transport
海军特色医学中心,医疗保健,综合医院,121.525245,31.30339,上海市,上海市,杨浦区,121.52089663660352,31.305465302841224,Medical_Service
安波路双阳北路,交通设施,公交站,121.525901,31.301268,上海市,上海市,杨浦区,121.5215550013761,31.303345946253238,Transport
公厕,生活服务,公厕,121.527283,31.303052,上海市,上海市,杨浦区,121.52294142323764,31.30513302604968,Toilet
兰馨社区卫生运营服务站,医疗保健,综合医院,121.527516,31.303145,上海市,上海市,杨浦区,121.52317518173102,31.305226623032777,Medical_Service
怡康时代中医馆,医疗保健,诊所,121.52763,31.301378,上海市,上海市,杨浦区,121.52328970497707,31.30346062738713,Medical_Service
上海长海医院,医疗保健,综合医院,121.528074,31.308534,上海市,上海市,杨浦区,121.52373455775458,31.31061503697834,Medical_Service
长海医院,交通设施,公交站,121.527933,31.309641,上海市,上海市,杨浦区,121.5235930028669,31.311721228447134,Transport
公厕,生活服务,公厕,121.526795,31.308927,上海市,上海市,杨浦区,121.5224513190099,31.31100440897529,Toilet
第二军医大学第三附属医院,医疗保健,综合医院,121.528948,31.3098,上海市,上海市,杨浦区,121.52461130160478,31.31188290300088,Medical_Service
东方肝胆外科医院-病房大楼,医疗保健,综合医院,121.530409,31.31001,上海市,上海市,杨浦区,121.52607700454926,31.312096717951228,Medical_Service
东方肝胆外科医院4号楼-临床研究院,医疗保健,综合医院,121.529014,31.310001,上海市,上海市,杨浦区,121.52467749914292,31.312084002707643,Medical_Service
海军军医大学第一附属医院,医疗保健,综合医院,121.527045,31.309501,上海市,上海市,杨浦区,121.52270209585096,31.311578869914086,Medical_Service
东方肝胆外科医院-放射治疗中心,医疗保健,综合医院,121.529223,31.30984,上海市,上海市,杨浦区,121.5248871910723,31.311923624742345,Medical_Service
上海东方肝胆外科医院特需部,医疗保健,综合医院,121.530442,31.309932,上海市,上海市,杨浦区,121.52611011708156,31.31201883537464,Medical_Service
百问堂肿瘤专家服务站,医疗保健,诊所,121.526207,31.309797,上海市,上海市,杨浦区,121.52186129893776,31.31187246349142,Medical_Service
上海长海医院PET-MR中心,医疗保健,综合医院,121.528854,31.309098,上海市,上海市,杨浦区,121.52451705506854,31.311180921186747,Medical_Service
长海医院病房楼-西区,医疗保健,综合医院,121.527247,31.308354,上海市,上海市,杨浦区,121.5229048581339,31.31043286294323,Medical_Service
上海长海医院-静配中心,医疗保健,综合医院,121.529057,31.308049,上海市,上海市,杨浦区,121.524720803123,31.3101328712457,Medical_Service
第二军医大学临床流行病学与循证医院中心,医疗保健,综合医院,121.528826,31.309134,上海市,上海市,杨浦区,121.52448896095416,31.311216832084902,Medical_Service
上海长海医院本部肠道门诊,医疗保健,综合医院,121.52587,31.30716,上海市,上海市,杨浦区,121.52152340177494,31.30923555650292,Medical_Service
上海长海医-院急诊,医疗保健,综合医院,121.526489,31.309026,上海市,上海市,杨浦区,121.52214429858562,31.311102533783696,Medical_Service
中国人民解放军影像医学中心,医疗保健,综合医院,121.527991,31.308815,上海市,上海市,杨浦区,121.52365126239356,31.31089570395518,Medical_Service
上海长海医院-胸心大楼康宾楼,医疗保健,综合医院,121.528337,31.308108,上海市,上海市,杨浦区,121.52399845340074,31.31018991198061,Medical_Service
长海医院药学部,医疗保健,综合医院,121.529075,31.307887,上海市,上海市,杨浦区,121.52473887520752,31.30997098220231,Medical_Service
上海长海医院本部住院处,医疗保健,综合医院,121.526431,31.308913,上海市,上海市,杨浦区,121.52208611602391,31.31098941852331,Medical_Service
介入治疗质量控制中心,医疗保健,综合医院,121.526088,31.309369,上海市,上海市,杨浦区,121.52174194002748,31.3114443016332,Medical_Service
上海长海医院门诊,医疗保健,综合医院,121.525707,31.309382,上海市,上海市,杨浦区,121.5213596721106,31.311456248473625,Medical_Service
上海长海医院影像楼,医疗保健,综合医院,121.528189,31.308868,上海市,上海市,杨浦区,121.5238499057917,31.3109492187548,Medical_Service
临床输血质量控制中心,医疗保健,综合医院,121.526059,31.309398,上海市,上海市,杨浦区,121.52171284127736,31.31147321078117,Medical_Service
第二军医大学附属长海医院整形外科,医疗保健,综合医院,121.525913,31.309482,上海市,上海市,杨浦区,121.52156634904844,31.311556777024222,Medical_Service
上海长海医院-儿科门诊,医疗保健,综合医院,121.526575,31.309113,上海市,上海市,杨浦区,121.52223057592188,31.31118973565152,Medical_Service
上海长海医院本部肝炎门诊,医疗保健,综合医院,121.525839,31.307097,上海市,上海市,杨浦区,121.52149230398126,31.30917249563289,Medical_Service
上海长海医院胸心大楼,医疗保健,综合医院,121.528108,31.308261,上海市,上海市,杨浦区,121.5237686919913,31.31034223442215,Medical_Service
政立路恒仁路,交通设施,公交站,121.523312,31.308026,上海市,上海市,杨浦区,121.5189567484987,31.310094115944484,Transport
长海路黑山路,交通设施,公交站,121.521685,31.309608,上海市,上海市,杨浦区,121.5173240852378,31.31167092056038,Transport
朱伟菊中医私立诊所,医疗保健,诊所,121.522528,31.309286,上海市,上海市,杨浦区,121.51816998425808,31.311351426151138,Medical_Service
政立路国和路,交通设施,公交站,121.517628,31.308027,上海市,上海市,杨浦区,121.51325321373552,31.31007890177732,Transport
国和路政立路,交通设施,公交站,121.519357,31.307451,上海市,上海市,杨浦区,121.51498826639816,31.309508113308517,Transport
政立路市光路,交通设施,公交站,121.515917,31.308047,上海市,上海市,杨浦区,121.51153622400224,31.310093914648984,Transport
公厕,生活服务,公厕,121.516846,31.305893,上海市,上海市,杨浦区,121.51246866293997,31.30794345927129,Toilet
市光路政府路,交通设施,公交站,121.515249,31.309985,上海市,上海市,杨浦区,121.5108657105448,31.312029212111977,Transport
政立路淞沪路,交通设施,公交站,121.513726,31.308033,上海市,上海市,杨浦区,121.50933749708138,31.310073487943768,Transport
淞沪路政立路,交通设施,公交站,121.512766,31.305434,上海市,上海市,杨浦区,121.508374312207,31.30747266124048,Transport
市光路政立路,交通设施,公交站,121.515271,31.309135,上海市,上海市,杨浦区,121.5108878599814,31.31117960405914,Transport
江湾体育场公厕,生活服务,公厕,121.515337,31.307785,上海市,上海市,杨浦区,121.51095420664852,31.309830319168345,Toilet
公厕,生活服务,公厕,121.514259,31.30749,上海市,上海市,杨浦区,121.50987242882806,31.30953226831284,Toilet
公厕,生活服务,公厕,121.513663,31.306432,上海市,上海市,杨浦区,121.50927440957926,31.308472923033904,Toilet
妙康中医诊所,医疗保健,诊所,121.514631,31.308176,上海市,上海市,杨浦区,121.51024568474432,31.31021909656336,Medical_Service
江湾体育场地铁站10号口,交通设施,地铁,121.511854,31.305793,上海市,上海市,杨浦区,121.50745903735744,31.307828818047497,Transport
江湾体育场地铁站12号口,交通设施,地铁,121.513262,31.305416,上海市,上海市,杨浦区,121.50887207434803,31.307456134817517,Transport
江湾体育场地铁站11号口,交通设施,地铁,121.512913,31.306413,上海市,上海市,杨浦区,121.50852175134108,31.30845171509616,Transport
上海美阳门诊部,医疗保健,诊所,121.512918,31.307649,上海市,上海市,杨浦区,121.50852666435831,31.309687250275964,Medical_Service
美年大健康上海美阳门诊部,医疗保健,诊所,121.512635,31.307669,上海市,上海市,杨浦区,121.50824265732756,31.309706405038828,Medical_Service
邯郸路运光路,交通设施,公交站,121.493567,31.294052,上海市,上海市,杨浦区,121.48910713522056,31.296037367700738,Transport
运光新村,交通设施,公交站,121.493017,31.29279,上海市,上海市,虹口区,121.4885552690676,31.29477422107262,Transport
邯郸路运光新村,交通设施,公交站,121.493622,31.29407,上海市,上海市,杨浦区,121.48916233120354,31.296055526038284,Transport
松花江路邯郸路,交通设施,公交站,121.498323,31.293914,上海市,上海市,虹口区,121.49388029104033,31.29591378611482,Transport
邯郸路松花江路,交通设施,公交站,121.498922,31.295234,上海市,上海市,杨浦区,121.4944813442038,31.297235069265906,Transport
复旦大学地铁站2号口,交通设施,地铁,121.500232,31.295768,上海市,上海市,杨浦区,121.49579603732472,31.29777282146601,Transport
复旦大学,交通设施,地铁,121.499556,31.296317,上海市,上海市,杨浦区,121.4951175449642,31.2983195552418,Transport
复旦大学地铁站1号口,交通设施,地铁,121.498689,31.296766,上海市,上海市,杨浦区,121.49424737112238,31.29876575125521,Transport
出租车司机专用公厕,生活服务,公厕,121.492125,31.298151,上海市,上海市,杨浦区,121.48765961457184,31.300130394039552,Toilet
国权路邯郸路,交通设施,公交站,121.503209,31.294753,上海市,上海市,杨浦区,121.49878389396248,31.296767236918544,Transport
公厕,生活服务,公厕,121.505189,31.291502,上海市,上海市,杨浦区,121.50077132480244,31.293523526933757,Toilet
复旦大学,交通设施,公交站,121.504687,31.296696,上海市,上海市,杨浦区,121.50026707062072,31.29871392433318,Transport
公厕,生活服务,公厕,121.501639,31.300403,上海市,上海市,杨浦区,121.49720773374152,31.30241023739751,Toilet
五角场社区卫生中心,医疗保健,综合医院,121.501082,31.300687,上海市,上海市,杨浦区,121.496648694039,31.302692439239163,Medical_Service
国安路政立路,交通设施,公交站,121.504903,31.308924,上海市,上海市,杨浦区,121.50048281110888,31.310937775481403,Transport
国定新村,交通设施,公交站,121.5043,31.305678,上海市,上海市,杨浦区,121.49987790869552,31.307691213746367,Transport
国定路政立路,交通设施,公交站,121.503953,31.306388,上海市,上海市,杨浦区,121.49952959417216,31.308399889370467,Transport
政立路国定路,交通设施,公交站,121.504716,31.307933,上海市,上海市,杨浦区,121.5002952199334,31.309946594146485,Transport
颈肩腰腿调理中心,医疗保健,诊所,121.501731,31.308214,上海市,上海市,杨浦区,121.49729940158184,31.310218461895012,Medical_Service
武东路吉浦路,交通设施,公交站,121.491458,31.304331,上海市,上海市,杨浦区,121.48698970038362,31.30630595674725,Transport
武川路武东路,交通设施,公交站,121.494647,31.30181,上海市,上海市,杨浦区,121.49019035520276,31.303795535187803,Transport
公厕,生活服务,公厕,121.493181,31.303578,上海市,上海市,杨浦区,121.48871893568904,31.305558425234103,Toilet
无障碍公厕,生活服务,公厕,121.493029,31.303625,上海市,上海市,杨浦区,121.48856638630116,31.305604949654214,Toilet
武东路武川路,交通设施,公交站,121.496237,31.302774,上海市,上海市,杨浦区,121.49178600201998,31.30476395611916,Transport
武东路政民路,交通设施,公交站,121.499452,31.301733,上海市,上海市,杨浦区,121.49501270726688,31.303733091892774,Transport
上海财经大学门诊部,医疗保健,诊所,121.500536,31.304898,上海市,上海市,杨浦区,121.49610035960664,31.306900132950503,Medical_Service
上海财经大学医务室,医疗保健,诊所,121.500455,31.304908,上海市,上海市,杨浦区,121.49601906564853,31.306909883816363,Medical_Service
上海财经大学,交通设施,地铁,121.496372,31.307677,上海市,上海市,杨浦区,121.49192107061116,31.30966545201792,Transport
政青路三门路,交通设施,公交站,121.498183,31.309497,上海市,上海市,杨浦区,121.49373845629928,31.31149022613709,Transport
政立路武川路,交通设施,公交站,121.49939,31.308051,上海市,上海市,杨浦区,121.49494994449805,31.310048437999946,Transport
武川路政立路,交通设施,公交站,121.496467,31.306188,上海市,上海市,杨浦区,121.4920165404894,31.30817731704011,Transport
上海财经大学地铁站5号口,交通设施,地铁,121.496481,31.308664,上海市,上海市,杨浦区,121.49203037968842,31.310652399708257,Transport
上海财经大学地铁站1号口,交通设施,地铁,121.496635,31.307141,上海市,上海市,杨浦区,121.49218506545888,31.309130454688024,Transport
政立路国权北路,交通设施,公交站,121.494924,31.307926,上海市,上海市,杨浦区,121.49046782997574,31.30990998322019,Transport
大柏树医院,医疗保健,综合医院,121.495999,31.307655,上海市,上海市,杨浦区,121.4915467269656,31.30964233351172,Medical_Service
大柏树门诊部,医疗保健,诊所,121.49603,31.307692,上海市,上海市,杨浦区,121.49157783560806,31.309679412831223,Medical_Service
上海财经大学地铁站4号口,交通设施,地铁,121.495724,31.308153,上海市,上海市,杨浦区,121.49127069287522,31.310139310136744,Transport
周家嘴路黄兴路,交通设施,公交站,121.53143,31.275878,上海市,上海市,杨浦区,121.52710413824524,31.277981169971177,Transport
公厕,生活服务,公厕,121.531552,31.274663,上海市,上海市,杨浦区,121.527226628357,31.27676700228949,Toilet
周家嘴路双阳路,交通设施,公交站,121.537672,31.277191,上海市,上海市,杨浦区,121.5333653189019,31.27930948287309,Transport
公厕,生活服务,公厕,121.536908,31.273317,上海市,上海市,杨浦区,121.53259934719884,31.275435232653493,Toilet
公厕,生活服务,公厕,121.538487,31.27698,上海市,上海市,杨浦区,121.53418276525431,31.27910056246385,Toilet
牙科医院,医疗保健,诊所,121.537065,31.276767,上海市,上海市,杨浦区,121.53275653146362,31.278884165462845,Medical_Service
延吉社区卫生中心友谊社区卫生服务站家庭医生工作站,医疗保健,综合医院,121.535646,31.277369,上海市,上海市,杨浦区,121.53133317329892,31.279482375592643,Medical_Service
隆昌路周家嘴路,交通设施,公交站,121.540038,31.279251,上海市,上海市,杨浦区,121.5357381355608,31.28137434564647,Transport
公厕,生活服务,公厕,121.537512,31.277832,上海市,上海市,杨浦区,121.53320478582002,31.279949820872076,Toilet
公厕,生活服务,公厕,121.538755,31.27756,上海市,上海市,杨浦区,121.53445151048146,31.27968096947783,Toilet
长阳路内江路,交通设施,公交站,121.547208,31.276971,上海市,上海市,杨浦区,121.5429282914153,31.279111569740465,Transport
公厕,生活服务,公厕,121.548741,31.275279,上海市,上海市,杨浦区,121.54446544761076,31.277423535075663,Toilet
公厕,生活服务,公厕,121.549277,31.273175,上海市,上海市,杨浦区,121.54500300481315,31.275321542458688,Toilet
内江路长阳路,交通设施,公交站,121.548101,31.278732,上海市,上海市,杨浦区,121.54382349448792,31.28087373689764,Transport
内江路周家嘴路,交通设施,公交站,121.545359,31.282042,上海市,上海市,杨浦区,121.54107390247692,31.28417642077578,Transport
公厕,生活服务,公厕,121.549426,31.281368,上海市,上海市,杨浦区,121.54515170291144,31.283511413013912,Toilet
周家嘴路隆昌路,交通设施,公交站,121.542075,31.278618,上海市,上海市,杨浦区,121.53778105188223,31.28074640219085,Transport
周家嘴路内江路,交通设施,公交站,121.544537,31.280057,上海市,上海市,杨浦区,121.54024981900704,31.28219041603525,Transport
公厕,生活服务,公厕,121.541768,31.279217,上海市,上海市,杨浦区,121.53747312746373,31.281344437965096,Toilet
上海东沪中医门诊部,医疗保健,诊所,121.545285,31.280169,上海市,上海市,杨浦区,121.54099985759466,31.282304035575333,Medical_Service
延吉中路,交通设施,地铁,121.534913,31.288579,上海市,上海市,杨浦区,121.53059698276644,31.29068588839553,Transport
营口路靖宇东路,交通设施,公交站,121.534971,31.287074,上海市,上海市,杨浦区,121.53065528772125,31.28918165029512,Transport
营口路靖宇中路,交通设施,公交站,121.535029,31.287039,上海市,上海市,杨浦区,121.53071346920494,31.28914681139462,Transport
延吉中路地铁站4号口,交通设施,地铁,121.535204,31.287704,上海市,上海市,杨浦区,121.53088895149412,31.289811981588645,Transport
延吉中路地铁站3号口,交通设施,地铁,121.535251,31.28881,上海市,上海市,杨浦区,121.5309360030411,31.29091764874573,Transport
延吉中路地铁站7号口,交通设施,地铁,121.534658,31.289391,上海市,上海市,杨浦区,121.53034112793662,31.29149691078515,Transport
延吉中路地铁站5号口,交通设施,地铁,121.534714,31.286905,上海市,上海市,杨浦区,121.53039750952009,31.2890120680678,Transport
长阳路军工路,交通设施,公交站,121.555664,31.280431,上海市,上海市,杨浦区,121.5514049425865,31.28258699850161,Transport
平凉路军工路,交通设施,公交站,121.557724,31.278367,上海市,上海市,杨浦区,121.55346975134096,31.280527560320927,Transport
军工路平凉路,交通设施,公交站,121.55847,31.279523,上海市,上海市,杨浦区,121.5542172873334,31.281684375646226,Transport
公厕,生活服务,公厕,121.557073,31.278339,上海市,上海市,杨浦区,121.55281730881272,31.28049842080956,Toilet
公厕,生活服务,公厕,121.555656,31.280344,上海市,上海市,杨浦区,121.55139693146194,31.28250002004004,Toilet
公厕,生活服务,公厕,121.558066,31.279119,上海市,上海市,杨浦区,121.5538124401375,31.281279843902645,Toilet
爱国路,交通设施,地铁,121.552701,31.279827,上海市,上海市,杨浦区,121.54843499712396,31.28197763943405,Transport
长阳路爱国路,交通设施,公交站,121.552481,31.279894,上海市,上海市,杨浦区,121.54821445706348,31.282044181589065,Transport
无障碍洗手间,生活服务,公厕,121.553476,31.279608,上海市,上海市,杨浦区,121.54921188177076,31.28176023070245,Toilet
男洗手间,生活服务,公厕,121.553538,31.279638,上海市,上海市,杨浦区,121.54927402747056,31.281790337195808,Toilet
女洗手间,生活服务,公厕,121.553541,31.279589,上海市,上海市,杨浦区,121.54927703872283,31.281741363396566,Toilet
同济大学医学院附属定海社区卫生中心,医疗保健,综合医院,121.552992,31.278424,上海市,上海市,杨浦区,121.54872681792052,31.280575791412275,Medical_Service
爱国路地铁站2号口,交通设施,地铁,121.553373,31.279646,上海市,上海市,杨浦区,121.54910863203284,31.281798016812807,Transport
爱国路地铁站3号口,交通设施,地铁,121.551914,31.279577,上海市,上海市,杨浦区,121.54764609658952,31.281726197484065,Transport
爱国路地铁站4号口,交通设施,地铁,121.551841,31.280051,上海市,上海市,杨浦区,121.54757287750292,31.28219985520381,Transport
爱国路地铁站1号口,交通设施,地铁,121.553197,31.280094,上海市,上海市,杨浦区,121.54893217230206,31.282245490679387,Transport
周家嘴路军工路,交通设施,公交站,121.553746,31.285515,上海市,上海市,杨浦区,121.5494820334272,31.287665301237656,Transport
周家嘴路爱国路,交通设施,公交站,121.550901,31.283811,上海市,上海市,杨浦区,121.54663023184298,31.2859564157817,Transport
公厕,生活服务,公厕,121.550572,31.283438,上海市,上海市,杨浦区,121.54630043810094,31.285582904327164,Toilet
公厕,生活服务,公厕,121.553438,31.284243,上海市,上海市,杨浦区,121.54917340436164,31.286393234805537,Toilet
定海社区卫生中心家庭医生工作站,医疗保健,诊所,121.555159,31.283073,上海市,上海市,杨浦区,121.55089855700636,31.285226969524977,Medical_Service
军工路长阳路,交通设施,公交站,121.557114,31.282794,上海市,上海市,杨浦区,121.5528580292864,31.284951639293386,Transport
军工路周家嘴路,交通设施,公交站,121.555977,31.28626,上海市,上海市,杨浦区,121.55171817352894,31.288414161825276,Transport
公厕,生活服务,公厕,121.556518,31.283333,上海市,上海市,杨浦区,121.55226064599952,31.28548934862404,Toilet
公厕,生活服务,公厕,121.550419,31.290141,上海市,上海市,杨浦区,121.54614649343476,31.292282846779905,Toilet
第一康复医院,医疗保健,综合医院,121.551212,31.289103,上海市,上海市,杨浦区,121.54694156581644,31.29124687088384,Medical_Service
黄兴公园,交通设施,地铁,121.533403,31.295383,上海市,上海市,杨浦区,121.52908172441973,31.29748328235876,Transport
营口路佳木斯路,交通设施,公交站,121.533303,31.295579,上海市,上海市,杨浦区,121.52898139514365,31.297678946383357,Transport
黄兴生态公园-洗手间,生活服务,公厕,121.532774,31.295823,上海市,上海市,杨浦区,121.5284507149988,31.297921482344385,Toilet
男洗手间,生活服务,公厕,121.532697,31.295855,上海市,上海市,杨浦区,121.5283734700578,31.29795327004804,Toilet
公厕,生活服务,公厕,121.534936,31.292892,上海市,上海市,杨浦区,121.53061969162545,31.294997197330265,Toilet
黄兴生态公园地铁站2号口,交通设施,地铁,121.532876,31.295957,上海市,上海市,杨浦区,121.5285530243826,31.298055692755305,Transport
黄兴生态公园地铁站1号口,交通设施,地铁,121.533537,31.295575,上海市,上海市,杨浦区,121.5292161270005,31.297675550050386,Transport
佳木斯路沙岗路,交通设施,公交站,121.539698,31.297624,上海市,上海市,杨浦区,121.5353956035494,31.299739037148967,Transport
佳木斯路延吉东路,交通设施,公交站,121.539654,31.297633,上海市,上海市,杨浦区,121.5353514740088,31.299747928177958,Transport
公厕,生活服务,公厕,121.535973,31.300083,上海市,上海市,杨浦区,121.53165926607724,31.302187935869217,Toilet
上海新光医院,医疗保健,综合医院,121.53922,31.297727,上海市,上海市,杨浦区,121.5349161922936,31.29984084810413,Medical_Service
公厕,生活服务,公厕,121.546191,31.295696,上海市,上海市,杨浦区,121.541907011691,31.29782668493697,Toilet
军工路松花江路,交通设施,公交站,121.546482,31.297289,上海市,上海市,杨浦区,121.5421986594913,31.29941968270691,Transport
公厕,生活服务,公厕,121.546278,31.297942,上海市,上海市,杨浦区,121.54199405772412,31.300071978392477,Toilet
上海理工大学医务室,医疗保健,诊所,121.547411,31.299569,上海市,上海市,杨浦区,121.54312994014388,31.3017007814994,Medical_Service
松花江路军工路,交通设施,公交站,121.542922,31.296727,上海市,上海市,杨浦区,121.538628931015,31.298849952969025,Transport
松花江路延吉东路,交通设施,公交站,121.544127,31.297527,上海市,上海市,杨浦区,121.53983722614844,31.29965237348152,Transport
公厕,生活服务,公厕,121.542688,31.299948,上海市,上海市,杨浦区,121.53839400228716,31.302069135168868,Toilet
长白社区卫生中心,医疗保健,综合医院,121.544295,31.297584,上海市,上海市,杨浦区,121.540005685848,31.29970972892685,Medical_Service
长白社区卫生中心-预防接种门诊,医疗保健,诊所,121.544325,31.297591,上海市,上海市,杨浦区,121.54003576809224,31.29971679356708,Medical_Service
国顺东路翔殷支路,交通设施,公交站,121.541091,31.303859,上海市,上海市,杨浦区,121.53679212391287,31.305974880663516,Transport
公厕,生活服务,公厕,121.542315,31.301947,上海市,上海市,杨浦区,121.53801978019588,31.30406648580233,Toilet
军工路佳木斯路,交通设施,公交站,121.545412,31.303579,上海市,上海市,杨浦区,121.5411252455415,31.305704850744338,Transport
军工路翔殷路,交通设施,公交站,121.546032,31.305964,上海市,上海市,杨浦区,121.54174672481273,31.3080902833956,Transport
公厕,生活服务,公厕,121.549005,31.308908,上海市,上海市,杨浦区,121.54472732054742,31.31103949838648,Toilet
公厕,生活服务,公厕,121.546145,31.306195,上海市,上海市,杨浦区,121.54186000987592,31.30832144071396,Toilet
公厕,生活服务,公厕,121.548341,31.307921,上海市,上海市,杨浦区,121.54406168197237,31.310051487245858,Toilet
国顺东路翔殷路,交通设施,公交站,121.542609,31.306351,上海市,上海市,杨浦区,121.538314243148,31.30846944145747,Transport
翔殷路国顺东路,交通设施,公交站,121.542012,31.307236,上海市,上海市,杨浦区,121.5377154767136,31.30935271702618,Transport
公厕,生活服务,公厕,121.54153,31.307595,上海市,上海市,杨浦区,121.5372320709831,31.309710454786178,Toilet
公厕,生活服务,公厕,121.543902,31.306604,上海市,上海市,杨浦区,121.53961084271262,31.308725294077096,Toilet
洪东社区卫生运营服务站,医疗保健,综合医院,121.541854,31.307111,上海市,上海市,杨浦区,121.53755703715886,31.309227398183676,Medical_Service
翔殷路,交通设施,地铁,121.532018,31.304967,上海市,上海市,杨浦区,121.5276915605544,31.30705990289005,Transport
营口路安波路,交通设施,公交站,121.531935,31.302455,上海市,上海市,杨浦区,121.5276085087778,31.304548670125467,Transport
安波路营口路,交通设施,公交站,121.532928,31.303277,上海市,上海市,杨浦区,121.52860457268136,31.30537292781537,Transport
翔殷路沙岗路,交通设施,公交站,121.53355,31.305334,上海市,上海市,杨浦区,121.52922834778003,31.307430726774157,Transport
公共厕所,生活服务,公厕,121.532626,31.303345,上海市,上海市,杨浦区,121.52830161712444,31.3054401190596,Toilet
翔殷路地铁站3号口,交通设施,地铁,121.531725,31.304453,上海市,上海市,杨浦区,121.52739767463872,31.306545338081136,Transport
翔殷路地铁站2号口,交通设施,地铁,121.532555,31.30484,上海市,上海市,杨浦区,121.52823026778144,31.306934349913963,Transport
包头路翔殷路,交通设施,公交站,121.538575,31.307826,上海市,上海市,杨浦区,121.53426844051651,31.30993432232629,Transport
包头南路翔殷路,交通设施,公交站,121.538721,31.305691,上海市,上海市,杨浦区,121.53441505202358,31.307800505695667,Transport
公厕,生活服务,公厕,121.538953,31.305468,上海市,上海市,杨浦区,121.53464775642912,31.307578154133434,Toilet
中原路翔殷路,交通设施,公交站,121.531985,31.306537,上海市,上海市,杨浦区,121.52765832403536,31.308629205330785,Transport
上海长海医院26号楼,医疗保健,综合医院,121.530954,31.309305,上海市,上海市,杨浦区,121.52662381016728,31.3113934296284,Medical_Service
毓灸轩中医馆,医疗保健,诊所,121.531675,31.306017,上海市,上海市,杨浦区,121.52734738434052,31.30810859723509,Medical_Service
毓灸轩中医馆,医疗保健,诊所,121.533948,31.305949,上海市,上海市,杨浦区,121.52962753657503,31.30804650774016,Medical_Service
翔殷路地铁站1号口,交通设施,地铁,121.532168,31.305571,上海市,上海市,杨浦区,121.52784198450388,31.307664058430717,Transport
翔殷路地铁站4号口,交通设施,地铁,121.53172,31.305611,上海市,上海市,杨浦区,121.52739256139893,31.30770287310259,Transport
白城路民星路,交通设施,公交站,121.543694,31.311203,上海市,上海市,杨浦区,121.53940187935396,31.313322047728885,Transport
嫩江路白城路,交通设施,公交站,121.54143,31.314712,上海市,上海市,杨浦区,121.53713118815362,31.3168244911412,Transport
公厕,生活服务,公厕,121.543826,31.311084,上海市,上海市,杨浦区,121.53953425652212,31.31320339245505,Toilet
共青森林公园,交通设施,地铁,121.546578,31.314555,上海市,上海市,杨浦区,121.54229347235952,31.31667917024232,Transport
民星路军工路,交通设施,公交站,121.547844,31.311548,上海市,上海市,杨浦区,121.54356307895632,31.313676037775107,Transport
军工路民星路,交通设施,公交站,121.546087,31.31316,上海市,上海市,杨浦区,121.5418012710038,31.31528363112838,Transport
公厕,生活服务,公厕,121.546988,31.314514,上海市,上海市,杨浦区,121.54270456925003,31.31663907294993,Toilet
出租车司机专用公厕,生活服务,公厕,121.54778,31.313857,上海市,上海市,杨浦区,121.54349871777522,31.315984019888056,Toilet
军工路嫩江路,交通设施,公交站,121.545838,31.315498,上海市,上海市,杨浦区,121.54155140337063,31.31762019676309,Transport
公厕,生活服务,公厕,121.548455,31.315724,上海市,上海市,杨浦区,121.54417532635296,31.31785174031204,Toilet
2号厕所,生活服务,公厕,121.546532,31.316813,上海市,上海市,杨浦区,121.542247160349,31.318936215566108,Toilet
出租车司机专用公厕,生活服务,公厕,121.550269,31.317377,上海市,上海市,杨浦区,121.54599383982122,31.31950787600924,Toilet
市光新村,交通设施,公交站,121.542121,31.318165,上海市,上海市,杨浦区,121.53782387099707,31.320277796833626,Transport
殷行社区卫生中心,医疗保健,综合医院,121.541151,31.314748,上海市,上海市,杨浦区,121.53685138403378,31.316859823166972,Medical_Service
市光路白城路,交通设施,公交站,121.542125,31.32153,上海市,上海市,杨浦区,121.53782760036316,31.323641547867524,Transport
公厕,生活服务,公厕,121.544712,31.320275,上海市,上海市,杨浦区,121.54042193499376,31.32239290572634,Toilet
森林公园,交通设施,公交站,121.545363,31.320341,上海市,上海市,杨浦区,121.54107470945776,31.32246032842586,Transport
游客服务运营中心公共厕所,生活服务,公厕,121.54681,31.321025,上海市,上海市,杨浦区,121.54252555058252,31.32314723882647,Toilet
军工路陆丁巷,交通设施,公交站,121.546453,31.324961,上海市,上海市,杨浦区,121.54216726688946,31.32708100658691,Transport
开鲁路白城路,交通设施,公交站,121.543242,31.324812,上海市,上海市,杨浦区,121.53894747710751,31.326924902850436,Transport
殷行路军工路,交通设施,公交站,121.544251,31.327919,上海市,上海市,杨浦区,121.53995902460883,31.33003305035972,Transport
公厕,生活服务,公厕,121.543225,31.328138,上海市,上海市,杨浦区,121.53893015078424,31.330249645108417,Toilet
殷行社区卫生中心殷行一村社区卫生服务站,医疗保健,综合医院,121.543105,31.324888,上海市,上海市,杨浦区,121.5388100866124,31.32700056182123,Medical_Service
市光路,交通设施,地铁,121.531962,31.322754,上海市,上海市,杨浦区,121.52763388730143,31.32483998821223,Transport
市光路中原路,交通设施,公交站,121.532965,31.321561,上海市,上海市,杨浦区,121.52864015188872,31.3236500367394,Transport
中原路开鲁路,交通设施,公交站,121.532009,31.323047,上海市,上海市,杨浦区,121.52768101157032,31.32513300232638,Transport
中原路市光路,交通设施,公交站,121.532116,31.320644,上海市,上海市,杨浦区,121.52778855249863,31.3227311745166,Transport
公厕,生活服务,公厕,121.531724,31.319446,上海市,上海市,杨浦区,121.5273954105486,31.321532598437688,Toilet
无障碍洗手间,生活服务,公厕,121.531835,31.322567,上海市,上海市,杨浦区,121.52750650032748,31.32465272579931,Toilet
男洗手间,生活服务,公厕,121.531795,31.322566,上海市,上海市,杨浦区,121.52746637348102,31.324651621599106,Toilet
女洗手间,生活服务,公厕,121.531776,31.322548,上海市,上海市,杨浦区,121.52744731468758,31.324633578589506,Toilet
曹氏牙科医院,医疗保健,诊所,121.532908,31.319747,上海市,上海市,杨浦区,121.52858312538118,31.32183656599994,Medical_Service
开鲁社区卫生运营服务站,医疗保健,综合医院,121.531206,31.321784,上海市,上海市,杨浦区,121.52687556504549,31.32386836750347,Medical_Service
市光路地铁站2号口,交通设施,地铁,121.53229,31.322409,上海市,上海市,杨浦区,121.52796295426664,31.32449597105293,Transport
市光路地铁站3号口,交通设施,地铁,121.531693,31.322215,上海市,上海市,杨浦区,121.5273640791352,31.3243004850037,Transport
市光路地铁站1号口,交通设施,地铁,121.532259,31.32315,上海市,上海市,杨浦区,121.52793179396916,31.32523661573645,Transport
市光路地铁站4号口,交通设施,地铁,121.53172,31.32304,上海市,上海市,杨浦区,121.52739109548531,31.32512524975469,Transport
市东医院,医疗保健,综合医院,121.537435,31.321054,上海市,上海市,杨浦区,121.53312392931775,31.323154509489125,Medical_Service
包头路开鲁路,交通设施,公交站,121.538466,31.322544,上海市,上海市,杨浦区,121.53415788237616,31.32464647812114,Transport
市光路包头路,交通设施,公交站,121.535832,31.321573,上海市,上海市,杨浦区,121.53151603148886,31.32366933328659,Transport
包头路市光路,交通设施,公交站,121.538475,31.320721,上海市,上海市,杨浦区,121.53416706207412,31.32282417801543,Transport
市光新村,交通设施,公交站,121.538678,31.322636,上海市,上海市,杨浦区,121.53437050323872,31.3247389588103,Transport
市光四村社区卫生运营服务站家庭医生工作站,医疗保健,综合医院,121.535987,31.319727,上海市,上海市,杨浦区,121.53167165947949,31.32182441018651,Medical_Service
市东医院2号楼,医疗保健,综合医院,121.537394,31.321036,上海市,上海市,杨浦区,121.53308280770084,31.323136415239865,Medical_Service
市东医院胸痛中心,医疗保健,综合医院,121.537742,31.321442,上海市,上海市,杨浦区,121.53343181696576,31.323543119400643,Medical_Service
市东医院5号楼,医疗保健,综合医院,121.536757,31.321064,上海市,上海市,杨浦区,121.53244388537212,31.323162830070878,Medical_Service
市东医院1号楼,医疗保健,综合医院,121.538044,31.321364,上海市,上海市,杨浦区,121.53373472573114,31.323465887841728,Medical_Service
市东医院住院部,医疗保健,综合医院,121.537249,31.321193,上海市,上海市,杨浦区,121.53293735862938,31.32329299932865,Medical_Service
临时站,交通设施,公交站,121.534449,31.324848,上海市,上海市,杨浦区,121.53012850337822,31.32693962687077,Transport
中原路殷行路,交通设施,公交站,121.531911,31.327254,上海市,上海市,杨浦区,121.5275823470338,31.32933819846687,Transport
殷行路中原路,交通设施,公交站,121.533721,31.328382,上海市,上海市,杨浦区,121.52939794410771,31.33047047211777,Transport
公厕,生活服务,公厕,121.535126,31.324695,上海市,上海市,杨浦区,121.53080760550289,31.32678840026134,Toilet
包头路殷行路,交通设施,公交站,121.538005,31.330099,上海市,上海市,杨浦区,121.53369487612991,31.33219758403261,Transport
公厕,生活服务,公厕,121.536313,31.333818,上海市,上海市,杨浦区,121.53199746805,31.335911065586885,Toilet
军工路临江码头,交通设施,公交站,121.534347,31.3376,上海市,上海市,杨浦区,121.53002511525816,31.33968676250406,Transport
出租车司机专用公厕,生活服务,公厕,121.534121,31.334888,上海市,上海市,杨浦区,121.52979864199558,31.33697514970633,Toilet
国权北路三门路,交通设施,公交站,121.496111,31.310722,上海市,上海市,杨浦区,121.49165886909296,31.312708489088475,Transport
国权北路政立路,交通设施,公交站,121.496089,31.31081,上海市,上海市,杨浦区,121.4916367822259,31.31279638883628,Transport
政青路民府路,交通设施,公交站,121.497683,31.316561,上海市,上海市,杨浦区,121.49323604651258,31.318550018838128,Transport
三门路政云路,交通设施,公交站,121.501235,31.311547,上海市,上海市,杨浦区,121.49680132276818,31.31354867778621,Transport
国安路三门路,交通设施,公交站,121.504921,31.312286,上海市,上海市,杨浦区,121.5005005902003,31.314298538429732,Transport
三门路,交通设施,地铁,121.508303,31.313257,上海市,上海市,杨浦区,121.50389469506436,31.31527934380179,Transport
淞沪路三门路,交通设施,公交站,121.508207,31.312567,上海市,上海市,杨浦区,121.5037984086488,31.31458931917873,Transport
女洗手间,生活服务,公厕,121.508678,31.31269,上海市,上海市,杨浦区,121.50427109030558,31.31471368413355,Toilet
男洗手间,生活服务,公厕,121.508659,31.312715,上海市,上海市,杨浦区,121.50425201995483,31.31473861766237,Toilet
三门路地铁站6号口,交通设施,地铁,121.507972,31.313663,上海市,上海市,杨浦区,121.50356247072062,31.31568419618161,Transport
三门路地铁站3号口,交通设施,地铁,121.508609,31.312773,上海市,上海市,杨浦区,121.5042018354699,31.31479644570244,Transport
民府路淞沪路,交通设施,公交站,121.508234,31.316118,上海市,上海市,杨浦区,121.50382520409232,31.31813905081135,Transport
淞沪路民府路,交通设施,公交站,121.506676,31.316924,上海市,上海市,杨浦区,121.50226152802124,31.318940065916625,Transport
公共场所,生活服务,公厕,121.510694,31.318856,上海市,上海市,杨浦区,121.50629379003848,31.320883374989613,Toilet
嘉会医疗,医疗保健,诊所,121.508357,31.316477,上海市,上海市,杨浦区,121.50394861563204,31.318498284018364,Medical_Service
嘉会医疗,医疗保健,诊所,121.50845,31.316362,上海市,上海市,杨浦区,121.5040419595484,31.318383606266707,Medical_Service
国安路民府路,交通设施,公交站,121.504552,31.31514,上海市,上海市,杨浦区,121.5001300144253,31.3171503382462,Transport
国安路国舟路,交通设施,公交站,121.504357,31.316835,上海市,上海市,杨浦区,121.4999341655742,31.31884410849539,Transport
国安路殷高东路,交通设施,公交站,121.503883,31.319083,上海市,上海市,杨浦区,121.4994582609227,31.321089831595376,Transport
公厕,生活服务,公厕,121.504976,31.317165,上海市,上海市,杨浦区,121.50055537385784,31.319175852501253,Toilet
锦龙堂中医诊所,医疗保健,诊所,121.505817,31.316902,上海市,上海市,杨浦区,121.5013994322584,31.318915487579247,Medical_Service
和得久中医诊所,医疗保健,诊所,121.505319,31.318013,上海市,上海市,杨浦区,121.50089954033297,31.32002456798113,Medical_Service
殷高东路国安路,交通设施,公交站,121.504756,31.320715,上海市,上海市,杨浦区,121.50033427716124,31.322723857780563,Transport
殷高东路淞沪路,交通设施,公交站,121.505757,31.320885,上海市,上海市,杨浦区,121.50133887704683,31.322896813399066,Transport
公厕,生活服务,公厕,121.504571,31.31988,上海市,上海市,杨浦区,121.50014867980104,31.321888611123693,Toilet
睿宝儿科新江湾门诊部,医疗保健,诊所,121.505228,31.320153,上海市,上海市,杨浦区,121.50080802974068,31.32216349162087,Medical_Service
殷高东路,交通设施,地铁,121.506757,31.321728,上海市,上海市,杨浦区,121.5023424115594,31.32374251074404,Transport
淞沪路殷高路,交通设施,公交站,121.506661,31.321864,上海市,上海市,杨浦区,121.50224605402602,31.323878171356167,Transport
淞沪路殷高东路,交通设施,公交站,121.506434,31.319798,上海市,上海市,杨浦区,121.50201841140112,31.321812258325085,Transport
公厕,生活服务,公厕,121.510544,31.322905,上海市,上海市,杨浦区,121.50614291015852,31.32493041877505,Toilet
新江湾城,交通设施,地铁,121.506985,31.328534,上海市,上海市,杨浦区,121.5025706544342,31.33054669226118,Transport
淞沪路国晓路,交通设施,公交站,121.506661,31.326791,上海市,上海市,杨浦区,121.5022456351182,31.328803354012983,Transport
男洗手间,生活服务,公厕,121.507103,31.328571,上海市,上海市,杨浦区,121.50268907635156,31.33058403358988,Toilet
女洗手间,生活服务,公厕,121.507116,31.328626,上海市,上海市,杨浦区,121.50270211849951,31.33063905265081,Toilet
市光路三门路,交通设施,公交站,121.515305,31.31078,上海市,上海市,杨浦区,121.51092184043377,31.312824070630413,Transport
三门路淞沪路,交通设施,公交站,121.511408,31.311508,上海市,上海市,杨浦区,121.50701096289626,31.31354028552538,Transport
市光路民府路,交通设施,公交站,121.515355,31.312969,上海市,上海市,杨浦区,121.51097183113436,31.315012379320255,Transport
三门路市光路,交通设施,公交站,121.514853,31.311483,上海市,上海市,杨浦区,121.51046818803192,31.313525475439047,Transport
三门路新江湾城,交通设施,公交站,121.51287,31.311565,上海市,上海市,杨浦区,121.5084781620314,31.31360159979421,Transport
公厕,生活服务,公厕,121.515215,31.31206,上海市,上海市,杨浦区,121.51083141511288,31.314103316367216,Toilet
公厕,生活服务,公厕,121.513168,31.312445,上海市,上海市,杨浦区,121.5087771452966,31.31448214422724,Toilet
长海路街道社区卫生中心市光社区卫生服务站,医疗保健,综合医院,121.515792,31.311936,上海市,上海市,杨浦区,121.5114104556676,31.313981052840894,Medical_Service
民府路国和路,交通设施,公交站,121.517883,31.313414,上海市,上海市,杨浦区,121.51350864673228,31.31546457174433,Transport
国和路民府路,交通设施,公交站,121.519673,31.314269,上海市,上海市,杨浦区,121.51530478205248,31.31632440294971,Transport
公厕,生活服务,公厕,121.516409,31.314674,上海市,上海市,杨浦区,121.5120293895292,31.31671981055301,Toilet
市光社区卫生运营服务站家庭医生工作站,医疗保健,诊所,121.517391,31.313947,上海市,上海市,杨浦区,121.51301488618938,31.31599594299144,Medical_Service
国和路,交通设施,地铁,121.520071,31.314741,上海市,上海市,杨浦区,121.51570411489348,31.31679736333375,Transport
无障碍公厕,生活服务,公厕,121.516406,31.314735,上海市,上海市,杨浦区,121.51202637384988,31.31678077865128,Toilet
公厕,生活服务,公厕,121.510983,31.318709,上海市,上海市,杨浦区,121.50658383508546,31.32073729088213,Toilet
公厕,生活服务,公厕,121.514853,31.31475,上海市,上海市,杨浦区,121.51046791135876,31.316791229553505,Toilet
恒仁路清源环路,交通设施,公交站,121.523941,31.310902,上海市,上海市,杨浦区,121.51958762902632,31.312970766684803,Transport
公厕,生活服务,公厕,121.52453,31.310628,上海市,上海市,杨浦区,121.52017863259604,31.31269851214676,Toilet
上海体育学院保健门诊部,医疗保健,诊所,121.523368,31.310784,上海市,上海市,杨浦区,121.5190127051589,31.312851209796385,Medical_Service
第二军医大学东方肝胆外科医院,医疗保健,综合医院,121.530116,31.31007,上海市,上海市,杨浦区,121.52578305733095,31.312155917651584,Medical_Service
民京路世界路,交通设施,公交站,121.52249,31.322083,上海市,上海市,杨浦区,121.51813077474311,31.32414347524878,Transport
公厕,生活服务,公厕,121.524134,31.322257,上海市,上海市,杨浦区,121.5197803207903,31.32432201810909,Toilet
淞衍堂中医门诊部,医疗保健,诊所,121.52503,31.322347,上海市,上海市,杨浦区,121.52067931945098,31.32441447371848,Medical_Service
市光路世界路,交通设施,公交站,121.529394,31.321575,上海市,上海市,杨浦区,121.52505775731078,31.323654640537917,Transport
世界路民京路,交通设施,公交站,121.526136,31.323001,上海市,上海市,杨浦区,121.52178895021824,31.325071281101003,Transport
易脉和中医诊所,医疗保健,诊所,121.525855,31.323739,上海市,上海市,杨浦区,121.52150695416886,31.32580823561122,Medical_Service
易脉和针灸按摩艾灸,医疗保健,诊所,121.525987,31.32366,上海市,上海市,杨浦区,121.5216393997226,31.3257296278796,Medical_Service
开鲁新村,交通设施,公交站,121.528109,31.324838,上海市,上海市,杨浦区,121.52376829891809,31.32691297843795,Transport
开鲁路世界路,交通设施,公交站,121.528132,31.324784,上海市,上海市,杨浦区,121.5237913787194,31.32685906048892,Transport
开鲁路中原路,交通设施,公交站,121.530313,31.32485,上海市,上海市,杨浦区,121.52597944712213,31.326930875058626,Transport
世界路新江湾城,交通设施,公交站,121.525687,31.326463,上海市,上海市,杨浦区,121.52133816524672,31.32853077053196,Transport
新江湾城,交通设施,公交站,121.525692,31.326449,上海市,上海市,杨浦区,121.52134318307952,31.32851678943959,Transport
中心医院中原分院,医疗保健,综合医院,121.527856,31.325106,上海市,上海市,杨浦区,121.5235144476948,31.327180195218787,Medical_Service
公厕,生活服务,公厕,121.52892,31.325272,上海市,上海市,杨浦区,121.52458190769384,31.32734900325203,Toilet
中心医院,医疗保健,综合医院,121.527676,31.324941,上海市,上海市,杨浦区,121.52333387108204,31.327014768048876,Medical_Service
公厕,生活服务,公厕,121.52086,31.327025,上海市,上海市,杨浦区,121.5164947897512,31.329079036290803,Toilet
政悦路国伟路,交通设施,公交站,121.52266,31.330302,上海市,上海市,杨浦区,121.51830065826265,31.33235993954081,Transport
国伟路政悦路,交通设施,公交站,121.524986,31.331837,上海市,上海市,杨浦区,121.52063437154251,31.33390088080486,Transport
殷行路政悦路,交通设施,公交站,121.523409,31.328904,上海市,上海市,杨浦区,121.51905231435263,31.33096455002145,Transport
殷行路新江湾城,交通设施,公交站,121.52313,31.328713,上海市,上海市,杨浦区,121.51877238643918,31.33077283734188,Transport
公厕,生活服务,公厕,121.522416,31.331154,上海市,上海市,杨浦区,121.5180557569901,31.33321094403505,Toilet
殷行路闸殷路,交通设施,公交站,121.52775,31.328757,上海市,上海市,杨浦区,121.52340779234304,31.33082957189895,Transport
闸殷路殷行路,交通设施,公交站,121.527554,31.329735,上海市,上海市,杨浦区,121.52321106631958,31.331806684785125,Transport
公共厕所,生活服务,公厕,121.527557,31.328913,上海市,上海市,杨浦区,121.52321414546572,31.330984991518925,Toilet
闸殷路军工路,交通设施,公交站,121.529163,31.335305,上海市,上海市,杨浦区,121.52482485184407,31.337379021436437,Transport
闸殷路军工路,交通设施,公交站,121.529122,31.335363,上海市,上海市,杨浦区,121.52478371386934,31.33743689091936,Transport
殷行社区卫生中心,医疗保健,综合医院,121.527709,31.334857,上海市,上海市,杨浦区,121.52336614359652,31.336927262136594,Medical_Service
殷行路政青路,交通设施,公交站,121.499737,31.328811,上海市,上海市,杨浦区,121.49529642983484,31.33080169504274,Transport
国权北路殷行路,交通设施,公交站,121.497885,31.33054,上海市,上海市,杨浦区,121.49343758347354,31.33252446193744,Transport
国权北路国政路,交通设施,公交站,121.499622,31.332999,上海市,上海市,杨浦区,121.4951806564244,31.33498783327336,Transport
公厕,生活服务,公厕,121.500149,31.331567,上海市,上海市,杨浦区,121.4957096858328,31.333557944116865,Toilet
国学路国权北路,交通设施,公交站,121.500511,31.33676,上海市,上海市,杨浦区,121.49607255321196,31.33875018253036,Transport
金迈路众仁路,交通设施,公交站,121.329555,31.287009,上海市,上海市,普陀区,121.3250037592318,31.28892158659586,Transport
金迈路金迎路,交通设施,公交站,121.332081,31.287913,上海市,上海市,普陀区,121.32752393753522,31.28982035604972,Transport
出租车司机专用公厕,生活服务,公厕,121.348317,31.27336,上海市,上海市,普陀区,121.34372560205205,31.27524319575032,Toilet
武威路郁李路,交通设施,公交站,121.347389,31.28154,上海市,上海市,普陀区,121.34279882775904,31.283421411799896,Transport
武威路真沃路,交通设施,公交站,121.343394,31.280601,上海市,上海市,普陀区,121.33881240797632,31.282490027758328,Transport
武威路郁李路,交通设施,公交站,121.34739,31.281571,上海市,上海市,普陀区,121.3427998229813,31.28345239715388,Transport
公厕,生活服务,公厕,121.345609,31.278746,上海市,上海市,普陀区,121.34102282344318,31.280631767956123,Toilet
公厕,生活服务,公厕,121.345013,31.280319,上海市,上海市,普陀区,121.34042795634724,31.282205190774548,Toilet
新邻天地-女洗手间,生活服务,公厕,121.347781,31.281156,上海市,上海市,普陀区,121.34319004200296,31.28303687449146,Toilet
女洗手间,生活服务,公厕,121.347843,31.280369,上海市,上海市,普陀区,121.34325198089373,31.282250091774664,Toilet
男洗手间,生活服务,公厕,121.34781,31.280344,上海市,上海市,普陀区,121.343219051857,31.28222516071422,Toilet
白丽路绿杨路,交通设施,公交站,121.347841,31.284764,上海市,上海市,普陀区,121.34324960436686,31.28664327594305,Transport
桃浦四村,交通设施,公交站,121.347551,31.285557,上海市,上海市,普陀区,121.3429601410024,31.287436464781177,Transport
公厕,生活服务,公厕,121.343801,31.286289,上海市,上海市,普陀区,121.33921803814974,31.28817493255093,Toilet
公厕,生活服务,公厕,121.346282,31.284073,上海市,上海市,普陀区,121.3416939364406,31.28595534392981,Toilet
雪松路银杏路,交通设施,公交站,121.350286,31.286969,上海市,上海市,普陀区,121.34568937477378,31.28884308277711,Transport
竹柳路雪松路,交通设施,公交站,121.348565,31.289329,上海市,上海市,普陀区,121.34397170453352,31.29120512768835,Transport
银杏路雪松路,交通设施,公交站,121.348858,31.287454,上海市,上海市,普陀区,121.34426426110464,31.28933037683992,Transport
真南路雪松路,交通设施,公交站,121.351266,31.289734,上海市,上海市,普陀区,121.34666714994331,31.29160526475541,Transport
桃浦新村,交通设施,公交站,121.350096,31.287082,上海市,上海市,普陀区,121.34549975219402,31.288956366162736,Transport
桃浦七村,交通设施,公交站,121.349303,31.288145,上海市,上海市,普陀区,121.34470828422614,31.290020314188983,Transport
公厕,生活服务,公厕,121.349205,31.289635,上海市,上海市,普陀区,121.34461035669084,31.29150987883437,Toilet
银杏路白丽路,交通设施,公交站,121.347568,31.287095,上海市,上海市,普陀区,121.34297697224324,31.28897380392268,Transport
白丽路真南路,交通设施,公交站,121.34478,31.289613,上海市,上海市,普陀区,121.34019464960264,31.291495789837203,Transport
水杉路真南路,交通设施,公交站,121.344849,31.290553,上海市,上海市,普陀区,121.34026342072472,31.2924352827554,Transport
白丽路水杉路,交通设施,公交站,121.344931,31.289414,上海市,上海市,普陀区,121.34034534414616,31.291296596485896,Transport
白丽路银杏路,交通设施,公交站,121.346724,31.28757,上海市,上海市,普陀区,121.34213470140789,31.28945011542616,Transport
桃浦九村,交通设施,公交站,121.346096,31.288711,上海市,上海市,普陀区,121.34150792812304,31.290591776963392,Transport
桃浦四村,交通设施,公交站,121.347023,31.286786,上海市,上海市,普陀区,121.34243314067292,31.28866590153201,Transport
宏丽口腔门诊,医疗保健,诊所,121.346137,31.288908,上海市,上海市,普陀区,121.34154882431233,31.290788622936816,Medical_Service
雪松路绿杨路,交通设施,公交站,121.353529,31.284513,上海市,上海市,普陀区,121.34892610038764,31.286382565912973,Transport
雪松路武威路,交通设施,公交站,121.354031,31.28278,上海市,上海市,普陀区,121.3494272681591,31.28464944402903,Transport
桃浦六村,交通设施,公交站,121.353724,31.284106,上海市,上海市,普陀区,121.34912075329812,31.2859754077985,Transport
雪松路绿杨路,交通设施,公交站,121.353446,31.284652,上海市,上海市,普陀区,121.3488432513688,31.28652164759167,Transport
公厕,生活服务,公厕,121.354201,31.285766,上海市,上海市,普陀区,121.34959667770477,31.28763393081375,Toilet
红柳路真陈路,交通设施,公交站,121.355017,31.29141,上海市,上海市,普陀区,121.35041060706956,31.29327428261333,Transport
公厕,生活服务,公厕,121.354872,31.289292,上海市,上海市,普陀区,121.35026607062018,31.291157380514004,Toilet
三千里花苑,交通设施,公交站,121.384273,31.276971,上海市,上海市,普陀区,121.379625438202,31.27880490056217,Transport
武威东路,交通设施,地铁,121.39213,31.275628,上海市,上海市,普陀区,121.3874771322618,31.27745775167653,Transport
桃浦西路武威路,交通设施,公交站,121.391347,31.275366,上海市,上海市,普陀区,121.386694563424,31.277196219798743,Transport
武威东路祁顺路站,交通设施,公交站,121.388804,31.27648,上海市,上海市,普陀区,121.38415299683484,31.2783110862506,Transport
同济大学沪西校区医务室,医疗保健,诊所,121.387917,31.273782,上海市,上海市,普陀区,121.38326683887144,31.275614751299003,Medical_Service
同济大学沪西校区原医务楼,医疗保健,诊所,121.390469,31.272939,上海市,上海市,普陀区,121.38581726853924,31.27477067684452,Medical_Service
武威东路地铁站2号口,交通设施,地铁,121.391129,31.275927,上海市,上海市,普陀区,121.38647663344004,31.27775708763728,Transport
武威东路地铁站3号口,交通设施,地铁,121.391805,31.276158,上海市,上海市,普陀区,121.38715225183071,31.277987674007534,Transport
桃浦西路古浪路,交通设施,公交站,121.391804,31.281111,上海市,上海市,普陀区,121.38715081990796,31.28293860373543,Transport
公厕,生活服务,公厕,121.389174,31.27919,上海市,上海市,普陀区,121.3845225182953,31.281019740405867,Toilet
桃浦镇养老院,交通设施,公交站,121.385115,31.279828,上海市,上海市,普陀区,121.38046646959415,31.28166008327033,Transport
公厕,生活服务,公厕,121.384867,31.27937,上海市,上海市,普陀区,121.3802187180716,31.28120245469741,Toilet
桃浦镇第二社区卫生中心,医疗保健,综合医院,121.385122,31.278131,上海市,上海市,普陀区,121.38047361182156,31.27996378707551,Medical_Service
武威东路真北路,交通设施,公交站,121.395161,31.276321,上海市,上海市,普陀区,121.39050677577288,31.278149316482835,Transport
真北路古浪路,交通设施,公交站,121.398948,31.277402,上海市,上海市,普陀区,121.39429270925224,31.279228982619863,Transport
公厕,生活服务,公厕,121.39984,31.276343,上海市,上海市,普陀区,121.39518467909625,31.27817031023528,Toilet
万里街道武威东路社区卫生运营服务站,医疗保健,综合医院,121.399551,31.27614,上海市,上海市,普陀区,121.39489573208472,31.277967429734566,Medical_Service
古浪路真北路,交通设施,公交站,121.399372,31.281439,上海市,上海市,普陀区,121.39471629324272,31.28326423813512,Transport
莲花公寓,交通设施,公交站,121.403336,31.285104,上海市,上海市,普陀区,121.3986798296396,31.286927544076352,Transport
古浪路桃浦西路,交通设施,公交站,121.394228,31.282378,上海市,上海市,普陀区,121.38957359724296,31.28420409953144,Transport
古浪路地铁站2号口,交通设施,地铁,121.392465,31.28358,上海市,上海市,普陀区,121.38781127239274,31.2854062898428,Transport
公厕,生活服务,公厕,121.425916,31.276734,上海市,上海市,静安区,121.42127561184964,31.278573469308103,Toilet
运城路广中西路,交通设施,公交站,121.434498,31.275412,上海市,上海市,静安区,121.42987050673663,31.277262745464014,Transport
广中西路沪太路,交通设施,公交站,121.433438,31.273564,上海市,上海市,静安区,121.42880888529956,31.27541402907748,Transport
广中西路社区卫生运营服务站,医疗保健,综合医院,121.433955,31.274228,上海市,上海市,静安区,121.42932668972576,31.27607847233947,Medical_Service
上海圣保堂中医门诊部-中医针灸科,医疗保健,诊所,121.435111,31.275244,上海市,上海市,静安区,121.4304845778736,31.27709570379302,Medical_Service
彭越浦路,交通设施,地铁,121.439198,31.276607,上海市,上海市,静安区,121.4345789790434,31.2784644503955,Transport
运城路宜川路,交通设施,公交站,121.437147,31.273039,上海市,上海市,静安区,121.43252441309686,31.27489469746445,Transport
广中西路运城路,交通设施,公交站,121.437342,31.275583,上海市,上海市,静安区,121.4327195514004,31.277437924786888,Transport
公厕,生活服务,公厕,121.437308,31.273433,上海市,上海市,静安区,121.43268567565212,31.275288780044555,Toilet
公厕,生活服务,公厕,121.438797,31.272797,上海市,上海市,静安区,121.4341775364783,31.274655408065325,Toilet
大宁灵石公园-公厕,生活服务,公厕,121.441309,31.273442,上海市,上海市,静安区,121.43669445663303,31.275304319581075,Toilet
大宁郁金香公园-公厕,生活服务,公厕,121.440029,31.276469,上海市,上海市,静安区,121.43541161981516,31.2783278779865,Toilet
原平路灵石路,交通设施,公交站,121.433625,31.279982,上海市,上海市,静安区,121.42899563663458,31.2818295939008,Transport
晋城路原平路,交通设施,公交站,121.43195,31.281099,上海市,上海市,静安区,121.42731782265872,31.28294384835678,Transport
灵石路原平路,交通设施,公交站,121.435122,31.279694,上海市,上海市,静安区,121.43049520952688,31.28154385388758,Transport
广中西路共和新路,交通设施,公交站,121.449972,31.279201,上海市,上海市,静安区,121.44537636775132,31.28107723274688,Transport
大宁灵石公园-公厕,生活服务,公厕,121.450855,31.278882,上海市,上海市,静安区,121.44626156121568,31.28076018913814,Toilet
大宁郁金香公园-公厕,生活服务,公厕,121.450113,31.277696,上海市,上海市,静安区,121.44551784192784,31.27957315156793,Toilet
大宁生态公园东门厕所,生活服务,公厕,121.451226,31.278557,上海市,上海市,静安区,121.446633509279,31.280436099369908,Toilet
共和新路永和路,交通设施,公交站,121.450913,31.288355,上海市,上海市,静安区,121.44631888278715,31.29022939794742,Transport
永和路共和新路,交通设施,公交站,121.448701,31.28878,上海市,上海市,静安区,121.44410147764664,31.290649706314657,Transport
汶水路万荣路,交通设施,公交站,121.44261,31.29109,上海市,上海市,静安区,121.43799661769468,31.29294727483467,Transport
永和路万荣路,交通设施,公交站,121.444094,31.288109,上海市,上海市,静安区,121.43948404882693,31.2899701553705,Transport
原平路阳城路,交通设施,公交站,121.432127,31.28524,上海市,上海市,静安区,121.42749474214646,31.28708337173073,Transport
公厕,生活服务,公厕,121.432362,31.283088,上海市,上海市,静安区,121.42773030435824,31.28493257364373,Toilet
彭浦镇社区卫生中心,医疗保健,综合医院,121.432099,31.284352,上海市,上海市,静安区,121.4274667750774,31.286195700017565,Medical_Service
灵石路万荣路,交通设施,公交站,121.441468,31.282692,上海市,上海市,静安区,121.43685297743065,31.28455072003757,Transport
公厕,生活服务,公厕,121.438981,31.285594,上海市,上海市,静安区,121.43436077721384,31.287447362736,Toilet
无障碍公厕,生活服务,公厕,121.439073,31.285549,上海市,上海市,静安区,121.43445295885968,31.287402530645707,Toilet
上海源意中医门诊部,医疗保健,诊所,121.440789,31.282432,上海市,上海市,静安区,121.43617261984808,31.28428966691481,Medical_Service
永和路万荣小区,交通设施,公交站,121.43761,31.287047,上海市,上海市,静安区,121.4329870509649,31.28889758148977,Transport
出租车司机专用公厕,生活服务,公厕,121.438641,31.289355,上海市,上海市,静安区,121.43401979658626,31.29120627565583,Toilet
原平路永和路,交通设施,公交站,121.431972,31.28792,上海市,上海市,静安区,121.42733926297832,31.289762067235813,Transport
永和路原平路,交通设施,公交站,121.433278,31.2868,上海市,上海市,静安区,121.42864746815567,31.288644294488293,Transport
公厕,生活服务,公厕,121.435261,31.288128,上海市,上海市,静安区,121.43063371726136,31.28997457726657,Toilet
公惠医院,医疗保健,综合医院,121.435905,31.28984,上海市,上海市,静安区,121.43127870326742,31.291686833544084,Medical_Service
公惠医院新院,医疗保健,综合医院,121.436506,31.288983,上海市,上海市,静安区,121.43188085583525,31.290831087899704,Medical_Service
永和生态公园-男洗手间,生活服务,公厕,121.431942,31.290369,上海市,上海市,静安区,121.42730900212035,31.29221003037615,Toilet
公厕,生活服务,公厕,121.432512,31.294118,上海市,上海市,静安区,121.42787958368469,31.29595827868271,Toilet
江场三路汶水路,交通设施,公交站,121.437341,31.293566,上海市,上海市,静安区,121.43271698400754,31.295413515688384,Transport
江场三路江场西路,交通设施,公交站,121.437314,31.295582,上海市,上海市,静安区,121.4326897585106,31.297428664546057,Transport
江场西路江场三路,交通设施,公交站,121.437704,31.297346,上海市,上海市,静安区,121.43308032949884,31.29919256901736,Transport
公厕,生活服务,公厕,121.439712,31.299791,上海市,上海市,静安区,121.43509196501152,31.30163983285117,Toilet
出租车司机专用公厕,生活服务,公厕,121.43874,31.300275,上海市,上海市,静安区,121.4341180354927,31.302122054870555,Toilet
汶水路,交通设施,地铁,121.450202,31.292508,上海市,上海市,静安区,121.44560577386508,31.29437924096805,Transport
汶水路共和新路,交通设施,公交站,121.447808,31.292236,上海市,上海市,静安区,121.44320607053048,31.294102530963272,Transport
共和新路汶水路,交通设施,公交站,121.450218,31.293682,上海市,上海市,静安区,121.44562171106628,31.295552800793804,Transport
公厕,生活服务,公厕,121.447219,31.292789,上海市,上海市,静安区,121.44261565202748,31.294654154506727,Toilet
汶水路地铁站3号口,交通设施,地铁,121.449884,31.292072,上海市,上海市,静安区,121.44528703667186,31.29394276472111,Transport
汶水路地铁站4号口,交通设施,地铁,121.449708,31.293103,上海市,上海市,静安区,121.44511052008174,31.294972989246386,Transport
汶水路地铁站1号口,交通设施,地铁,121.450479,31.2933,上海市,上海市,静安区,121.44588338376914,31.29517149284572,Transport
汶水路地铁站2号口,交通设施,地铁,121.450671,31.292276,上海市,上海市,静安区,121.44607594497069,31.29414830336769,Transport
场中路三泉路,交通设施,公交站,121.443429,31.305209,上海市,上海市,静安区,121.43881612754232,31.30706212374724,Transport
公厕,生活服务,公厕,121.445136,31.303573,上海市,上海市,静安区,121.440526992479,31.30542989446874,Toilet
公厕,生活服务,公厕,121.442345,31.304659,上海市,上海市,静安区,121.4377298815715,31.306510409213494,Toilet
无障碍公厕,生活服务,公厕,121.443027,31.304954,上海市,上海市,静安区,121.43841329265804,31.30680650237007,Toilet
上海闸新中西医结合医院,医疗保健,综合医院,121.443503,31.304984,上海市,上海市,静安区,121.4388903057066,31.30683734489458,Medical_Service
上海消防医院,医疗保健,综合医院,121.442858,31.301844,上海市,上海市,静安区,121.4382442051942,31.303697420020352,Medical_Service
闸新医院,医疗保健,综合医院,121.443348,31.304897,上海市,上海市,静安区,121.43873498138822,31.306750099700928,Medical_Service
彭浦镇社区卫生中心2600弄社区卫生服务站,医疗保健,综合医院,121.444519,31.303211,上海市,上海市,静安区,121.4399086629362,31.305066891416544,Medical_Service
公厕,生活服务,公厕,121.4482,31.301144,上海市,上海市,静安区,121.44359821732758,31.303007750269813,Toilet
场中路少年村路,交通设施,公交站,121.432236,31.303779,上海市,上海市,静安区,121.42760229941965,31.30561507543714,Transport
出租车司机专用公厕,生活服务,公厕,121.434177,31.301837,上海市,上海市,静安区,121.4295466587072,31.303676515474336,Toilet
场中路三号桥,交通设施,公交站,121.439144,31.304996,上海市,上海市,静安区,121.4345224032948,31.306841855586743,Transport
海鹰医院,医疗保健,综合医院,121.439026,31.304589,上海市,上海市,静安区,121.43440421040717,31.306434822545608,Medical_Service
三泉路闻喜路,交通设施,公交站,121.441381,31.307271,上海市,上海市,静安区,121.4367636606992,31.309119716520296,Transport
三泉路场中路,交通设施,公交站,121.441426,31.306151,上海市,上海市,静安区,121.43680885027612,31.30800022882901,Transport
彭浦新村街道社区卫生中心,医疗保健,综合医院,121.438641,31.307783,上海市,上海市,静安区,121.43401819191574,31.30962695831928,Medical_Service
上海益康中医诊所,医疗保健,诊所,121.441197,31.307188,上海市,上海市,静安区,121.43657929241172,31.309036432962472,Medical_Service
上海益脉中医诊所,医疗保健,诊所,121.44118,31.307138,上海市,上海市,静安区,121.43656226215155,31.30898642324937,Medical_Service
沪太支路交城路,交通设施,公交站,121.423879,31.294077,上海市,上海市,静安区,121.41923462710054,31.29590727285693,Transport
江场西路沪太支路,交通设施,公交站,121.426245,31.295505,上海市,上海市,静安区,121.4216033940017,31.29733711916924,Transport
上海好望角医院,医疗保健,综合医院,121.422477,31.291885,上海市,上海市,静安区,121.41783124446634,31.293714841134392,Medical_Service
交城路高平路,交通设施,公交站,121.42881,31.293589,上海市,上海市,静安区,121.42417202720976,31.295424791855066,Transport
原平路交城路,交通设施,公交站,121.43153,31.294236,上海市,上海市,静安区,121.42689601874848,31.296074926600703,Transport
高平路交城路站,交通设施,公交站,121.427702,31.292505,上海市,上海市,静安区,121.4230625824883,31.294339938758423,Transport
高平路平遥路,交通设施,公交站,121.427755,31.291689,上海市,上海市,静安区,121.42311572584642,31.2935243289002,Transport
公厕,生活服务,公厕,121.428005,31.295482,上海市,上海市,静安区,121.42336573738068,31.297316089410195,Toilet
无障碍公厕,生活服务,公厕,121.428074,31.295501,上海市,上海市,静安区,121.42343483080695,31.297335161475257,Toilet
彭浦镇社区卫生中心永和小区卫生服务站,医疗保健,综合医院,121.430385,31.294769,上海市,上海市,静安区,121.42574922183309,31.296606244177628,Medical_Service
中医,医疗保健,诊所,121.427445,31.29188,上海市,上海市,静安区,121.42280528910707,31.293714899737815,Medical_Service
江场西路原平路,交通设施,公交站,121.431528,31.296931,上海市,上海市,静安区,121.42689378065228,31.298768845183076,Transport
江场西路高平路,交通设施,公交站,121.429524,31.296369,上海市,上海市,静安区,121.42488681040784,31.29820453709681,Transport
彭浦镇第二社区卫生中心,医疗保健,综合医院,121.427271,31.297285,上海市,上海市,静安区,121.4226305839393,31.299117534709588,Medical_Service
彭博镇第二社区卫生中心,医疗保健,综合医院,121.427436,31.297166,上海市,上海市,静安区,121.42279581580304,31.29899876765491,Medical_Service
少年村路,交通设施,公交站,121.426743,31.303171,上海市,上海市,静安区,121.42210137106412,31.30500062239646,Transport
广延路延长路,交通设施,公交站,121.456784,31.273253,上海市,上海市,静安区,121.45220642754435,31.275146505045957,Transport
平型关路民晏路,交通设施,公交站,121.460917,31.274927,上海市,上海市,静安区,121.4563508148327,31.276829506641405,Transport
大宁地段医院,医疗保健,综合医院,121.457009,31.273644,上海市,上海市,静安区,121.45243200493093,31.27553785410668,Medical_Service
出租车司机专用公厕,生活服务,公厕,121.45931,31.274338,上海市,上海市,静安区,121.45473930640728,31.27623691672158,Toilet
凯诺普谛中医诊所,医疗保健,诊所,121.460487,31.27529,上海市,上海市,静安区,121.45591955426951,31.27719131868179,Medical_Service
大宁社区卫生中心-预防接种门诊,医疗保健,诊所,121.456777,31.273714,上海市,上海市,静安区,121.45219936865072,31.275607293856847,Medical_Service
平型关路广中路,交通设施,公交站,121.459062,31.278126,上海市,上海市,静安区,121.45449028349002,31.280022738085247,Transport
广中路平型关路,交通设施,公交站,121.456874,31.279308,上海市,上海市,静安区,121.45229614758205,31.281199164163308,Transport
公共厕所,生活服务,公厕,121.458595,31.278774,上海市,上海市,静安区,121.45402192446628,31.28066937003301,Toilet
复旦大学附属中山医院南院,医疗保健,综合医院,121.470149,31.273005,上海市,上海市,虹口区,121.46561086783775,31.27493179297289,Medical_Service
上海公卫中心中山医院南院康复随访门诊,医疗保健,综合医院,121.470752,31.273503,上海市,上海市,虹口区,121.46621573803463,31.275431191787387,Medical_Service
公共卫生临床中心复旦大学附属中山医院南院,医疗保健,综合医院,121.469946,31.272924,上海市,上海市,虹口区,121.46540723310297,31.2748502873146,Medical_Service
上海公卫中心中山医院南院行政楼,医疗保健,综合医院,121.470177,31.273932,上海市,上海市,虹口区,121.46563887656572,31.275858474976523,Medical_Service
复旦大学附属中山医院南院急诊,医疗保健,综合医院,121.470175,31.27296,上海市,上海市,虹口区,121.46563695399055,31.27488688128514,Medical_Service
上海公卫中心中山医院南院一次性库房供应室,医疗保健,综合医院,121.470041,31.27349,上海市,上海市,虹口区,121.4655024844928,31.27541630006681,Medical_Service
复旦大学附属公共卫生临床中心-住院部,医疗保健,综合医院,121.470449,31.273418,上海市,上海市,虹口区,121.46591178275686,31.27534541779916,Medical_Service
公共卫生临床中心复旦大学附属中山医院南院-行政楼,医疗保健,综合医院,121.470392,31.273812,上海市,上海市,虹口区,121.46585456801638,31.27573909887944,Medical_Service
复旦大学附属公共卫生临床中心门诊,医疗保健,诊所,121.470338,31.273233,上海市,上海市,虹口区,121.46580044671096,31.27516019998308,Medical_Service
上海公卫中心中山医院南院,医疗保健,综合医院,121.470295,31.273463,上海市,上海市,虹口区,121.46575729063296,31.275389987896727,Medical_Service
伍琼中医诊所,医疗保健,诊所,121.466665,31.273053,上海市,上海市,虹口区,121.46211601938565,31.27497064604214,Medical_Service
上海公卫中心中山医院南院医技楼,医疗保健,综合医院,121.470894,31.27369,上海市,上海市,虹口区,121.46635817393462,31.2756184929599,Medical_Service
广中路,交通设施,地铁,121.46916,31.279952,上海市,上海市,虹口区,121.46461815379529,31.281873251129397,Transport
广中路广粤路,交通设施,公交站,121.46666,31.280178,上海市,上海市,虹口区,121.46211038927828,31.282092638991248,Transport
凉城路广灵二路,交通设施,公交站,121.469511,31.282004,上海市,上海市,虹口区,121.46497007929052,31.283925325693485,Transport
广中街道社区卫生中心,医疗保健,综合医院,121.467877,31.278002,上海市,上海市,虹口区,121.46333132350355,31.27992070098075,Medical_Service
株洲路广中路,交通设施,公交站,121.465424,31.278384,上海市,上海市,虹口区,121.46087078678217,31.28029622548872,Transport
广粤路广中路,交通设施,公交站,121.465245,31.281476,上海市,上海市,虹口区,121.46069097973272,31.28338648210102,Transport
公共厕所,生活服务,公厕,121.461627,31.278622,上海市,上海市,静安区,121.45706253944935,31.28052467534228,Toilet
广灵四路,交通设施,地铁,121.465849,31.285973,上海市,上海市,虹口区,121.46129641805656,31.287883162827544,Transport
凉城路广灵四路,交通设施,公交站,121.469866,31.284059,上海市,上海市,虹口区,121.4653260207724,31.285980417014205,Transport
广灵四路广粤路,交通设施,公交站,121.467857,31.286639,上海市,上海市,虹口区,121.46331051645414,31.28855407027529,Transport
雪合艾灸店广灵店,医疗保健,诊所,121.469215,31.286756,上海市,上海市,虹口区,121.46467273958994,31.28867458447721,Medical_Service
上海天伦医院,医疗保健,综合医院,121.470683,31.290755,上海市,上海市,虹口区,121.46614503184784,31.29267585594832,Medical_Service
广粤路汶水东路,交通设施,公交站,121.466886,31.29109,上海市,上海市,虹口区,121.4623361397164,31.29300073826619,Transport
公厕,生活服务,公厕,121.470804,31.288262,上海市,上海市,虹口区,121.46626663170068,31.290184193970237,Toilet
凉城路汶水东路,交通设施,公交站,121.470877,31.289854,上海市,上海市,虹口区,121.4663397269208,31.291775741135925,Transport
上海天伦医院门诊,医疗保健,综合医院,121.470793,31.290903,上海市,上海市,虹口区,121.46625536903692,31.29282409035436,Medical_Service
广粤社区家庭医生诊所,医疗保健,诊所,121.470115,31.288971,上海市,上海市,虹口区,121.46557538411317,31.29089106534584,Medical_Service
上海天伦医院结石病门诊,医疗保健,综合医院,121.470897,31.290783,上海市,上海市,虹口区,121.46635971055277,31.29270441760918,Medical_Service
凉城新村街道社区卫生中心广粤社区卫生服务站,医疗保健,综合医院,121.470018,31.289028,上海市,上海市,虹口区,121.4654780724633,31.290947784055334,Medical_Service
上海康平医院,医疗保健,综合医院,121.465459,31.286811,上海市,上海市,虹口区,121.46090516487033,31.288719825361216,Medical_Service
广粤路广灵四路,交通设施,公交站,121.46601,31.287233,上海市,上海市,虹口区,121.46145779815706,31.28914305786916,Transport
彭江路共和新路,交通设施,公交站,121.452995,31.285471,上海市,上海市,静安区,121.44840637539116,31.287350991927973,Transport
灵石路平型关路,交通设施,公交站,121.455826,31.28325,上海市,上海市,静安区,121.45124498120958,31.285137148310767,Transport
共和新路灵石路,交通设施,公交站,121.452053,31.282413,上海市,上海市,静安区,121.44746224626934,31.284292238176704,Transport
共和新路彭江路,交通设施,公交站,121.451725,31.284526,上海市,上海市,静安区,121.44713323799088,31.286403670756098,Transport
灵石路北宝兴路,交通设施,公交站,121.460509,31.284144,上海市,上海市,静安区,121.4559408512614,31.286041679159094,Transport
平型关路彭江路,交通设施,公交站,121.457745,31.286085,上海市,上海市,静安区,121.45316894099516,31.28797536281619,Transport
平型关路灵石路,交通设施,公交站,121.457653,31.282428,上海市,上海市,静安区,121.4530770048305,31.284319657801596,Transport
上海彭江医院,医疗保健,综合医院,121.460027,31.284832,上海市,上海市,静安区,121.45545742134438,31.286728242009943,Medical_Service
公厕,生活服务,公厕,121.457811,31.284885,上海市,上海市,静安区,121.453235226439,31.28677600887581,Toilet
慧芝湖社区卫生运营服务站,医疗保健,综合医院,121.457848,31.282378,上海市,上海市,静安区,121.4532725453257,31.28427012990312,Medical_Service
永和东路平型关路,交通设施,公交站,121.457804,31.290871,上海市,上海市,静安区,121.45322768886024,31.292759547359942,Transport
永和东路共和新路,交通设施,公交站,121.452863,31.289516,上海市,上海市,静安区,121.4482736868834,31.29139405361278,Transport
水电路同心路,交通设施,公交站,121.472317,31.273203,上海市,上海市,虹口区,121.4677857762612,31.275135536210996,Transport
水电路花园路,交通设施,公交站,121.4747,31.274883,上海市,上海市,虹口区,121.47017638887664,31.27682135124124,Transport
公厕,生活服务,公厕,121.476246,31.274108,上海市,上海市,虹口区,121.47172756396756,31.276050974997723,Toilet
公共卫生临床中心,医疗保健,综合医院,121.471418,31.272816,上海市,上海市,虹口区,121.46688392205137,31.27474627081367,Medical_Service
公厕,生活服务,公厕,121.476716,31.278629,上海市,上海市,虹口区,121.472198739588,31.280571389324663,Toilet
广中路街道社区卫生中心,医疗保健,综合医院,121.478785,31.280981,上海市,上海市,虹口区,121.47427448295706,31.282928248075443,Medical_Service
上海中医药大学附属广中街道社区卫生中心,医疗保健,综合医院,121.47894,31.281017,上海市,上海市,虹口区,121.47443000393528,31.282964673654604,Medical_Service
广中社区卫生中心-预防接种门诊,医疗保健,诊所,121.478819,31.28118,上海市,上海市,虹口区,121.47430858077666,31.28312726196279,Medical_Service
广中路街道社区卫生中心健康管理驿站,医疗保健,综合医院,121.478979,31.281159,上海市,上海市,虹口区,121.47446912368048,31.283106725546823,Medical_Service
广中路水电路,交通设施,公交站,121.472148,31.278934,上海市,上海市,虹口区,121.4676157382682,31.280863666474293,Transport
水电路广中路,交通设施,公交站,121.475559,31.279376,上海市,上海市,虹口区,121.47103783378591,31.28131484674809,Transport
欧阳路大连西路,交通设施,公交站,121.486135,31.275099,上海市,上海市,虹口区,121.48165033625362,31.27707000935885,Transport
大连西路东体育会路,交通设施,公交站,121.483277,31.275076,上海市,上海市,虹口区,121.4787823692866,31.277038645896585,Transport
鲁迅公园公厕,生活服务,公厕,121.483321,31.273841,上海市,上海市,虹口区,121.4788266276312,31.275804295752952,Toilet
公厕,生活服务,公厕,121.481235,31.274752,上海市,上海市,虹口区,121.4767333583466,31.276708868243777,Toilet
都市医院,医疗保健,综合医院,121.481788,31.274624,上海市,上海市,虹口区,121.47728826804315,31.276582517898547,Medical_Service
上海都市医院党支部,医疗保健,综合医院,121.481847,31.274721,上海市,上海市,虹口区,121.4773474626332,31.276679647450187,Medical_Service
上海都市医院,医疗保健,综合医院,121.48171,31.274732,上海市,上海市,虹口区,121.47720999062297,31.276690246955635,Medical_Service
模范家庭医生诊所社区药店,医疗保健,诊所,121.481559,31.273844,上海市,上海市,虹口区,121.47705854799646,31.275802186292303,Medical_Service
曲阳路大连西路,交通设施,公交站,121.490513,31.277233,上海市,上海市,虹口区,121.48604364454962,31.27921611389873,Transport
大连西路曲阳路,交通设施,公交站,121.487885,31.276667,上海市,上海市,虹口区,121.48340636553344,31.27864252391552,Transport
曲阳路地铁站1号口,交通设施,地铁,121.490831,31.276819,上海市,上海市,虹口区,121.48636281371908,31.278803238914517,Transport
曲阳路地铁站6号口,交通设施,地铁,121.490224,31.276989,上海市,上海市,虹口区,121.48575363590852,31.27897135256256,Transport
曲阳路地铁站4号口,交通设施,地铁,121.490809,31.276209,上海市,上海市,虹口区,121.48634078737858,31.278193429512875,Transport
曲阳路地铁站5号口,交通设施,地铁,121.489971,31.276162,上海市,上海市,虹口区,121.48549980607211,31.278143944558707,Transport
赤峰路,交通设施,地铁,121.482423,31.28123,上海市,上海市,虹口区,121.47792488866682,31.283187588471584,Transport
赤峰路地铁站,交通设施,公交站,121.482195,31.280264,上海市,上海市,虹口区,121.4776961853184,31.282221329742573,Transport
玉田路中山北一路,交通设施,公交站,121.484762,31.280124,上海市,上海市,虹口区,121.4802721005796,31.282088867260097,Transport
公厕,生活服务,公厕,121.482464,31.280945,上海市,上海市,虹口区,121.47796605459172,31.28290282579733,Toilet
公厕,生活服务,公厕,121.482744,31.27945,上海市,上海市,虹口区,121.47824714979794,31.281409260991943,Toilet
女洗手间,生活服务,公厕,121.482388,31.280672,上海市,上海市,虹口区,121.47788981577882,31.28262971902372,Toilet
KFC,生活服务,公厕,121.482434,31.281642,上海市,上海市,虹口区,121.47793589128186,31.28359944926637,Toilet
KFC,生活服务,公厕,121.482601,31.28149,上海市,上海市,虹口区,121.47810348081003,31.28344799671822,Toilet
骨康磁透带,医疗保健,诊所,121.482583,31.280711,上海市,上海市,虹口区,121.4780854854645,31.28266926826629,Medical_Service
赤峰路地铁站3号口,交通设施,地铁,121.482445,31.280554,上海市,上海市,虹口区,121.47794702256222,31.282511933361157,Transport
赤峰路地铁站4号口,交通设施,地铁,121.482335,31.280927,上海市,上海市,虹口区,121.47783661109622,31.28288445936333,Transport
赤峰路地铁站1号口,交通设施,地铁,121.482454,31.281967,上海市,上海市,虹口区,121.47795593241914,31.2839243724104,Transport
上海建工医院,医疗保健,综合医院,121.484554,31.284756,上海市,上海市,虹口区,121.48006297813048,31.286718339215334,Medical_Service
上农新村,交通设施,公交站,121.483098,31.282927,上海市,上海市,虹口区,121.47860207613824,31.284885844924908,Transport
上农新村公交车站,交通设施,公交站,121.483158,31.282938,上海市,上海市,虹口区,121.47866228295943,31.284897014912094,Transport
赤峰路中山北一路,交通设施,公交站,121.485196,31.282424,上海市,上海市,虹口区,121.48070741940688,31.284389184832985,Transport
公厕,生活服务,公厕,121.482776,31.284277,上海市,上海市,虹口区,121.47827884640678,31.2862343515213,Toilet
上海建工医院肠道门诊,医疗保健,综合医院,121.484128,31.284795,上海市,上海市,虹口区,121.47963549105285,31.286756076977767,Medical_Service
发热门诊,医疗保健,诊所,121.484126,31.285281,上海市,上海市,虹口区,121.47963344243016,31.287241871132608,Medical_Service
上海建工医院检验室,医疗保健,综合医院,121.484067,31.28475,上海市,上海市,虹口区,121.4795742826905,31.28671091725948,Medical_Service
上海建工医院8号楼,医疗保健,综合医院,121.485255,31.28526,上海市,上海市,虹口区,121.48076638271311,31.287224187457053,Medical_Service
上海建工医院9号楼,医疗保健,综合医院,121.485379,31.285059,上海市,上海市,虹口区,121.48089083371012,31.287023634409163,Medical_Service
上海建工医院10号楼,医疗保健,综合医院,121.485014,31.284848,上海市,上海市,虹口区,121.4805245756276,31.286811649578706,Medical_Service
上海建工医院-皮肤科,医疗保健,综合医院,121.484419,31.283912,上海市,上海市,虹口区,121.47992757996184,31.2858742919926,Medical_Service
上海建工医院6号楼,医疗保健,综合医院,121.485035,31.285347,上海市,上海市,虹口区,121.48054560623332,31.287310505873023,Medical_Service
上海建工医院5号楼,医疗保健,综合医院,121.484399,31.285333,上海市,上海市,虹口区,121.47990738847822,31.28729464807661,Medical_Service
上海建工医院住院部,医疗保健,综合医院,121.484455,31.28533,上海市,上海市,虹口区,121.47996358385888,31.287291813189658,Medical_Service
上海建工医院门诊,医疗保健,综合医院,121.483701,31.284397,上海市,上海市,虹口区,121.47920704091796,31.286356994240588,Medical_Service
上海建工医院急诊,医疗保健,综合医院,121.483498,31.284161,上海市,上海市,虹口区,121.47900335658504,31.286120499709465,Medical_Service
中山北二路,交通设施,公交站,121.490896,31.283925,上海市,上海市,虹口区,121.48642743825556,31.28590647457876,Transport
东体育会路赤峰路,交通设施,公交站,121.488296,31.284858,上海市,上海市,虹口区,121.48381811806205,31.28683133659976,Transport
东体育会路中山北二路,交通设施,公交站,121.488145,31.284396,上海市,上海市,虹口区,121.4836666233423,31.28636907852009,Transport
公厕,生活服务,公厕,121.488853,31.285522,上海市,上海市,虹口区,121.48437703439755,31.287496719401705,Toilet
精武公园-公厕,生活服务,公厕,121.486597,31.286335,上海市,上海市,虹口区,121.4821129972492,31.28830269785136,Toilet
上海赤峰医院,医疗保健,综合医院,121.486497,31.282227,上海市,上海市,虹口区,121.48201299744726,31.2841960964504,Medical_Service
大柏树,交通设施,地铁,121.483263,31.289416,上海市,上海市,虹口区,121.47876709112892,31.29137266239424,Transport
新华一村,交通设施,公交站,121.484641,31.288176,上海市,上海市,虹口区,121.48014998836103,31.29013719171732,Transport
汶水东路广纪路,交通设施,公交站,121.482366,31.290197,上海市,上海市,虹口区,121.4778669227254,31.2921507395615,Transport
中山北一路新华一村,交通设施,公交站,121.485939,31.289289,上海市,上海市,虹口区,121.48145243316677,31.291253550497306,Transport
公厕,生活服务,公厕,121.482145,31.290889,上海市,上海市,虹口区,121.47764510140688,31.292841818678813,Toilet
男洗手间,生活服务,公厕,121.483342,31.289574,上海市,上海市,虹口区,121.4788463513877,31.29153082811364,Toilet
女洗手间,生活服务,公厕,121.483295,31.289535,上海市,上海市,虹口区,121.47879919181987,31.291491707132348,Toilet
兰公馆连锁医疗护理员门诊,医疗保健,诊所,121.484346,31.2879,上海市,上海市,虹口区,121.4798539837981,31.289860440884127,Medical_Service
对外门诊,医疗保健,诊所,121.484376,31.288155,上海市,上海市,虹口区,121.4798840664389,31.290115424513036,Medical_Service
大柏树地铁站2号口,交通设施,地铁,121.483243,31.289107,上海市,上海市,虹口区,121.47874704833043,31.291063729968307,Transport
大柏树地铁站3号口,交通设施,地铁,121.48309,31.289099,上海市,上海市,虹口区,121.47859351908264,31.291055288073363,Transport
大柏树地铁站1号口,交通设施,地铁,121.483251,31.290095,上海市,上海市,虹口区,121.47875499130627,31.292051351411573,Transport
水电路广灵二路,交通设施,公交站,121.476067,31.282327,上海市,上海市,虹口区,121.47154726285044,31.284266034695285,Transport
女洗手间,生活服务,公厕,121.475161,31.283153,上海市,上海市,虹口区,121.47063819473615,31.2850891724334,Toilet
上海德厚堂中医门诊部,医疗保健,诊所,121.471774,31.286594,上海市,上海市,虹口区,121.46723987610196,31.28851948469033,Medical_Service
广灵四路凉城路,交通设施,公交站,121.471609,31.287313,上海市,上海市,虹口区,121.46707428489272,31.289237745022422,Transport
广灵四路水电路,交通设施,公交站,121.47459,31.286834,上海市,上海市,虹口区,121.47006499928918,31.288767077515782,Transport
公厕,生活服务,公厕,121.475726,31.289505,上海市,上海市,虹口区,121.4712045150435,31.29144013697957,Toilet
汶二社区家庭医生诊所,医疗保健,诊所,121.47421,31.287121,上海市,上海市,虹口区,121.46968372876474,31.28905291223228,Medical_Service
上海海康门诊部,医疗保健,诊所,121.475987,31.289646,上海市,上海市,虹口区,121.47146636788216,31.291581806948468,Medical_Service
水电路车站北路,交通设施,公交站,121.476439,31.295645,上海市,上海市,虹口区,121.47191935359687,31.29757964916279,Transport
水电路汶水东路,交通设施,公交站,121.476704,31.293306,上海市,上海市,虹口区,121.47218543750806,31.295242330490577,Transport
新市南路车站北路,交通设施,公交站,121.480972,31.295802,上海市,上海市,虹口区,121.47646765042506,31.297749454679806,Transport
公厕,生活服务,公厕,121.476936,31.291524,上海市,上海市,虹口区,121.47241836486576,31.29346170075152,Toilet
凉城新村,交通设施,公交站,121.474348,31.297149,上海市,上海市,虹口区,121.46982131747204,31.29907724090374,Transport
凉城新村街道社区卫生中心,医疗保健,综合医院,121.471623,31.298964,上海市,上海市,虹口区,121.46708732565104,31.30088408807592,Medical_Service
公厕,生活服务,公厕,121.475405,31.297301,上海市,上海市,虹口区,121.47088178255288,31.299232105058223,Toilet
凉城地段医院,医疗保健,综合医院,121.471739,31.298981,上海市,上海市,虹口区,121.4672036962836,31.30090139431929,Medical_Service
纪念路逸仙路,交通设施,公交站,121.489438,31.298417,上海市,上海市,杨浦区,121.484963007411,31.30038824944244,Transport
纪念路吉浦路,交通设施,公交站,121.490928,31.298838,上海市,上海市,杨浦区,121.48645827734406,31.3008135331436,Transport
逸仙路纪念路,交通设施,公交站,121.487926,31.298607,上海市,上海市,杨浦区,121.48344563237418,31.30057367740554,Transport
上海宝隆酒店-洗手间,生活服务,公厕,121.487682,31.296749,上海市,上海市,虹口区,121.48320092934644,31.298715693569616,Toilet
出租车司机专用公厕,生活服务,公厕,121.490032,31.296503,上海市,上海市,杨浦区,121.48555928360096,31.298476784092728,Toilet
枫璟口腔门诊部,医疗保健,诊所,121.489018,31.298454,上海市,上海市,杨浦区,121.48454151298044,31.3004239835513,Medical_Service
上海粤海豪华酒店-洗手间,生活服务,公厕,121.486893,31.299735,上海市,上海市,虹口区,121.4824088910734,31.3016981711358,Toilet
公厕,生活服务,公厕,121.481693,31.297196,上海市,上海市,虹口区,121.47719100440136,31.299144976289703,Toilet
江湾镇街道社区卫生中心,医疗保健,综合医院,121.481383,31.300489,上海市,上海市,虹口区,121.47687965685436,31.302435774831228,Medical_Service
仁德路逸仙路,交通设施,公交站,121.48793,31.304104,上海市,上海市,杨浦区,121.48344917573624,31.306068522559787,Transport
公厕,生活服务,公厕,121.49009,31.304128,上海市,上海市,杨浦区,121.4856168376665,31.306098943237096,Toilet
出租车司机专用公厕,生活服务,公厕,121.486548,31.305332,上海市,上海市,杨浦区,121.48206219737072,31.307291953062688,Toilet
吉浦路政立路,交通设施,公交站,121.490172,31.309197,上海市,上海市,杨浦区,121.48569869585644,31.311166219343317,Transport
政立路逸仙路,交通设施,公交站,121.488854,31.308121,上海市,上海市,杨浦区,121.48437610358812,31.310086705315825,Transport
吉浦路仁德路,交通设施,公交站,121.490304,31.305874,上海市,上海市,杨浦区,121.48583145042096,31.30784490121526,Transport
五角场街道社区卫生中心仁德社区卫生服务站,医疗保健,综合医院,121.488224,31.306418,上海市,上海市,杨浦区,121.4837440174459,31.30838249289121,Medical_Service
江湾镇,交通设施,地铁,121.485095,31.305517,上海市,上海市,虹口区,121.48060408679764,31.30747260399448,Transport
公厕,生活服务,公厕,121.485017,31.305995,上海市,上海市,虹口区,121.48052577319916,31.30795018898847,Toilet
男洗手间,生活服务,公厕,121.485198,31.305981,上海市,上海市,虹口区,121.48070740712772,31.307936725669386,Toilet
洗手间,生活服务,公厕,121.485091,31.305601,上海市,上海市,虹口区,121.48060006561197,31.30755655952878,Toilet
公厕,生活服务,公厕,121.483255,31.307145,上海市,上海市,虹口区,121.4787575422433,31.309094592783865,Toilet
公厕,生活服务,公厕,121.481684,31.306947,上海市,上海市,虹口区,121.47718113615876,31.308892114503333,Toilet
江湾镇地铁站1号口,交通设施,地铁,121.485132,31.306178,上海市,上海市,虹口区,121.48064115945664,31.30813345527359,Transport
江湾镇地铁站2号口,交通设施,地铁,121.485594,31.306107,上海市,上海市,杨浦区,121.48110478236916,31.308063840299432,Transport
江湾镇地铁站7号口,交通设施,地铁,121.484975,31.305791,上海市,上海市,虹口区,121.48048364394607,31.30774614518126,Transport
江湾镇地铁站3号口,交通设施,地铁,121.485146,31.305794,上海市,上海市,虹口区,121.48065524133484,31.307749645796925,Transport
丰镇路华严路,交通设施,公交站,121.474004,31.304436,上海市,上海市,虹口区,121.46947556387128,31.30636041746564,Transport
公厕,生活服务,公厕,121.474313,31.3008,上海市,上海市,虹口区,121.46978588837705,31.30272669604962,Toilet
宝鸿社区家庭医生诊所,医疗保健,诊所,121.475862,31.304136,上海市,上海市,虹口区,121.47133970650586,31.30606567786415,Medical_Service
丰镇新村,交通设施,公交站,121.481258,31.306586,上海市,上海市,虹口区,121.47675370434118,31.308530025785554,Transport
江湾医院,交通设施,公交站,121.478974,31.307628,上海市,上海市,虹口区,121.47446183204708,31.30956508221505,Transport
新市北路场中路,交通设施,公交站,121.481254,31.306737,上海市,上海市,虹口区,121.47674967765128,31.30868095561248,Transport
公厕,生活服务,公厕,121.478768,31.308156,上海市,上海市,虹口区,121.47425508991128,31.310092292333117,Toilet
出租车司机专用公厕,生活服务,公厕,121.480758,31.30662,上海市,上海市,虹口区,121.47625198887242,31.308562573802465,Toilet
水电路场中路,交通设施,公交站,121.476189,31.306494,上海市,上海市,虹口区,121.47166758871953,31.308423670902208,Transport
场中路沽源支路,交通设施,公交站,121.47376,31.306639,上海市,上海市,虹口区,121.46923057717396,31.308561889032674,Transport
场中社区家庭医生诊所,医疗保健,诊所,121.471827,31.309251,上海市,上海市,虹口区,121.46729109341652,31.31116761491658,Medical_Service
上海胜似家医疗护理员门诊,医疗保健,诊所,121.471914,31.309412,上海市,上海市,虹口区,121.4673783590862,31.311328787970545,Medical_Service
上海吉康门诊部,医疗保健,诊所,121.471735,31.305431,上海市,上海市,虹口区,121.46719912740164,31.307348847253063,Medical_Service
公厕,生活服务,公厕,121.45247,31.291938,上海市,上海市,静安区,121.44787947551715,31.293814228667163,Toilet
汶水路粤秀路,交通设施,公交站,121.46155,31.294389,上海市,上海市,静安区,121.45698395343383,31.296285024589828,Transport
凉城路车站北路,交通设施,公交站,121.471141,31.295991,上海市,上海市,虹口区,121.46660403978994,31.297910975053284,Transport
汶水东路凉城路,交通设施,公交站,121.468827,31.292111,上海市,上海市,虹口区,121.46428306254867,31.29402638320486,Transport
公厕,生活服务,公厕,121.467499,31.293719,上海市,上海市,虹口区,121.46295079870464,31.295630263871956,Toilet
公厕,生活服务,公厕,121.470899,31.295492,上海市,上海市,虹口区,121.46636131097657,31.297411525459488,Toilet
中国人民解放军第四一一医院制剂中心,医疗保健,综合医院,121.466414,31.291685,上海市,上海市,虹口区,121.46186264421485,31.293594282113023,Medical_Service
凉城路奎照路,交通设施,公交站,121.471124,31.299707,上海市,上海市,虹口区,121.46658666514358,31.301625450731933,Transport
广粤路奎照路,交通设施,公交站,121.467308,31.299252,上海市,上海市,虹口区,121.46275873214738,31.30116055860528,Transport
奎照路凉城路,交通设施,公交站,121.469526,31.300214,上海市,上海市,虹口区,121.46498355596582,31.30212798891153,Transport
车站北路凉城路,交通设施,公交站,121.470019,31.297157,上海市,上海市,虹口区,121.46547837461802,31.29907351075347,Transport
广粤路车站北路,交通设施,公交站,121.467326,31.296285,上海市,上海市,虹口区,121.46277704375828,31.29819478613184,Transport
公厕,生活服务,公厕,121.471387,31.297823,上海市,上海市,虹口区,121.46685066812545,31.29974290561496,Toilet
雷允上北区诵芬堂北号中医门诊部,医疗保健,诊所,121.470969,31.296492,上海市,上海市,虹口区,121.46643144785185,31.29841131321867,Medical_Service
上海中医药大学附属凉城新村街道社区卫生中心儿科门诊,医疗保健,诊所,121.471342,31.299231,上海市,上海市,虹口区,121.46680540278668,31.3011502252769,Medical_Service
奎照路广粤路,交通设施,公交站,121.465223,31.299822,上海市,上海市,虹口区,121.46066732872018,31.301724985879478,Transport
江场路平型关路,交通设施,公交站,121.462146,31.299928,上海市,上海市,静安区,121.45758120264613,31.301823271201997,Transport
广粤路万安路,交通设施,公交站,121.467545,31.301447,上海市,上海市,虹口区,121.462996273549,31.30335530609749,Transport
广粤路丰镇路,交通设施,公交站,121.467713,31.303267,上海市,上海市,虹口区,121.4631646355852,31.3051750275672,Transport
凉城路丰镇路,交通设施,公交站,121.471108,31.302801,上海市,上海市,虹口区,121.46657034728524,31.30471818795488,Transport
上海海江医院-外科,医疗保健,综合医院,121.469886,31.304682,上海市,上海市,虹口区,121.46534430530198,31.30659518784744,Medical_Service
上海海江老年医院,医疗保健,综合医院,121.469935,31.304524,上海市,上海市,虹口区,121.4653934736874,31.306437379747724,Medical_Service
上海海江医院-消化内科,医疗保健,综合医院,121.469713,31.304702,上海市,上海市,虹口区,121.46517075775408,31.3066147208759,Medical_Service
胜利社区家庭医生诊所,医疗保健,诊所,121.470857,31.302798,上海市,上海市,虹口区,121.4663185472114,31.304714515924022,Medical_Service
公厕,生活服务,公厕,121.47062,31.305963,上海市,上海市,虹口区,121.46608052015128,31.307877644534003,Toilet
上海精神卫生中心医院住院部,医疗保健,综合医院,121.469292,31.306167,上海市,上海市,虹口区,121.46474830668382,31.30807803559012,Medical_Service
闻喜路阳泉路,交通设施,公交站,121.462342,31.308335,上海市,上海市,静安区,121.4577770464759,31.310227463753527,Transport
场中路江杨南路,交通设施,公交站,121.46607,31.30621,上海市,上海市,静安区,121.46151634148404,31.30811263781751,Transport
公厕,生活服务,公厕,121.463052,31.308444,上海市,上海市,静安区,121.4584891171886,31.31033817217789,Toilet
临汾路街道社区卫生中心思美卫生服务站,医疗保健,综合医院,121.464859,31.306573,上海市,上海市,静安区,121.46030165021826,31.30847241707106,Medical_Service
思美社区卫生运营服务站,医疗保健,综合医院,121.464836,31.306547,上海市,上海市,静安区,121.46027858341644,31.30844636906744,Medical_Service
泽仁堂中医门诊部,医疗保健,诊所,121.451896,31.305002,上海市,上海市,静安区,121.44730289087678,31.30687181816015,Medical_Service
青艾诊所,医疗保健,诊所,121.452105,31.30429,上海市,上海市,静安区,121.44751247945904,31.30616053958014,Medical_Service
牙防所彭浦门诊部,医疗保健,诊所,121.45319,31.304942,上海市,上海市,静安区,121.44860018676862,31.30681461110077,Medical_Service
平型关路江场路,交通设施,公交站,121.460611,31.302035,上海市,上海市,静安区,121.4560415943262,31.303925714736653,Transport
闻喜路阳曲路,交通设施,公交站,121.458866,31.308465,上海市,上海市,静安区,121.45429110903652,31.31034905956924,Transport
场中路阳曲路,交通设施,公交站,121.460952,31.305786,上海市,上海市,静安区,121.45638324568635,31.307676068214658,Transport
阳曲路场中路,交通设施,公交站,121.460057,31.307115,上海市,上海市,静安区,121.45548557779844,31.30900240322966,Transport
场中路岭南路,交通设施,公交站,121.456628,31.30553,上海市,上海市,静安区,121.45204720889156,31.307410018368127,Transport
公厕,生活服务,公厕,121.4602,31.308048,上海市,上海市,静安区,121.4556289029574,31.30993538347468,Toilet
临汾路安业路,交通设施,公交站,121.457986,31.310808,上海市,上海市,静安区,121.45340846328725,31.31268910136487,Transport
阳曲路临汾路,交通设施,公交站,121.459951,31.311596,上海市,上海市,静安区,121.45537888933384,31.313481423327566,Transport
汾西路阳曲路,交通设施,公交站,121.458158,31.313517,上海市,上海市,静安区,121.45358070369576,31.31539746553913,Transport
公厕,生活服务,公厕,121.460597,31.31341,上海市,上海市,静安区,121.45602656958572,31.31529627672209,Toilet
临汾路街道社区卫生中心,医疗保健,综合医院,121.458307,31.310674,上海市,上海市,静安区,121.45373036258373,31.31255589990437,Medical_Service
无障碍公厕,生活服务,公厕,121.460352,31.313313,上海市,上海市,静安区,121.45578087937515,31.315198725752524,Toilet
公厕,生活服务,公厕,121.457276,31.313736,上海市,上海市,静安区,121.45269625996389,31.315614341489784,Toilet
太乙堂中医门诊部,医疗保健,诊所,121.457413,31.311408,上海市,上海市,静安区,121.4528338364395,31.313287545840016,Medical_Service
太乙堂中医,医疗保健,诊所,121.457393,31.311358,上海市,上海市,静安区,121.45281378603076,31.313237518926904,Medical_Service
临汾社区卫生中心-预防接种门诊,医疗保健,诊所,121.458323,31.310658,上海市,上海市,静安区,121.45374640831773,31.31253994337208,Medical_Service
临汾路阳泉路,交通设施,公交站,121.462134,31.310779,上海市,上海市,静安区,121.4575682289014,31.31267001226087,Transport
汾西路阳泉路,交通设施,公交站,121.462609,31.313539,上海市,上海市,静安区,121.45804437641868,31.31543012365992,Transport
公厕,生活服务,公厕,121.462187,31.310516,上海市,上海市,静安区,121.4576214059567,31.31240724310177,Toilet
无障碍公厕,生活服务,公厕,121.462132,31.310666,上海市,上海市,静安区,121.45756623285943,31.31255705074558,Toilet
临汾路街道社区卫生中心名城社区卫生服务站,医疗保健,诊所,121.465702,31.313266,上海市,上海市,静安区,121.46114661448564,31.31516498119592,Medical_Service
汾西路,交通设施,地铁,121.467923,31.313902,上海市,上海市,静安区,121.46337436742289,31.31580646669325,Transport
江杨南路汾西路,交通设施,公交站,121.468308,31.31398,上海市,上海市,虹口区,121.46376055631283,31.315885442847005,Transport
江杨南路场中路,交通设施,公交站,121.468109,31.311811,上海市,上海市,虹口区,121.46356112506813,31.3137167500359,Transport
临汾路江杨南路,交通设施,公交站,121.466747,31.310809,上海市,上海市,静安区,121.46219501068438,31.312711599773028,Transport
汾西路江杨南路,交通设施,公交站,121.466591,31.313464,上海市,上海市,静安区,121.46203830379172,31.315365182842147,Transport
第四人民医院,医疗保健,综合医院,121.469042,31.311567,上海市,上海市,虹口区,121.4644970564077,31.313475291705725,Medical_Service
安汾路江杨南路,交通设施,公交站,121.469656,31.315891,上海市,上海市,虹口区,121.46511261247208,31.31779926882709,Transport
466弄社区卫生运营服务站,医疗保健,综合医院,121.467055,31.317574,上海市,上海市,静安区,121.46250337117364,31.319474823449607,Medical_Service
保德路阳曲路,交通设施,公交站,121.461629,31.317932,上海市,上海市,静安区,121.45706114446236,31.319819061669406,Transport
彭浦新村,交通设施,公交站,121.461731,31.317783,上海市,上海市,静安区,121.45716345261287,31.31967036615117,Transport
景凤路阳泉路,交通设施,公交站,121.464007,31.320393,上海市,上海市,静安区,121.45944590878544,31.3222850108923,Transport
公共厕所,生活服务,公厕,121.466329,31.319418,上海市,上海市,静安区,121.46177498897462,31.3213162612964,Toilet
无障碍洗手间,生活服务,公厕,121.466441,31.319951,上海市,上海市,静安区,121.46188728474306,31.32184934954189,Toilet
男洗手间,生活服务,公厕,121.466464,31.319988,上海市,上海市,静安区,121.46191035179332,31.32188639481491,Toilet
凉城路虹湾路,交通设施,公交站,121.472094,31.313873,上海市,上海市,虹口区,121.4675585534635,31.31578856674644,Transport
凉城路三门路,交通设施,公交站,121.47226,31.311432,上海市,上海市,虹口区,121.46772529873672,31.31334894849061,Transport
虹湾社区家庭医生诊所,医疗保健,诊所,121.474353,31.31277,上海市,上海市,虹口区,121.46982498841736,31.314692159077925,Medical_Service
三门路安汾路,交通设施,公交站,121.480487,31.312815,上海市,上海市,虹口区,121.47597953031814,31.314754410277843,Transport
公厕,生活服务,公厕,121.480696,31.31206,上海市,上海市,虹口区,121.4761893094112,31.31400029876321,Toilet
三门路社区家庭医生诊所,医疗保健,诊所,121.480639,31.312316,上海市,上海市,虹口区,121.47613209254342,31.31425603717185,Medical_Service
安汾路高跃路,交通设施,公交站,121.473729,31.315554,上海市,上海市,虹口区,121.46919870782064,31.31747338491813,Transport
凉城路安汾路,交通设施,公交站,121.472043,31.315032,上海市,上海市,虹口区,121.46750728935756,31.316946988482204,Transport
三门路逸仙路,交通设施,公交站,121.483504,31.31159,上海市,上海市,虹口区,121.47900702424542,31.313538604717778,Transport
逸仙路三门路,交通设施,公交站,121.485192,31.312992,上海市,上海市,虹口区,121.48070078483042,31.314945006683903,Transport
逸仙路场中路,交通设施,公交站,121.485192,31.310187,上海市,上海市,虹口区,121.48070102542658,31.31214108099068,Transport
公厕,生活服务,公厕,121.435974,31.310408,上海市,上海市,静安区,121.43134603397918,31.31224680431137,Toilet
无障碍公厕,生活服务,公厕,121.43586,31.310261,上海市,上海市,静安区,121.43123184391628,31.31209969039877,Toilet
长临路共康四村,交通设施,公交站,121.437527,31.315461,上海市,上海市,静安区,121.43290142144804,31.31730025250629,Transport
公厕,生活服务,公厕,121.437465,31.316668,上海市,上海市,静安区,121.4328392010714,31.3185066994976,Toilet
彭浦新村路街道社区卫生中心三泉路821弄社区卫生站,医疗保健,综合医院,121.439785,31.31623,上海市,上海市,静安区,121.43516367699044,31.318072594220617,Medical_Service
公厕,生活服务,公厕,121.435091,31.315588,上海市,上海市,静安区,121.43046102784002,31.317423523176917,Toilet
公厕,生活服务,公厕,121.444912,31.317065,上海市,上海市,静安区,121.44030132273296,31.318916291751904,Toilet
公厕,生活服务,公厕,121.444549,31.315367,上海市,上海市,静安区,121.43993767125042,31.317218261086968,Toilet
共康路地铁站4号口,交通设施,地铁,121.446621,31.319285,上海市,上海市,静安区,121.44201397304371,31.321138690748725,Transport
皮肤病医院保德路院区保德路门诊部,医疗保健,综合医院,121.444678,31.315786,上海市,上海市,静安区,121.44006691812103,31.317637340782653,Medical_Service
皮肤病医院保德路院区7号住院楼,医疗保健,综合医院,121.444714,31.316632,上海市,上海市,静安区,121.44010292371574,31.318483087748582,Medical_Service
龙吟路华济路,交通设施,公交站,121.453604,31.115618,上海市,上海市,徐汇区,121.44903162164492,31.117582188501064,Transport
紫阳花苑,交通设施,公交站,121.452259,31.115498,上海市,上海市,徐汇区,121.44768319660108,31.1174593574443,Transport
华济路龙吴路,交通设施,公交站,121.454982,31.115637,上海市,上海市,徐汇区,121.45041321603163,31.11760421079976,Transport
龙吟路华泾路,交通设施,公交站,121.453215,31.118607,上海市,上海市,徐汇区,121.44864136288705,31.12056869914321,Transport
男洗手间,生活服务,公厕,121.453594,31.11893,上海市,上海市,徐汇区,121.44902131048764,31.120892344294905,Toilet
虹梅路地铁站1号口,交通设施,地铁,121.399483,31.161061,上海市,上海市,徐汇区,121.39483776991496,31.16294301844247,Transport
古美路田州路,交通设施,公交站,121.397713,31.162806,上海市,上海市,徐汇区,121.39306793310084,31.164687402104526,Transport
漕河泾印象城-洗手间,生活服务,公厕,121.399356,31.161565,上海市,上海市,徐汇区,121.39471074334656,31.16344677199757,Toilet
漕河泾印象城-洗手间,生活服务,公厕,121.399344,31.16158,上海市,上海市,徐汇区,121.39469874371582,31.163461765770887,Toilet
漕河泾印象城-男洗手间,生活服务,公厕,121.399214,31.161852,上海市,上海市,徐汇区,121.39456873866692,31.16373364163479,Toilet
漕河泾印象城-男洗手间,生活服务,公厕,121.399163,31.161825,上海市,上海市,徐汇区,121.3945177485504,31.16370666285617,Toilet
漕河泾印象城-男洗手间,生活服务,公厕,121.399201,31.161832,上海市,上海市,徐汇区,121.39455574231437,31.16371365387245,Toilet
漕河泾印象城-男洗手间,生活服务,公厕,121.399211,31.161834,上海市,上海市,徐汇区,121.39456574067184,31.16371565143644,Toilet
漕河泾印象城-女洗手间,生活服务,公厕,121.399085,31.161814,上海市,上海市,徐汇区,121.3944397612896,31.163695679737213,Toilet
漕河泾印象城-女洗手间,生活服务,公厕,121.399098,31.161789,上海市,上海市,徐汇区,121.39445276147823,31.163670690895977,Toilet
虹梅路地铁站6号口,交通设施,地铁,121.398316,31.161293,上海市,上海市,徐汇区,121.39367093941831,31.16317507551222,Transport
虹梅路地铁站7号口,交通设施,地铁,121.398762,31.161356,上海市,上海市,徐汇区,121.39411685322511,31.16323796757729,Transport
虹梅街道社区卫生中心,医疗保健,综合医院,121.401687,31.162439,上海市,上海市,徐汇区,121.3970414828408,31.164320125735607,Medical_Service
公厕,生活服务,公厕,121.3992,31.164112,上海市,上海市,徐汇区,121.39455454417762,31.165992467161065,Toilet
漕河泾开发区地铁站4号口,交通设施,地铁,121.396898,31.170612,上海市,上海市,徐汇区,121.3922524528461,31.172489540608257,Transport
漕河泾开发区地铁站5号口,交通设施,地铁,121.397002,31.170965,上海市,上海市,徐汇区,121.39235639491584,31.17284233424016,Transport
虹梅街道社区卫生中心永兆社区卫生服务站,医疗保健,综合医院,121.394834,31.173464,上海市,上海市,徐汇区,121.39018885776004,31.175340659716493,Medical_Service
伊犁南路黄金城道,交通设施,公交站,121.404718,31.194005,上海市,上海市,长宁区,121.40006991795484,31.19587016709052,Transport
上海陈峰康复医学诊所,医疗保健,诊所,121.404473,31.194674,上海市,上海市,长宁区,121.3998248271344,31.19653881088859,Medical_Service
上海盛和康复医学门诊部,医疗保健,诊所,121.405102,31.195686,上海市,上海市,长宁区,121.40045382896987,31.19755037645545,Medical_Service
唯儿诺医疗,医疗保健,诊所,121.40596,31.194828,上海市,上海市,长宁区,121.40131205995252,31.19669292198815,Medical_Service
唯儿诺医疗古北全科门诊部,医疗保健,诊所,121.405845,31.194821,上海市,上海市,长宁区,121.40119703736568,31.19668590743128,Medical_Service
古北路荣华东道,交通设施,公交站,121.398062,31.194683,上海市,上海市,长宁区,121.39341408458992,31.196548119077534,Transport
公厕,生活服务,公厕,121.398661,31.195985,上海市,上海市,长宁区,121.39401285733472,31.19784936835878,Toilet
上海平和门诊部,医疗保健,诊所,121.397841,31.195629,上海市,上海市,长宁区,121.393193048863,31.197493692924244,Medical_Service
优复门诊古北门诊部,医疗保健,诊所,121.397841,31.195594,上海市,上海市,长宁区,121.39319305191042,31.1974587102624,Medical_Service
瑞金医院古北分院,医疗保健,综合医院,121.401157,31.197964,上海市,上海市,长宁区,121.3965084085218,31.199827119068992,Medical_Service
红宝石路银珠路,交通设施,公交站,121.401731,31.197159,上海市,上海市,长宁区,121.39708246051542,31.19902249281996,Transport
上海天坛普华医院,医疗保健,综合医院,121.40102,31.197415,上海市,上海市,长宁区,121.39637146317592,31.199278397902127,Medical_Service
民航上海医院,医疗保健,综合医院,121.400971,31.197467,上海市,上海市,长宁区,121.3963224613318,31.19933037521384,Medical_Service
民航医院门诊,医疗保健,综合医院,121.401205,31.198198,上海市,上海市,长宁区,121.39655638597544,31.20006100108534,Medical_Service
上海交通大学医学院附属瑞金医院古北分院B,医疗保健,综合医院,121.401315,31.197987,上海市,上海市,长宁区,121.39666639983076,31.199850099739077,Medical_Service
上海和德门诊部,医疗保健,综合医院,121.40073,31.197538,上海市,上海市,长宁区,121.3960814701578,31.19940135640865,Medical_Service
佑安正新中医诊所,医疗保健,诊所,121.39904,31.196711,上海市,上海市,长宁区,121.3943917315258,31.19857495047833,Medical_Service
红宝石路地铁站2号口,交通设施,地铁,121.398712,31.197645,上海市,上海市,长宁区,121.3940637039394,31.199508539416183,Transport
上海千禧海鸥大豪华酒店-洗手间,生活服务,公厕,121.394999,31.197111,上海市,上海市,长宁区,121.3903517398601,31.198975697421407,Toilet
上海樱华门诊部,医疗保健,诊所,121.396171,31.198175,上海市,上海市,长宁区,121.39152325972104,31.200038826019764,Medical_Service
虹梅社区卫生运营服务站,医疗保健,综合医院,121.385535,31.191735,上海市,上海市,长宁区,121.3808937974399,31.19360724866913,Medical_Service
武警总队医院门诊部,医疗保健,综合医院,121.387281,31.192684,上海市,上海市,长宁区,121.38263836242815,31.194554602605287,Medical_Service
虹梅路,交通设施,公交站,121.383962,31.192092,上海市,上海市,长宁区,121.37932210490683,31.19396522959997,Transport
男洗手间,生活服务,公厕,121.38384,31.191461,上海市,上海市,长宁区,121.37920026828792,31.193334638004004,Toilet
女洗手间,生活服务,公厕,121.383875,31.191474,上海市,上海市,长宁区,121.37923523595904,31.193347604535365,Toilet
公厕,生活服务,公厕,121.351786,31.191783,上海市,上海市,长宁区,121.34719458514554,31.19369789219081,Toilet
上海国际机场酒店-洗手间,生活服务,公厕,121.351727,31.194035,上海市,上海市,长宁区,121.34713550865304,31.195948872423727,Toilet
罗秀路龙州路,交通设施,公交站,121.427283,31.130346,上海市,上海市,徐汇区,121.422657121367,31.1322581476828,Transport
凌云街道社区卫生中心兴荣苑社区卫生服务站,医疗保健,综合医院,121.431764,31.129646,上海市,上海市,徐汇区,121.4271446902702,31.131563993976616,Medical_Service
罗秀路天等路,交通设施,公交站,121.430693,31.130917,上海市,上海市,徐汇区,121.42607193060708,31.132832918135897,Transport
天等路罗秀路,交通设施,公交站,121.429135,31.132754,上海市,上海市,徐汇区,121.42451147683867,31.13466699587126,Transport
梅陇路凌云路,交通设施,公交站,121.419822,31.138711,上海市,上海市,徐汇区,121.41518688696682,31.14061150840329,Transport
梅陇路龙州路,交通设施,公交站,121.421174,31.139237,上海市,上海市,徐汇区,121.416540164782,31.14113833123763,Transport
女洗手间,生活服务,公厕,121.421921,31.139195,上海市,上海市,徐汇区,121.41728794132312,31.14109699986732,Toilet
东阔生活广场-男洗手间,生活服务,公厕,121.450661,31.127304,上海市,上海市,徐汇区,121.44608019464296,31.129255530192747,Toilet
无障碍公厕,生活服务,公厕,121.450808,31.127079,上海市,上海市,徐汇区,121.44622757606626,31.12903095792161,Toilet
华发路长华路,交通设施,公交站,121.447203,31.126763,上海市,上海市,徐汇区,121.44261399433314,31.128707871824187,Transport
华发社区卫生运营服务站,医疗保健,综合医院,121.446901,31.126972,上海市,上海市,徐汇区,121.44231128096555,31.128916171863967,Medical_Service
罗香路龙临路,交通设施,公交站,121.437503,31.134918,上海市,上海市,徐汇区,121.43289305909354,31.13684140655567,Transport
长桥路罗秀路,交通设施,公交站,121.440371,31.134562,上海市,上海市,徐汇区,121.43576660919425,31.13649024621619,Transport
长桥新村,交通设施,公交站,121.441201,31.133483,上海市,上海市,徐汇区,121.43659837363494,31.1354132366449,Transport
罗香路长桥路,交通设施,公交站,121.440705,31.135754,上海市,上海市,徐汇区,121.43610117460004,31.13768216628602,Transport
长桥路上中路,交通设施,公交站,121.439236,31.137143,上海市,上海市,徐汇区,121.4346291540131,31.139067975464844,Transport
汇成新村,交通设施,公交站,121.434662,31.14306,上海市,上海市,徐汇区,121.43004628368014,31.14497476772721,Transport
公厕,生活服务,公厕,121.428989,31.153374,上海市,上海市,徐汇区,121.4243634797766,31.155275804140786,Toilet
男洗手间,生活服务,公厕,121.429061,31.152393,上海市,上海市,徐汇区,121.42443566765112,31.15429540808565,Toilet
女洗手间,生活服务,公厕,121.429071,31.152461,上海市,上海市,徐汇区,121.42444567604429,31.154363384180744,Toilet
无障碍洗手间,生活服务,公厕,121.429036,31.153528,上海市,上海市,徐汇区,121.4244105334625,31.15542977922537,Toilet
无障碍洗手间,生活服务,公厕,121.429032,31.152475,上海市,上海市,徐汇区,121.42440661911584,31.154377330013347,Toilet
上海南站地铁站4入口,交通设施,地铁,121.429259,31.154014,上海市,上海市,徐汇区,121.4246338109732,31.155915791461027,Transport
婴儿换洗间/哺乳室/母婴室,生活服务,公厕,121.429088,31.153489,上海市,上海市,徐汇区,121.4244626111604,31.155390862180194,Toilet
上海南站,交通设施,地铁,121.429995,31.154622,上海市,上海市,徐汇区,121.4253708315282,31.156524372529,Transport
公厕,生活服务,公厕,121.430772,31.155076,上海市,上海市,徐汇区,121.42614895549642,31.156979110770333,Toilet
沪闵路柳州路,交通设施,公交站,121.427869,31.156259,上海市,上海市,徐汇区,121.42324166551592,31.158157972971672,Transport
沪闵路柳州路,交通设施,公交站,121.42817,31.156124,上海市,上海市,徐汇区,121.42354309114177,31.15802339123733,Transport
公厕,生活服务,公厕,121.429088,31.154899,上海市,上海市,徐汇区,121.4244624888168,31.15680011940205,Toilet
公厕,生活服务,公厕,121.427521,31.154382,上海市,上海市,徐汇区,121.42289335575876,31.156281563701363,Toilet
上海南站地铁站5入口,交通设施,地铁,121.429055,31.154897,上海市,上海市,徐汇区,121.4244294418127,31.156798080846425,Transport
浦北路柳州路,交通设施,公交站,121.426532,31.158123,上海市,上海市,徐汇区,121.42190272218444,31.16001950053813,Transport
公厕,生活服务,公厕,121.425818,31.156521,上海市,上海市,徐汇区,121.42118794811846,31.158417575379843,Toilet
冯新生私立针灸诊所,医疗保健,诊所,121.425659,31.157917,上海市,上海市,徐汇区,121.42102862720296,31.15981267553679,Medical_Service
康乐社区卫生运营服务站,医疗保健,综合医院,121.424938,31.15844,上海市,上海市,徐汇区,121.4203066928209,31.16033465655451,Medical_Service
冯新生针灸诊所,医疗保健,诊所,121.425784,31.157908,上海市,上海市,徐汇区,121.42115378488026,31.159803811760813,Medical_Service
教育考试院,交通设施,公交站,121.425016,31.159987,上海市,上海市,徐汇区,121.42038465333825,31.161880926534128,Transport
钦州南路柳州路,交通设施,公交站,121.424502,31.159746,上海市,上海市,徐汇区,121.41987005508732,31.16163953385047,Transport
浦北路虹漕南路,交通设施,公交站,121.414658,31.152093,上海市,上海市,徐汇区,121.41001756618913,31.15398292005686,Transport
浦北路桂林西街,交通设施,公交站,121.41619,31.152537,上海市,上海市,徐汇区,121.4115506127516,31.15442758555338,Transport
虹漕南路浦北路,交通设施,公交站,121.415049,31.152929,上海市,上海市,徐汇区,121.41040875856726,31.154818698254527,Transport
虹漕南路钦州南路,交通设施,公交站,121.414043,31.155634,上海市,上海市,徐汇区,121.4094018580922,31.15752172264412,Transport
龙水南路天钥桥南路,交通设施,公交站,121.453987,31.153324,上海市,上海市,徐汇区,121.44941236322666,31.155268675044763,Transport
长峰新村,交通设施,公交站,121.455733,31.151909,上海市,上海市,徐汇区,121.45116308294216,31.15385829809837,Transport
龙水南路临江路,交通设施,公交站,121.45639,31.154073,上海市,上海市,徐汇区,121.45182165770916,31.15602264111967,Transport
新长峰社区卫生运营服务站,医疗保健,综合医院,121.455359,31.153069,上海市,上海市,徐汇区,121.4507879878776,31.155016846732,Medical_Service
龙华东路富润路,交通设施,公交站,121.475154,31.194135,上海市,上海市,黄浦区,121.47063881756893,31.196111813348125,Transport
打浦路中山南一路,交通设施,公交站,121.474349,31.194849,上海市,上海市,黄浦区,121.46983111264086,31.196823233414037,Transport
中山南一路打浦路,交通设施,公交站,121.475407,31.196493,上海市,上海市,黄浦区,121.47089244952946,31.19846934663764,Transport
谧和堂,医疗保健,诊所,121.47603,31.197431,上海市,上海市,黄浦区,121.47151742975925,31.199408617403485,Medical_Service
谧和堂中医,医疗保健,诊所,121.475864,31.197417,上海市,上海市,黄浦区,121.47135088098804,31.19939416141788,Medical_Service
龙华路宛平南路,交通设施,公交站,121.453561,31.182764,上海市,上海市,徐汇区,121.44898271885252,31.184692530542225,Transport
宛平南路龙华路,交通设施,公交站,121.452507,31.182701,上海市,上海市,徐汇区,121.44792602589304,31.184627288350768,Transport
中山南二路船厂路,交通设施,公交站,121.459564,31.18829,上海市,上海市,徐汇区,121.45500145157128,31.190229408518626,Transport
中山南二路东安路,交通设施,公交站,121.45766,31.187452,上海市,上海市,徐汇区,121.45309223204669,31.189387369401427,Transport
公厕,生活服务,公厕,121.458256,31.187403,上海市,上海市,徐汇区,121.45368987812375,31.189339777650844,Toilet
上海张德福中医诊所,医疗保健,诊所,121.467306,31.195186,上海市,上海市,徐汇区,121.46276569385432,31.19714121110987,Medical_Service
大木桥路,交通设施,地铁,121.463231,31.194029,上海市,上海市,徐汇区,121.4586785198359,31.195974445104728,Transport
零陵路大木桥路,交通设施,公交站,121.462614,31.193759,上海市,上海市,徐汇区,121.45805973274344,31.195703053893663,Transport
大木桥路地铁站4号口,交通设施,地铁,121.463283,31.194239,上海市,上海市,徐汇区,121.4587306549178,31.19618446986179,Transport
公厕,生活服务,公厕,121.464101,31.194111,上海市,上海市,徐汇区,121.45955108743756,31.19605857365648,Toilet
无障碍公厕,生活服务,公厕,121.464075,31.194178,上海市,上海市,徐汇区,121.4595250043558,31.196125475242518,Toilet
大木桥路地铁站2号口,交通设施,地铁,121.464114,31.193839,上海市,上海市,徐汇区,121.45956414952232,31.1957867413587,Transport
大木桥路地铁站1号口,交通设施,地铁,121.464225,31.194619,上海市,上海市,徐汇区,121.45967541273087,31.196566632371603,Transport
日晖新村,交通设施,公交站,121.465301,31.197576,上海市,上海市,徐汇区,121.46075438180956,31.19952488438962,Transport
公厕,生活服务,公厕,121.465032,31.197551,上海市,上海市,徐汇区,121.46048457447748,31.19949921478065,Toilet
示范社区卫生中心,医疗保健,综合医院,121.464629,31.196786,上海市,上海市,徐汇区,121.46008043204836,31.198733574867667,Medical_Service
无障碍洗手间,生活服务,公厕,121.464446,31.196762,上海市,上海市,徐汇区,121.45989688720496,31.19870912596901,Toilet
復旦大学上海医学院斜土街道社区卫生中心,医疗保健,综合医院,121.464558,31.196553,上海市,上海市,徐汇区,121.46000923978872,31.19850051122741,Medical_Service
大木桥路斜土路,交通设施,公交站,121.462117,31.197613,上海市,上海市,徐汇区,121.45756095194176,31.19955392400697,Transport
公厕,生活服务,公厕,121.462569,31.196796,上海市,上海市,徐汇区,121.45801433957293,31.198738437574136,Toilet
小木桥路零陵路,交通设施,公交站,121.461309,31.191789,上海市,上海市,徐汇区,121.45675111699016,31.19373084475557,Transport
小木桥路中山南二路,交通设施,公交站,121.461283,31.191805,上海市,上海市,徐汇区,121.45672504080048,31.19374677373984,Transport
无障碍公厕,生活服务,公厕,121.460225,31.193804,上海市,上海市,徐汇区,121.4556638447278,31.19574223080349,Toilet
公厕,生活服务,公厕,121.460269,31.193842,上海市,上海市,徐汇区,121.45570796640196,31.19578031721051,Toilet
西木社区卫生运营服务站,医疗保健,综合医院,121.459357,31.195254,上海市,上海市,徐汇区,121.45479326917204,31.197189446192603,Medical_Service
庆涵轩中医馆,医疗保健,诊所,121.459665,31.19542,上海市,上海市,徐汇区,121.45510212124614,31.19735609397484,Medical_Service
斜土路大木桥路,交通设施,公交站,121.460461,31.197709,上海市,上海市,徐汇区,121.45590017906048,31.19964586198958,Transport
斜土路枫林路,交通设施,公交站,121.457112,31.196338,上海市,上海市,徐汇区,121.45254196750042,31.19826767794975,Transport
复旦大学附属中山医院东院区15,医疗保健,综合医院,121.457643,31.197529,上海市,上海市,徐汇区,121.45307431590987,31.199459312036645,Medical_Service
生殖医学中心,医疗保健,综合医院,121.457676,31.197617,上海市,上海市,徐汇区,121.45310739885896,31.19954734487625,Medical_Service
中山医院东院区-心血管病肝脏肿瘤门诊,医疗保健,综合医院,121.45665,31.196573,上海市,上海市,徐汇区,121.45207869340626,31.19850150514918,Medical_Service
复旦大学附属中山医院东院区14,医疗保健,综合医院,121.457508,31.197867,上海市,上海市,徐汇区,121.45293891676484,31.199796833400228,Medical_Service
无障碍洗手间,生活服务,公厕,121.456685,31.196756,上海市,上海市,徐汇区,121.4521137723056,31.198684494439306,Toilet
无障碍洗手间,生活服务,公厕,121.45669,31.196759,上海市,上海市,徐汇区,121.45211878557866,31.19868750435868,Toilet
中山医院高级专家门诊,医疗保健,综合医院,121.457538,31.197411,上海市,上海市,徐汇区,121.45296903827662,31.19934112778942,Medical_Service
ZHONGSHAN HOSPITAL,医疗保健,综合医院,121.457258,31.196791,上海市,上海市,徐汇区,121.45268832633604,31.198720789193253,Medical_Service
中山医院心肝门诊,医疗保健,综合医院,121.456736,31.196498,上海市,上海市,徐汇区,121.45216493264942,31.198426738395067,Medical_Service
复旦大学附属中山医院分部15号楼,医疗保健,综合医院,121.457408,31.197435,上海市,上海市,徐汇区,121.45283868044324,31.199364816151625,Medical_Service
复旦大学附属中山医院东院区14号楼,医疗保健,综合医院,121.457485,31.197912,上海市,上海市,徐汇区,121.45291584991756,31.199841758133868,Medical_Service
无障碍洗手间,生活服务,公厕,121.456926,31.196674,上海市,上海市,徐汇区,121.45235543272744,31.19860308553607,Toilet
无障碍洗手间,生活服务,公厕,121.456765,31.196775,上海市,上海市,徐汇区,121.45219398729412,31.19870366758776,Toilet
无障碍洗手间,生活服务,公厕,121.456776,31.196699,上海市,上海市,徐汇区,121.45220502366053,31.198627730286987,Toilet
无障碍洗手间,生活服务,公厕,121.4568,31.196796,上海市,上海市,徐汇区,121.45222908033422,31.19872473713228,Toilet
无障碍洗手间,生活服务,公厕,121.456807,31.196717,上海市,上海市,徐汇区,121.45223610613,31.198645792188195,Toilet
无障碍洗手间,生活服务,公厕,121.456735,31.196782,上海市,上海市,徐汇区,121.45216390542504,31.198710595648013,Toilet
无障碍洗手间,生活服务,公厕,121.456764,31.196757,上海市,上海市,徐汇区,121.45219298613856,31.198685674205517,Toilet
无障碍洗手间,生活服务,公厕,121.456858,31.196744,上海市,上海市,徐汇区,121.45228724211198,31.19867289538642,Toilet
无障碍洗手间,生活服务,公厕,121.456831,31.196761,上海市,上海市,徐汇区,121.45226016740762,31.198689825266246,Toilet
无障碍洗手间,生活服务,公厕,121.456871,31.196784,上海市,上海市,徐汇区,121.4523002739314,31.19871290532913,Toilet
无障碍洗手间,生活服务,公厕,121.456809,31.196835,上海市,上海市,徐汇区,121.45223810136604,31.198763738408207,Toilet
无障碍洗手间,生活服务,公厕,121.456868,31.196727,上海市,上海市,徐汇区,121.45229727071136,31.19865592665612,Toilet
无障碍洗手间,生活服务,公厕,121.456644,31.196936,上海市,上海市,徐汇区,121.45207264584052,31.19886431197001,Toilet
无障碍洗手间,生活服务,公厕,121.456792,31.196657,上海市,上海市,徐汇区,121.45222107064828,31.198585787598184,Toilet
无障碍洗手间,生活服务,公厕,121.456797,31.19667,上海市,上海市,徐汇区,121.4522260830788,31.198598792589017,Toilet
无障碍洗手间,生活服务,公厕,121.456645,31.19695,上海市,上海市,徐汇区,121.45207364733668,31.198878307328343,Toilet
无障碍洗手间,生活服务,公厕,121.456851,31.196792,上海市,上海市,徐汇区,121.4522802189785,31.19872085564881,Toilet
无障碍洗手间,生活服务,公厕,121.456601,31.196918,上海市,上海市,徐汇区,121.45202953112702,31.198846222895025,Toilet
无障碍洗手间,生活服务,公厕,121.456601,31.196895,上海市,上海市,徐汇区,121.4520295331126,31.198823234265657,Toilet
复旦大学附属中山医院东院区精准医学中心,医疗保健,综合医院,121.456665,31.197645,上海市,上海市,徐汇区,121.45209364144156,31.199573009551678,Medical_Service
上海美年门诊部,医疗保健,诊所,121.458317,31.197518,上海市,上海市,徐汇区,121.45375017433166,31.199449882661973,Medical_Service
复旦大学附属中山医院东院区门诊,医疗保健,综合医院,121.456747,31.196589,上海市,上海市,徐汇区,121.45217595458736,31.198517718485416,Medical_Service
母婴室,生活服务,公厕,121.457706,31.196875,上海市,上海市,徐汇区,121.45313754524146,31.198805780886804,Toilet
永康中医门诊,医疗保健,诊所,121.458398,31.197602,上海市,上海市,徐汇区,121.45383139146551,31.19953403025313,Medical_Service
东安路斜土路,交通设施,公交站,121.451726,31.19558,上海市,上海市,徐汇区,121.44714194289028,31.19749818038647,Transport
公厕,生活服务,公厕,121.452076,31.194618,上海市,上海市,徐汇区,121.4474929057908,31.196537398664123,Toilet
无障碍公厕,生活服务,公厕,121.452175,31.194624,上海市,上海市,徐汇区,121.44759215503896,31.19654360614281,Toilet
枫林路斜土路,交通设施,公交站,121.456034,31.195407,上海市,上海市,徐汇区,121.45146113520896,31.197334684605934,Transport
复旦大学附属中山医院医疗科研综合楼,医疗保健,综合医院,121.45497,31.195951,上海市,上海市,徐汇区,121.4503942580212,31.197876030206142,Medical_Service
上海方心堂中医诊所,医疗保健,诊所,121.454124,31.195311,上海市,上海市,徐汇区,121.44954609513344,31.19723447812751,Medical_Service
复旦大学附属中山医院东院区,医疗保健,综合医院,121.456486,31.197184,上海市,上海市,徐汇区,121.45191419756738,31.199111829697955,Medical_Service
复旦大学附属中山医院东院区19号楼,医疗保健,综合医院,121.456038,31.197805,上海市,上海市,徐汇区,121.45146493888195,31.19973150754113,Medical_Service
复旦大学附属中山医院东院区16号楼,医疗保健,综合医院,121.456547,31.196534,上海市,上海市,徐汇区,121.451975418369,31.198462289841345,Medical_Service
复旦大学附属中山医院住院部,医疗保健,综合医院,121.456557,31.196958,上海市,上海市,徐汇区,121.45198540877676,31.19888610293172,Medical_Service
复旦大学附属中山医院内科大楼,医疗保健,综合医院,121.454177,31.196618,上海市,上海市,徐汇区,121.4495991203384,31.198540947356246,Medical_Service
复旦大学附属中山医院手术室楼,医疗保健,综合医院,121.454432,31.19788,上海市,上海市,徐汇区,121.44985467743844,31.199802885115915,Medical_Service
复旦大学附属中山医院东院区18,医疗保健,综合医院,121.455367,31.197349,上海市,上海市,徐汇区,121.45079218806474,31.19927422422152,Medical_Service
无障碍洗手间,生活服务,公厕,121.455726,31.197383,上海市,上海市,徐汇区,121.45115214071588,31.19930901264908,Toilet
无障碍洗手间,生活服务,公厕,121.455408,31.197379,上海市,上海市,徐汇区,121.4508332943502,31.199304301145887,Toilet
无障碍洗手间,生活服务,公厕,121.455386,31.197528,上海市,上海市,徐汇区,121.4508112230523,31.19945317831576,Toilet
无障碍洗手间,生活服务,公厕,121.455338,31.197482,上海市,上海市,徐汇区,121.45076309960837,31.199407093667222,Toilet
复旦大学附属中山医院东院区17号楼,医疗保健,综合医院,121.455922,31.196336,上海市,上海市,徐汇区,121.4513487549778,31.198262971726763,Medical_Service
无障碍洗手间,生活服务,公厕,121.455328,31.197391,上海市,上海市,徐汇区,121.45075308093392,31.199316116257027,Toilet
复旦大学附属中山医院分部17号楼,医疗保健,综合医院,121.455738,31.196864,上海市,上海市,徐汇区,121.45116421756252,31.198790296126077,Medical_Service
复旦大学附属中山医院东院区18号楼,医疗保健,综合医院,121.455448,31.197466,上海市,上海市,徐汇区,121.45087339312168,31.19939134773301,Medical_Service
无障碍公厕,生活服务,公厕,121.454786,31.197085,上海市,上海市,徐汇区,121.4502096751883,31.199009060637167,Toilet
中山医院体检中心,医疗保健,综合医院,121.455599,31.197084,上海市,上海市,徐汇区,121.45102482790612,31.199009875039906,Medical_Service
无障碍洗手间,生活服务,公厕,121.455403,31.1975,上海市,上海市,徐汇区,121.4508282706191,31.19942523018848,Toilet
无障碍洗手间,生活服务,公厕,121.456114,31.197956,上海市,上海市,徐汇区,121.45154112972384,31.19988260481069,Toilet
无障碍洗手间,生活服务,公厕,121.456073,31.197828,上海市,上海市,徐汇区,121.45150003076004,31.199754575281997,Toilet
无障碍洗手间,生活服务,公厕,121.456535,31.196994,上海市,上海市,徐汇区,121.45196334624846,31.198922035065348,Toilet
无障碍洗手间,生活服务,公厕,121.456095,31.197892,上海市,上海市,徐汇区,121.45152208425873,31.199818593429388,Toilet
无障碍洗手间,生活服务,公厕,121.456555,31.196994,上海市,上海市,徐汇区,121.45198340026624,31.198922080583717,Toilet
无障碍洗手间,生活服务,公厕,121.456514,31.1969,上海市,上海市,徐汇区,121.45194229766166,31.19882803375328,Toilet
无障碍洗手间,生活服务,公厕,121.456458,31.196983,上海市,上海市,徐汇区,121.45188613937474,31.198910865379247,Toilet
无障碍洗手间,生活服务,公厕,121.455995,31.197849,上海市,上海市,徐汇区,121.45142181982963,31.199775388704527,Toilet
无障碍洗手间,生活服务,公厕,121.456566,31.196878,上海市,上海市,徐汇区,121.4519944399969,31.198806162969102,Toilet
无障碍洗手间,生活服务,公厕,121.456459,31.196913,上海市,上海市,徐汇区,121.45188714811556,31.1988409022562,Toilet
无障碍洗手间,生活服务,公厕,121.455408,31.197491,上海市,上海市,徐汇区,121.45083328467756,31.199416245824803,Toilet
无障碍洗手间,生活服务,公厕,121.455411,31.197523,上海市,上海市,徐汇区,121.45083628988311,31.19944823673588,Toilet
无障碍洗手间,生活服务,公厕,121.456553,31.196977,上海市,上海市,徐汇区,121.45198139633138,31.198905084434564,Toilet
无障碍洗手间,生活服务,公厕,121.456459,31.196951,上海市,上海市,徐汇区,121.45188714483491,31.198878883470744,Toilet
无障碍洗手间,生活服务,公厕,121.456534,31.196892,上海市,上海市,徐汇区,121.45196235235372,31.198820083212976,Toilet
无障碍洗手间,生活服务,公厕,121.456567,31.196966,上海市,上海市,徐汇区,121.4519954351016,31.198894121741827,Toilet
无障碍洗手间,生活服务,公厕,121.454853,31.197085,上海市,上海市,徐汇区,121.45027685159408,31.19900920928429,Toilet
无障碍洗手间,生活服务,公厕,121.454104,31.197737,上海市,上海市,徐汇区,121.44952583344951,31.19965923412486,Toilet
无障碍洗手间,生活服务,公厕,121.456558,31.196959,上海市,上海市,徐汇区,121.4519864113918,31.198887104713712,Toilet
无障碍洗手间,生活服务,公厕,121.455387,31.197497,上海市,上海市,徐汇区,121.45081222838506,31.19942219586349,Toilet
无障碍洗手间,生活服务,公厕,121.454142,31.197768,上海市,上海市,徐汇区,121.44956392975934,31.199690302231097,Toilet
无障碍洗手间,生活服务,公厕,121.455686,31.197414,上海市,上海市,徐汇区,121.45111203131502,31.199339907405356,Toilet
无障碍洗手间,生活服务,公厕,121.45478,31.197101,上海市,上海市,徐汇区,121.45020365801749,31.199025039425354,Toilet
无障碍洗手间,生活服务,公厕,121.455311,31.197437,上海市,上海市,徐汇区,121.45073603186304,31.199362055533385,Toilet
无障碍洗手间,生活服务,公厕,121.454859,31.197142,上海市,上海市,徐汇区,121.4502828624769,31.199066194433808,Toilet
无障碍洗手间,生活服务,公厕,121.455378,31.197426,上海市,上海市,徐汇区,121.45080321061894,31.199351210794077,Toilet
无障碍洗手间,生活服务,公厕,121.456493,31.196884,上海市,上海市,徐汇区,121.4519212423582,31.198811993897703,Toilet
无障碍洗手间,生活服务,公厕,121.455326,31.197524,上海市,上海市,徐汇区,121.4507510641411,31.19944904609444,Toilet
无障碍洗手间,生活服务,公厕,121.456575,31.196908,上海市,上海市,徐汇区,121.45200346172388,31.198836168628286,Toilet
无障碍洗手间,生活服务,公厕,121.455343,31.197459,上海市,上海市,徐汇区,121.45076811486304,31.1993841162076,Toilet
无障碍洗手间,生活服务,公厕,121.456469,31.197016,上海市,上海市,徐汇区,121.4518971662007,31.19894387407315,Toilet
无障碍洗手间,生活服务,公厕,121.454741,31.197013,上海市,上海市,徐汇区,121.45016456302687,31.198936996470906,Toilet
无障碍洗手间,生活服务,公厕,121.455679,31.197424,上海市,上海市,徐汇区,121.45110501178128,31.19934988673343,Toilet
无障碍洗手间,生活服务,公厕,121.455411,31.197483,上海市,上海市,徐汇区,121.45083629333764,31.19940825649116,Toilet
无障碍洗手间,生活服务,公厕,121.455314,31.197561,上海市,上海市,徐汇区,121.45073902911136,31.199486000997087,Toilet
无障碍洗手间,生活服务,公厕,121.455358,31.197476,上海市,上海市,徐汇区,121.45078315320572,31.19940114135755,Toilet
无障碍洗手间,生活服务,公厕,121.454851,31.197074,上海市,上海市,徐汇区,121.4502748472758,31.198998210281413,Toilet
无障碍洗手间,生活服务,公厕,121.454832,31.197103,上海市,上海市,徐汇区,121.45025579472863,31.199027153781188,Toilet
无障碍洗手间,生活服务,公厕,121.455721,31.197016,上海市,上海市,徐汇区,121.45114715906377,31.198942182751576,Toilet
无障碍洗手间,生活服务,公厕,121.455391,31.197597,上海市,上海市,徐汇区,121.45081623037102,31.199522155429776,Toilet
无障碍洗手间,生活服务,公厕,121.455334,31.197459,上海市,上海市,徐汇区,121.4507590909808,31.199384096083342,Toilet
无障碍洗手间,生活服务,公厕,121.454484,31.197793,上海市,上海市,徐汇区,121.44990682111396,31.199716042792044,Toilet
无障碍洗手间,生活服务,公厕,121.454864,31.197028,上海市,上海市,徐汇区,121.4502878854968,31.198952261875725,Toilet
无障碍洗手间,生活服务,公厕,121.454802,31.197122,上海市,上海市,徐汇区,121.45022571410276,31.19904607783544,Toilet
无障碍洗手间,生活服务,公厕,121.456511,31.196939,上海市,上海市,徐汇区,121.45193928619588,31.198867007648506,Toilet
无障碍洗手间,生活服务,公厕,121.454178,31.197794,上海市,上海市,徐汇区,121.4496000213451,31.199716368461708,Toilet
无障碍洗手间,生活服务,公厕,121.454845,31.197137,上海市,上海市,徐汇区,121.45026882602968,31.19906116582879,Toilet
无障碍洗手间,生活服务,公厕,121.454186,31.197701,上海市,上海市,徐汇区,121.44960805023868,31.19962343194995,Toilet
无障碍洗手间,生活服务,公厕,121.454129,31.197765,上海市,上海市,徐汇区,121.44955089614758,31.19968727517149,Toilet
无障碍洗手间,生活服务,公厕,121.455394,31.197498,上海市,上海市,徐汇区,121.4508192468882,31.199423211033963,Toilet
无障碍洗手间,生活服务,公厕,121.455406,31.197413,上海市,上海市,徐汇区,121.45083128610128,31.19933827987426,Toilet
无障碍洗手间,生活服务,公厕,121.454117,31.197818,上海市,上海市,徐汇区,121.44953886030903,31.199740222668403,Toilet
无障碍洗手间,生活服务,公厕,121.4565,31.196971,上海市,上海市,徐汇区,121.45192825374036,31.19889896680889,Toilet
无障碍洗手间,生活服务,公厕,121.454168,31.197745,上海市,上海市,徐汇区,121.44958999950885,31.199667370684,Toilet
无障碍洗手间,生活服务,公厕,121.455673,31.196935,上海市,上海市,徐汇区,121.45109903800731,31.19886111488876,Toilet
无障碍洗手间,生活服务,公厕,121.454808,31.197014,上海市,上海市,徐汇区,121.45023173922564,31.19893814452211,Toilet
无障碍洗手间,生活服务,公厕,121.454179,31.197741,上海市,上海市,徐汇区,121.44960102853132,31.199663396822704,Toilet
无障碍洗手间,生活服务,公厕,121.456512,31.196944,上海市,上海市,徐汇区,121.4519402884638,31.198872007451588,Toilet
无障碍洗手间,生活服务,公厕,121.455659,31.196924,上海市,上海市,徐汇区,121.45108500162613,31.198850088869506,Toilet
无障碍洗手间,生活服务,公厕,121.454066,31.197792,上海市,上海市,徐汇区,121.44948772976774,31.199714123612395,Toilet
无障碍洗手间,生活服务,公厕,121.45479,31.197074,上海市,上海市,徐汇区,121.45021368666512,31.19899807494391,Toilet
无障碍洗手间,生活服务,公厕,121.454752,31.197117,上海市,上海市,徐汇区,121.45017558297346,31.19904096944737,Toilet
无障碍洗手间,生活服务,公厕,121.456543,31.196958,上海市,上海市,徐汇区,121.45197137096162,31.19888607106657,Toilet
无障碍洗手间,生活服务,公厕,121.456522,31.196903,上海市,上海市,徐汇区,121.45195031900136,31.19883105047042,Toilet
无障碍洗手间,生活服务,公厕,121.455704,31.196937,上海市,上海市,徐汇区,121.45113012052386,31.198863183578357,Toilet
无障碍洗手间,生活服务,公厕,121.455745,31.197459,上海市,上海市,徐汇区,121.45117118486888,31.199385017844552,Toilet
无障碍洗手间,生活服务,公厕,121.455347,31.197482,上海市,上海市,徐汇区,121.45077212349204,31.19940711379268,Toilet
无障碍洗手间,生活服务,公厕,121.455323,31.197509,上海市,上海市,徐汇区,121.4507480574775,31.19943404679582,Toilet
无障碍洗手间,生活服务,公厕,121.455319,31.197374,上海市,上海市,徐汇区,121.45074405852525,31.199299104534965,Toilet
无障碍洗手间,生活服务,公厕,121.455402,31.19753,上海市,上海市,徐汇区,121.45082726537208,31.19945521313415,Toilet
无障碍洗手间,生活服务,公厕,121.455365,31.197457,上海市,上海市,徐汇区,121.4507901734281,31.199382166399456,Toilet
无障碍洗手间,生活服务,公厕,121.455345,31.197481,上海市,上海市,徐汇区,121.45077011827064,31.19940610981402,Toilet
无障碍洗手间,生活服务,公厕,121.455338,31.197418,上海市,上海市,徐汇区,121.45076310513568,31.199343125278467,Toilet
复旦大学附属中山医院东院区急诊,医疗保健,综合医院,121.45595,31.196457,上海市,上海市,徐汇区,121.45137681948908,31.198383975021585,Medical_Service
女洗手间,生活服务,公厕,121.455805,31.19677,上海市,上海市,徐汇区,121.45123140461364,31.19869649338375,Toilet
男洗手间,生活服务,公厕,121.455784,31.196798,上海市,上海市,徐汇区,121.45121034609302,31.19872443226316,Toilet
复旦大学附属中山医院西院区,医疗保健,综合医院,121.453845,31.197765,上海市,上海市,徐汇区,121.44926615790418,31.199686653109065,Medical_Service
复旦大学附属中山医院办公大楼,医疗保健,综合医院,121.453265,31.197413,上海市,上海市,徐汇区,121.44868469082864,31.199333565114397,Medical_Service
复旦大学附属中山医院,医疗保健,综合医院,121.453911,31.198169,上海市,上海市,徐汇区,121.44933229426898,31.20009059805416,Medical_Service
复旦大学附属中山医院,医疗保健,综合医院,121.453883,31.198263,上海市,上海市,徐汇区,121.44930421346405,31.20018449044081,Medical_Service
公厕,生活服务,公厕,121.453512,31.197858,上海市,上海市,徐汇区,121.4489322884217,31.19977888133073,Toilet
复旦大学附属中山医院教学与辅助楼,医疗保健,综合医院,121.453537,31.197857,上海市,上海市,徐汇区,121.44895735302453,31.19977793618685,Medical_Service
复旦大学附属中山医院内科病房大楼,医疗保健,综合医院,121.453345,31.198141,上海市,上海市,徐汇区,121.44876483365,31.200061379089465,Medical_Service
无障碍洗手间,生活服务,公厕,121.453382,31.19735,上海市,上海市,徐汇区,121.44880199724751,31.199270849841056,Toilet
无障碍洗手间,生活服务,公厕,121.453372,31.197361,上海市,上海市,徐汇区,121.44879197055072,31.19928182271285,Toilet
无障碍洗手间,生活服务,公厕,121.453387,31.197374,上海市,上海市,徐汇区,121.44880700804816,31.199294848833546,Toilet
无障碍洗手间,生活服务,公厕,121.453305,31.197266,上海市,上海市,徐汇区,121.4487248063664,31.1991867243842,Toilet
无障碍洗手间,生活服务,公厕,121.453382,31.197303,上海市,上海市,徐汇区,121.44880200130906,31.19922387306024,Toilet
无障碍洗手间,生活服务,公厕,121.453334,31.197286,上海市,上海市,徐汇区,121.44875387923376,31.199206777358462,Toilet
无障碍洗手间,生活服务,公厕,121.45331,31.197362,上海市,上海市,徐汇区,121.44872981092917,31.199282687791904,Toilet
无障碍洗手间,生活服务,公厕,121.453343,31.197427,上海市,上海市,徐汇区,121.44876289020632,31.19934772721723,Toilet
复旦大学附属中山医院5号楼,医疗保健,综合医院,121.453288,31.197244,上海市,上海市,徐汇区,121.4487077645551,31.19916469842117,Medical_Service
中山医院外科大楼,医疗保健,综合医院,121.454045,31.197525,上海市,上海市,徐汇区,121.4494666981898,31.199447209397466,Medical_Service
无障碍洗手间,生活服务,公厕,121.454104,31.197725,上海市,上海市,徐汇区,121.4495258344863,31.199647240049163,Toilet
无障碍洗手间,生活服务,公厕,121.454075,31.197787,上海市,上海市,徐汇区,121.44949675362524,31.199709145819536,Toilet
无障碍洗手间,生活服务,公厕,121.454035,31.197707,上海市,上海市,徐汇区,121.44945665644912,31.19962909760648,Toilet
无障碍洗手间,生活服务,公厕,121.454087,31.197713,上海市,上海市,徐汇区,121.4495087912578,31.19963520867446,Toilet
无障碍洗手间,生活服务,公厕,121.454073,31.197701,上海市,上海市,徐汇区,121.4494947558496,31.19962318388948,Toilet
无障碍洗手间,生活服务,公厕,121.454049,31.197772,上海市,上海市,徐汇区,121.44947068725656,31.19969409620831,Toilet
无障碍洗手间,生活服务,公厕,121.454069,31.197748,上海市,上海市,徐汇区,121.44949074137746,31.19967015191277,Toilet
无障碍洗手间,生活服务,公厕,121.454063,31.197743,上海市,上海市,徐汇区,121.44948472619356,31.19966514122281,Toilet
无障碍洗手间,生活服务,公厕,121.453995,31.197738,上海市,上海市,徐汇区,121.44941654974735,31.199659994649043,Toilet
无障碍洗手间,生活服务,公厕,121.454107,31.197754,上海市,上海市,徐汇区,121.44952883979346,31.199676232315515,Toilet
无障碍洗手间,生活服务,公厕,121.45404,31.197714,上海市,上海市,徐汇区,121.44946166885178,31.199636105110947,Toilet
无障碍洗手间,生活服务,公厕,121.453345,31.197357,上海市,上海市,徐汇区,121.44876490140209,31.199277766131765,Toilet
无障碍洗手间,生活服务,公厕,121.453422,31.197327,上海市,上海市,徐汇区,121.44884210226073,31.19924794801467,Toilet
无障碍洗手间,生活服务,公厕,121.454091,31.197771,上海市,上海市,徐汇区,121.44951279666098,31.199693188816216,Toilet
无障碍洗手间,生活服务,公厕,121.453373,31.197336,上海市,上海市,徐汇区,121.44879297528556,31.19925683723229,Toilet
无障碍洗手间,生活服务,公厕,121.453392,31.197215,上海市,上海市,徐汇区,121.4488120346639,31.199135938237,Toilet
无障碍洗手间,生活服务,公厕,121.453305,31.197384,上海市,上海市,徐汇区,121.44872479616906,31.1993046660891,Toilet
复旦大学附属中山医院-磁共振,医疗保健,综合医院,121.45381,31.198202,上海市,上海市,徐汇区,121.44923102938986,31.200123360985152,Medical_Service
钦州南路钦州路,交通设施,公交站,121.429374,31.161163,上海市,上海市,徐汇区,121.42474835647695,31.16306118170172,Transport
钦州路冠生园路,交通设施,公交站,121.431029,31.162816,上海市,上海市,徐汇区,121.42640567561534,31.164715388246496,Transport
钦州路康健路,交通设施,公交站,121.431137,31.16467,上海市,上海市,徐汇区,121.42651368033316,31.166568563237984,Transport
冠生园路钦州路,交通设施,公交站,121.430243,31.163465,上海市,上海市,徐汇区,121.4256184321855,31.16536305330848,Transport
光大会展中心国际大豪华酒店-洗手间,生活服务,公厕,121.429226,31.167493,上海市,上海市,徐汇区,121.42459959369192,31.16938771356136,Toilet
无障碍洗手间,生活服务,公厕,121.429301,31.167574,上海市,上海市,徐汇区,121.42467469463988,31.169468762313297,Toilet
无障碍洗手间,生活服务,公厕,121.429286,31.167555,上海市,上海市,徐汇区,121.42465967467012,31.169449753991056,Toilet
无障碍洗手间,生活服务,公厕,121.42929,31.167531,上海市,上海市,徐汇区,121.42466368251748,31.169425771243954,Toilet
公厕,生活服务,公厕,121.429942,31.16788,上海市,上海市,徐汇区,121.42531660278708,31.169775388882865,Toilet
无障碍公厕,生活服务,公厕,121.430337,31.16783,上海市,上海市,徐汇区,121.42571219365864,31.16972590729844,Toilet
母婴室,生活服务,公厕,121.430298,31.167724,上海市,上海市,徐汇区,121.42567314459124,31.169619913172586,Toilet
无障碍洗手间,生活服务,公厕,121.431865,31.169283,上海市,上海市,徐汇区,121.42724241183004,31.17118012618759,Toilet
男洗手间,生活服务,公厕,121.43184,31.169264,上海市,上海市,徐汇区,121.42721737416316,31.171161102954837,Toilet
男洗手间,生活服务,公厕,121.431827,31.169239,上海市,上海市,徐汇区,121.42720435590104,31.17113609868641,Toilet
漕宝路习勤路,交通设施,公交站,121.426529,31.167764,上海市,上海市,徐汇区,121.42189888115644,31.169655478317026,Transport
柳州路漕宝路,交通设施,公交站,121.424955,31.16847,上海市,上海市,徐汇区,121.4203228423461,31.17035945611991,Transport
仪表社区卫生运营服务站,医疗保健,综合医院,121.426704,31.169822,上海市,上海市,徐汇区,121.42207393029996,31.171712606796437,Medical_Service
柳州路田林路,交通设施,公交站,121.423602,31.172489,上海市,上海市,徐汇区,121.4189678973863,31.174375049857304,Transport
田林路柳州路,交通设施,公交站,121.422079,31.171357,上海市,上海市,徐汇区,121.41744331511508,31.173242225843747,Transport
KFC,生活服务,公厕,121.423119,31.171371,上海市,上海市,徐汇区,121.4184844482544,31.173257167357423,Toilet
田林东路柳州路,交通设施,公交站,121.424729,31.172033,上海市,上海市,徐汇区,121.4200962595501,31.17392039143532,Transport
公厕,生活服务,公厕,121.424017,31.174071,上海市,上海市,徐汇区,121.41938323913634,31.175956639472226,Toilet
红十字老年护理医院,医疗保健,综合医院,121.422657,31.173681,上海市,上海市,徐汇区,121.41802173651529,31.175565553635657,Medical_Service
田林街道社区卫生中心,医疗保健,综合医院,121.422525,31.173305,上海市,上海市,徐汇区,121.41788962526977,31.175189626084983,Medical_Service
田林街道社区卫生中心门诊,医疗保健,综合医院,121.422628,31.173283,上海市,上海市,徐汇区,121.4179927394066,31.17516773122547,Medical_Service
医疗急救中心,医疗保健,急救中心,121.422079,31.176546,上海市,上海市,徐汇区,121.41744286410317,31.17842856669502,Medical_Service
市六医院,交通设施,公交站,121.423318,31.177233,上海市,上海市,徐汇区,121.4186831623952,31.17911635194963,Transport
公厕,生活服务,公厕,121.416821,31.171167,上海市,上海市,徐汇区,121.41218047679244,31.17304827489744,Toilet
女洗手间,生活服务,公厕,121.416224,31.172306,上海市,上海市,徐汇区,121.4115829197532,31.17418630883424,Toilet
桂林路宜山路,交通设施,公交站,121.416751,31.173273,上海市,上海市,徐汇区,121.41211023897374,31.175153147470056,Transport
无障碍洗手间,生活服务,公厕,121.416843,31.174779,上海市,上海市,徐汇区,121.41220217993748,31.176658435574986,Toilet
田林路桂林路,交通设施,公交站,121.41855,31.170645,上海市,上海市,徐汇区,121.41391095599774,31.172527736782698,Transport
桂林路田林路,交通设施,公交站,121.417434,31.171145,上海市,上海市,徐汇区,121.41279396878764,31.173026693730797,Transport
公厕,生活服务,公厕,121.421116,31.171646,上海市,上海市,徐汇区,121.41647929075488,31.1735302421706,Toilet
桂林路,交通设施,地铁,121.418022,31.174769,上海市,上海市,徐汇区,121.41338214263344,31.176649240789136,Transport
公厕,生活服务,公厕,121.419454,31.173988,上海市,上海市,徐汇区,121.41481547854244,31.17586969733551,Toilet
母婴室,生活服务,公厕,121.418338,31.174642,上海市,上海市,徐汇区,121.41369842408142,31.17652253095997,Toilet
柳州路宜山路,交通设施,公交站,121.421889,31.175233,上海市,上海市,徐汇区,121.41725277717876,31.1771160695649,Transport
神旺大豪华酒店-洗手间,生活服务,公厕,121.420324,31.175943,上海市,上海市,徐汇区,121.4156861323147,31.177824384232864,Toilet
公厕,生活服务,公厕,121.420495,31.178121,上海市,上海市,徐汇区,121.41585710960206,31.18000141230083,Toilet
第六人民医院骨科楼6号楼,医疗保健,综合医院,121.421957,31.179709,上海市,上海市,徐汇区,121.41732045981846,31.18158984774164,Medical_Service
第六人民医院10号楼,医疗保健,综合医院,121.421217,31.177713,上海市,上海市,徐汇区,121.41657986585405,31.17959422205332,Medical_Service
无障碍洗手间,生活服务,公厕,121.421894,31.179639,上海市,上海市,徐汇区,121.41725739943122,31.181519827748076,Toilet
无障碍洗手间,生活服务,公厕,121.421981,31.179712,上海市,上海市,徐汇区,121.417344484936,31.18159286743015,Toilet
无障碍洗手间,生活服务,公厕,121.421903,31.179715,上海市,上海市,徐汇区,121.41726640230722,31.1815957970596,Toilet
无障碍洗手间,生活服务,公厕,121.421922,31.179621,上海市,上海市,徐汇区,121.41728543051356,31.181501861565497,Toilet
无障碍洗手间,生活服务,公厕,121.421913,31.179627,上海市,上海市,徐汇区,121.41727642049966,31.181507850582847,Toilet
无障碍公厕,生活服务,公厕,121.42191,31.179651,上海市,上海市,徐汇区,121.41727341525002,31.181531835744224,Toilet
钦江路苍梧路,交通设施,公交站,121.412426,31.176941,上海市,上海市,徐汇区,121.40778204897036,31.178816894537423,Transport
桂林路地铁站10号口,交通设施,地铁,121.414353,31.177294,上海市,上海市,徐汇区,121.4097101739375,31.1791706683778,Transport
新宜街-男洗手间,生活服务,公厕,121.4168,31.175206,上海市,上海市,徐汇区,121.41215910912716,31.177085189104133,Toilet
女洗手间,生活服务,公厕,121.416667,31.175128,上海市,上海市,徐汇区,121.41202601237532,31.177007142967,Toilet
男洗手间,生活服务,公厕,121.416747,31.175124,上海市,上海市,徐汇区,121.41210607488672,31.177003196668576,Toilet
桂林路地铁站9号口,交通设施,地铁,121.415382,31.176356,上海市,上海市,徐汇区,121.41073995393836,31.17823372545401,Transport
桂林路地铁站8号口,交通设施,地铁,121.415455,31.17598,上海市,上海市,徐汇区,121.4108130383396,31.17785796036832,Transport
桂林路地铁站6号口,交通设施,地铁,121.416091,31.175295,上海市,上海市,徐汇区,121.4114495603703,31.17717369420705,Transport
桂林路钦江路,交通设施,公交站,121.414665,31.179195,上海市,上海市,徐汇区,121.4100222143522,31.18107087072635,Transport
田林街道社区卫生中心千鹤社区卫生服务站,医疗保健,综合医院,121.416065,31.178134,上海市,上海市,徐汇区,121.41142329411448,31.18001122926009,Medical_Service
桂林路地铁站11号口,交通设施,地铁,121.414623,31.178269,上海市,上海市,徐汇区,121.40998026690188,31.18014531869997,Transport
桂林路地铁站13号口,交通设施,地铁,121.415313,31.177589,上海市,上海市,徐汇区,121.41067079808649,31.17946605613545,Transport
桂林路地铁站12号口,交通设施,地铁,121.414388,31.179338,上海市,上海市,徐汇区,121.40974501895064,31.181213646604544,Transport
第八人民医院,医疗保健,综合医院,121.433272,31.167267,上海市,上海市,徐汇区,121.42865185059708,31.169167070605795,Medical_Service
漕河泾,交通设施,公交站,121.434175,31.166815,上海市,上海市,徐汇区,121.4295563954541,31.168716570485408,Transport
120救护中心,医疗保健,急救中心,121.432145,31.167394,上海市,上海市,徐汇区,121.42752301824645,31.169292474018537,Medical_Service
无障碍洗手间,生活服务,公厕,121.432799,31.167558,上海市,上海市,徐汇区,121.42817805310123,31.169457270897805,Toilet
无障碍洗手间,生活服务,公厕,121.432783,31.167535,上海市,上海市,徐汇区,121.42816202917196,31.169434261003715,Toilet
无障碍洗手间,生活服务,公厕,121.43282,31.167602,上海市,上海市,徐汇区,121.42819908332976,31.16950127675708,Toilet
无障碍洗手间,生活服务,公厕,121.432747,31.167574,上海市,上海市,徐汇区,121.42812596750544,31.169473191842105,Toilet
第六人民医院徐汇分院,医疗保健,综合医院,121.434112,31.167154,上海市,上海市,徐汇区,121.42949325967469,31.16905530554766,Medical_Service
漕宝路地铁站1号口,交通设施,地铁,121.434154,31.167973,上海市,上海市,徐汇区,121.42953525953564,31.16987394154373,Transport
无障碍洗手间,生活服务,公厕,121.432671,31.167646,上海市,上海市,徐汇区,121.4280498384326,31.169545051365155,Toilet
无障碍洗手间,生活服务,公厕,121.432652,31.167587,上海市,上海市,徐汇区,121.42803081289053,31.169486056109065,Toilet
无障碍洗手间,生活服务,公厕,121.432652,31.16759,上海市,上海市,徐汇区,121.42803081263024,31.16948905455741,Toilet
第八人民医院医学美容科,医疗保健,综合医院,121.434105,31.167656,上海市,上海市,徐汇区,121.42948620432666,31.169557035907054,Medical_Service
第八人民医院外科综合楼,医疗保健,综合医院,121.433656,31.167545,上海市,上海市,徐汇区,121.42903646174044,31.169445460850387,Medical_Service
第八人民医院-消化内科,医疗保健,综合医院,121.433804,31.166796,上海市,上海市,徐汇区,121.42918477353224,31.16869705600149,Medical_Service
第八人民医院门急诊楼,医疗保健,综合医院,121.432555,31.167431,上海市,上海市,徐汇区,121.42793367017896,31.169330005479928,Medical_Service
第八人民医院-内科大楼,医疗保健,综合医院,121.43385,31.166684,上海市,上海市,徐汇区,121.4292308601866,31.168585178691146,Medical_Service
漕河泾,交通设施,公交站,121.434386,31.166249,上海市,上海市,徐汇区,121.4297678022714,31.168151164488066,Transport
无障碍公厕,生活服务,公厕,121.435141,31.166726,上海市,上海市,徐汇区,121.43052405919818,31.16862900926935,Toilet
无障碍公厕,生活服务,公厕,121.435153,31.166965,上海市,上海市,徐汇区,121.43053605933852,31.16886790307254,Toilet
中国人民解放军第八五医院,医疗保健,综合医院,121.435182,31.166949,上海市,上海市,徐汇区,121.43056511117992,31.16885195379204,Medical_Service
九〇五医院分院,医疗保健,综合医院,121.435259,31.166821,上海市,上海市,徐汇区,121.43064225644666,31.168724132911525,Medical_Service
漕宝路地铁站5号口,交通设施,地铁,121.434718,31.167317,上海市,上海市,徐汇区,121.43010027704254,31.169219088622555,Transport
上海真安堂中医门诊部,医疗保健,综合医院,121.436618,31.168841,上海市,上海市,徐汇区,121.4320034977912,31.17074512133193,Medical_Service
漕宝路地铁站4号口,交通设施,地铁,121.434989,31.168143,上海市,上海市,徐汇区,121.4303716726466,31.170045054440617,Transport
漕宝路地铁站2号口,交通设施,地铁,121.435107,31.168743,上海市,上海市,徐汇区,121.4304898252082,31.170644916561542,Transport
漕宝路地铁站3号口,交通设施,地铁,121.435396,31.16878,上海市,上海市,徐汇区,121.43077932601864,31.17068232138454,Transport
龙漕路地铁站6号口,交通设施,地铁,121.443519,31.170613,上海市,上海市,徐汇区,121.43891800098392,31.172527705047557,Transport
龙华,交通设施,公交站,121.44488,31.171964,上海市,上海市,徐汇区,121.440281842991,31.1738805024502,Transport
佛慈堂中医馆,医疗保健,诊所,121.450495,31.172639,上海市,上海市,徐汇区,121.44590987283804,31.174566183873967,Medical_Service
龙华,交通设施,公交站,121.447394,31.173495,上海市,上海市,徐汇区,121.44280139796624,31.175415508085354,Transport
龙华,交通设施,公交站,121.447908,31.1744,上海市,上海市,徐汇区,121.44331651735902,31.176321053420352,Transport
龙华西路天钥桥路,交通设施,公交站,121.44732,31.173541,上海市,上海市,徐汇区,121.44272722252684,31.17546134002609,Transport
公厕,生活服务,公厕,121.448347,31.174769,上海市,上海市,徐汇区,121.44375651759044,31.176690734187403,Toilet
龙华街道社区卫生中心,医疗保健,综合医院,121.446817,31.173291,上海市,上海市,徐汇区,121.44222308513945,31.175210491710583,Medical_Service
社区药物维持治疗门诊,医疗保健,诊所,121.44719,31.173161,上海市,上海市,徐汇区,121.44259695476768,31.17508128164516,Medical_Service
精神卫生中心门诊,医疗保健,诊所,121.447187,31.173245,上海市,上海市,徐汇区,121.4425939405738,31.175165232710658,Medical_Service
龙华街道社区卫生中心-预防接种门诊,医疗保健,诊所,121.447279,31.173191,上海市,上海市,徐汇区,121.44268615790426,31.17511143959705,Medical_Service
公厕,生活服务,公厕,121.433987,31.172715,上海市,上海市,徐汇区,121.42936756681324,31.17461326197937,Toilet
公厕,生活服务,公厕,121.431927,31.172738,上海市,上海市,徐汇区,121.42730420964187,31.174633430015597,Toilet
漕溪路田林东路,交通设施,公交站,121.434932,31.172445,上海市,上海市,徐汇区,121.43031420095537,31.17434475507013,Transport
公厕,生活服务,公厕,121.436602,31.172579,上海市,上海市,徐汇区,121.4319871447176,31.174481172217597,Toilet
中医堂,医疗保健,诊所,121.436781,31.170913,上海市,上海市,徐汇区,121.43216661413778,31.172816302183627,Medical_Service
漕东路漕溪路,交通设施,公交站,121.435938,31.173705,上海市,上海市,徐汇区,121.4313218554098,31.17560559198302,Transport
漕溪新村社区卫生运营服务站,医疗保健,综合医院,121.436899,31.170968,上海市,上海市,徐汇区,121.43228482445922,31.172871454845676,Medical_Service
漕东支路漕东路,交通设施,公交站,121.437574,31.172924,上海市,上海市,徐汇区,121.4329608984484,31.174827495874112,Transport
公厕,生活服务,公厕,121.439044,31.173804,上海市,上海市,徐汇区,121.43443360749426,31.175709388652905,Toilet
希夷中医,医疗保健,诊所,121.436963,31.174477,上海市,上海市,徐汇区,121.43234863716886,31.176378751712363,Medical_Service
上海体育馆,交通设施,公交站,121.439623,31.183449,上海市,上海市,徐汇区,121.43501289742258,31.1853504279695,Transport
上海体育馆,交通设施,公交站,121.440523,31.183657,上海市,上海市,徐汇区,121.43591466164168,31.185559823166216,Transport
上海体育馆,交通设施,地铁,121.43746,31.182784,上海市,上海市,徐汇区,121.43284583190012,31.18468229418947,Transport
男洗手间,生活服务,公厕,121.437413,31.183368,上海市,上海市,徐汇区,121.43279869419165,31.18526592574975,Toilet
男洗手间,生活服务,公厕,121.43727,31.183343,上海市,上海市,徐汇区,121.43265543214042,31.185240716077463,Toilet
男洗手间,生活服务,公厕,121.437416,31.183356,上海市,上海市,徐汇区,121.43280170078616,31.185253936485413,Toilet
男洗手间,生活服务,公厕,121.437878,31.1834,上海市,上海市,徐汇区,121.43326455752172,31.18529863833255,Toilet
女洗手间,生活服务,公厕,121.437453,31.183356,上海市,上海市,徐汇区,121.43283876931952,31.18525399414764,Toilet
女洗手间,生活服务,公厕,121.437273,31.183307,上海市,上海市,徐汇区,121.43265844079548,31.185204738922,Toilet
女洗手间,生活服务,公厕,121.437947,31.183438,上海市,上海市,徐汇区,121.43333368364682,31.1853367280366,Toilet
男洗手间,生活服务,公厕,121.437406,31.183372,上海市,上海市,徐汇区,121.43279168088752,31.185269912827035,Toilet
无障碍洗手间,生活服务,公厕,121.437343,31.183345,上海市,上海市,徐汇区,121.43272856672276,31.18524282844413,Toilet
无障碍洗手间,生活服务,公厕,121.437229,31.183379,上海市,上海市,徐汇区,121.43261435344812,31.185276634308646,Toilet
上海体育馆地铁站3号口,交通设施,地铁,121.436865,31.182381,上海市,上海市,徐汇区,121.4322497727216,31.184278577515784,Transport
上海体育馆地铁站2号口,交通设施,地铁,121.438058,31.182691,上海市,上海市,徐汇区,121.43344495710892,31.18459028122604,Transport
上海体育馆地铁站1号口,交通设施,地铁,121.437135,31.182962,上海市,上海市,徐汇区,121.43252021666925,31.18485969954985,Transport
漕溪北路蒲汇塘路,交通设施,公交站,121.436806,31.185636,上海市,上海市,徐汇区,121.43219038283569,31.187531844152797,Transport
徐家汇街道社区卫生中心泰东新村卫生服务站,医疗保健,综合医院,121.44056,31.187417,上海市,上海市,徐汇区,121.43595140984678,31.18931799228439,Medical_Service
上海宝君堂中医诊所,医疗保健,诊所,121.440058,31.187225,上海市,上海市,徐汇区,121.43544842667173,31.18912524706795,Medical_Service
漕溪北路裕德路,交通设施,公交站,121.436486,31.185052,上海市,上海市,徐汇区,121.43186985318108,31.186947650128683,Transport
徐汇新村社区卫生运营服务站,医疗保健,综合医院,121.434463,31.186567,上海市,上海市,徐汇区,121.4298431706365,31.188458901199645,Medical_Service
南丹路文定路,交通设施,公交站,121.434793,31.188893,上海市,上海市,徐汇区,121.43017353410876,31.190784209396853,Transport
南丹路漕溪北路,交通设施,公交站,121.434762,31.189042,上海市,上海市,徐汇区,121.43014246783548,31.19093308992843,Transport
翡立思门诊部,医疗保健,诊所,121.433627,31.186853,上海市,上海市,徐汇区,121.42900573807596,31.18874357401204,Medical_Service
枫林街道社区卫生中心,医疗保健,综合医院,121.449146,31.180132,上海市,上海市,徐汇区,121.44455695412042,31.18205260119195,Medical_Service
双峰路华容路,交通设施,公交站,121.449094,31.181165,上海市,上海市,徐汇区,121.44450474027576,31.183084972158465,Transport
公厕,生活服务,公厕,121.448007,31.181637,上海市,上海市,徐汇区,121.44341512346816,31.18355456248236,Toilet
无障碍公厕,生活服务,公厕,121.448026,31.181635,上海市,上海市,徐汇区,121.44343416822278,31.18355260105772,Toilet
华容路双峰路,交通设施,公交站,121.451042,31.180395,上海市,上海市,徐汇区,121.44645755114362,31.18231936058688,Transport
华容路龙华路,交通设施,公交站,121.450044,31.180064,上海市,上海市,徐汇区,121.44545712883225,31.18198646327847,Transport
双峰路中山南二路,交通设施,公交站,121.44847,31.182817,上海市,上海市,徐汇区,121.44387911231306,31.1847348843926,Transport
公共厕所,生活服务,公厕,121.44756,31.184576,上海市,上海市,徐汇区,121.44296682495764,31.18649119715909,Toilet
枫林社区卫生中心天龙社区卫生服务站,医疗保健,综合医院,121.447024,31.18465,上海市,上海市,徐汇区,121.44242957803424,31.186564114734225,Medical_Service
针灸经络研究所医疗门诊部,医疗保健,诊所,121.44906,31.186344,上海市,上海市,徐汇区,121.44447021103636,31.18826128852571,Medical_Service
中山南二路宛平南路,交通设施,公交站,121.449479,31.184516,上海市,上海市,徐汇区,121.4448903752464,31.18643505688997,Transport
公厕,生活服务,公厕,121.451461,31.184507,上海市,上海市,徐汇区,121.44687723738409,31.186430157819995,Toilet
气功研究所医疗门诊部,医疗保健,诊所,121.449327,31.186565,上海市,上海市,徐汇区,121.44473783218298,31.18848271686716,Medical_Service
龙华医院,医疗保健,综合医院,121.450565,31.188015,上海市,上海市,徐汇区,121.44597871570105,31.189934524037668,Medical_Service
龙华医院,交通设施,公交站,121.449767,31.18704,上海市,上海市,徐汇区,121.44517885295168,31.188958372855144,Transport
无障碍洗手间,生活服务,公厕,121.45046,31.188027,上海市,上海市,徐汇区,121.4458734569148,31.18994630083612,Toilet
无障碍洗手间,生活服务,公厕,121.450481,31.187941,上海市,上海市,徐汇区,121.44589451586248,31.18986038737837,Toilet
无障碍洗手间,生活服务,公厕,121.450464,31.188006,上海市,上海市,徐汇区,121.44587746854084,31.189925319635496,Toilet
无障碍洗手间,生活服务,公厕,121.450419,31.187995,上海市,上海市,徐汇区,121.44583235916444,31.189914232189743,Toilet
无障碍洗手间,生活服务,公厕,121.450518,31.188003,上海市,上海市,徐汇区,121.4459316013072,31.1899224327924,Toilet
无障碍洗手间,生活服务,公厕,121.450479,31.188038,上海市,上海市,徐汇区,121.44589250256917,31.189957334589256,Toilet
无障碍洗手间,生活服务,公厕,121.450472,31.188044,上海市,上海市,徐汇区,121.4458854848782,31.189963317110426,Toilet
无障碍洗手间,生活服务,公厕,121.451328,31.188558,上海市,上海市,徐汇区,121.44674355580042,31.19047884187495,Toilet
无障碍洗手间,生活服务,公厕,121.450002,31.187178,上海市,上海市,徐汇区,121.44541441156126,31.189096784275232,Toilet
上海中医药大学零陵路530号科技综合楼,医疗保健,综合医院,121.451011,31.188986,上海市,上海市,徐汇区,121.44642573180371,31.19090596430964,Medical_Service
无障碍洗手间,生活服务,公厕,121.449885,31.187704,上海市,上海市,徐汇区,121.44529708172225,31.189622280610912,Toilet
无障碍洗手间,生活服务,公厕,121.449617,31.188179,上海市,上海市,徐汇区,121.44502839151826,31.190096495393053,Toilet
无障碍洗手间,生活服务,公厕,121.451296,31.188518,上海市,上海市,徐汇区,121.44671147962116,31.19043879481605,Toilet
无障碍洗手间,生活服务,公厕,121.451317,31.18851,上海市,上海市,徐汇区,121.44673253256953,31.190430842859136,Toilet
无障碍洗手间,生活服务,公厕,121.451629,31.187898,上海市,上海市,徐汇区,121.44704536403944,31.189819805792272,Toilet
无障碍洗手间,生活服务,公厕,121.451337,31.188487,上海市,上海市,徐汇区,121.44675258434332,31.19040789633791,Toilet
无障碍洗手间,生活服务,公厕,121.451653,31.187953,上海市,上海市,徐汇区,121.44706941934513,31.189874828811067,Toilet
无障碍洗手间,生活服务,公厕,121.451317,31.188544,上海市,上海市,徐汇区,121.44673252963054,31.190464825819483,Toilet
无障碍洗手间,生活服务,公厕,121.451616,31.18781,上海市,上海市,徐汇区,121.44703233912335,31.189731822537308,Toilet
无障碍洗手间,生活服务,公厕,121.451364,31.188531,上海市,上海市,徐汇区,121.4467796477774,31.19045193094297,Toilet
无障碍洗手间,生活服务,公厕,121.451621,31.187845,上海市,上海市,徐汇区,121.4470373486059,31.18976681551657,Toilet
无障碍洗手间,生活服务,公厕,121.451529,31.187815,上海市,上海市,徐汇区,121.44694512122646,31.18973663678095,Toilet
无障碍洗手间,生活服务,公厕,121.451594,31.187879,上海市,上海市,徐汇区,121.44701027813848,31.189800741555384,Toilet
无障碍洗手间,生活服务,公厕,121.451669,31.187822,上海市,上海市,徐汇区,121.4470854707204,31.18974392828167,Toilet
无障碍洗手间,生活服务,公厕,121.45008,31.187132,上海市,上海市,徐汇区,121.44549260543484,31.189050967385924,Toilet
无障碍洗手间,生活服务,公厕,121.45013,31.187158,上海市,上海市,徐汇区,121.4455427250522,31.189077057011456,Toilet
无障碍洗手间,生活服务,公厕,121.450444,31.188052,上海市,上海市,徐汇区,121.44585741551856,31.189971255237623,Toilet
无障碍洗手间,生活服务,公厕,121.451576,31.187834,上海市,上海市,徐汇区,121.44699223702574,31.189755726210667,Toilet
无障碍洗手间,生活服务,公厕,121.451333,31.188505,上海市,上海市,徐汇区,121.44674857282894,31.190425878925048,Toilet
无障碍洗手间,生活服务,公厕,121.451348,31.188576,上海市,上海市,徐汇区,121.44676360403948,31.190496874813785,Toilet
无障碍洗手间,生活服务,公厕,121.451342,31.188559,上海市,上海市,徐汇区,121.44675759056872,31.190479870743797,Toilet
无障碍洗手间,生活服务,公厕,121.451389,31.188531,上海市,上海市,徐汇区,121.44680471006168,31.19045198342629,Toilet
无障碍洗手间,生活服务,公厕,121.451516,31.187867,上海市,上海市,徐汇区,121.4469320842645,31.18978858333305,Toilet
无障碍洗手间,生活服务,公厕,121.451485,31.187799,上海市,上海市,徐汇区,121.44690101274831,31.18972055223408,Toilet
无障碍洗手间,生活服务,公厕,121.451335,31.188509,上海市,上海市,徐汇区,121.44675057746232,31.19042988111596,Toilet
无障碍洗手间,生活服务,公厕,121.451386,31.188538,上海市,上海市,徐汇区,121.4468017019811,31.190458973618995,Toilet
上海中医药大学附属龙华医院住院,医疗保健,综合医院,121.451299,31.187963,上海市,上海市,徐汇区,121.4467145350596,31.189884079379823,Medical_Service
上海中医药大学附属龙华医院3,医疗保健,综合医院,121.450454,31.187883,上海市,上海市,徐汇区,121.44586745465078,31.1898023606712,Medical_Service
上海中医药大学附属龙华医院2,医疗保健,综合医院,121.450183,31.187823,上海市,上海市,徐汇区,121.44559579684696,31.189741832131563,Medical_Service
上海平令中医诊所,医疗保健,诊所,121.449532,31.189012,上海市,上海市,徐汇区,121.4449431142427,31.190928905045084,Medical_Service
上海中医药大学附属龙华医院胸痛中心,医疗保健,综合医院,121.449243,31.188413,上海市,上海市,徐汇区,121.44465347058848,31.190329619187143,Medical_Service
上海中医药大学附属龙华医院3号楼,医疗保健,综合医院,121.450526,31.188006,上海市,上海市,徐汇区,121.44593962068907,31.18992544783765,Medical_Service
上海中医药大学附属龙华医院11号楼,医疗保健,综合医院,121.451326,31.18797,上海市,上海市,徐汇区,121.44674160164834,31.18989113248904,Medical_Service
上海中医药大学附属龙华医院5号楼,医疗保健,综合医院,121.449598,31.188123,上海市,上海市,徐汇区,121.44500935045843,31.190040484798583,Medical_Service
上海中医药大学附属龙华医院7号楼,医疗保健,综合医院,121.450667,31.188959,上海市,上海市,徐汇区,121.44608088492,31.19087826226487,Medical_Service
上海中医药大学附属龙华医院4,医疗保健,综合医院,121.450329,31.188306,上海市,上海市,徐汇区,121.44574211187852,31.1902248905267,Medical_Service
上海中医药大学附属龙华医院9,医疗保健,综合医院,121.450702,31.188377,上海市,上海市,徐汇区,121.44611602141106,31.190296626488344,Medical_Service
上海中医药大学附属龙华医院2号楼,医疗保健,综合医院,121.449895,31.187648,上海市,上海市,徐汇区,121.44530711084566,31.189566329173022,Medical_Service
上海中医药大学附属龙华医院总院肠道门诊,医疗保健,综合医院,121.450725,31.188619,上海市,上海市,徐汇区,121.4461390571451,31.190538552940303,Medical_Service
上海中医药大学附属龙华医院远志楼,医疗保健,综合医院,121.451033,31.187589,上海市,上海市,徐汇区,121.44644790705136,31.18950971061244,Medical_Service
精神卫生中心-门诊,医疗保健,诊所,121.448964,31.187546,上海市,上海市,徐汇区,121.44437387762244,31.1894624912882,Medical_Service
同济大学医学院教学医院,医疗保健,综合医院,121.449101,31.187938,上海市,上海市,徐汇区,121.44451117128592,31.18985457057981,Medical_Service
无障碍洗手间,生活服务,公厕,121.447918,31.187106,上海市,上海市,徐汇区,121.4433254417266,31.189020627858856,Toilet
无障碍洗手间,生活服务,公厕,121.44794,31.187165,上海市,上海市,徐汇区,121.44334748816084,31.189079641645996,Toilet
无障碍洗手间,生活服务,公厕,121.449149,31.18733,上海市,上海市,徐汇区,121.44455933883458,31.189246972581785,Toilet
无障碍洗手间,生活服务,公厕,121.448644,31.187966,上海市,上海市,徐汇区,121.444053079352,31.18988163857827,Toilet
无障碍洗手间,生活服务,公厕,121.447944,31.187149,上海市,上海市,徐汇区,121.44335149891812,31.18906365757875,Toilet
无障碍洗手间,生活服务,公厕,121.447085,31.187516,上海市,上海市,徐汇区,121.44249047055894,31.189428791232803,Toilet
无障碍洗手间,生活服务,公厕,121.447941,31.187207,上海市,上海市,徐汇区,121.44334848687024,31.18912162252641,Toilet
无障碍洗手间,生活服务,公厕,121.447973,31.187065,上海市,上海市,徐汇区,121.4433805741609,31.188979757040265,Toilet
无障碍洗手间,生活服务,公厕,121.447891,31.187194,上海市,上海市,徐汇区,121.44329837088983,31.18910853039513,Toilet
无障碍洗手间,生活服务,公厕,121.447845,31.187096,上海市,上海市,徐汇区,121.4432522717296,31.18901048893201,Toilet
无障碍洗手间,生活服务,公厕,121.447959,31.187201,上海市,上海市,徐汇区,121.44336652957418,31.189115661080187,Toilet
无障碍洗手间,生活服务,公厕,121.449111,31.187355,上海市,上海市,徐汇区,121.444521245653,31.189271883340098,Toilet
无障碍洗手间,生活服务,公厕,121.44916,31.187314,上海市,上海市,徐汇区,121.4445703665778,31.189231002825117,Toilet
无障碍洗手间,生活服务,公厕,121.449083,31.187329,上海市,上海市,徐汇区,121.44449318087509,31.18924583992116,Toilet
上海体育场地铁站2号口,交通设施,地铁,121.44432,31.185857,上海市,上海市,徐汇区,121.43971941239104,31.187765401061128,Transport
零陵路双峰北路,交通设施,公交站,121.445588,31.187266,上海市,上海市,徐汇区,121.44099009145498,31.18917605201373,Transport
零陵社区卫生运营服务站,医疗保健,综合医院,121.444573,31.186878,上海市,上海市,徐汇区,121.43997287698932,31.188786353394438,Medical_Service
南丹东路天钥桥路,交通设施,公交站,121.443803,31.190454,上海市,上海市,徐汇区,121.43920089332256,31.192359151857552,Transport
斜土路南丹东路,交通设施,公交站,121.445918,31.19015,上海市,上海市,徐汇区,121.441320582776,31.1920592312567,Transport
南丹东路斜土路,交通设施,公交站,121.444905,31.190736,上海市,上海市,徐汇区,121.44030527306184,31.19264303577331,Transport
颈医卫,医疗保健,诊所,121.446629,31.191177,上海市,上海市,徐汇区,121.44203310711818,31.19308707724731,Medical_Service
万承志堂,医疗保健,诊所,121.446286,31.191489,上海市,上海市,徐汇区,121.44168929900265,31.19339826361605,Medical_Service
春忠堂中医门诊部,医疗保健,诊所,121.446262,31.191436,上海市,上海市,徐汇区,121.44166524913403,31.19334524418111,Medical_Service
上海承态堂中医门诊部,医疗保健,诊所,121.446379,31.191409,上海市,上海市,徐汇区,121.44178251719327,31.193318481479995,Medical_Service
辛耕路天钥桥路,交通设施,公交站,121.442378,31.19241,上海市,上海市,徐汇区,121.4377726983735,31.194311628510206,Transport
宛平南路斜土路,交通设施,公交站,121.448352,31.189611,上海市,上海市,徐汇区,121.44376024566888,31.19152523202017,Transport
斜土路东安路,交通设施,公交站,121.450979,31.193701,上海市,上海市,徐汇区,121.4463932449446,31.195618545247356,Transport
斜土路宛平南路,交通设施,公交站,121.449854,31.193098,上海市,上海市,徐汇区,121.44526553998948,31.19501352205364,Transport
上海复旦大学中山医院高压氧舱治疗室,医疗保健,综合医院,121.45113,31.191647,上海市,上海市,徐汇区,121.44654479669492,31.193565883048574,Medical_Service
复旦大学附属中山医院康复医学中心住院部,医疗保健,综合医院,121.450492,31.193277,上海市,上海市,徐汇区,121.44590508145956,31.19519374483153,Medical_Service
上海承志堂中医门诊部,医疗保健,诊所,121.447511,31.19153,上海市,上海市,徐汇区,121.44291710928206,31.19344161350147,Medical_Service
熔仁堂中医门诊,医疗保健,诊所,121.451161,31.194134,上海市,上海市,徐汇区,121.44657565860516,31.19605171021434,Medical_Service
东安路肇嘉浜路,交通设施,公交站,121.450593,31.197565,上海市,上海市,徐汇区,121.4460059587014,31.199479828778383,Transport
复旦大学上海医学院枫林路校区西区校医院,医疗保健,综合医院,121.450628,31.197013,上海市,上海市,徐汇区,121.44604109251236,31.198928174012728,Medical_Service
肇嘉浜路地铁站3号口,交通设施,地铁,121.450768,31.198267,上海市,上海市,徐汇区,121.4461813288636,31.20018184534332,Transport
复旦大学枫林校区门诊部,医疗保健,诊所,121.450496,31.196969,上海市,上海市,徐汇区,121.44590877198304,31.198883922498368,Medical_Service
肇嘉浜路天平路,交通设施,公交站,121.442095,31.195413,上海市,上海市,徐汇区,121.43748884854928,31.197312640207286,Transport
徐家汇街道社区卫生中心,医疗保健,综合医院,121.442688,31.193936,上海市,上海市,徐汇区,121.43808321625306,31.19583741685552,Medical_Service
科汇社区卫生运营服务站,医疗保健,综合医院,121.442469,31.193928,上海市,上海市,徐汇区,121.43786375719704,31.195829033725992,Medical_Service
宛平南路肇嘉浜路,交通设施,公交站,121.445279,31.196006,上海市,上海市,徐汇区,121.4406796452647,31.19791111314168,Transport
无障碍洗手间,生活服务,公厕,121.445056,31.1953,上海市,上海市,徐汇区,121.44045621157034,31.19720504612285,Toilet
公厕,生活服务,公厕,121.441861,31.197967,上海市,上海市,徐汇区,121.43725414251534,31.199864969140148,Toilet
徐家汇,交通设施,公交站,121.437986,31.190925,上海市,上海市,徐汇区,121.4333721075566,31.1928200295873,Transport
徐家汇,交通设施,公交站,121.437996,31.190863,上海市,上海市,徐汇区,121.4333821317309,31.192758076356093,Transport
南丹东路漕溪北路,交通设施,公交站,121.43892,31.189179,上海市,上海市,徐汇区,121.4343080355715,31.19107639742549,Transport
建国酒店-洗手间,生活服务,公厕,121.438228,31.190001,上海市,上海市,徐汇区,121.43361464394182,31.19189687510617,Toilet
徐家汇地铁站2号口,交通设施,地铁,121.4377,31.189269,上海市,上海市,徐汇区,121.43308571569884,31.19116440684608,Transport
徐家汇地铁站4号口,交通设施,地铁,121.438352,31.190726,上海市,上海市,徐汇区,121.43373881594152,31.192621710481447,Transport
徐家汇地铁站5号口,交通设施,地铁,121.43843,31.190994,上海市,上海市,徐汇区,121.43381694082956,31.192889701323143,Transport
徐家汇地铁站1号口,交通设施,地铁,121.43701,31.189298,上海市,上海市,徐汇区,121.43239443775084,31.19119231929925,Transport
徐家汇地铁站3号口,交通设施,地铁,121.437429,31.190783,上海市,上海市,徐汇区,121.43281408064364,31.19267722612488,Transport
公厕,生活服务,公厕,121.440267,31.197586,上海市,上海市,徐汇区,121.43565694314124,31.19948143624677,Toilet
广元西路华山路,交通设施,公交站,121.433497,31.195322,上海市,上海市,徐汇区,121.42887478704412,31.197208165947107,Transport
徐家汇街道社区卫生中心-预防接种门诊,医疗保健,诊所,121.43191,31.194498,上海市,上海市,徐汇区,121.42728529360193,31.196382419327207,Medical_Service
公厕,生活服务,公厕,121.434532,31.196931,上海市,上海市,徐汇区,121.429911388738,31.198817833298765,Toilet
百联徐汇商场-无障碍洗手间,生活服务,公厕,121.436745,31.197409,上海市,上海市,徐汇区,121.43212825032263,31.199298879268778,Toilet
卫生间,生活服务,公厕,121.436632,31.197328,上海市,上海市,徐汇区,121.43201505216672,31.199217746695307,Toilet
广元西路恭城路,交通设施,公交站,121.433883,31.196009,上海市,上海市,徐汇区,121.4292613705356,31.197895366200388,Transport
男洗手间,生活服务,公厕,121.417725,31.180958,上海市,上海市,徐汇区,121.41308435509912,31.18283488015616,Toilet
女洗手间,生活服务,公厕,121.417733,31.180961,上海市,上海市,徐汇区,121.41309236149164,31.18283788417147,Toilet
女洗手间,生活服务,公厕,121.41954,31.180852,上海市,上海市,徐汇区,121.41490096133452,31.182730264372847,Toilet
男洗手间,生活服务,公厕,121.419553,31.180915,上海市,上海市,徐汇区,121.41491396792816,31.18279324249014,Toilet
女洗手间,生活服务,公厕,121.417791,31.180978,上海市,上海市,徐汇区,121.41315040835282,31.182854915778083,Toilet
男洗手间,生活服务,公厕,121.41773,31.180935,上海市,上海市,徐汇区,121.41308936125763,31.18281189527948,Toilet
男洗手间,生活服务,公厕,121.419557,31.180888,上海市,上海市,徐汇区,121.41491797399254,31.182766259282147,Toilet
男洗手间,生活服务,公厕,121.41952,31.180913,上海市,上海市,徐汇区,121.41488093747456,31.182791217962645,Toilet
公厕,生活服务,公厕,121.41977,31.180884,上海市,上海市,徐汇区,121.41513117346852,31.18276242739549,Toilet
第六人民医院骨科中心,医疗保健,综合医院,121.421988,31.180091,上海市,上海市,徐汇区,121.4173514593946,31.18197168112266,Medical_Service
公厕,生活服务,公厕,121.421786,31.182765,上海市,上海市,徐汇区,121.41714901418278,31.18464414833567,Toilet
宜山路地铁站3号口,交通设施,地铁,121.426324,31.183111,上海市,上海市,徐汇区,121.4216922830014,31.184994409127857,Transport
中山西路宜山路,交通设施,公交站,121.428689,31.181982,上海市,上海市,徐汇区,121.4240605708251,31.18386865555785,Transport
公厕,生活服务,公厕,121.42956,31.188979,上海市,上海市,徐汇区,121.42493221095872,31.19086317959444,Toilet
凯旋路宜山路,交通设施,公交站,121.426376,31.188118,上海市,上海市,徐汇区,121.42174391485962,31.189998944519104,Transport
徐虹北路凯旋路,交通设施,公交站,121.426709,31.188991,上海市,上海市,徐汇区,121.42207727139773,31.1908718695253,Transport
颈肩腰调理,医疗保健,诊所,121.42443,31.187727,上海市,上海市,徐汇区,121.4197955381702,31.189606121095345,Medical_Service
上海伽玛医院,医疗保健,综合医院,121.422147,31.189977,上海市,上海市,徐汇区,121.41750976874847,31.19185284087002,Medical_Service
吴中东路凯旋路,交通设施,公交站,121.424057,31.190438,上海市,上海市,徐汇区,121.4194218631428,31.192315395941996,Transport
复旦大学附属华山医院神经外科医院伽玛分院,医疗保健,综合医院,121.42207,31.190074,上海市,上海市,徐汇区,121.41743267831262,31.191949723836185,Medical_Service
复旦大学附属华山医院,医疗保健,综合医院,121.422145,31.190104,上海市,上海市,徐汇区,121.41750775556966,31.1919797755965,Medical_Service
无障碍洗手间,生活服务,公厕,121.42207,31.189839,上海市,上海市,徐汇区,121.41743269875032,31.191714841333283,Toilet
无障碍洗手间,生活服务,公厕,121.422153,31.189906,上海市,上海市,徐汇区,121.417515781326,31.191781881722036,Toilet
无障碍公厕,生活服务,公厕,121.422187,31.189917,上海市,上海市,徐汇区,121.41754981668794,31.19179290658053,Toilet
无障碍洗手间,生活服务,公厕,121.422156,31.189823,上海市,上海市,徐汇区,121.41751879174645,31.19169892590377,Toilet
上海伽马刀中心,医疗保健,综合医院,121.422205,31.189923,上海市,上海市,徐汇区,121.41756783541844,31.19179891967379,Medical_Service
无障碍洗手间,生活服务,公厕,121.422163,31.189882,上海市,上海市,徐汇区,121.4175257940888,31.19175790264659,Toilet
无障碍公厕,生活服务,公厕,121.422212,31.189782,上海市,上海市,徐汇区,121.41757485517245,31.19165799644632,Toilet
番禺路南丹路,交通设施,公交站,121.426352,31.19212,上海市,上海市,徐汇区,121.42171953606122,31.19399891814613,Transport
公厕,生活服务,公厕,121.425602,31.192778,上海市,上海市,徐汇区,121.42096852712518,31.19465579293624,Toilet
塘子泾社区卫生运营服务站,医疗保健,综合医院,121.426139,31.192076,上海市,上海市,徐汇区,121.42150626659786,31.19395471102442,Medical_Service
公厕,生活服务,公厕,121.422053,31.193586,上海市,上海市,长宁区,121.41741535479449,31.19545995809117,Toilet
南丹路宜山路,交通设施,公交站,121.431622,31.189553,上海市,上海市,徐汇区,121.42699727133524,31.19143950406272,Transport
宜山路虹桥路,交通设施,公交站,121.431233,31.191352,上海市,上海市,徐汇区,121.42660751164836,31.19323709840982,Transport
宜山路蒲汇塘路,交通设施,公交站,121.43001,31.189197,上海市,上海市,徐汇区,121.42538285214516,31.19108162460988,Transport
南丹社区卫生运营服务站,医疗保健,综合医院,121.43155,31.190102,上海市,上海市,徐汇区,121.42692511138304,31.1919881351948,Medical_Service
上海卓越慈铭门诊部,医疗保健,诊所,121.431851,31.191785,上海市,上海市,徐汇区,121.427226436344,31.193670690804343,Medical_Service
番禺路虹桥路,交通设施,公交站,121.428282,31.19488,上海市,上海市,徐汇区,121.42365188045495,31.19675971313284,Transport
公厕,生活服务,公厕,121.427281,31.195236,上海市,上海市,徐汇区,121.42264948489994,31.197114392077687,Toilet
广元西路虹桥路,交通设施,公交站,121.431226,31.194051,上海市,上海市,徐汇区,121.42660026642,31.195934745838045,Transport
公厕,生活服务,公厕,121.431284,31.195372,上海市,上海市,徐汇区,121.42665824113304,31.19725516557112,Toilet
徐家汇街道社区卫生中心,医疗保健,综合医院,121.431667,31.194488,上海市,上海市,徐汇区,121.42704191302076,31.1963721038579,Medical_Service
预防接种儿保门诊,医疗保健,诊所,121.431486,31.194313,上海市,上海市,徐汇区,121.42686064605458,31.196196953712946,Medical_Service
番禺路淮海西路,交通设施,公交站,121.428881,31.198315,上海市,上海市,徐汇区,121.42425142340224,31.20019372021715,Transport
KFC,生活服务,公厕,121.428407,31.196779,上海市,上海市,徐汇区,121.4237768894722,31.198657918726223,Toilet
公厕,生活服务,公厕,121.423237,31.193882,上海市,上海市,徐汇区,121.41860062362866,31.195756893494814,Toilet
虹桥路凯旋路,交通设施,公交站,121.424885,31.194992,上海市,上海市,徐汇区,121.42025045235448,31.19686795398129,Transport
左家宅,交通设施,公交站,121.425509,31.198265,上海市,上海市,徐汇区,121.4208749340773,31.20013997712729,Transport
男洗手间,生活服务,公厕,121.425321,31.197656,上海市,上海市,徐汇区,121.4206867539964,31.199531082440608,Toilet
胸科医院-女洗手间,生活服务,公厕,121.425572,31.197866,上海市,上海市,徐汇区,121.42093804728084,31.19974123975539,Toilet
淮海西路凯旋路,交通设施,公交站,121.423078,31.196394,上海市,上海市,长宁区,121.41844122698332,31.19826749904505,Transport
汇京国际广场-男洗手间,生活服务,公厕,121.423478,31.196017,上海市,上海市,徐汇区,121.41884171054238,31.19789106271475,Toilet
汇京国际广场-男洗手间,生活服务,公厕,121.423502,31.196038,上海市,上海市,徐汇区,121.41886573603097,31.19791207517215,Toilet
虹桥路地铁站4号口,交通设施,地铁,121.423001,31.197017,上海市,上海市,长宁区,121.41836408699209,31.19889011920596,Transport
中山西路吴中路,交通设施,公交站,121.420867,31.189913,上海市,上海市,徐汇区,121.41622845206436,31.19178776820441,Transport
上海永浩医疗护理员,医疗保健,综合医院,121.419702,31.190973,上海市,上海市,长宁区,121.41506223211108,31.192846297527087,Medical_Service
上海蓝生万众医院住院部,医疗保健,综合医院,121.420168,31.189144,上海市,上海市,徐汇区,121.4155288336428,31.19101858092912,Medical_Service
上海万众医院泌尿外科,医疗保健,综合医院,121.42088,31.189284,上海市,上海市,徐汇区,121.41624151976605,31.191159093724263,Medical_Service
虹桥路长顺路,交通设施,公交站,121.418375,31.195827,上海市,上海市,长宁区,121.41373361326804,31.19769688698604,Transport
中山西路虹桥路,交通设施,公交站,121.417383,31.194394,上海市,上海市,长宁区,121.41274090489034,31.196263904204507,Transport
公厕,生活服务,公厕,121.421804,31.195167,上海市,上海市,徐汇区,121.41716595446955,31.197039953645557,Toilet
公共厕所,生活服务,公厕,121.420524,31.194569,上海市,上海市,长宁区,121.4158847075007,31.196441165406146,Toilet
无障碍公厕,生活服务,公厕,121.421792,31.195085,上海市,上海市,徐汇区,121.41715394902045,31.196957983787165,Toilet
中山社区卫生运营服务站,医疗保健,综合医院,121.41984,31.194627,上海市,上海市,长宁区,121.4152000440308,31.19649858724889,Medical_Service
虹桥路,交通设施,地铁,121.420799,31.19756,上海市,上海市,长宁区,121.41615971901486,31.199430911621416,Transport
公厕,生活服务,公厕,121.42121,31.196586,上海市,上海市,长宁区,121.41657121738044,31.198457738350488,Toilet
地铁虹桥站厕所,生活服务,公厕,121.42077,31.197533,上海市,上海市,长宁区,121.41613069251784,31.199403900872323,Toilet
无障碍公厕,生活服务,公厕,121.421395,31.196546,上海市,上海市,长宁区,121.41675640997092,31.1984179160871,Toilet
虹桥街道社区卫生中心,医疗保健,综合医院,121.418289,31.196865,上海市,上海市,长宁区,121.41364744863384,31.19873431152276,Medical_Service
公厕,生活服务,公厕,121.41784,31.198221,上海市,上海市,长宁区,121.4131979490948,31.20008932435569,Toilet
公厕,生活服务,公厕,121.419124,31.197778,上海市,上海市,长宁区,121.41448310731194,31.19964747538684,Toilet
安顺路中山西路,交通设施,公交站,121.414581,31.200318,上海市,上海市,长宁区,121.4099363201358,31.202183261121693,Transport
公厕,生活服务,公厕,121.413034,31.199773,上海市,上海市,长宁区,121.408388405057,31.201637734003107,Toilet
出租车司机专用公厕,生活服务,公厕,121.413051,31.199809,上海市,上海市,长宁区,121.40840541180457,31.20167372444021,Toilet
上海医院销售管理总部医疗合作部,医疗保健,综合医院,121.414589,31.198988,上海市,上海市,长宁区,121.4099444412363,31.20085391994928,Medical_Service
纺大社区卫生运营服务站,医疗保健,综合医院,121.414517,31.200422,上海市,上海市,长宁区,121.40987226872365,31.202287174960567,Medical_Service
安顺路长顺路,交通设施,公交站,121.415468,31.200525,上海市,上海市,长宁区,121.41082391171877,31.202390664321413,Transport
联建社区卫生运营服务站,医疗保健,综合医院,121.415502,31.200516,上海市,上海市,长宁区,121.4108579367066,31.202381688809087,Medical_Service
凯旋路虹桥路,交通设施,公交站,121.420522,31.198735,上海市,上海市,长宁区,121.41588234307385,31.200605103511176,Transport
安顺路凯旋路,交通设施,公交站,121.421157,31.201688,上海市,上海市,长宁区,121.41651771962478,31.20355718071293,Transport
公共厕所,生活服务,公厕,121.417531,31.203194,上海市,上海市,长宁区,121.41288825991212,31.205059668496624,Toilet
新华路定西路,交通设施,公交站,121.421927,31.204637,上海市,上海市,长宁区,121.417288259963,31.20650540401243,Transport
知爱儿科门诊部,医疗保健,诊所,121.420581,31.205223,上海市,上海市,长宁区,121.41594083642934,31.207089972017087,Medical_Service
新华街道社区卫生中心,医疗保健,综合医院,121.419652,31.205299,上海市,上海市,长宁区,121.41501093870328,31.2071651915857,Medical_Service
公厕,生活服务,公厕,121.418778,31.207526,上海市,上海市,长宁区,121.4141359484674,31.20939044470595,Toilet
港华医院,医疗保健,综合医院,121.428941,31.199974,上海市,上海市,长宁区,121.42431136452424,31.201851974761524,Medical_Service
455武警医院,医疗保健,综合医院,121.427975,31.199541,上海市,上海市,长宁区,121.4233440512492,31.20141805446281,Medical_Service
中国人民解放军海军特色医学中心医技楼,医疗保健,综合医院,121.42789,31.200087,上海市,上海市,长宁区,121.4232588872344,31.20196368811132,Medical_Service
中国人民解放军海军特色医学中心办公大楼,医疗保健,综合医院,121.428193,31.199723,上海市,上海市,长宁区,121.42356233606073,31.20160021707262,Medical_Service
海军特色医学中心,医疗保健,综合医院,121.427905,31.200428,上海市,上海市,长宁区,121.4232738781304,31.202304537714927,Medical_Service
中国人民解放军海军特色医学中心急诊,医疗保健,综合医院,121.427999,31.199406,上海市,上海市,长宁区,121.42336809596088,31.20128314857139,Medical_Service
中国人民解放军海军特色医学中心-放射介入诊疗中心,医疗保健,综合医院,121.427516,31.200678,上海市,上海市,长宁区,121.42288432749817,31.20255397132753,Medical_Service
淮海西路番禺路,交通设施,公交站,121.43136,31.200645,上海市,上海市,长宁区,121.42673390052232,31.202525662381447,Transport
番禺路新华路,交通设施,公交站,121.429859,31.200876,上海市,上海市,长宁区,121.42523061468856,31.202754646498928,Transport
新华路番禺路,交通设施,公交站,121.42944,31.202145,上海市,上海市,长宁区,121.42481089259876,31.204022510526425,Transport
中国人民解放军海军特色医学中心住院部,医疗保健,综合医院,121.428129,31.200701,上海市,上海市,长宁区,121.42349816252734,31.20257766203492,Medical_Service
中国人民解放军海军特色医学中心骨科二病区,医疗保健,综合医院,121.428686,31.200883,上海市,上海市,长宁区,121.42405592420096,31.202760224896167,Medical_Service
中国人民解放军海军特色医学中心妇科,医疗保健,综合医院,121.428602,31.200743,上海市,上海市,长宁区,121.4239718180876,31.20262019441224,Medical_Service
邹华中医按摩针灸诊所,医疗保健,诊所,121.428594,31.204476,上海市,上海市,长宁区,121.42396348232444,31.206351357307263,Medical_Service
沁申堂,医疗保健,诊所,121.431178,31.204056,上海市,上海市,长宁区,121.4265513232438,31.205934755713447,Medical_Service
上海沁申堂中医门诊部,医疗保健,诊所,121.431226,31.203918,上海市,上海市,长宁区,121.42659940915294,31.205796885193347,Medical_Service
番禺路平武路,交通设施,公交站,121.429279,31.206179,上海市,上海市,长宁区,121.42464930926012,31.20805434549215,Transport
公厕,生活服务,公厕,121.428977,31.206628,上海市,上海市,长宁区,121.42434683737864,31.20850276389409,Toilet
上海中医药大学附属光华医院,医疗保健,综合医院,121.422521,31.204946,上海市,上海市,长宁区,121.4178828693718,31.20681478511596,Medical_Service
光华中西医结合医院,医疗保健,综合医院,121.42259,31.205175,上海市,上海市,长宁区,121.41795192457164,31.20704373627887,Medical_Service
三针堂中医门诊部,医疗保健,诊所,121.423137,31.203142,上海市,上海市,长宁区,121.41849970593432,31.205012234447132,Medical_Service
上海中医药大学附属光华医院6号楼,医疗保健,综合医院,121.422935,31.205095,上海市,上海市,长宁区,121.41829731094386,31.20696409252014,Medical_Service
上海中医药大学附属光华医院1号楼,医疗保健,综合医院,121.422498,31.204738,上海市,上海市,长宁区,121.4178598624846,31.206606865672043,Medical_Service
上海中医药大学附属光华医院2号楼,医疗保健,综合医院,121.422199,31.204797,上海市,上海市,长宁区,121.41756053508637,31.206665567516836,Medical_Service
光华中西医结合医院-特检科,医疗保健,综合医院,121.42234,31.204692,上海市,上海市,长宁区,121.41770169560333,31.20656074526422,Medical_Service
光华中西医结合医院-体检站,医疗保健,综合医院,121.422595,31.205183,上海市,上海市,长宁区,121.41795692932924,31.20705173693898,Medical_Service
光华中西医结合医院-门急诊,医疗保健,综合医院,121.422213,31.204867,上海市,上海市,长宁区,121.41757454397882,31.206735545899598,Medical_Service
香花桥,交通设施,公交站,121.42483,31.203757,上海市,上海市,长宁区,121.42019462350588,31.205628583335297,Transport
定西路,交通设施,公交站,121.422842,31.209574,上海市,上海市,长宁区,121.4182038182971,31.211440831508558,Transport
定西路延安西路,交通设施,公交站,121.423917,31.20823,上海市,上海市,长宁区,121.41928015259842,31.21009850064681,Transport
定西路法华镇路,交通设施,公交站,121.423972,31.20773,上海市,上海市,长宁区,121.41933526002636,31.20959879666209,Transport
公共厕所,生活服务,公厕,121.422128,31.208993,上海市,上海市,长宁区,121.41748909410886,31.21085946502817,Toilet
公厕,生活服务,公厕,121.423188,31.208701,上海市,上海市,长宁区,121.41855027941678,31.210568576174783,Toilet
光华医院,医疗保健,综合医院,121.422718,31.209006,上海市,上海市,长宁区,121.41807973123836,31.210872992254476,Medical_Service
定西路,交通设施,公交站,121.422961,31.209366,上海市,上海市,长宁区,121.41832296814862,31.211233042301288,Transport
光华中西医结合医院,医疗保健,综合医院,121.422417,31.208428,上海市,上海市,长宁区,121.41777845361322,31.21029499810135,Medical_Service
上海欧乐齐乐口腔专科医院,医疗保健,诊所,121.422938,31.209053,上海市,上海市,长宁区,121.4182999698638,31.210920172447324,Medical_Service
公厕,生活服务,公厕,121.426884,31.208685,上海市,上海市,长宁区,121.42225078872131,31.21055635879129,Toilet
上海源生中医门诊部,医疗保健,诊所,121.424552,31.209501,上海市,上海市,长宁区,121.41991578976628,31.21136951096722,Medical_Service
新华街道社区卫生中心预防保健中心,医疗保健,综合医院,121.426387,31.207882,上海市,上海市,长宁区,121.42175321064902,31.209753205036204,Medical_Service
公厕,生活服务,公厕,121.426753,31.212039,上海市,上海市,长宁区,121.4221193249532,31.21390859460442,Toilet
上海瑞瑷医疗美容诊所,医疗保健,诊所,121.42537,31.210425,上海市,上海市,长宁区,121.42073470393282,31.212293897138903,Medical_Service
定西路武夷路,交通设施,公交站,121.423264,31.21201,上海市,上海市,长宁区,121.4186260769066,31.213876049383845,Transport
延安西路定西路,交通设施,公交站,121.424312,31.210058,上海市,上海市,长宁区,121.41967545618576,31.211926002993916,Transport
上海爱康国宾福康门诊部,医疗保健,诊所,121.423588,31.211246,上海市,上海市,长宁区,121.41895051110568,31.21311272514861,Medical_Service
爱康国宾福康门诊部,医疗保健,诊所,121.423542,31.211199,上海市,上海市,长宁区,121.41890446265198,31.21306570385784,Medical_Service
上海善援中医诊所,医疗保健,诊所,121.423775,31.210857,上海市,上海市,长宁区,121.41913775970885,31.21272409247555,Medical_Service
爱康国宾体检,医疗保健,诊所,121.423597,31.211167,上海市,上海市,长宁区,121.4189595282738,31.21303377185939,Medical_Service
番禺路延安西路,交通设施,公交站,121.429389,31.209408,上海市,上海市,长宁区,121.42475918736884,31.21128191204256,Transport
公厕,生活服务,公厕,121.426956,31.208518,上海市,上海市,长宁区,121.42232289817964,31.210389519283854,Toilet
公厕,生活服务,公厕,121.427576,31.209048,上海市,上海市,长宁区,121.42294368076575,31.21091995733316,Toilet
公厕,生活服务,公厕,121.428175,31.20849,上海市,上海市,长宁区,121.42354354891876,31.210362914982408,Toilet
爱威白口腔专科医院,医疗保健,诊所,121.428614,31.209889,上海市,上海市,长宁区,121.4239830398049,31.21176175166112,Medical_Service
公厕,生活服务,公厕,121.431399,31.208684,上海市,上海市,长宁区,121.426772262359,31.21056079118162,Toilet
延安西路番禺路,交通设施,公交站,121.43025,31.212246,上海市,上海市,长宁区,121.4256212054628,31.21411960399024,Transport
番禺路,交通设施,公交站,121.429969,31.211709,上海市,上海市,长宁区,121.4253398351489,31.21358251259036,Transport
公厕,生活服务,公厕,121.427785,31.211066,上海市,上海市,长宁区,121.42315278912716,31.212937220135235,Toilet
伊美尔中医,医疗保健,诊所,121.428917,31.21358,上海市,上海市,长宁区,121.42428614745516,31.21545133285132,Medical_Service
上海电力医院,医疗保健,综合医院,121.43186,31.214346,上海市,上海市,长宁区,121.4272334902731,31.216220666760265,Medical_Service
武夷路延安西路,交通设施,公交站,121.429989,31.213604,上海市,上海市,长宁区,121.42535969993374,31.21547662585233,Transport
公厕,生活服务,公厕,121.431383,31.212385,上海市,上海市,长宁区,121.4267559158834,31.214259983301844,Toilet
江苏路,交通设施,公交站,121.431838,31.21348,上海市,上海市,长宁区,121.42721153093768,31.2153550533137,Transport
新华街道上海康宁欣华爱国卫生运营服务社,医疗保健,综合医院,121.431856,31.212635,上海市,上海市,长宁区,121.42722963269804,31.21451048326604,Medical_Service
上海电力医院1号楼,医疗保健,综合医院,121.431833,31.214276,上海市,上海市,长宁区,121.4272064538862,31.21615066466042,Medical_Service
上海电力医院2号楼,医疗保健,综合医院,121.431663,31.214556,上海市,上海市,长宁区,121.42703616298834,31.21643030653308,Medical_Service
上海电力医院住院部,医疗保健,综合医院,121.431862,31.214261,上海市,上海市,长宁区,121.427235500809,31.216135710169063,Medical_Service
上海电力医院门诊,医疗保健,综合医院,121.431854,31.214183,上海市,上海市,长宁区,121.42722749500008,31.21605773700964,Medical_Service
潘东社区卫生运营服务站,医疗保健,综合医院,121.424247,31.214668,上海市,上海市,长宁区,121.41960997833498,31.21653372015217,Medical_Service
武夷路定西路,交通设施,公交站,121.425745,31.213427,上海市,上海市,长宁区,121.42110991046016,31.21529484298281,Transport
公厕,生活服务,公厕,121.422352,31.215363,上海市,上海市,长宁区,121.41771277982647,31.2172265990658,Toilet
延安西路凯旋路,交通设施,公交站,121.418257,31.208628,上海市,上海市,长宁区,121.41361439717704,31.210491531099624,Transport
公厕,生活服务,公厕,121.417147,31.209419,上海市,上海市,长宁区,121.41250340650105,31.211281381335368,Toilet
延安西路地铁站1号口,交通设施,地铁,121.417085,31.210329,上海市,上海市,长宁区,121.41244127771364,31.21219090024764,Transport
武夷路凯旋路,交通设施,公交站,121.419169,31.212776,上海市,上海市,长宁区,121.4145268426376,31.214638200695667,Transport
凯旋路武夷路,交通设施,公交站,121.41736,31.213641,上海市,上海市,长宁区,121.41271621063149,31.215501489212265,Transport
公厕,生活服务,公厕,121.417603,31.213672,上海市,上海市,长宁区,121.41295940687876,31.21553263976444,Toilet
佳美门诊部,医疗保健,诊所,121.41847,31.212897,上海市,上海市,长宁区,121.41382720988904,31.21475862421452,Medical_Service
安化路定西路,交通设施,公交站,121.419826,31.215465,上海市,上海市,长宁区,121.41518421709247,31.217326418012902,Transport
潘西社区卫生运营服务站,医疗保健,综合医院,121.420252,31.21501,上海市,上海市,长宁区,121.41561066361652,31.21687197524154,Medical_Service
周家桥街道社区卫生中心三泾社区卫生服务站,医疗保健,综合医院,121.415479,31.214398,上海市,上海市,长宁区,121.41083371147788,31.216256936076928,Medical_Service
无障碍洗手间,生活服务,公厕,121.414282,31.215684,上海市,上海市,长宁区,121.40963578591008,31.21754164663192,Toilet
无障碍洗手间,生活服务,公厕,121.414388,31.21566,上海市,上海市,长宁区,121.40974185695204,31.21751771513156,Toilet
无障碍洗手间,生活服务,公厕,121.414398,31.215699,上海市,上海市,长宁区,121.40975186009048,31.2175567018806,Toilet
无障碍洗手间,生活服务,公厕,121.414389,31.215695,上海市,上海市,长宁区,121.40974285455644,31.2175526989289,Toilet
母婴室,生活服务,公厕,121.414415,31.215681,上海市,上海市,长宁区,121.40976887278175,31.2175387196908,Toilet
女洗手间,生活服务,公厕,121.414267,31.215703,上海市,上海市,长宁区,121.40962077454618,31.217560629515685,Toilet
女洗手间,生活服务,公厕,121.414272,31.215674,上海市,上海市,长宁区,121.4096257803074,31.217531646062856,Toilet
淮海中路武康路,交通设施,公交站,121.438588,31.204419,上海市,上海市,徐汇区,121.4339740771532,31.206308327035547,Transport
肇嘉浜路高安路,交通设施,公交站,121.448329,31.19932,上海市,上海市,徐汇区,121.44373635122231,31.20122936716378,Transport
肇嘉浜路东安路,交通设施,公交站,121.448583,31.199216,上海市,上海市,徐汇区,121.44399096121938,31.20112592466276,Transport
公厕,生活服务,公厕,121.44808,31.19902,上海市,上海市,徐汇区,121.44348679077076,31.200929020913645,Toilet
肇嘉浜路,交通设施,地铁,121.450261,31.199434,上海市,上海市,徐汇区,121.44567298319092,31.20134722158132,Transport
无障碍洗手间,生活服务,公厕,121.450235,31.198876,上海市,上海市,徐汇区,121.4456469679218,31.200789442871088,Toilet
男洗手间,生活服务,公厕,121.45065,31.19937,上海市,上海市,徐汇区,121.4460629427871,31.201284056893517,Toilet
无障碍洗手间,生活服务,公厕,121.450612,31.199306,上海市,上海市,徐汇区,121.44602485483966,31.201220009643396,Toilet
女洗手间,生活服务,公厕,121.450238,31.198847,上海市,上海市,徐汇区,121.44564997776,31.2007604633362,Toilet
无障碍洗手间,生活服务,公厕,121.449989,31.199084,上海市,上海市,徐汇区,121.44540035020576,31.200996835133125,Toilet
肇嘉浜路地铁站4号口,交通设施,地铁,121.450146,31.198732,上海市,上海市,徐汇区,121.44555776310598,31.200645330781736,Transport
肇嘉浜路地铁站2号口,交通设施,地铁,121.450705,31.19925,上海市,上海市,徐汇区,121.44611808857913,31.201164230067278,Transport
乌鲁木齐南路建国西路,交通设施,公交站,121.450024,31.200803,上海市,上海市,徐汇区,121.44543528666412,31.202715061391668,Transport
高安路建国西路,交通设施,公交站,121.44671,31.200735,上海市,上海市,徐汇区,121.44211346485898,31.202640500795415,Transport
建国西路乌鲁木齐南路,交通设施,公交站,121.449121,31.201946,上海市,上海市,徐汇区,121.44453000726683,31.20385566360133,Transport
安亭别墅花园豪华酒店-洗手间,生活服务,公厕,121.447231,31.203213,上海市,上海市,徐汇区,121.44263544884546,31.205118295735968,Toilet
公厕,生活服务,公厕,121.448842,31.204425,上海市,上海市,徐汇区,121.444250126143,31.206332889496625,Toilet
圣瑞医疗,医疗保健,诊所,121.447067,31.20403,上海市,上海市,徐汇区,121.44247099950914,31.205934577524275,Medical_Service
衡山路地铁站4号口,交通设施,地铁,121.446982,31.205003,上海市,上海市,徐汇区,121.44238571949968,31.20690693780855,Transport
永嘉路岳阳路,交通设施,公交站,121.451338,31.205736,上海市,上海市,徐汇区,121.44675209535076,31.207648374598865,Transport
乌鲁木齐南路衡山路,交通设施,公交站,121.448412,31.206418,上海市,上海市,徐汇区,121.44381893291184,31.208324058589103,Transport
永福路湖南路,交通设施,公交站,121.442754,31.208367,上海市,上海市,徐汇区,121.43814810437448,31.210261450975693,Transport
上海图书馆,交通设施,地铁,121.444342,31.207956,上海市,上海市,徐汇区,121.43973954588658,31.209853517894405,Transport
上海博爱医院,医疗保健,综合医院,121.444578,31.208879,上海市,上海市,徐汇区,121.43997598200755,31.210776505113568,Medical_Service
淮海中路乌鲁木齐中路,交通设施,公交站,121.446193,31.209107,上海市,上海市,徐汇区,121.44159456238395,31.211007426450063,Transport
男洗手间,生活服务,公厕,121.444489,31.208198,上海市,上海市,徐汇区,121.43988684608956,31.21009567097248,Toilet
无障碍洗手间,生活服务,公厕,121.444531,31.208198,上海市,上海市,徐汇区,121.43992893803664,31.2100957483966,Toilet
无障碍洗手间,生活服务,公厕,121.444588,31.208962,上海市,上海市,徐汇区,121.43998599674016,31.210859483382453,Toilet
无障碍洗手间,生活服务,公厕,121.444627,31.208999,上海市,上海市,徐汇区,121.4400250790882,31.21089653750812,Toilet
无障碍洗手间,生活服务,公厕,121.444593,31.208986,上海市,上海市,徐汇区,121.43999100562483,31.210883480994045,Toilet
无障碍洗手间,生活服务,公厕,121.44458,31.208967,上海市,上海市,徐汇区,121.4399779787658,31.21086446619089,Toilet
无障碍洗手间,生活服务,公厕,121.444571,31.209021,上海市,上海市,徐汇区,121.43996895435568,31.210918423430357,Toilet
上海图书馆地铁站2号口,交通设施,地铁,121.444927,31.208195,上海市,上海市,徐汇区,121.44032580920224,31.210093483214862,Transport
乌鲁木齐中路复兴中路,交通设施,公交站,121.446637,31.21101,上海市,上海市,徐汇区,121.4420394079854,31.212910357747432,Transport
湖南街道社区卫生中心-预防接种门诊,医疗保健,诊所,121.44649,31.212113,上海市,上海市,徐汇区,121.44189197690552,31.21401254353588,Medical_Service
复兴西路武康路,交通设施,公交站,121.442,31.210747,上海市,上海市,徐汇区,121.43739232199852,31.212638973025157,Transport
乌鲁木齐南路东平路,交通设施,公交站,121.447889,31.208347,上海市,上海市,徐汇区,121.44329453533328,31.21025108536451,Transport
桃江路衡山路,交通设施,公交站,121.451232,31.209133,上海市,上海市,徐汇区,121.44664553777558,31.21104350303683,Transport
衡山路复兴中路,交通设施,公交站,121.449696,31.209018,上海市,上海市,徐汇区,121.44510577969534,31.21092538444016,Transport
宝庆路淮海中路,交通设施,公交站,121.449948,31.21109,上海市,上海市,徐汇区,121.44535821164985,31.21299689798785,Transport
公厕,生活服务,公厕,121.450134,31.210356,上海市,上海市,徐汇区,121.44554472810955,31.212263633852636,Toilet
复旦大学附属眼耳鼻喉科医院宝庆院区门诊,医疗保健,综合医院,121.45017,31.210228,上海市,上海市,徐汇区,121.4455808270228,31.212135769681257,Medical_Service
复兴中路淮海中路,交通设施,公交站,121.44914,31.210547,上海市,上海市,徐汇区,121.44454830835554,31.212452517196805,Transport
复兴中路乌鲁木齐中路,交通设施,公交站,121.448841,31.210487,上海市,上海市,徐汇区,121.4442485990184,31.212391944290943,Transport
常熟路,交通设施,地铁,121.449177,31.21356,上海市,上海市,徐汇区,121.44458513621328,31.21546414094513,Transport
常熟路地铁站8号口,交通设施,地铁,121.448787,31.213984,上海市,上海市,徐汇区,121.44419416762058,31.21588715245713,Transport
淮海中路常熟路,交通设施,公交站,121.45127,31.213398,上海市,上海市,徐汇区,121.4466832632798,31.215306525845083,Transport
公厕,生活服务,公厕,121.450385,31.212926,上海市,上海市,徐汇区,121.44579611927468,31.214832912175883,Toilet
女洗手间,生活服务,公厕,121.4494,31.213375,上海市,上海市,徐汇区,121.44480868804268,31.21527968114023,Toilet
同济大学附属肺科医院,医疗保健,综合医院,121.450292,31.215023,上海市,上海市,徐汇区,121.44570271012503,31.21692871405144,Medical_Service
同济大学附属肺科医院延庆路门诊部-检验科,医疗保健,综合医院,121.450249,31.215266,上海市,上海市,徐汇区,121.4456595839541,31.217171509119385,Medical_Service
同济大学附属肺科医院延庆路门诊部-影像科,医疗保健,综合医院,121.450241,31.215231,上海市,上海市,徐汇区,121.44565156743148,31.21713650940717,Medical_Service
同济大学附属肺科职业病医院门诊部,医疗保健,综合医院,121.450345,31.215198,上海市,上海市,徐汇区,121.44575582467692,31.217103739495503,Medical_Service
同济大学附属肺科职业病医院门诊部,医疗保健,诊所,121.450256,31.215244,上海市,上海市,徐汇区,121.44566660296849,31.217149534065523,Medical_Service
长乐路常熟路,交通设施,公交站,121.44677,31.215802,上海市,上海市,静安区,121.4421722972583,31.2177003120985,Transport
常熟路长乐路,交通设施,公交站,121.44862,31.215158,上海市,上海市,徐汇区,121.44402666895274,31.217060255268063,Transport
常熟路淮海中路,交通设施,公交站,121.448707,31.214737,上海市,上海市,徐汇区,121.44411391208324,31.21663963102736,Transport
安福路乌鲁木齐中路,交通设施,公交站,121.446021,31.21452,上海市,上海市,徐汇区,121.4414217043394,31.21641749099152,Transport
五原路公厕,生活服务,公厕,121.445806,31.212476,上海市,上海市,徐汇区,121.4412063969978,31.214374064774617,Toilet
公厕,生活服务,公厕,121.445916,31.212431,上海市,上海市,徐汇区,121.44131664849388,31.214329294936835,Toilet
乌鲁木齐中路安福路,交通设施,公交站,121.444813,31.215015,上海市,上海市,徐汇区,121.44021096666968,31.216909984605707,Transport
上海华侨医疗,医疗保健,诊所,121.444896,31.216553,上海市,上海市,静安区,121.44029401638304,31.218447403075736,Medical_Service
华山路武康路,交通设施,公交站,121.438736,31.212618,上海市,上海市,徐汇区,121.43412164866989,31.21450359202773,Transport
万应中医,医疗保健,诊所,121.438947,31.214476,上海市,上海市,长宁区,121.43433289282652,31.216361040807158,Medical_Service
华山路长乐路,交通设施,公交站,121.439561,31.215067,上海市,上海市,静安区,121.43494803358354,31.216952760575104,Transport
华山社区卫生运营服务站,医疗保健,综合医院,121.439639,31.215654,上海市,上海市,静安区,121.4350261353754,31.217539608109146,Medical_Service
锦江都城达华经典豪华酒店-洗手间,生活服务,公厕,121.432092,31.213368,上海市,上海市,长宁区,121.42746594174908,31.21524344398477,Toilet
复旦大学附属华山医院,医疗保健,综合医院,121.43327,31.212389,上海市,上海市,长宁区,121.42864592979222,31.21426651341742,Medical_Service
上海电力医院3号楼,医疗保健,综合医院,121.431949,31.214538,上海市,上海市,长宁区,121.42732261384592,31.216412692506587,Medical_Service
复旦大学附属华山医院分部第三门诊部,医疗保健,综合医院,121.433571,31.212423,上海市,上海市,长宁区,121.42894742434844,31.214300915111508,Medical_Service
复旦大学附属华山医院5号楼,医疗保健,综合医院,121.433222,31.212443,上海市,上海市,长宁区,121.42859784618588,31.21432042112284,Medical_Service
延安西路江苏路,交通设施,公交站,121.434794,31.215128,上海市,上海市,长宁区,121.43017225772608,31.217006354972423,Transport
江苏路延安西路,交通设施,公交站,121.432154,31.216457,上海市,上海市,长宁区,121.42752777165418,31.218331046823824,Transport
东诸安浜路江苏路,交通设施,公交站,121.43262,31.218068,上海市,上海市,长宁区,121.42799437748836,31.219941904904797,Transport
江苏街道社区卫生中心,医疗保健,综合医院,121.434781,31.220835,上海市,上海市,长宁区,121.43015873948394,31.222710617552877,Medical_Service
公厕,生活服务,公厕,121.432911,31.22137,上海市,上海市,长宁区,121.42828556183154,31.22324273301319,Toilet
愚园路江苏路,交通设施,公交站,121.432422,31.21985,上海市,上海市,长宁区,121.42779590431722,31.22172279021413,Transport
上海一元真中医门诊部,医疗保健,诊所,121.432097,31.219442,上海市,上海市,长宁区,121.42747042169336,31.22131454880345,Medical_Service
同仁医院,医疗保健,综合医院,121.433873,31.220779,上海市,上海市,长宁区,121.42924920199206,31.222653347844933,Medical_Service
江苏路地铁站2号口,交通设施,地铁,121.433304,31.220209,上海市,上海市,长宁区,121.42867930615812,31.22208282374011,Transport
江苏路地铁站3号口,交通设施,地铁,121.433439,31.220038,上海市,上海市,长宁区,121.4288145438399,31.22191209209024,Transport
延安西路镇宁路,交通设施,公交站,121.439013,31.21802,上海市,上海市,静安区,121.4343987124542,31.219903454212343,Transport
上海日航餐馆-洗手间,生活服务,公厕,121.437127,31.217546,上海市,上海市,长宁区,121.43250920050691,31.21942669133056,Toilet
上海美丽园大豪华酒店-洗手间,生活服务,公厕,121.438265,31.218068,上海市,上海市,静安区,121.43364927833062,31.219950228386008,Toilet
镇宁路,交通设施,公交站,121.438287,31.217952,上海市,上海市,静安区,121.43367133007123,31.219834318694257,Transport
社区服务扦脚门诊部,医疗保健,诊所,121.438799,31.217638,上海市,上海市,静安区,121.43418433373644,31.219521289722888,Medical_Service
复旦大学附属华东医院,医疗保健,综合医院,121.441604,31.218275,上海市,上海市,静安区,121.43699485196656,31.220162676276964,Medical_Service
公厕,生活服务,公厕,121.439934,31.217159,上海市,上海市,静安区,121.43532158507293,31.219044377383387,Toilet
无障碍洗手间,生活服务,公厕,121.440949,31.21841,上海市,上海市,静安区,121.43633850509345,31.220296488312894,Toilet
无障碍洗手间,生活服务,公厕,121.441062,31.21849,上海市,上海市,静安区,121.43645172703808,31.22037664286344,Toilet
无障碍洗手间,生活服务,公厕,121.44099,31.218415,上海市,上海市,静安区,121.43637958763658,31.2203015557648,Toilet
无障碍洗手间,生活服务,公厕,121.441309,31.218131,上海市,上海市,静安区,121.43669926060969,31.22001823662038,Toilet
无障碍洗手间,生活服务,公厕,121.441015,31.21847,上海市,上海市,静安区,121.43640463349914,31.220356572200263,Toilet
无障碍洗手间,生活服务,公厕,121.441037,31.218495,上海市,上海市,静安区,121.4364266759133,31.220381597822826,Toilet
无障碍洗手间,生活服务,公厕,121.440973,31.218482,上海市,上海市,静安区,121.43636254740802,31.220368494912453,Toilet
无障碍洗手间,生活服务,公厕,121.440732,31.218423,上海市,上海市,静安区,121.43612106612775,31.220309113656395,Toilet
无障碍洗手间,生活服务,公厕,121.440794,31.218408,上海市,上海市,静安区,121.43618319229684,31.22029422587904,Toilet
无障碍洗手间,生活服务,公厕,121.441024,31.21847,上海市,上海市,静安区,121.43641365173504,31.220356587547347,Toilet
无障碍洗手间,生活服务,公厕,121.441001,31.218471,上海市,上海市,静安区,121.43639060505308,31.22035754785757,Toilet
无障碍洗手间,生活服务,公厕,121.440946,31.218462,上海市,上海市,静安区,121.43633549451287,31.22034845845532,Toilet
无障碍洗手间,生活服务,公厕,121.440947,31.218435,上海市,上海市,静安区,121.43633649887848,31.22032147300857,Toilet
无障碍洗手间,生活服务,公厕,121.440971,31.218426,上海市,上海市,静安区,121.43636054821935,31.22031251815941,Toilet
无障碍洗手间,生活服务,公厕,121.440291,31.218604,上海市,上海市,静安区,121.43567916754654,31.2204892845608,Toilet
无障碍洗手间,生活服务,公厕,121.440336,31.218635,上海市,上海市,静安区,121.43572425451929,31.22052034526168,Toilet
无障碍洗手间,生活服务,公厕,121.440622,31.218892,上海市,上海市,静安区,121.43601080434024,31.22077770446223,Toilet
无障碍洗手间,生活服务,公厕,121.440528,31.218839,上海市,上海市,静安区,121.4359166204672,31.22072457106408,Toilet
无障碍洗手间,生活服务,公厕,121.440604,31.218932,上海市,上海市,静安区,121.43599276474582,31.220817655041408,Toilet
无障碍洗手间,生活服务,公厕,121.440722,31.218438,上海市,上海市,静安区,121.43611104470337,31.22032408958244,Toilet
无障碍洗手间,生活服务,公厕,121.440669,31.218408,上海市,上海市,静安区,121.43605794073584,31.22029401417768,Toilet
无障碍洗手间,生活服务,公厕,121.440294,31.218639,上海市,上海市,静安区,121.43568217048352,31.220524272935027,Toilet
无障碍洗手间,生活服务,公厕,121.440332,31.218572,上海市,上海市,静安区,121.4357202520128,31.22045736852852,Toilet
无障碍洗手间,生活服务,公厕,121.440346,31.218554,上海市,上海市,静安区,121.4357342814872,31.22043940058212,Toilet
无障碍洗手间,生活服务,公厕,121.440271,31.218618,上海市,上海市,静安区,121.43565912651238,31.22050324439196,Toilet
无障碍洗手间,生活服务,公厕,121.441455,31.21849,上海市,上海市,静安区,121.43684552780138,31.220377316798693,Toilet
无障碍洗手间,生活服务,公厕,121.441549,31.218447,上海市,上海市,静安区,121.43693972414876,31.22033449937931,Toilet
无障碍洗手间,生活服务,公厕,121.441557,31.218528,上海市,上海市,静安区,121.4369477335334,31.22041547464251,Toilet
无障碍洗手间,生活服务,公厕,121.441504,31.218561,上海市,上海市,静安区,121.43689462199563,31.22044836747272,Toilet
无障碍洗手间,生活服务,公厕,121.441559,31.218487,上海市,上海市,静安区,121.43694974119413,31.220374497608585,Toilet
无障碍洗手间,生活服务,公厕,121.441538,31.218521,上海市,上海市,静安区,121.4369286951666,31.22040844517119,Toilet
无障碍洗手间,生活服务,公厕,121.441514,31.21852,上海市,上海市,静安区,121.43690464604734,31.220407404232933,Toilet
无障碍洗手间,生活服务,公厕,121.441569,31.218496,上海市,上海市,静安区,121.43695976093376,31.220383510596395,Toilet
无障碍公厕,生活服务,公厕,121.440541,31.218956,上海市,上海市,静安区,121.43592963635383,31.22084153733643,Toilet
无障碍公厕,生活服务,公厕,121.441551,31.21851,上海市,上海市,静安区,121.43694172278563,31.22039747284844,Toilet
复旦大学附属华东医院1号楼,医疗保健,综合医院,121.441495,31.218454,上海市,上海市,静安区,121.4368856128382,31.220341402874386,Medical_Service
复旦大学附属华东医院10号楼,医疗保健,综合医院,121.440788,31.218078,上海市,上海市,静安区,121.43617720884076,31.21996437283021,Medical_Service
复旦大学附属华东医院5号楼,医疗保健,综合医院,121.441306,31.218979,上海市,上海市,静安区,121.43669618091252,31.220865827933824,Medical_Service
复旦大学附属华东医院-南楼,医疗保健,综合医院,121.441631,31.218438,上海市,上海市,静安区,121.43702189329846,31.22032564537175,Medical_Service
复旦大学附属华东医院急诊,医疗保健,综合医院,121.440501,31.21899,上海市,上海市,静安区,121.43588955330527,31.220875453765647,Medical_Service
复旦大学附属华东医院-核医学科,医疗保健,综合医院,121.440675,31.218457,上海市,上海市,静安区,121.4360639485416,31.22034300100211,Medical_Service
复旦大学附属华东医院-CT室,医疗保健,综合医院,121.440687,31.218474,上海市,上海市,静安区,121.43607597118732,31.220360013209863,Medical_Service
复旦大学附属华东医院门急诊化验室,医疗保健,综合医院,121.441324,31.218915,上海市,上海市,静安区,121.43671422319028,31.22080188927536,Medical_Service
复旦大学附属华东医院门诊抽血室,医疗保健,综合医院,121.440946,31.218912,上海市,上海市,静安区,121.43633545546476,31.22079824436739,Medical_Service
华东医院,交通设施,公交站,121.440913,31.219876,上海市,上海市,静安区,121.43630230508826,31.22176173019416,Transport
美丽园,交通设施,公交站,121.441644,31.220509,上海市,上海市,静安区,121.43703474033634,31.22239568402396,Transport
南京西路延安西路,交通设施,公交站,121.441199,31.220123,上海市,上海市,静安区,121.43658886365576,31.22200910108682,Transport
愚园路镇宁路,交通设施,公交站,121.436848,31.221071,上海市,上海市,静安区,121.43222938352235,31.222949586672968,Transport
愚园路乌鲁木齐北路,交通设施,公交站,121.441302,31.222829,上海市,上海市,静安区,121.43669183867536,31.224713997005747,Transport
新彩医疗美容门诊,医疗保健,诊所,121.440542,31.225775,上海市,上海市,静安区,121.43593004651126,31.22765731722625,Medical_Service
武宁南路武定路,交通设施,公交站,121.437393,31.226294,上海市,上海市,静安区,121.43277493130556,31.228170967313343,Transport
万航渡路镇宁路,交通设施,公交站,121.437665,31.225445,上海市,上海市,静安区,121.433047510339,31.227322790720194,Transport
武宁南路万航渡路,交通设施,公交站,121.437749,31.226014,上海市,上海市,静安区,121.43313161769308,31.227891655458176,Transport
公厕,生活服务,公厕,121.433459,31.222559,上海市,上海市,长宁区,121.42883435780485,31.224431926393954,Toilet
万村社区卫生运营服务站,医疗保健,综合医院,121.432572,31.223275,上海市,上海市,长宁区,121.42794584749775,31.22514637193571,Medical_Service
万航渡路武定西路,交通设施,公交站,121.433868,31.226056,上海市,上海市,静安区,121.42924373493985,31.22792785256475,Transport
华山路乌鲁木齐中路,交通设施,公交站,121.44259,31.217056,上海市,上海市,静安区,121.43798300580588,31.21894598124529,Transport
乌鲁木齐北路延安西路,交通设施,公交站,121.443395,31.219006,上海市,上海市,静安区,121.43878954261336,31.220896488475056,Transport
胸痛中心,医疗保健,综合医院,121.441822,31.219046,上海市,上海市,静安区,121.43721323395984,31.22093368726569,Medical_Service
无障碍洗手间,生活服务,公厕,121.442736,31.219293,上海市,上海市,静安区,121.4381291189283,31.22118217452828,Toilet
无障碍洗手间,生活服务,公厕,121.44265,31.21926,上海市,上海市,静安区,121.4380429407428,31.2211490378096,Toilet
无障碍洗手间,生活服务,公厕,121.442625,31.219259,上海市,上海市,静安区,121.4380178882643,31.221147994037132,Toilet
无障碍洗手间,生活服务,公厕,121.442617,31.219256,上海市,上海市,静安区,121.43800987170982,31.221144981308846,Toilet
无障碍洗手间,生活服务,公厕,121.442269,31.218895,上海市,上海市,静安区,121.4376611744915,31.22078353969029,Toilet
无障碍洗手间,生活服务,公厕,121.442326,31.218882,上海市,上海市,静安区,121.43771829455832,31.22077064598783,Toilet
无障碍洗手间,生活服务,公厕,121.44233,31.218846,上海市,上海市,静安区,121.4377223060335,31.220734670139755,Toilet
医疗急救中心华东分站,医疗保健,急救中心,121.442317,31.219278,上海市,上海市,静安区,121.43770924141664,31.221166441911308,Medical_Service
复旦大学附属华东医院行政综合楼,医疗保健,综合医院,121.441849,31.218995,上海市,上海市,静安区,121.43724029413656,31.22088275843945,Medical_Service
复旦大学附属华东医院-阶梯教室,医疗保健,综合医院,121.441944,31.219109,上海市,上海市,静安区,121.4373354806849,31.22099686958019,Medical_Service
复旦大学附属华山医院,医疗保健,综合医院,121.442929,31.217133,上海市,上海市,静安区,121.43832271383172,31.219023546142058,Medical_Service
无障碍洗手间,生活服务,公厕,121.441905,31.218795,上海市,上海市,静安区,121.4372964272312,31.220682950972822,Toilet
复旦大学附属华东医院-行政综合楼3号楼,医疗保健,综合医院,121.44188,31.219028,上海市,上海市,静安区,121.43727135532774,31.220915796662425,Medical_Service
医疗急救中心,医疗保健,综合医院,121.44241,31.219229,上海市,上海市,静安区,121.4378024400148,31.22111762878833,Medical_Service
医疗急救中心,医疗保健,急救中心,121.442404,31.219273,上海市,上海市,静安区,121.4377964236472,31.22116159731264,Medical_Service
无障碍洗手间,生活服务,公厕,121.442787,31.219263,上海市,上海市,静安区,121.43818022905954,31.221152279301087,Toilet
无障碍洗手间,生活服务,公厕,121.442789,31.219285,上海市,上海市,静安区,121.43818223137065,31.22117427239769,Toilet
复旦大学附属华东医院2号楼,医疗保健,综合医院,121.441999,31.218833,上海市,上海市,静安区,121.43739061855082,31.220721096706125,Medical_Service
无障碍洗手间,生活服务,公厕,121.442751,31.219262,上海市,上海市,静安区,121.43814415323077,31.22115121587205,Toilet
无障碍洗手间,生活服务,公厕,121.442755,31.219279,上海市,上海市,静安区,121.43814816018828,31.221168214890973,Toilet
无障碍洗手间,生活服务,公厕,121.44192,31.218765,上海市,上海市,静安区,121.43731146086164,31.22065299135877,Toilet
无障碍洗手间,生活服务,公厕,121.441871,31.218735,上海市,上海市,静安区,121.43726236214604,31.220622920351143,Toilet
无障碍洗手间,生活服务,公厕,121.442788,31.219307,上海市,上海市,静安区,121.43818122735271,31.22119626016709,Toilet
无障碍洗手间,生活服务,公厕,121.442767,31.219282,上海市,上海市,静安区,121.43816018522875,31.221171234762917,Toilet
无障碍洗手间,生活服务,公厕,121.442783,31.219296,上海市,上海市,静安区,121.43817621775916,31.221185256515533,Toilet
无障碍洗手间,生活服务,公厕,121.442292,31.218834,上海市,上海市,静安区,121.43768422775764,31.22072260908337,Toilet
无障碍洗手间,生活服务,公厕,121.44228,31.218852,上海市,上海市,静安区,121.43767220116288,31.220740579450943,Toilet
无障碍洗手间,生活服务,公厕,121.442222,31.218843,上海市,上海市,静安区,121.43761408104466,31.22073148196729,Toilet
无障碍洗手间,生活服务,公厕,121.441864,31.218776,上海市,上海市,静安区,121.43725534412428,31.22066388867298,Toilet
无障碍洗手间,生活服务,公厕,121.441822,31.218783,上海市,上海市,静安区,121.4372132567768,31.220670812335527,Toilet
无障碍洗手间,生活服务,公厕,121.442287,31.218854,上海市,上海市,静安区,121.43767921559134,31.220742590790667,Toilet
无障碍洗手间,生活服务,公厕,121.442301,31.218818,上海市,上海市,静安区,121.437693247925,31.22070663250073,Toilet
无障碍洗手间,生活服务,公厕,121.442189,31.218895,上海市,上海市,静安区,121.437581007817,31.22078339939603,Toilet
无障碍洗手间,生活服务,公厕,121.442287,31.218901,上海市,上海市,静安区,121.43767921151424,31.220789568438217,Toilet
无障碍洗手间,生活服务,公厕,121.442277,31.218904,上海市,上海市,静安区,121.4376691903948,31.22079254945365,Toilet
无障碍洗手间,生活服务,公厕,121.442267,31.218897,上海市,上海市,静安区,121.43765917014748,31.220785535228696,Toilet
无障碍洗手间,生活服务,公厕,121.442053,31.218749,上海市,上海市,静安区,121.43744473782716,31.220637230923323,Toilet
PHISKIN上海芙艾门诊部,医疗保健,诊所,121.443495,31.217958,上海市,上海市,静安区,121.43888984752232,31.219849167434088,Medical_Service
华山路延安中路,交通设施,公交站,121.446229,31.218999,上海市,上海市,静安区,121.4416297868905,31.22089474883751,Transport
上海静安酒店-洗手间,生活服务,公厕,121.445544,31.217886,上海市,上海市,静安区,121.44094334062102,31.21978097950517,Toilet
上海采菽中医门诊部,医疗保健,诊所,121.445452,31.217887,上海市,上海市,静安区,121.4408511349556,31.2197818059217,Medical_Service
延安中路华山路,交通设施,公交站,121.444456,31.220817,上海市,上海市,静安区,121.439852680011,31.222708560517592,Transport
延安西路华山路,交通设施,公交站,121.444444,31.220793,上海市,上海市,静安区,121.43984065585111,31.2226845497976,Transport
上海国际贵都大饭店,交通设施,公交站,121.444473,31.220756,上海市,上海市,静安区,121.43986972248594,31.222647620733035,Transport
静安公园-公厕,生活服务,公厕,121.445977,31.221389,上海市,上海市,静安区,121.44137700973462,31.22328313497367,Toilet
上海国际贵都大餐馆-洗手间,生活服务,公厕,121.44478,31.219966,上海市,上海市,静安区,121.4401774647922,31.2218585627244,Toilet
华山路,交通设施,公交站,121.444829,31.220882,上海市,上海市,静安区,121.4402264933237,31.222774219230686,Transport
妇科卞少天,医疗保健,诊所,121.446382,31.219557,上海市,上海市,静安区,121.44178308601074,31.2214527762656,Medical_Service
静安寺地铁站13B口,交通设施,地铁,121.445337,31.221104,上海市,上海市,静安区,121.4407355996651,31.222997061795,Transport
静安寺地铁站13A出口,交通设施,地铁,121.444947,31.221022,上海市,上海市,静安区,121.44034474159076,31.222914372159007,Transport
公厕,生活服务,公厕,121.443344,31.219343,上海市,上海市,静安区,121.43873840441228,31.22123323655157,Toilet
复旦大学附属华东医院16号楼,医疗保健,综合医院,121.443072,31.219428,上海市,上海市,静安区,121.43846581788384,31.22131770861606,Medical_Service
复旦大学附属华东医院肿瘤科-肿瘤综合治疗门诊,医疗保健,综合医院,121.443061,31.219467,上海市,上海市,静安区,121.438454791152,31.22135667043226,Medical_Service
复旦大学附属华东医院发热门诊,医疗保健,综合医院,121.442777,31.219392,上海市,上海市,静安区,121.43817019677664,31.22128120024575,Medical_Service
复旦大学附属华东医院皮肤科门诊,医疗保健,综合医院,121.443152,31.21948,上海市,上海市,静安区,121.43854598335642,31.221369827006207,Medical_Service
复旦大学附属华东医院皮肤科门诊,医疗保健,诊所,121.443093,31.219534,上海市,上海市,静安区,121.43848685328184,31.221423695798453,Medical_Service
复旦大学附属华东医院行政办公室,医疗保健,综合医院,121.442486,31.219857,上海市,上海市,静安区,121.43787854466233,31.22174546443317,Medical_Service
常熟路华山路,交通设施,公交站,121.447476,31.217393,上海市,上海市,静安区,121.44287978860709,31.21929192429593,Transport
优仕美地巨富里医院,医疗保健,综合医院,121.450727,31.219544,上海市,上海市,静安区,121.44613838689136,31.221448457232533,Medical_Service
常德路,交通设施,公交站,121.448412,31.221496,上海市,上海市,静安区,121.44381762725284,31.223394822857536,Transport
瑞尔齿科,医疗保健,诊所,121.447341,31.22155,上海市,上海市,静安区,121.44274411521104,31.223446685650075,Medical_Service
男洗手间,生活服务,公厕,121.449388,31.224328,上海市,上海市,静安区,121.44479571077908,31.22622744753877,Toilet
无障碍洗手间,生活服务,公厕,121.450209,31.224126,上海市,上海市,静安区,121.44561871922411,31.226027219539404,Toilet
哺乳室,生活服务,公厕,121.450294,31.224002,上海市,上海市,静安区,121.44570393774217,31.22590345294965,Toilet
男洗手间,生活服务,公厕,121.450191,31.224077,上海市,上海市,静安区,121.44560067950546,31.22597820558765,Toilet
上海百诺门诊部,医疗保健,诊所,121.449775,31.225611,上海市,上海市,静安区,121.4451835345488,31.22751063172794,Medical_Service
静安寺,交通设施,公交站,121.443885,31.224123,上海市,上海市,静安区,121.4392801520222,31.226011953763017,Transport
公厕,生活服务,公厕,121.444022,31.225815,上海市,上海市,静安区,121.43941730173498,31.22770340785399,Toilet
静安寺,交通设施,公交站,121.442176,31.225033,上海市,上海市,静安区,121.4375674482344,31.22691847435981,Transport
新闸路胶州路,交通设施,公交站,121.44295,31.22775,上海市,上海市,静安区,121.43834283731896,31.22963556808176,Transport
新闸路延平路,交通设施,公交站,121.442116,31.226925,上海市,上海市,静安区,121.43750715928029,31.228809481553785,Transport
胶州路北京西路,交通设施,公交站,121.444165,31.226729,上海市,上海市,静安区,121.43956053283524,31.228617240504924,Transport
第四康复医院,医疗保健,综合医院,121.444623,31.228344,上海市,上海市,静安区,121.44001939317964,31.230232327186044,Medical_Service
静安老年医院,医疗保健,综合医院,121.444749,31.228309,上海市,上海市,静安区,121.44014567312952,31.23019757666488,Medical_Service
静安寺街道社区卫生中心,医疗保健,综合医院,121.444628,31.228302,上海市,上海市,静安区,121.44002440779695,31.230190356044016,Medical_Service
常德路新闸路,交通设施,公交站,121.446356,31.22994,上海市,上海市,静安区,121.4417561269261,31.231830842995947,Transport
武定路常德路,交通设施,公交站,121.444214,31.230587,上海市,上海市,静安区,121.43960930477286,31.232473529305967,Transport
公厕,生活服务,公厕,121.450581,31.227687,上海市,上海市,静安区,121.44599132254818,31.22958731619768,Toilet
铜仁路南京西路,交通设施,公交站,121.449693,31.226949,上海市,上海市,静安区,121.44510122004569,31.228847836955588,Transport
贝轩大公馆-公厕,生活服务,公厕,121.450934,31.227792,上海市,上海市,静安区,121.44634518401224,31.22969300033388,Toilet
上海御成中医诊所,医疗保健,诊所,121.451317,31.226823,上海市,上海市,静安区,121.4467292184089,31.22872525446203,Medical_Service
中心医院,医疗保健,综合医院,121.449749,31.230711,上海市,上海市,静安区,121.44515702984108,31.2326081956408,Medical_Service
复旦大学附属华山医院静安分院,医疗保健,综合医院,121.449877,31.230935,上海市,上海市,静安区,121.44528532094654,31.232832353027625,Medical_Service
西康路新闸路,交通设施,公交站,121.450561,31.230147,上海市,上海市,静安区,121.44597106037332,31.232046127019697,Transport
红十字医院,医疗保健,综合医院,121.450026,31.230558,上海市,上海市,静安区,121.44543471593566,31.232455833457077,Medical_Service
无障碍洗手间,生活服务,公厕,121.449303,31.230675,上海市,上海市,静安区,121.44470995656172,31.23257130585125,Toilet
无障碍洗手间,生活服务,公厕,121.44938,31.2307,上海市,上海市,静安区,121.44478713961712,31.232596450216477,Toilet
无障碍洗手间,生活服务,公厕,121.449372,31.230618,上海市,上海市,静安区,121.44477912746464,31.232514472128017,Toilet
无障碍洗手间,生活服务,公厕,121.449404,31.230621,上海市,上海市,静安区,121.44481120424416,31.232517535614047,Toilet
无障碍洗手间,生活服务,公厕,121.450152,31.230462,上海市,上海市,静安区,121.44556103139875,31.23236013679331,Toilet
无障碍洗手间,生活服务,公厕,121.450124,31.230573,上海市,上海市,静安区,121.44553295347144,31.23247102763085,Toilet
无障碍洗手间,生活服务,公厕,121.450222,31.230515,上海市,上海市,静安区,121.44563119774106,31.23241325610338,Toilet
无障碍洗手间,生活服务,公厕,121.450163,31.230584,上海市,上海市,静安区,121.44557204767987,31.232482102661425,Toilet
无障碍洗手间,生活服务,公厕,121.450071,31.230416,上海市,上海市,静安区,121.44547983785172,31.232313991828107,Toilet
无障碍洗手间,生活服务,公厕,121.449449,31.229132,上海市,上海市,静安区,121.44485644163294,31.23102932033702,Toilet
无障碍洗手间,生活服务,公厕,121.450112,31.230596,上海市,上海市,静安区,121.44552092221228,31.232493992285452,Toilet
无障碍洗手间,生活服务,公厕,121.450179,31.2305,上海市,上海市,静安区,121.44558809401396,31.232398174625175,Toilet
无障碍洗手间,生活服务,公厕,121.450152,31.230493,上海市,上海市,静安区,121.44556102871402,31.23239112237377,Toilet
无障碍洗手间,生活服务,公厕,121.450135,31.230525,上海市,上海市,静安区,121.4455439844622,31.232423072554493,Toilet
无障碍洗手间,生活服务,公厕,121.450149,31.230505,上海市,上海市,静安区,121.44555802035376,31.2324031106264,Toilet
无障碍洗手间,生活服务,公厕,121.450108,31.230548,上海市,上海市,静安区,121.445516916615,31.232446006393065,Toilet
无障碍洗手间,生活服务,公厕,121.450134,31.230577,上海市,上海市,静安区,121.44554297751908,31.23247504631567,Toilet
无障碍洗手间,生活服务,公厕,121.450108,31.230437,上海市,上海市,静安区,121.44551692622824,31.2323350580228,Toilet
无障碍洗手间,生活服务,公厕,121.450098,31.230653,上海市,上海市,静安区,121.4455068831384,31.232550937028886,Toilet
无障碍洗手间,生活服务,公厕,121.450084,31.23061,上海市,上海市,静安区,121.4454928527336,31.23250792828032,Toilet
无障碍洗手间,生活服务,公厕,121.450155,31.230571,上海市,上海市,静安区,121.4455640292802,31.23246909226241,Toilet
无障碍洗手间,生活服务,公厕,121.450182,31.230521,上海市,上海市,静安区,121.44559109952012,31.23241917102684,Toilet
无障碍洗手间,生活服务,公厕,121.449391,31.230663,上海市,上海市,静安区,121.44479816930334,31.232559489721808,Toilet
无障碍洗手间,生活服务,公厕,121.449433,31.230701,上海市,上海市,静安区,121.44484026716954,31.232597557246677,Toilet
无障碍洗手间,生活服务,公厕,121.44943,31.230673,上海市,上海市,静安区,121.44483726236687,31.232569564178004,Toilet
无障碍洗手间,生活服务,公厕,121.449433,31.230594,上海市,上海市,静安区,121.4448402764382,31.232490607000592,Toilet
无障碍洗手间,生活服务,公厕,121.449382,31.230623,上海市,上海市,静安区,121.44478915110156,31.232519490074257,Toilet
无障碍洗手间,生活服务,公厕,121.449414,31.230599,上海市,上海市,静安区,121.44482123023376,31.2324955661276,Toilet
无障碍洗手间,生活服务,公厕,121.449392,31.230604,上海市,上海市,静安区,121.44479917682176,31.232500519184622,Toilet
无障碍洗手间,生活服务,公厕,121.449272,31.230644,上海市,上海市,静安区,121.4446788847502,31.232540257526107,Toilet
无障碍洗手间,生活服务,公厕,121.449431,31.23056,上海市,上海市,静安区,121.4448382745646,31.23245661875416,Toilet
无障碍洗手间,生活服务,公厕,121.449328,31.230568,上海市,上海市,静安区,121.44473502593917,31.232464406229703,Toilet
无障碍洗手间,生活服务,公厕,121.449303,31.230624,上海市,上海市,静安区,121.44470996097964,31.232520329565634,Toilet
无障碍洗手间,生活服务,公厕,121.449291,31.230581,上海市,上海市,静安区,121.44469793586212,31.23247732527153,Toilet
无障碍洗手间,生活服务,公厕,121.449379,31.230665,上海市,上海市,静安区,121.44478614024186,31.23256146446277,Toilet
无障碍洗手间,生活服务,公厕,121.449396,31.230574,上海市,上海市,静安区,121.44480318905144,31.232470541246943,Toilet
中心医院胸痛中心,医疗保健,综合医院,121.450173,31.23082,上海市,上海市,静安区,121.44558205165193,31.232718013494555,Medical_Service
中心医院2号楼,医疗保健,综合医院,121.449518,31.230773,上海市,上海市,静安区,121.4449254658907,31.23266969638557,Medical_Service
中心医院4号楼,医疗保健,综合医院,121.450561,31.230843,上海市,上海市,静安区,121.44597100010346,31.23274180328855,Medical_Service
中心医院急诊,医疗保健,综合医院,121.449819,31.23087,上海市,上海市,静安区,121.44522718579042,31.232767264666883,Medical_Service
中心医院住院部,医疗保健,综合医院,121.449449,31.230711,上海市,上海市,静安区,121.44485630485974,31.232607585068862,Medical_Service
中心医院门诊部,医疗保健,综合医院,121.45025,31.230532,上海市,上海市,静安区,121.44565926470052,31.232430305831155,Medical_Service
新闸路西康路,交通设施,公交站,121.447457,31.230053,上海市,上海市,静安区,121.44285964751172,31.23194592107164,Transport
儿童医院GCP机构办公室,医疗保健,综合医院,121.448904,31.229237,上海市,上海市,静安区,121.44431012548132,31.231133170592123,Medical_Service
武定路西康路,交通设施,公交站,121.447991,31.232275,上海市,上海市,静安区,121.44339470164444,31.23416793875197,Transport
KFC,生活服务,公厕,121.449093,31.232235,上海市,上海市,静安区,121.444499317572,31.234130157303618,Toilet
公厕,生活服务,公厕,121.449793,31.231553,上海市,上海市,静安区,121.4452010635678,31.233449894319524,Toilet
无障碍公厕,生活服务,公厕,121.449466,31.231593,上海市,上海市,静安区,121.444873269436,31.23348920986719,Toilet
武定坊社区卫生运营服务站,医疗保健,综合医院,121.449264,31.233212,上海市,上海市,静安区,121.4446706430633,31.23510705026854,Medical_Service
康定路江宁路,交通设施,公交站,121.450913,31.235124,上海市,上海市,静安区,121.44632349720438,31.237021552764865,Transport
武定路江宁路,交通设施,公交站,121.451549,31.234274,上海市,上海市,静安区,121.4469611521486,31.236173276672343,Transport
陕西北路新闸路,交通设施,公交站,121.450158,31.234331,上海市,上海市,静安区,121.4455667109449,31.236227356300223,Transport
第一人民医院眼科医院,医疗保健,综合医院,121.449278,31.235016,上海市,上海市,静安区,121.44468452040334,31.236910245512888,Medical_Service
康定路西康路,交通设施,公交站,121.446726,31.23357,上海市,上海市,静安区,121.44212665654698,31.235459869711843,Transport
西康路康定路,交通设施,公交站,121.447711,31.233563,上海市,上海市,静安区,121.44311393472913,31.23545479073618,Transport
视觉复明临床医学中心,医疗保健,综合医院,121.448986,31.234559,上海市,上海市,静安区,121.4443918602285,31.23645286697049,Medical_Service
康定路常德路,交通设施,公交站,121.443487,31.232274,上海市,上海市,静安区,121.43888058859396,31.23415842464333,Transport
常德路康定路,交通设施,公交站,121.443068,31.233136,上海市,上海市,静安区,121.43846062016736,31.235019273278212,Transport
KFC,生活服务,公厕,121.44317,31.233245,上海市,上海市,静安区,121.43856282749982,31.235128405321475,Toilet
联宝里居委红十字卫生站,医疗保健,综合医院,121.445412,31.233942,上海市,上海市,静安区,121.44080965369862,31.235829196717805,Medical_Service
美年大健康体检,医疗保健,诊所,121.446254,31.23507,上海市,上海市,静安区,121.44165345046171,31.236958271319416,Medical_Service
昌平路,交通设施,地铁,121.442586,31.233717,上海市,上海市,静安区,121.437977551873,31.23559914790556,Transport
昌平路常德路,交通设施,公交站,121.442995,31.234626,上海市,上海市,静安区,121.43838733600846,31.23650845455098,Transport
公厕,生活服务,公厕,121.442068,31.235061,上海市,上海市,静安区,121.43745835345048,31.236941617190396,Toilet
武定路,交通设施,地铁,121.436169,31.227275,上海市,上海市,静安区,121.43154861732644,31.229149633632804,Transport
武定路地铁站3号口,交通设施,地铁,121.43512,31.227979,上海市,上海市,静安区,121.4304977050892,31.229851748267496,Transport
康定路万春街,交通设施,公交站,121.435471,31.230722,上海市,上海市,静安区,121.4308490799688,31.232593985097264,Transport
武宁南路武定西路,交通设施,公交站,121.434577,31.229144,上海市,上海市,静安区,121.42995366720284,31.231015417145255,Transport
公厕,生活服务,公厕,121.434584,31.229322,上海市,上海市,静安区,121.42996066371047,31.23119334421844,Toilet
康定路武宁南路,交通设施,公交站,121.432811,31.230092,上海市,上海市,静安区,121.42818464103463,31.231960502105863,Transport
武宁南路康定路,交通设施,公交站,121.434154,31.229706,上海市,上海市,静安区,121.42952989894349,31.2315765506429,Transport
余姚路武宁南路,交通设施,公交站,121.431907,31.230848,上海市,上海市,静安区,121.4272791294732,31.232714936172005,Transport
武定路万春街,交通设施,公交站,121.438061,31.227939,上海市,上海市,静安区,121.43344403583264,31.229816246248152,Transport
上海陈志英中医诊所,医疗保健,诊所,121.438319,31.22784,上海市,上海市,静安区,121.43370253206196,31.229717702675764,Medical_Service
武定路地铁站2号口,交通设施,地铁,121.436972,31.226267,上海市,上海市,静安区,121.43235315873272,31.22814332831132,Transport
武定路地铁站1号口,交通设施,地铁,121.437003,31.22677,上海市,上海市,静安区,121.43238417179776,31.22864614026941,Transport
武定路延平路,交通设施,公交站,121.441567,31.229664,上海市,上海市,静安区,121.43695678768812,31.231546247813164,Transport
公厕,生活服务,公厕,121.439605,31.230591,上海市,上海市,静安区,121.43499077201056,31.232469505160065,Toilet
第四康复医院,医疗保健,综合医院,121.43816,31.230561,上海市,上海市,静安区,121.43354299480995,31.232437180786487,Medical_Service
公厕,生活服务,公厕,121.43835,31.229022,上海市,上海市,静安区,121.4337334882078,31.230899200146197,Toilet
昌平路延平路,交通设施,公交站,121.437713,31.232829,上海市,上海市,静安区,121.4330949584334,31.234703422492483,Transport
公厕,生活服务,公厕,121.437507,31.232965,上海市,上海市,静安区,121.43288856309177,31.23483903700796,Toilet
玉兰社区卫生运营服务站,医疗保健,综合医院,121.438367,31.233261,上海市,上海市,静安区,121.43375015226007,31.23513625818218,Medical_Service
康定路延平路,交通设施,公交站,121.440774,31.231056,上海市,上海市,静安区,121.43616205419292,31.232936243143943,Transport
胶州路康定路,交通设施,公交站,121.441453,31.232674,上海市,上海市,静安区,121.43684229274082,31.23455465302249,Transport
胶州路余姚路,交通设施,公交站,121.440141,31.234766,上海市,上海市,静安区,121.43552746625606,31.236643460773823,Transport
常德路余姚路,交通设施,公交站,121.441583,31.235323,上海市,上海市,静安区,121.4369723293019,31.23720265374845,Transport
昌平路地铁站5号口,交通设施,地铁,121.441449,31.234274,上海市,上海市,静安区,121.43683814565496,31.23615390632564,Transport
曹家渡街道社区卫生中心社区康复站,医疗保健,综合医院,121.438569,31.233322,上海市,上海市,静安区,121.43395253150624,31.235197553405992,Medical_Service
武宁路地铁站4号口,交通设施,地铁,121.43228,31.232079,上海市,上海市,静安区,121.4276526139368,31.23394586147571,Transport
武宁路地铁站5B口,交通设施,地铁,121.43204,31.231916,上海市,上海市,静安区,121.4274122466906,31.2337826167438,Transport
武宁路地铁站5A口,交通设施,地铁,121.432217,31.231684,上海市,上海市,静安区,121.42758954788393,31.2335509603666,Transport
余姚路延平路,交通设施,公交站,121.43613,31.234528,上海市,上海市,静安区,121.43150891720862,31.236399204224043,Transport
延平路余姚路,交通设施,公交站,121.43658,31.235131,上海市,上海市,静安区,121.4319596747954,31.237002607147524,Transport
安远路胶州路,交通设施,公交站,121.434425,31.235137,上海市,上海市,普陀区,121.42980088663894,31.2370054206904,Transport
桔子豪华酒店-精选-洗手间,生活服务,公厕,121.436048,31.234195,上海市,上海市,静安区,121.43142679963374,31.23606623474722,Toilet
公厕,生活服务,公厕,121.43543,31.233859,上海市,上海市,静安区,121.43080773534057,31.235729470729947,Toilet
安远路长寿路,交通设施,公交站,121.432171,31.235071,上海市,上海市,普陀区,121.42754318010024,31.23693633256369,Transport
上海心典中医门诊部,医疗保健,诊所,121.434087,31.234951,上海市,上海市,静安区,121.4294623297948,31.236819024922774,Medical_Service
长宁路中山西路,交通设施,公交站,121.413001,31.217383,上海市,上海市,长宁区,121.40835385211992,31.21923918644056,Transport
上海长宁来福士-男洗手间,生活服务,公厕,121.414132,31.217303,上海市,上海市,长宁区,121.40948554832065,31.21915979349368,Toilet
上海长宁来福士-男洗手间,生活服务,公厕,121.413708,31.217013,上海市,上海市,长宁区,121.40906130718705,31.21886971176274,Toilet
无障碍洗手间,生活服务,公厕,121.413669,31.21702,上海市,上海市,长宁区,121.40902228255632,31.218876688589077,Toilet
无障碍洗手间,生活服务,公厕,121.413659,31.217027,上海市,上海市,长宁区,121.40901227580036,31.21888368017441,Toilet
无障碍洗手间,生活服务,公厕,121.413655,31.217083,上海市,上海市,长宁区,121.4090082684646,31.21893965142492,Toilet
女洗手间,生活服务,公厕,121.413657,31.217049,上海市,上海市,长宁区,121.40901027265512,31.218905668662213,Toilet
范北社区卫生运营服务站,医疗保健,综合医院,121.414235,31.220456,上海市,上海市,长宁区,121.40958833978186,31.222311348778582,Medical_Service
上海巴黎春天新世界豪华酒店,生活服务,公厕,121.421018,31.218317,上海市,上海市,长宁区,121.41637713165844,31.220178027014786,Toilet
中山公园-公厕,生活服务,公厕,121.419785,31.219404,上海市,上海市,长宁区,121.41514283543286,31.22126350754216,Toilet
中山公园-公厕,生活服务,公厕,121.421806,31.220163,上海市,上海市,长宁区,121.41716578119096,31.222023826385307,Toilet
愚园路定西路,交通设施,公交站,121.422816,31.218884,上海市,上海市,长宁区,121.4181769792695,31.22074634210581,Transport
男洗手间,生活服务,公厕,121.422497,31.217597,上海市,上海市,长宁区,121.4178577422376,31.219459663067767,Toilet
男洗手间,生活服务,公厕,121.422567,31.217711,上海市,上海市,长宁区,121.41792780845005,31.21957367237233,Toilet
男洗手间,生活服务,公厕,121.422521,31.217637,上海市,上海市,长宁区,121.41788176483016,31.219499665795976,Toilet
女洗手间,生活服务,公厕,121.422631,31.217646,上海市,上海市,长宁区,121.4179918839463,31.219508761732413,Toilet
女洗手间,生活服务,公厕,121.422438,31.217592,上海市,上海市,长宁区,121.41779867870228,31.219454611981483,Toilet
愚园路安西路,交通设施,公交站,121.426018,31.218854,上海市,上海市,长宁区,121.4213827833956,31.22071953815492,Transport
公厕,生活服务,公厕,121.425313,31.219168,上海市,上海市,长宁区,121.42067687272878,31.22103264897588,Toilet
新成石研中医,医疗保健,诊所,121.42453,31.218802,上海市,上海市,长宁区,121.41989295412432,31.2206660272367,Medical_Service
公厕,生活服务,公厕,121.425217,31.219305,上海市,上海市,长宁区,121.42058074253974,31.221169484830053,Toilet
出租车司机专用公厕,生活服务,公厕,121.42403,31.219823,上海市,上海市,长宁区,121.41939227521428,31.221686048272208,Toilet
男卫生间,生活服务,公厕,121.430826,31.218628,上海市,上海市,长宁区,121.42619751807032,31.220499277852543,Toilet
江苏路,交通设施,地铁,121.43068,31.220441,上海市,上海市,长宁区,121.42605113891254,31.22231123073996,Transport
长宁路江苏路,交通设施,公交站,121.427018,31.223488,上海市,上海市,长宁区,121.42238367780875,31.225352431230228,Transport
出租车司机专用公厕,生活服务,公厕,121.431762,31.22543,上海市,上海市,静安区,121.42713437263258,31.227299276281343,Toilet
华阳路长宁路,交通设施,公交站,121.423122,31.222515,上海市,上海市,长宁区,121.41848300307416,31.224375905432357,Transport
公厕,生活服务,公厕,121.423261,31.222257,上海市,上海市,长宁区,121.41862218158198,31.2241181578164,Toilet
华阳街道社区卫生中心,医疗保健,综合医院,121.423498,31.222905,上海市,上海市,长宁区,121.41885939358676,31.224766076285384,Medical_Service
发热哨点诊室,医疗保健,诊所,121.423345,31.222271,上海市,上海市,长宁区,121.4187062751594,31.22413223048112,Medical_Service
华阳街道社区卫生中心,医疗保健,综合医院,121.423451,31.222093,上海市,上海市,长宁区,121.4188124108122,31.22395441510449,Medical_Service
江苏北路长宁路,交通设施,公交站,121.426114,31.225112,上海市,上海市,长宁区,121.42147836108062,31.226974681835625,Transport
公厕,生活服务,公厕,121.423532,31.22423,上海市,上海市,长宁区,121.41889331698016,31.226090484116856,Toilet
公厕,生活服务,公厕,121.4229,31.225381,上海市,上海市,长宁区,121.4182605064257,31.22724034881852,Toilet
长一社区卫生运营服务站,医疗保健,综合医院,121.425573,31.226412,上海市,上海市,长宁区,121.42093656497195,31.22827349954638,Medical_Service
婴儿换洗间,生活服务,公厕,121.426923,31.227867,上海市,上海市,长宁区,121.42228817118024,31.22972927014906,Toilet
婴儿换洗间,生活服务,公厕,121.42685,31.227846,上海市,上海市,长宁区,121.4222150768655,31.22970819939304,Toilet
万航渡路长寿路,交通设施,公交站,121.425278,31.229012,上海市,上海市,长宁区,121.42064097269144,31.23087197723965,Transport
公厕,生活服务,公厕,121.425395,31.228917,上海市,上海市,长宁区,121.42075812555213,31.23077714263052,Toilet
出租车司机专用公厕,生活服务,公厕,121.425418,31.229852,上海市,上海市,普陀区,121.42078107265954,31.23171173068309,Toilet
无障碍洗手间,生活服务,公厕,121.426795,31.228629,上海市,上海市,长宁区,121.42215993646178,31.230490773052853,Toilet
无障碍洗手间,生活服务,公厕,121.426718,31.228618,上海市,上海市,长宁区,121.422082836531,31.230479693643048,Toilet
女洗手间,生活服务,公厕,121.426718,31.228638,上海市,上海市,长宁区,121.42208283479016,31.230499684306864,Toilet
男洗手间,生活服务,公厕,121.426751,31.228661,上海市,上海市,长宁区,121.4221158759881,31.23052270977196,Toilet
隆德路,交通设施,地铁,121.423545,31.230466,上海市,上海市,普陀区,121.4189057888156,31.23232357829051,Transport
移动公厕,生活服务,公厕,121.431773,31.228431,上海市,上海市,静安区,121.4271451289132,31.230298885238103,Toilet
爱康国宾一品门诊部,医疗保健,诊所,121.430495,31.228913,上海市,上海市,静安区,121.4258651229409,31.23077901134324,Medical_Service
忻康里,交通设施,公交站,121.430966,31.229181,上海市,上海市,静安区,121.4263368137371,31.23104748577993,Transport
889广场-洗手间,生活服务,公厕,121.429434,31.228906,上海市,上海市,静安区,121.4248025567099,31.2307706997359,Toilet
爱康国宾曹家渡一品分院,医疗保健,诊所,121.430791,31.228946,上海市,上海市,静安区,121.42616156752266,31.230812371538608,Medical_Service
长寿路武宁路,交通设施,公交站,121.429088,31.23256,上海市,上海市,静安区,121.42445574035256,31.2344225829056,Transport
美豪豪华酒店-洗手间,生活服务,公厕,121.427956,31.231663,上海市,上海市,普陀区,121.42332223110324,31.23352466754606,Toilet
武宁路,交通设施,地铁,121.430486,31.234363,上海市,上海市,普陀区,121.42585563526116,31.236226470880577,Transport
男洗手间,生活服务,公厕,121.431064,31.234645,上海市,上海市,静安区,121.42643448842928,31.236509077496,Toilet
武宁路地铁站3号口,交通设施,地铁,121.430596,31.233409,上海市,上海市,静安区,121.42596588397949,31.23527305070374,Transport
武宁路地铁站1号口,交通设施,地铁,121.42984,31.234123,上海市,上海市,普陀区,121.42520869550034,31.235985775502517,Transport
武宁路地铁站2号口,交通设施,地铁,121.430842,31.234362,上海市,上海市,静安区,121.42621217391267,31.236225923389885,Transport
曹杨路谈家渡路,交通设施,公交站,121.42187,31.233099,上海市,上海市,普陀区,121.4172287218526,31.23495382076576,Transport
公厕,生活服务,公厕,121.421802,31.23433,上海市,上海市,普陀区,121.41716054315384,31.236184192186084,Toilet
公厕,生活服务,公厕,121.420621,31.234317,上海市,上海市,普陀区,121.41597834233202,31.236170194757232,Toilet
上海木子中医诊所,医疗保健,诊所,121.421089,31.235298,上海市,上海市,普陀区,121.4164467242976,31.2371511324996,Medical_Service
宁夏路曹杨路,交通设施,公交站,121.418907,31.233695,上海市,上海市,普陀区,121.4142627841913,31.235547137874462,Transport
公厕,生活服务,公厕,121.417855,31.235309,上海市,上海市,普陀区,121.41320973153827,31.23715963406227,Toilet
无障碍公厕,生活服务,公厕,121.417855,31.235354,上海市,上海市,普陀区,121.41320972761636,31.237204613333788,Toilet
上海白玉堂中医诊所,医疗保健,诊所,121.417746,31.235479,上海市,上海市,普陀区,121.41310062560646,31.237329479981163,Medical_Service
上海白玉堂中医门诊,医疗保健,诊所,121.417709,31.235478,上海市,上海市,普陀区,121.4130635949088,31.237328454839563,Medical_Service
宁夏路白玉路,交通设施,公交站,121.416559,31.23236,上海市,上海市,普陀区,121.411912946324,31.234211130402134,Transport
复旦大学附属中山医院门诊综合楼,医疗保健,综合医院,121.453432,31.198993,上海市,上海市,徐汇区,121.44885198405576,31.20091314782732,Medical_Service
中山医院,交通设施,公交站,121.454069,31.199217,上海市,上海市,徐汇区,121.4494906144531,31.201138427592028,Transport
复旦大学枫林校区附属中山医院20号楼,医疗保健,综合医院,121.453517,31.199133,上海市,上海市,徐汇区,121.44893719114204,31.20105326355099,Medical_Service
复旦大学附属中山医院门诊综合楼20号楼,医疗保健,综合医院,121.453693,31.199168,上海市,上海市,徐汇区,121.44911364289632,31.20108862951213,Medical_Service
复旦大学附属中山医院门诊综合楼21号楼,医疗保健,综合医院,121.452847,31.198871,上海市,上海市,徐汇区,121.44826549411906,31.200789943634444,Medical_Service
无障碍洗手间,生活服务,公厕,121.453227,31.198985,上海市,上海市,徐汇区,121.4486464573398,31.2009047073743,Toilet
无障碍洗手间,生活服务,公厕,121.453483,31.1991,上海市,上海市,徐汇区,121.44890310628443,31.201020205900647,Toilet
无障碍洗手间,生活服务,公厕,121.453404,31.199003,上海市,上海市,徐汇区,121.44882391105408,31.200923082117612,Toilet
无障碍洗手间,生活服务,公厕,121.45334,31.199129,上海市,上海市,徐汇区,121.44875973539946,31.20104888122008,Toilet
无障碍洗手间,生活服务,公厕,121.453466,31.199191,上海市,上海市,徐汇区,121.4488860545832,31.20111112414404,Toilet
无障碍洗手间,生活服务,公厕,121.453421,31.199058,上海市,上海市,徐汇区,121.44884095009488,31.200978091924643,Toilet
无障碍洗手间,生活服务,公厕,121.453524,31.199062,上海市,上海市,徐汇区,121.4489442153414,31.20098231374332,Toilet
无障碍洗手间,生活服务,公厕,121.453321,31.199032,上海市,上海市,徐汇区,121.4487406949,31.200951887811367,Toilet
无障碍洗手间,生活服务,公厕,121.453405,31.199186,上海市,上海市,徐汇区,121.44882489781476,31.201105994148985,Toilet
无障碍洗手间,生活服务,公厕,121.453351,31.198997,上海市,上海市,徐汇区,121.4487707751144,31.200916970093445,Toilet
无障碍洗手间,生活服务,公厕,121.453467,31.198966,上海市,上海市,徐汇区,121.44888707660591,31.200886237146182,Toilet
无障碍洗手间,生活服务,公厕,121.453524,31.199086,上海市,上海市,徐汇区,121.44894421326738,31.201006301921403,Toilet
无障碍洗手间,生活服务,公厕,121.453426,31.199131,上海市,上海市,徐汇区,121.44884595666898,31.20105106682266,Toilet
无障碍洗手间,生活服务,公厕,121.453477,31.199034,上海市,上海市,徐汇区,121.44889709651488,31.200954225373497,Toilet
无障碍洗手间,生活服务,公厕,121.453476,31.198976,上海市,上海市,徐汇区,121.44889609894844,31.200896251773603,Toilet
复旦大学附属中山医院西院区门诊,医疗保健,综合医院,121.453192,31.198566,上海市,上海市,徐汇区,121.448611403679,31.200485838141773,Medical_Service
无障碍洗手间,生活服务,公厕,121.453072,31.198707,上海市,上海市,徐汇区,121.4484910837387,31.200626509323172,Toilet
无障碍洗手间,生活服务,公厕,121.453042,31.198751,上海市,上海市,徐汇区,121.44846100308958,31.200670422886628,Toilet
无障碍洗手间,生活服务,公厕,121.453433,31.198929,上海市,上海市,徐汇区,121.44885299216357,31.20084918152976,Toilet
无障碍洗手间,生活服务,公厕,121.45346,31.199145,上海市,上海市,徐汇区,121.44888004308945,31.20106513376484,Toilet
无障碍洗手间,生活服务,公厕,121.453538,31.199062,上海市,上海市,徐汇区,121.44895825147476,31.200982344189452,Toilet
无障碍洗手间,生活服务,公厕,121.453494,31.199089,上海市,上海市,徐汇区,121.44891413560646,31.201009235224703,Toilet
无障碍洗手间,生活服务,公厕,121.453542,31.198999,上海市,上海市,徐汇区,121.44896226724433,31.2009193839244,Toilet
无障碍洗手间,生活服务,公厕,121.453454,31.199161,上海市,上海市,徐汇区,121.4488740262391,31.20108111285156,Toilet
无障碍洗手间,生活服务,公厕,121.453404,31.199129,上海市,上海市,徐汇区,121.448823900165,31.20104902005172,Toilet
复旦大学附属中山医院21号楼住院部,医疗保健,综合医院,121.453261,31.198627,上海市,上海市,徐汇区,121.44868057563308,31.200546957401368,Medical_Service
复旦大学枫林校区附属中山医院21号楼,医疗保健,综合医院,121.453051,31.198825,上海市,上海市,徐汇区,121.4484700197438,31.200744405840062,Medical_Service
无障碍洗手间,生活服务,公厕,121.453113,31.198805,上海市,上海市,徐汇区,121.44853218035172,31.200724549567312,Toilet
无障碍洗手间,生活服务,公厕,121.452991,31.198835,上海市,上海市,徐汇区,121.44840986527564,31.20075427148624,Toilet
无障碍洗手间,生活服务,公厕,121.453081,31.198793,上海市,上海市,徐汇区,121.44850009936692,31.200712486369465,Toilet
无障碍洗手间,生活服务,公厕,121.452989,31.198685,上海市,上海市,徐汇区,121.44840787312272,31.200604341100146,Toilet
无障碍洗手间,生活服务,公厕,121.453009,31.198846,上海市,上海市,徐汇区,121.44842791039052,31.200765304880424,Toilet
无障碍洗手间,生活服务,公厕,121.45306,31.198732,上海市,上海市,徐汇区,121.44847905083503,31.20065147109741,Toilet
无障碍洗手间,生活服务,公厕,121.452972,31.198717,上海市,上海市,徐汇区,121.4483908268642,31.200636288680897,Toilet
无障碍洗手间,生活服务,公厕,121.453008,31.198831,上海市,上海市,徐汇区,121.44842690912743,31.20075031011537,Toilet
无障碍洗手间,生活服务,公厕,121.453068,31.198803,上海市,上海市,徐汇区,121.44848706519322,31.20072245337496,Toilet
无障碍洗手间,生活服务,公厕,121.45298,31.198745,上海市,上海市,徐汇区,121.4483988449098,31.200664292125023,Toilet
无障碍洗手间,生活服务,公厕,121.452753,31.198887,上海市,上海市,徐汇区,121.44817125294531,31.2008057337052,Toilet
无障碍洗手间,生活服务,公厕,121.45306,31.198796,上海市,上海市,徐汇区,121.44847904530356,31.20071543955588,Toilet
无障碍洗手间,生活服务,公厕,121.452908,31.198761,上海市,上海市,徐汇区,121.44832665943044,31.20068012912075,Toilet
无障碍洗手间,生活服务,公厕,121.453027,31.198876,上海市,上海市,徐汇区,121.44844595387656,31.20079532892367,Toilet
无障碍洗手间,生活服务,公厕,121.452772,31.198837,上海市,上海市,徐汇区,121.4481903057061,31.200755799157097,Toilet
无障碍洗手间,生活服务,公厕,121.45309,31.198801,上海市,上海市,徐汇区,121.4485091217399,31.200720501861024,Toilet
无障碍洗手间,生活服务,公厕,121.452877,31.198785,上海市,上海市,徐汇区,121.448295578158,31.2007040505611,Toilet
无障碍洗手间,生活服务,公厕,121.452916,31.198675,上海市,上海市,徐汇区,121.44833468730828,31.20059418873447,Toilet
无障碍洗手间,生活服务,公厕,121.452806,31.198849,上海市,上海市,徐汇区,121.44822439138623,31.20076786631108,Toilet
无障碍洗手间,生活服务,公厕,121.453081,31.198795,上海市,上海市,徐汇区,121.44850009919404,31.200714485383845,Toilet
无障碍洗手间,生活服务,公厕,121.452835,31.198892,上海市,上海市,徐汇区,121.44825346167202,31.20081090747677,Toilet
无障碍洗手间,生活服务,公厕,121.452902,31.198693,上海市,上海市,徐汇区,121.44832064997615,31.20061214971727,Toilet
无障碍洗手间,生活服务,公厕,121.453328,31.199154,上海市,上海市,徐汇区,121.448747702364,31.2010738428918,Toilet
无障碍洗手间,生活服务,公厕,121.453621,31.199199,上海市,上海市,徐汇区,121.44904145401898,31.201119457352952,Toilet
无障碍洗手间,生活服务,公厕,121.453379,31.199165,上海市,上海市,徐汇区,121.44879883267234,31.2010849480731,Toilet
复旦大学附属中山医院西院区20号楼,医疗保健,综合医院,121.453214,31.19867,上海市,上海市,徐汇区,121.44863345117646,31.20058983446912,Medical_Service
平江路枫林路,交通设施,公交站,121.454425,31.19983,上海市,上海市,徐汇区,121.44984749064989,31.20175190879173,Transport
肇嘉浜路枫林路,交通设施,公交站,121.45425,31.200625,上海市,上海市,徐汇区,121.44967196456946,31.2025461325497,Transport
岳阳路建国西路,交通设施,公交站,121.452994,31.2027,上海市,上海市,徐汇区,121.44841253887226,31.204617379588356,Transport
小木桥路斜土路,交通设施,公交站,121.457156,31.199166,上海市,上海市,徐汇区,121.45258584323716,31.201094382812627,Transport
嘉善路,交通设施,地铁,121.460689,31.202818,上海市,上海市,徐汇区,121.45612838873704,31.204752898281075,Transport
女洗手间,生活服务,公厕,121.460922,31.201578,上海市,上海市,徐汇区,121.45636216207346,31.20351406735673,Toilet
男洗手间,生活服务,公厕,121.460684,31.201089,上海市,上海市,徐汇区,121.45612352354898,31.20302473378472,Toilet
女洗手间,生活服务,公厕,121.460584,31.201081,上海市,上海市,徐汇区,121.45602323884266,31.20301649724392,Toilet
男洗手间,生活服务,公厕,121.4609,31.20162,上海市,上海市,徐汇区,121.4563400954461,31.203555993669617,Toilet
无障碍洗手间,生活服务,公厕,121.460634,31.201031,上海市,上海市,徐汇区,121.4560733858072,31.20296664198713,Toilet
嘉善路地铁站4号口,交通设施,地铁,121.460881,31.201413,上海市,上海市,徐汇区,121.45632105889383,31.203349049378467,Transport
嘉善路地铁站6号口,交通设施,地铁,121.460838,31.201698,上海市,上海市,徐汇区,121.45627791125128,31.203633805885964,Transport
嘉善路地铁站2号口,交通设施,地铁,121.461469,31.202636,上海市,上海市,徐汇区,121.4569106429688,31.204572873462297,Transport
嘉善路地铁站5号口,交通设施,地铁,121.460206,31.202377,上海市,上海市,徐汇区,121.4556440515326,31.204310955487724,Transport
女洗手间,生活服务,公厕,121.460646,31.201042,上海市,上海市,徐汇区,121.4560854191088,31.20297766544498,Toilet
男洗手间,生活服务,公厕,121.460574,31.201031,上海市,上海市,徐汇区,121.45601321463434,31.2029664977607,Toilet
男洗手间,生活服务,公厕,121.460587,31.201069,上海市,上海市,徐汇区,121.45602624843409,31.20300451034464,Toilet
男洗手间,生活服务,公厕,121.460669,31.201032,上海市,上海市,徐汇区,121.4561084856316,31.202967725678544,Toilet
男洗手间,生活服务,公厕,121.460621,31.201118,上海市,上海市,徐汇区,121.45606034120684,31.20305356801848,Toilet
女洗手间,生活服务,公厕,121.460684,31.201085,上海市,上海市,徐汇区,121.4561235238939,31.20302073574837,Toilet
女洗手间,生活服务,公厕,121.460609,31.201052,上海市,上海市,徐汇区,121.45604831265864,31.202987571569576,Toilet
上海至真中医诊所,医疗保健,诊所,121.460516,31.203661,上海市,上海市,徐汇区,121.4559548224898,31.20559507011835,Medical_Service
梧桐社区卫生运营服务站,医疗保健,综合医院,121.460922,31.2059,上海市,上海市,徐汇区,121.45636178939309,31.20783395525625,Medical_Service
襄阳南路建国西路,交通设施,公交站,121.458026,31.205608,上海市,上海市,徐汇区,121.45345767205652,31.20753523693539,Transport
建国西路岳阳路,交通设施,公交站,121.451918,31.203229,上海市,上海市,徐汇区,121.44733376352194,31.20514382091191,Transport
太原路建国西路,交通设施,公交站,121.455708,31.203827,上海市,上海市,徐汇区,121.45113353614644,31.2057498062089,Transport
太原路永嘉路,交通设施,公交站,121.45524,31.205753,上海市,上海市,徐汇区,121.45066412529368,31.20767381814834,Transport
公厕,生活服务,公厕,121.456167,31.205831,上海市,上海市,徐汇区,121.45159359197844,31.20775386420487,Toilet
天平街道社区卫生中心,医疗保健,综合医院,121.454624,31.206826,上海市,上海市,徐汇区,121.45004640779052,31.208744927124044,Medical_Service
无障碍洗手间,生活服务,公厕,121.464802,31.200455,上海市,上海市,徐汇区,121.46025363419908,31.202401202605262,Toilet
无障碍洗手间,生活服务,公厕,121.464678,31.200465,上海市,上海市,徐汇区,121.46012926191251,31.202410884783745,Toilet
无障碍洗手间,生活服务,公厕,121.464729,31.200469,上海市,上海市,徐汇区,121.4601804142706,31.202415011462318,Toilet
雷氏中医馆,医疗保健,诊所,121.466465,31.200785,上海市,上海市,徐汇区,121.46192163530831,31.20273527736936,Medical_Service
斜土街道社区卫生中心上影社区卫生服务站,医疗保健,综合医院,121.4619,31.202081,上海市,上海市,徐汇区,121.45734293699148,31.204019195285365,Medical_Service
瑞金南路瞿溪路,交通设施,公交站,121.468503,31.199319,上海市,上海市,黄浦区,121.4639660436124,31.201275289916666,Transport
斜土路瑞金南路,交通设施,公交站,121.466605,31.200562,上海市,上海市,徐汇区,121.46206208194018,31.202512746983118,Transport
公厕,生活服务,公厕,121.467892,31.198435,上海市,上海市,徐汇区,121.46335322287318,31.200390127910072,Toilet
公厕,生活服务,公厕,121.471343,31.199829,上海市,上海市,黄浦区,121.4668149598148,31.201792584723968,Toilet
斜土路打浦路,交通设施,公交站,121.469937,31.201622,上海市,上海市,黄浦区,121.465404340879,31.203580944052543,Transport
出租车司机专用公厕,生活服务,公厕,121.469244,31.202804,上海市,上海市,黄浦区,121.46470905932055,31.20476052901009,Toilet
瑞金南路斜土路,交通设施,公交站,121.467643,31.202028,上海市,上海市,徐汇区,121.46310314409152,31.203980713110507,Transport
瑞金南路打浦桥,交通设施,公交站,121.467684,31.202027,上海市,上海市,徐汇区,121.4631442707953,31.2039798202492,Transport
鼎园瑞峰公寓豪华酒店-洗手间,生活服务,公厕,121.467064,31.201198,上海市,上海市,徐汇区,121.46252243293225,31.20314961874251,Toilet
打浦路斜土路,交通设施,公交站,121.470277,31.204034,上海市,上海市,黄浦区,121.46574520818491,31.20599266840952,Transport
上海斯格威铂尔曼大酒店-公厕,生活服务,公厕,121.471238,31.204377,上海市,上海市,黄浦区,121.4667092337731,31.2063380734823,Toilet
无障碍洗手间,生活服务,公厕,121.471137,31.205144,上海市,上海市,黄浦区,121.46660784557672,31.20710442792423,Toilet
母婴室,生活服务,公厕,121.471335,31.205093,上海市,上海市,黄浦区,121.46680648206112,31.20705398503316,Toilet
肇嘉浜路大木桥路,交通设施,公交站,121.463169,31.203141,上海市,上海市,徐汇区,121.45861555237028,31.205081799229365,Transport
上海徐汇瑞峰豪华酒店-洗手间,生活服务,公厕,121.465869,31.203672,上海市,上海市,徐汇区,121.46132357406664,31.205619335828217,Toilet
中泰社区卫生运营服务站,医疗保健,综合医院,121.46584,31.20684,上海市,上海市,黄浦区,121.4612942134282,31.20878571764998,Medical_Service
建国西路陕西南路,交通设施,公交站,121.463361,31.207105,上海市,上海市,黄浦区,121.4588077764786,31.209044343250877,Transport
陕西南路建国西路,交通设施,公交站,121.462099,31.20561,上海市,上海市,徐汇区,121.45754221039184,31.20754695765281,Transport
无障碍公厕,生活服务,公厕,121.463365,31.209652,上海市,上海市,黄浦区,121.45881156879828,31.21159011853346,Toilet
瑞金医院,交通设施,公交站,121.466393,31.209661,上海市,上海市,黄浦区,121.46184865177342,31.211606765950645,Transport
中医文献馆中医门诊部,医疗保健,诊所,121.465665,31.209261,上海市,上海市,黄浦区,121.46111847499692,31.211205096956828,Medical_Service
上海交通大学医学院附属瑞金医院门诊部,医疗保健,综合医院,121.466305,31.210424,上海市,上海市,黄浦区,121.46176031790282,31.21236917128245,Medical_Service
上海交通大学医学院附属瑞金医院儿科急诊,医疗保健,综合医院,121.4662,31.212006,上海市,上海市,黄浦区,121.46165486202568,31.213950139001465,Medical_Service
瑞金医院急诊,医疗保健,综合医院,121.466099,31.212156,上海市,上海市,黄浦区,121.46155354193786,31.2140998080413,Medical_Service
瑞金医院儿科急诊,医疗保健,综合医院,121.466165,31.212015,上海市,上海市,黄浦区,121.46161975476804,31.213959044978765,Medical_Service
烧伤急救中心,医疗保健,急救中心,121.466342,31.211095,上海市,上海市,黄浦区,121.46179737286876,31.21303994233716,Medical_Service
瑞金医院-门诊输液室,医疗保健,综合医院,121.466344,31.211177,上海市,上海市,黄浦区,121.4617993719043,31.213121907915312,Medical_Service
上海交通大学医学院附属瑞金医院急诊,医疗保健,综合医院,121.466183,31.21218,上海市,上海市,黄浦区,121.46163779531967,31.214124011644056,Medical_Service
建国中路瑞金二路,交通设施,公交站,121.468062,31.209064,上海市,上海市,黄浦区,121.46352283525674,31.21101437734146,Transport
公厕,生活服务,公厕,121.468831,31.207829,上海市,上海市,黄浦区,121.46429433471188,31.20978199147922,Toilet
男洗手间,生活服务,公厕,121.469037,31.208733,上海市,上海市,黄浦区,121.46450090105952,31.210686095606626,Toilet
公厕,生活服务,公厕,121.469108,31.208603,上海市,上海市,黄浦区,121.46457213452248,31.21055634578712,Toilet
公厕,生活服务,公厕,121.469198,31.208661,上海市,上海市,黄浦区,121.4646624115158,31.210614555150272,Toilet
广慈纪念医院,医疗保健,综合医院,121.470984,31.209031,上海市,上海市,黄浦区,121.46645402387216,31.21098912872285,Medical_Service
公厕,生活服务,公厕,121.470506,31.207756,上海市,上海市,黄浦区,121.46597461395524,31.20971346731885,Toilet
重庆南路建国中路,交通设施,公交站,121.471382,31.211433,上海市,上海市,黄浦区,121.46685308753294,31.213391037526986,Transport
上海瑞金医院,医疗保健,综合医院,121.46898,31.21083,上海市,上海市,黄浦区,121.46444354236756,31.212781931402542,Medical_Service
瑞金医院感染科36号楼肝炎门诊,医疗保健,综合医院,121.469187,31.210296,上海市,上海市,黄浦区,121.46465123643765,31.212248735079758,Medical_Service
上海交通大学医学院附属瑞金医院,医疗保健,综合医院,121.467602,31.211722,上海市,上海市,黄浦区,121.46306118348812,31.21366989494487,Medical_Service
无障碍洗手间,生活服务,公厕,121.466547,31.210679,上海市,上海市,黄浦区,121.46200303405853,31.21262466983816,Toilet
无障碍洗手间,生活服务,公厕,121.466473,31.210721,上海市,上海市,黄浦区,121.4619288045442,31.212666459293807,Toilet
无障碍洗手间,生活服务,公厕,121.466456,31.210656,上海市,上海市,黄浦区,121.4619117582684,31.21260144698392,Toilet
无障碍洗手间,生活服务,公厕,121.46661,31.210243,上海市,上海市,黄浦区,121.46206626404404,31.21218904251027,Toilet
无障碍卫生间,生活服务,公厕,121.466529,31.21028,上海市,上海市,黄浦区,121.4619850134408,31.21222581624026,Toilet
无障碍洗手间,生活服务,公厕,121.466565,31.210288,上海市,上海市,黄浦区,121.46202112269036,31.21223390497349,Toilet
无障碍洗手间,生活服务,公厕,121.466536,31.210317,上海市,上海市,黄浦区,121.4619920316295,31.212262816367875,Toilet
无障碍洗手间,生活服务,公厕,121.466586,31.210299,上海市,上海市,黄浦区,121.46204218589298,31.21224495369066,Toilet
无障碍洗手间,生活服务,公厕,121.466592,31.210232,上海市,上海市,黄浦区,121.46204820999124,31.21217800150032,Toilet
无障碍洗手间,生活服务,公厕,121.466541,31.210313,上海市,上海市,黄浦区,121.46199704724168,31.21225883115998,Toilet
无障碍洗手间,生活服务,公厕,121.466516,31.210262,上海市,上海市,黄浦区,121.4619719753004,31.212207791506756,Toilet
无障碍洗手间,生活服务,公厕,121.466542,31.210215,上海市,上海市,黄浦区,121.46199805873124,31.212160881079274,Toilet
无障碍洗手间,生活服务,公厕,121.466519,31.210256,上海市,上海市,黄浦区,121.4619749849756,31.21220180211977,Toilet
无障碍洗手间,生活服务,公厕,121.466513,31.210264,上海市,上海市,黄浦区,121.46196896596976,31.21220978282653,Toilet
无障碍洗手间,生活服务,公厕,121.466618,31.210254,上海市,上海市,黄浦区,121.46207428754474,31.21220005778713,Toilet
无障碍洗手间,生活服务,公厕,121.466658,31.210247,上海市,上海市,黄浦区,121.46211441041528,31.212193164151863,Toilet
无障碍洗手间,生活服务,公厕,121.466604,31.210257,上海市,上海市,黄浦区,121.46206024450458,31.212203020303694,Toilet
无障碍洗手间,生活服务,公厕,121.466614,31.210291,上海市,上海市,黄浦区,121.46207027213582,31.212237029615437,Toilet
无障碍洗手间,生活服务,公厕,121.466525,31.21024,上海市,上海市,黄浦区,121.4619810046712,31.21218582527923,Toilet
无障碍洗手间,生活服务,公厕,121.466648,31.2122,上海市,上海市,黄浦区,121.46210421172904,31.214145196455917,Toilet
无障碍洗手间,生活服务,公厕,121.466675,31.212191,上海市,上海市,黄浦区,121.46213129505624,31.214136270319056,Toilet
无障碍洗手间,生活服务,公厕,121.466695,31.212219,上海市,上海市,黄浦区,121.46215135381068,31.214164308354224,Toilet
无障碍卫生间,生活服务,公厕,121.466655,31.212171,上海市,上海市,黄浦区,121.46211123562573,31.214116228443142,Toilet
无障碍洗手间,生活服务,公厕,121.466745,31.212205,上海市,上海市,黄浦区,121.46220150798251,31.214150443930517,Toilet
无障碍洗手间,生活服务,公厕,121.466705,31.212158,上海市,上海市,黄浦区,121.46216138964871,31.21410336348601,Toilet
无障碍洗手间,生活服务,公厕,121.466751,31.212229,上海市,上海市,黄浦区,121.46220752427789,31.21417444784048,Toilet
无障碍洗手间,生活服务,公厕,121.466704,31.212166,上海市,上海市,黄浦区,121.4621603859012,31.21411135705773,Toilet
无障碍洗手间,生活服务,公厕,121.466669,31.212156,上海市,上海市,黄浦区,121.46212527972216,31.21410127171831,Toilet
无障碍洗手间,生活服务,公厕,121.466699,31.212221,上海市,上海市,黄浦区,121.46215536587296,31.214166317695792,Toilet
无障碍洗手间,生活服务,公厕,121.466661,31.212174,上海市,上海市,黄浦区,121.4621172537118,31.214119242449232,Toilet
无障碍洗手间,生活服务,公厕,121.466685,31.212218,上海市,上海市,黄浦区,121.4621413233128,31.214163283076356,Toilet
无障碍洗手间,生活服务,公厕,121.466643,31.212205,上海市,上海市,黄浦区,121.46209919601364,31.2141501811748,Toilet
无障碍洗手间,生活服务,公厕,121.466745,31.212247,上海市,上海市,黄浦区,121.46220150436716,31.214192423710013,Toilet
无障碍洗手间,生活服务,公厕,121.466699,31.212119,上海市,上海市,黄浦区,121.46215537465328,31.214064366807666,Toilet
无障碍卫生间,生活服务,公厕,121.466556,31.210748,上海市,上海市,黄浦区,121.46201205560484,31.21269365967916,Toilet
无障碍洗手间,生活服务,公厕,121.46651,31.210681,上海市,上海市,黄浦区,121.4619659209154,31.21262657372032,Toilet
无障碍洗手间,生活服务,公厕,121.466528,31.210636,上海市,上海市,黄浦区,121.46198397974254,31.2125816417319,Toilet
无障碍洗手间,生活服务,公厕,121.466628,31.210649,上海市,上海市,黄浦区,121.4620842841061,31.212594892754165,Toilet
无障碍洗手间,生活服务,公厕,121.466552,31.210246,上海市,上海市,黄浦区,121.46200808660112,31.2121918918229,Toilet
无障碍洗手间,生活服务,公厕,121.466613,31.210592,上海市,上海市,黄浦区,121.46206924317018,31.21253788166377,Toilet
无障碍洗手间,生活服务,公厕,121.466579,31.210716,上海市,上海市,黄浦区,121.46203512861292,31.212661734298948,Toilet
无障碍洗手间,生活服务,公厕,121.466521,31.210731,上海市,上海市,黄浦区,121.46197695019274,31.212676577867345,Toilet
无障碍洗手间,生活服务,公厕,121.466549,31.210662,上海市,上海市,黄浦区,121.46200504162968,31.2126076831899,Toilet
无障碍洗手间,生活服务,公厕,121.466587,31.210741,上海市,上海市,黄浦区,121.46204315090078,31.212686742815528,Toilet
无障碍卫生间,生活服务,公厕,121.466544,31.210682,上海市,上海市,黄浦区,121.46200002463884,31.212627660673437,Toilet
无障碍卫生间,生活服务,公厕,121.466488,31.210756,上海市,上海市,黄浦区,121.46194384730768,31.21270148095464,Toilet
无障碍洗手间,生活服务,公厕,121.466657,31.210665,上海市,上海市,黄浦区,121.4621133713776,31.212610959695294,Toilet
无障碍洗手间,生活服务,公厕,121.46652,31.210732,上海市,上海市,黄浦区,121.46197594705365,31.212677574813146,Toilet
无障碍卫生间,生活服务,公厕,121.466462,31.210729,上海市,上海市,黄浦区,121.46191777029074,31.212674427161097,Toilet
无障碍洗手间,生活服务,公厕,121.466517,31.210669,上海市,上海市,黄浦区,121.46197294331796,31.212614597512708,Toilet
无障碍洗手间,生活服务,公厕,121.466697,31.21214,上海市,上海市,黄浦区,121.46215336672827,31.21408535154338,Toilet
瑞上海交通大学医学院附属瑞金医院-移植一病区,医疗保健,综合医院,121.466883,31.212307,上海市,上海市,黄浦区,121.46233992179695,31.21425275075337,Medical_Service
瑞金医院-普胸外科病区,医疗保健,综合医院,121.466915,31.212292,上海市,上海市,黄浦区,121.46237202116606,31.214237840579,Medical_Service
瑞金医院3舍,医疗保健,综合医院,121.466585,31.212942,上海市,上海市,黄浦区,121.46204095531952,31.214886677287318,Medical_Service
瑞金医院15号楼,医疗保健,综合医院,121.467308,31.213256,上海市,上海市,黄浦区,121.46276614531664,31.21520239359362,Medical_Service
瑞金医院7号楼,医疗保健,综合医院,121.466578,31.212666,上海市,上海市,黄浦区,121.4620339576946,31.214610792014888,Medical_Service
上海瑞金医院,医疗保健,综合医院,121.466936,31.213139,上海市,上海市,黄浦区,121.46239301264076,31.21508448738244,Medical_Service
上海瑞金医院,医疗保健,综合医院,121.466644,31.212501,上海市,上海市,黄浦区,121.46210017358972,31.21444604127576,Medical_Service
瑞金医院17号楼,医疗保健,综合医院,121.468287,31.21353,上海市,上海市,黄浦区,121.46374814944836,31.21547881182487,Medical_Service
瑞金医院21号楼,医疗保健,综合医院,121.467827,31.213605,上海市,上海市,黄浦区,121.46328671673253,31.215552574661807,Medical_Service
瑞金医院20号楼,医疗保健,综合医院,121.467891,31.213521,上海市,上海市,黄浦区,121.46335092201294,31.215468781799537,Medical_Service
瑞金医院22号楼,医疗保健,综合医院,121.468144,31.213699,上海市,上海市,黄浦区,121.4636046908402,31.21564735669302,Medical_Service
瑞金医院19号楼,医疗保健,综合医院,121.467512,31.213873,上海市,上海市,黄浦区,121.46297072070188,31.215819626572028,Medical_Service
瑞金医院8号楼,医疗保健,综合医院,121.467268,31.212837,上海市,上海市,黄浦区,121.46272605829677,31.214783491358627,Medical_Service
瑞金医院病理科,医疗保健,综合医院,121.468049,31.213552,上海市,上海市,黄浦区,121.4635094088198,31.215500179128835,Medical_Service
上海交通大学医学院附属瑞金医院-行政办公大楼,医疗保健,综合医院,121.467317,31.212939,上海市,上海市,黄浦区,121.46277520029956,31.21488556930001,Medical_Service
瑞金医院皮肤科,医疗保健,综合医院,121.466571,31.212843,上海市,上海市,黄浦区,121.46202692107369,31.214787688870857,Medical_Service
瑞金医院-心脏内科二病区,医疗保健,综合医院,121.466566,31.212842,上海市,上海市,黄浦区,121.46202190588676,31.214786676488085,Medical_Service
上海交通大学医学院附属瑞金医院九舍门诊,医疗保健,综合医院,121.468347,31.2123,上海市,上海市,黄浦区,121.46380844177332,31.21424956032831,Medical_Service
上海交通大学医学院附属瑞金医院-九舍MRCT室,医疗保健,综合医院,121.468368,31.21247,上海市,上海市,黄浦区,121.46382949244985,31.214419533500514,Medical_Service
瑞金医院3号楼,医疗保健,综合医院,121.466575,31.212911,上海市,上海市,黄浦区,121.46203092743866,31.21485566646274,Medical_Service
瑞金医院9号楼,医疗保健,综合医院,121.4686,31.212405,上海市,上海市,黄浦区,121.46406222034952,31.214355173070413,Medical_Service
重庆南路复兴中路,交通设施,公交站,121.47073,31.214672,上海市,上海市,黄浦区,121.46619873078154,31.216626730534188,Transport
公厕,生活服务,公厕,121.470775,31.216591,上海市,上海市,黄浦区,121.46624370888576,31.21854493279414,Toilet
公厕,生活服务,公厕,121.469012,31.214952,上海市,上海市,黄浦区,121.46447528794434,31.21690203358788,Toilet
香山中医医院,医疗保健,综合医院,121.466734,31.215528,上海市,上海市,黄浦区,121.4621901882596,31.21747182049572,Medical_Service
公厕,生活服务,公厕,121.46877,31.21488,上海市,上海市,黄浦区,121.46423253774472,31.21682943112671,Toilet
公厕,生活服务,公厕,121.467406,31.215948,上海市,上海市,黄浦区,121.46286421538268,31.21789335726323,Toilet
香山中医医院,医疗保健,综合医院,121.466739,31.215514,上海市,上海市,黄浦区,121.46219520476464,31.217457840081437,Medical_Service
香山中医医院门诊,医疗保健,综合医院,121.466817,31.215421,上海市,上海市,黄浦区,121.4622734515487,31.21736508569515,Medical_Service
香山中医医院-儿科,医疗保健,综合医院,121.466464,31.215913,上海市,上海市,黄浦区,121.4619193300892,31.217855941460048,Medical_Service
上海文化艺术广场-公共厕所,生活服务,公厕,121.462568,31.213035,上海市,上海市,黄浦区,121.45801193710756,31.2149695159117,Toilet
复兴中路瑞金二路,交通设施,公交站,121.464062,31.214655,上海市,上海市,黄浦区,121.4595102018657,31.216592448450573,Transport
公厕,生活服务,公厕,121.465706,31.212969,上海市,上海市,黄浦区,121.46115927978688,31.21491141274002,Toilet
上海交通大学医学院附属瑞金医院2舍,医疗保健,综合医院,121.466215,31.212893,上海市,上海市,黄浦区,121.46166983130456,31.214836750584062,Medical_Service
上海瑞金洲际豪华酒店-洗手间,生活服务,公厕,121.46453,31.212991,上海市,上海市,黄浦区,121.45997974038524,31.21493042245197,Toilet
无障碍公厕,生活服务,公厕,121.465543,31.21297,上海市,上海市,黄浦区,121.46099578670048,31.21491199700679,Toilet
无障碍洗手间,生活服务,公厕,121.466232,31.212412,上海市,上海市,黄浦区,121.4616869244603,31.21435602555996,Toilet
无障碍洗手间,生活服务,公厕,121.466129,31.212463,上海市,上海市,黄浦区,121.46158360671096,31.214406737082296,Toilet
瑞金医院急救,医疗保健,急救中心,121.466098,31.212438,上海市,上海市,黄浦区,121.46155251461778,31.214381669732404,Medical_Service
无障碍洗手间,生活服务,公厕,121.466243,31.212435,上海市,上海市,黄浦区,121.46169795596543,31.21437904269454,Toilet
无障碍洗手间,生活服务,公厕,121.466336,31.212318,上海市,上海市,黄浦区,121.4617912492952,31.214262337586085,Toilet
无障碍洗手间,生活服务,公厕,121.466347,31.212536,上海市,上海市,黄浦区,121.46180226404844,31.214480260904285,Toilet
无障碍洗手间,生活服务,公厕,121.466222,31.212457,上海市,上海市,黄浦区,121.46167689014804,31.214400978266315,Toilet
无障碍洗手间,生活服务,公厕,121.46616,31.212383,上海市,上海市,黄浦区,121.46161470787516,31.21432685499043,Toilet
圆和新太门诊部,医疗保健,诊所,121.46484,31.213354,上海市,上海市,黄浦区,121.46029063723574,31.215294029779677,Medical_Service
无障碍洗手间,生活服务,公厕,121.466183,31.212508,上海市,上海市,黄浦区,121.46163776707948,31.21445185376537,Toilet
瑞金二路复兴中路,交通设施,公交站,121.464874,31.215212,上海市,上海市,黄浦区,121.46032457916556,31.217151224498043,Transport
茂名南路淮海中路,交通设施,公交站,121.462099,31.215266,上海市,上海市,黄浦区,121.45754137789348,31.21719829410553,Transport
瑞金二路街道社区卫生中心儿童保健门诊,医疗保健,诊所,121.461791,31.216439,上海市,上海市,黄浦区,121.45723238325526,31.21836998041309,Medical_Service
瑞金二路社区卫生中心-预防接种门诊,医疗保健,诊所,121.461991,31.216267,上海市,上海市,黄浦区,121.45743297789647,31.21819855103511,Medical_Service
上海五官科医院-洗手间,生活服务,公厕,121.452972,31.209354,上海市,上海市,徐汇区,121.4483899073131,31.21126809341417,Toilet
太原路汾阳路,交通设施,公交站,121.454065,31.20981,上海市,上海市,徐汇区,121.44948568858072,31.211726249303155,Transport
复旦大学附属眼耳鼻喉科医院3,医疗保健,综合医院,121.452994,31.209374,上海市,上海市,徐汇区,121.44841196187684,31.21128813116323,Medical_Service
复旦大学附属眼耳鼻喉科医院2,医疗保健,综合医院,121.453422,31.209448,上海市,上海市,徐汇区,121.4488410545871,31.211363021362462,Medical_Service
复旦大学附属眼耳鼻喉科医院5,医疗保健,综合医院,121.452674,31.209018,上海市,上海市,徐汇区,121.44809117581762,31.210931615292058,Medical_Service
上海住院医师规范化培训医院,医疗保健,综合医院,121.453435,31.209751,上海市,上海市,徐汇区,121.448854061893,31.21166590302965,Medical_Service
卫生部国际紧急救援中心网络医院,医疗保健,综合医院,121.453535,31.209911,上海市,上海市,徐汇区,121.44895430599604,31.211826042983677,Medical_Service
复旦大学附属眼耳鼻喉科医院6号楼住院楼,医疗保健,综合医院,121.453283,31.208813,上海市,上海市,徐汇区,121.4487017517105,31.210728027331808,Medical_Service
复旦大学附属眼耳鼻喉科医院门诊,医疗保健,综合医院,121.453081,31.209593,上海市,上海市,徐汇区,121.44849916574972,31.21150721292969,Medical_Service
复旦大学附属眼耳鼻喉科医院输液室,医疗保健,综合医院,121.453299,31.209612,上海市,上海市,徐汇区,121.44871772377414,31.211526675260863,Medical_Service
复旦大学附属眼耳鼻喉科医院7号楼,医疗保健,综合医院,121.454009,31.209421,上海市,上海市,徐汇区,121.44942957650524,31.211337314698515,Medical_Service
复旦大学附属眼耳鼻喉科医院11号楼,医疗保健,综合医院,121.453859,31.208604,上海市,上海市,徐汇区,121.44927925748632,31.210520382005228,Medical_Service
复旦大学附属眼耳鼻喉科医院-药剂科,医疗保健,综合医院,121.453367,31.209518,上海市,上海市,徐汇区,121.44878590687443,31.21143286814672,Medical_Service
复旦大学附属眼耳鼻喉科医院10号楼,医疗保健,综合医院,121.453444,31.208572,上海市,上海市,徐汇区,121.44886318701803,31.21048749328784,Medical_Service
复旦大学附属眼耳鼻喉科医院-CT模拟室,医疗保健,综合医院,121.452672,31.209009,上海市,上海市,徐汇区,121.44808917150392,31.210922615359827,Medical_Service
复旦大学附属眼耳鼻喉科医院-食管发音训练室,医疗保健,综合医院,121.453307,31.209623,上海市,上海市,徐汇区,121.4487257433984,31.21153768727524,Medical_Service
复旦大学附属眼耳鼻喉科医院-中心供应室,医疗保健,综合医院,121.453528,31.209594,上海市,上海市,徐汇区,121.44894731533265,31.21150918104874,Medical_Service
复旦大学附属眼耳鼻喉科医院-直线加速器治疗室,医疗保健,综合医院,121.452631,31.209083,上海市,上海市,徐汇区,121.448048060756,31.210996491618197,Medical_Service
复旦大学附属眼耳鼻喉科医院急诊,医疗保健,综合医院,121.453348,31.209457,上海市,上海市,徐汇区,121.44876686323964,31.2113718564518,Medical_Service
复旦大学附属眼耳鼻喉科医院放疗科,医疗保健,综合医院,121.45265,31.209013,上海市,上海市,徐汇区,121.44806711515729,31.21092656624268,Medical_Service
复旦大学附属眼耳鼻喉科医院住院部,医疗保健,综合医院,121.453621,31.209715,上海市,上海市,徐汇区,121.44904054509136,31.211630324915166,Medical_Service
上海邮电医院,医疗保健,综合医院,121.455289,31.211693,上海市,上海市,徐汇区,121.45071274195648,31.21361105001433,Medical_Service
永嘉路襄阳南路,交通设施,公交站,121.456983,31.208586,上海市,上海市,徐汇区,121.4524115591377,31.21050938391695,Transport
永嘉路陕西南路,交通设施,公交站,121.460506,31.2098,上海市,上海市,徐汇区,121.45594426450285,31.211731061640577,Transport
文化广场,交通设施,公交站,121.461232,31.211527,上海市,上海市,黄浦区,121.45667219383276,31.21345897880004,Transport
陕西南路永嘉路,交通设施,公交站,121.461337,31.211451,上海市,上海市,黄浦区,121.45677750252528,31.21338326997904,Transport
the clinic,医疗保健,诊所,121.459057,31.211542,上海市,上海市,徐汇区,121.45449102330102,31.21346877404079,Medical_Service
公厕,生活服务,公厕,121.458026,31.210067,上海市,上海市,徐汇区,121.45345728713578,31.211992073412222,Toilet
天平街道社区卫生服务第六分中心,医疗保健,综合医院,121.457437,31.210081,上海市,上海市,徐汇区,121.45286666804864,31.21200470352692,Medical_Service
口腔医院分院-洗手间,生活服务,公厕,121.457934,31.212852,上海市,上海市,徐汇区,121.45336479310694,31.214775517140712,Toilet
陕西南路地铁站7号口,交通设施,地铁,121.457963,31.214556,上海市,上海市,徐汇区,121.45339372587414,31.216478766289736,Transport
复兴中路陕西南路,交通设施,公交站,121.461334,31.213675,上海市,上海市,黄浦区,121.45677430207856,31.21560619264508,Transport
瑞金二路街道社区卫生中心,医疗保健,综合医院,121.460336,31.21451,上海市,上海市,黄浦区,121.45577337424751,31.2164383861209,Medical_Service
陕西南路地铁站1号口,交通设施,地铁,121.459384,31.2165,上海市,上海市,黄浦区,121.45481851188094,31.21842516700098,Transport
陕西南路地铁站6号口,交通设施,地铁,121.459205,31.215137,上海市,上海市,徐汇区,121.45463912733128,31.217062395838653,Transport
陕西南路地铁站8号口,交通设施,地铁,121.459275,31.215665,上海市,上海市,徐汇区,121.45470927800504,31.21759030843689,Transport
男洗手间,生活服务,公厕,121.459535,31.216045,上海市,上海市,黄浦区,121.45496997571324,31.217970742122127,Toilet
常熟路地铁站2号口,交通设施,地铁,121.451878,31.213593,上海市,上海市,徐汇区,121.4472927665899,31.21550271281864,Transport
复兴中路汾阳路,交通设施,公交站,121.456266,31.21235,上海市,上海市,徐汇区,121.45169229503205,31.214269932435545,Transport
汾阳花园豪华酒店-洗手间,生活服务,公厕,121.45576,31.213038,上海市,上海市,徐汇区,121.4511848792274,31.214956458739444,Toilet
无障碍洗手间,生活服务,公厕,121.455937,31.214568,上海市,上海市,徐汇区,121.45136222035354,31.216486123029707,Toilet
无障碍洗手间,生活服务,公厕,121.455887,31.214584,上海市,上海市,徐汇区,121.45131208513808,31.216502002605967,Toilet
无障碍洗手间,生活服务,公厕,121.455992,31.214527,上海市,上海市,徐汇区,121.45141737122556,31.216445266809856,Toilet
无障碍洗手间,生活服务,公厕,121.455938,31.214536,上海市,上海市,徐汇区,121.45136322579611,31.21645414062652,Toilet
无障碍洗手间,生活服务,公厕,121.456,31.21457,上海市,上海市,徐汇区,121.45142538894991,31.216488264258174,Toilet
无障碍洗手间,生活服务,公厕,121.456024,31.214492,上海市,上海市,徐汇区,121.45144946002316,31.216410355854126,Toilet
无障碍洗手间,生活服务,公厕,121.456101,31.214581,上海市,上海市,徐汇区,121.45152665889051,31.216499487209447,Toilet
无障碍洗手间,生活服务,公厕,121.456056,31.214488,上海市,上海市,徐汇区,121.4514815461824,31.216406430069625,Toilet
无障碍洗手间,生活服务,公厕,121.455926,31.214608,上海市,上海市,徐汇区,121.45135118744572,31.216526079041945,Toilet
无障碍洗手间,生活服务,公厕,121.456042,31.214614,上海市,上海市,徐汇区,121.4514674977475,31.21653233803032,Toilet
无障碍洗手间,生活服务,公厕,121.456007,31.214542,上海市,上海市,徐汇区,121.4514324101309,31.21646029348805,Toilet
襄阳公园,交通设施,公交站,121.455039,31.215028,上海市,上海市,徐汇区,121.45046179197296,31.2169438902072,Transport
上海交通大学医学院附属瑞金医院,医疗保健,综合医院,121.453676,31.215033,上海市,上海市,徐汇区,121.4490952275449,31.21694588523464,Medical_Service
瑞金医院远洋分院特需部,医疗保健,综合医院,121.453657,31.214991,上海市,上海市,徐汇区,121.44907618202556,31.216903863944687,Medical_Service
圣蕊慈门诊部,医疗保健,诊所,121.45371,31.216074,上海市,上海市,徐汇区,121.4491292255246,31.21798646122002,Medical_Service
瑞金康复医院,医疗保健,综合医院,121.473697,31.198506,上海市,上海市,黄浦区,121.469176669473,31.20047663203084,Medical_Service
瑞金康复医院,医疗保健,诊所,121.473734,31.198506,上海市,上海市,黄浦区,121.46921379002733,31.20047673352313,Medical_Service
打浦路瞿溪路,交通设施,公交站,121.471695,31.199567,上海市,上海市,黄浦区,121.46716810873669,31.201531662150938,Transport
鲁班路,交通设施,地铁,121.475112,31.199214,上海市,上海市,黄浦区,121.47059624367152,31.201188184898896,Transport
瞿溪路鲁班路,交通设施,公交站,121.475464,31.199174,上海市,上海市,黄浦区,121.47094940777856,31.201149181575676,Transport
公厕,生活服务,公厕,121.475898,31.199601,上海市,上海市,黄浦区,121.47138480632609,31.201577179305463,Toilet
五里桥街道医院,医疗保健,综合医院,121.47402,31.198683,上海市,上海市,黄浦区,121.4695007078696,31.200654431746774,Medical_Service
上海江南造船集团职工医院,医疗保健,综合医院,121.474941,31.200084,上海市,上海市,黄浦区,121.47042460628283,31.202057283035835,Medical_Service
鲁班路地铁站3号口,交通设施,地铁,121.474211,31.199186,上海市,上海市,黄浦区,121.46969228897564,31.201157709437872,Transport
鲁班路地铁站1号口,交通设施,地铁,121.475883,31.19937,上海市,上海市,黄浦区,121.47136977645528,31.201346251207426,Transport
鲁班路地铁站2号口,交通设施,地铁,121.476143,31.199021,上海市,上海市,黄浦区,121.4716306681988,31.200998148453174,Transport
上海萌志中医门诊部,医疗保健,诊所,121.472247,31.202182,上海市,上海市,黄浦区,121.46772165741211,31.204146870990275,Medical_Service
蒙自路中山南一路,交通设施,公交站,121.480356,31.200033,上海市,上海市,黄浦区,121.47585775639531,31.20202157732491,Transport
无障碍公厕,生活服务,公厕,121.479668,31.200134,上海市,上海市,黄浦区,121.4751674072556,31.2021205587929,Toilet
公厕,生活服务,公厕,121.479665,31.200153,上海市,上海市,黄浦区,121.47516439544412,31.202139540882083,Toilet
斜土路鲁班路,交通设施,公交站,121.476928,31.203497,上海市,上海市,黄浦区,121.47241789613938,31.20547414962175,Transport
素问中医,医疗保健,诊所,121.477495,31.204061,上海市,上海市,黄浦区,121.472986742974,31.20603946879241,Medical_Service
上海素问轩中医诊所有限责任公司,医疗保健,诊所,121.47757,31.204172,上海市,上海市,黄浦区,121.47306198468614,31.20615062597665,Medical_Service
斜土路蒙自路,交通设施,公交站,121.47927,31.204825,上海市,上海市,黄浦区,121.4747676559589,31.20680812591318,Transport
蒙自路斜土路,交通设施,公交站,121.478798,31.203765,上海市,上海市,黄浦区,121.474294150426,31.20574730047636,Transport
局门路斜土路,交通设施,公交站,121.480864,31.206304,上海市,上海市,黄浦区,121.47636695385796,31.208290968287844,Transport
打浦桥街道社区卫生中心,医疗保健,综合医院,121.47883,31.206625,上海市,上海市,黄浦区,121.47432601351557,31.208605997209883,Medical_Service
蒙自路丽园路,交通设施,公交站,121.477238,31.207095,上海市,上海市,黄浦区,121.47272862300052,31.20907126717179,Transport
公厕,生活服务,公厕,121.477446,31.207297,上海市,上海市,黄浦区,121.47293730155356,31.209273754584103,Toilet
中德医院,医疗保健,综合医院,121.478767,31.206802,上海市,上海市,黄浦区,121.47426278559004,31.208782732157136,Medical_Service
打浦桥社区卫生中心-预防接种门诊,医疗保健,诊所,121.478761,31.206909,上海市,上海市,黄浦区,121.47425675616482,31.20888966310383,Medical_Service
出租车司机专用公厕,生活服务,公厕,121.471573,31.203596,上海市,上海市,黄浦区,121.4670453718858,31.20555835681561,Toilet
鲁班路斜土路,交通设施,公交站,121.474761,31.204728,上海市,上海市,黄浦区,121.47024361626148,31.20669851028973,Transport
打浦桥街道社区卫生中心中海社区卫生服务站,医疗保健,综合医院,121.474287,31.204069,上海市,上海市,黄浦区,121.46976811865424,31.20603852376568,Medical_Service
男洗手间,生活服务,公厕,121.474327,31.203222,上海市,上海市,黄浦区,121.46980832226886,31.20519204798442,Toilet
男洗手间,生活服务,公厕,121.47433,31.203255,上海市,上海市,黄浦区,121.46981132925892,31.205225040110932,Toilet
无障碍公厕,生活服务,公厕,121.474787,31.206682,上海市,上海市,黄浦区,121.47026953402025,31.20865163049956,Toilet
中汇社区卫生运营服务站,医疗保健,综合医院,121.474761,31.20696,上海市,上海市,黄浦区,121.47024342475488,31.208929423472945,Medical_Service
鲁班路徐家汇路,交通设施,公交站,121.473472,31.206805,上海市,上海市,黄浦区,121.4689502247975,31.208770952218707,Transport
上海泰坤堂西馆中西医结合门诊部,医疗保健,诊所,121.472225,31.20754,上海市,上海市,黄浦区,121.46769912642844,31.20950219797756,Medical_Service
公厕,生活服务,公厕,121.481734,31.200179,上海市,上海市,黄浦区,121.47724045943018,31.20217147171463,Toilet
石晶明中医诊所,医疗保健,诊所,121.485584,31.199424,上海市,上海市,黄浦区,121.48110387654827,31.20142806934038,Medical_Service
上海交通大学医学院附属第九人民医院综合服务站,医疗保健,综合医院,121.485644,31.202914,上海市,上海市,黄浦区,121.48116378844924,31.20491653265916,Medical_Service
上海交通大学附属第九人民医院-激光美容,医疗保健,综合医院,121.485791,31.202845,上海市,上海市,黄浦区,121.48131130902097,31.204847998981503,Medical_Service
上海交通大学医学院附属第九人民医院,医疗保健,综合医院,121.486116,31.202624,上海市,上海市,黄浦区,121.48163746690864,31.204628064397443,Medical_Service
上海交通大学医学院附属第九人民医院-皮肤科,医疗保健,综合医院,121.485511,31.202862,上海市,上海市,黄浦区,121.48103032750512,31.204864166976574,Medical_Service
上海交通大学医学院附属第九人民医院南院-门急诊输液大厅,医疗保健,综合医院,121.485509,31.202811,上海市,上海市,黄浦区,121.48102832486516,31.20481318605999,Medical_Service
上海交通大学医学院附属第九人民医院-胸外科,医疗保健,综合医院,121.485466,31.202989,上海市,上海市,黄浦区,121.48098515925528,31.20499097253184,Medical_Service
上海交通大学医学院附属第九人民医院-呼吸内科病区,医疗保健,综合医院,121.485442,31.20279,上海市,上海市,黄浦区,121.48096109231868,31.204791999384764,Medical_Service
第二医科大学第九医院整形口腔门诊,医疗保健,诊所,121.485314,31.202645,上海市,上海市,黄浦区,121.48083265719788,31.20464669425286,Medical_Service
上海交通大学医学院附属第九人民医院1号楼,医疗保健,综合医院,121.485901,31.202066,上海市,上海市,黄浦区,121.48142176089044,31.2040697043808,Medical_Service
局门路中山南一路,交通设施,公交站,121.482766,31.201144,上海市,上海市,黄浦区,121.47827593148794,31.2031389867844,Transport
公厕,生活服务,公厕,121.482268,31.200914,上海市,上海市,黄浦区,121.4777762334662,31.20290765531533,Toilet
西藏南路龙华东路,交通设施,公交站,121.491138,31.19928,上海市,上海市,黄浦区,121.48667752528485,31.201300635632016,Transport
西藏南路,交通设施,地铁,121.489559,31.201936,上海市,上海市,黄浦区,121.48509267894843,31.20395061153424,Transport
中山南路西藏南路,交通设施,公交站,121.49086,31.202296,上海市,上海市,黄浦区,121.48639827698486,31.20431432188889,Transport
西藏南路中山南一路,交通设施,公交站,121.489246,31.2026,上海市,上海市,黄浦区,121.48477851145252,31.20461335323437,Transport
西藏南路瞿溪路,交通设施,公交站,121.488309,31.204307,上海市,上海市,黄浦区,121.48383804707792,31.206316731000637,Transport
公厕,生活服务,公厕,121.487881,31.20471,上海市,上海市,黄浦区,121.48340850028416,31.20671826381788,Toilet
上海交通大学医学院附属第九人民医院南院北区7号外科病房楼,医疗保健,综合医院,121.486465,31.203007,上海市,上海市,黄浦区,121.48198765902032,31.20501190618526,Medical_Service
公共厕所,生活服务,公厕,121.489732,31.204155,上海市,上海市,黄浦区,121.48526610420652,31.206169041788115,Toilet
上海佳良口腔门诊部,医疗保健,诊所,121.489985,31.204526,上海市,上海市,黄浦区,121.4855199717922,31.20654061577952,Medical_Service
振东五和堂,医疗保健,诊所,121.488688,31.204086,上海市,上海市,黄浦区,121.4842184070678,31.20609696545278,Medical_Service
上海萱草堂中医诊所,医疗保健,诊所,121.488654,31.204208,上海市,上海市,黄浦区,121.48418427627657,31.206218804753583,Medical_Service
蓬莱公园-公厕,生活服务,公厕,121.490782,31.206257,上海市,上海市,黄浦区,121.48631966137948,31.20827315442972,Toilet
半淞园街道社区卫生中心,医疗保健,综合医院,121.487017,31.206749,上海市,上海市,黄浦区,121.48254128028972,31.208753711727347,Medical_Service
乐仁医疗,医疗保健,诊所,121.488085,31.207604,上海市,上海市,黄浦区,121.4836129739049,31.209611460707883,Medical_Service
半淞园社区卫生中心-预防接种门诊,医疗保健,诊所,121.48738,31.206971,上海市,上海市,黄浦区,121.48290553988048,31.208976678007136,Medical_Service
局门路汝南街,交通设施,公交站,121.482043,31.203439,上海市,上海市,黄浦区,121.47755024287008,31.20543076658838,Transport
丽园居委红十字卫生站,医疗保健,综合医院,121.483735,31.204742,上海市,上海市,黄浦区,121.47924797851144,31.206738046489285,Medical_Service
市九医院,交通设施,公交站,121.484617,31.204203,上海市,上海市,黄浦区,121.48013309164934,31.20620188786891,Transport
上海交通大学医学院附属第九人民医院临床转化医学中心办公室,医疗保健,综合医院,121.485401,31.203356,上海市,上海市,黄浦区,121.48091990060058,31.205357601953587,Medical_Service
上海交通大学医学院附属第九人民医院眼科医院,医疗保健,综合医院,121.485152,31.203101,上海市,上海市,黄浦区,121.4806700522213,31.205101995322547,Medical_Service
上海交通大学医学院附属第九人民医院南院8,医疗保健,综合医院,121.485668,31.203358,上海市,上海市,黄浦区,121.48118783453324,31.20536038604456,Medical_Service
第九人民医院肠道门急诊,医疗保健,综合医院,121.485015,31.203289,上海市,上海市,黄浦区,121.48053255779826,31.205289501284888,Medical_Service
上海交通大学医学院附属第九人民医院肠道门急诊,医疗保健,综合医院,121.485,31.203285,上海市,上海市,黄浦区,121.48051750578212,31.20528545923294,Medical_Service
上海交通大学医学院附属第九人民医院南院9,医疗保健,综合医院,121.485984,31.203194,上海市,上海市,黄浦区,121.48150495543086,31.20519739650006,Medical_Service
上海交通大学医学院附属第九人民医院南院北区肠道门急诊,医疗保健,综合医院,121.485078,31.203281,上海市,上海市,黄浦区,121.48059577842264,31.205281690063316,Medical_Service
上海交通大学医学院附属第九人民医院行政楼,医疗保健,综合医院,121.485744,31.203284,上海市,上海市,黄浦区,121.48126410693432,31.20528664585723,Medical_Service
上海雍禾植发,医疗保健,诊所,121.485897,31.20741,上海市,上海市,黄浦区,121.48141729044474,31.20941108540084,Medical_Service
斜土路制造局路,交通设施,公交站,121.483007,31.206443,上海市,上海市,黄浦区,121.47851731118948,31.2084360976018,Transport
顺昌医院,医疗保健,综合医院,121.482458,31.207238,上海市,上海市,黄浦区,121.477966347399,31.209229117150503,Medical_Service
上海医博肛泰医院-院办行政办公室,医疗保健,综合医院,121.482774,31.206404,上海市,上海市,黄浦区,121.4782835092932,31.208396439537143,Medical_Service
老西门,交通设施,公交站,121.484231,31.207942,上海市,上海市,黄浦区,121.47974542824244,31.209937938314475,Transport
制造局路斜土路,交通设施,公交站,121.484265,31.207894,上海市,上海市,黄浦区,121.47977955062184,31.209890061025497,Transport
陆家浜路,交通设施,地铁,121.48609,31.211836,上海市,上海市,黄浦区,121.4816105889268,31.213835513028585,Transport
德馨医院,医疗保健,综合医院,121.48453,31.211754,上海市,上海市,黄浦区,121.4800451431844,31.21374897000212,Medical_Service
上海德馨医院,医疗保健,综合医院,121.484535,31.211801,上海市,上海市,黄浦区,121.4800501565838,31.213795961994425,Medical_Service
陆家浜路地铁站7号口,交通设施,地铁,121.485573,31.211566,上海市,上海市,黄浦区,121.4810918008425,31.213564121177203,Transport
陆家浜路地铁站3号口,交通设施,地铁,121.485964,31.211326,上海市,上海市,黄浦区,121.48148419073296,31.213325387646982,Transport
复旦大学附属妇产科医院,医疗保健,综合医院,121.482812,31.212194,上海市,上海市,黄浦区,121.47832114531208,31.214183747640902,Medical_Service
复旦大学附属妇产科医院门诊楼,医疗保健,诊所,121.483416,31.212137,上海市,上海市,黄浦区,121.478927240016,31.21412853203712,Medical_Service
西藏南路斜土路,交通设施,公交站,121.487347,31.208421,上海市,上海市,黄浦区,121.48287229979442,31.210425876515696,Transport
斜土东路西藏南路,交通设施,公交站,121.488502,31.207965,上海市,上海市,黄浦区,121.48403141771166,31.209973524166905,Transport
公厕,生活服务,公厕,121.488072,31.209263,上海市,上海市,黄浦区,121.48359978638396,31.211269617943664,Toilet
上海乐仁东生门诊部,医疗保健,诊所,121.488135,31.207655,上海市,上海市,黄浦区,121.48366314625086,31.20966258438038,Medical_Service
黄浦丽园社区卫生运营服务站,医疗保健,综合医院,121.486546,31.209283,上海市,上海市,黄浦区,121.48206840762232,31.211285090854464,Medical_Service
南车站路陆家浜路,交通设施,公交站,121.490331,31.210856,上海市,上海市,黄浦区,121.48586666297324,31.21286857695047,Transport
公厕,生活服务,公厕,121.489747,31.211868,上海市,上海市,黄浦区,121.48528049972596,31.21387834502427,Toilet
陆家浜路大兴街,交通设施,公交站,121.488411,31.212187,上海市,上海市,黄浦区,121.48393973544158,31.214193213121582,Transport
KFC,生活服务,公厕,121.48631,31.210555,上海市,上海市,黄浦区,121.48183147022242,31.21255577952045,Toilet
无障碍洗手间,生活服务,公厕,121.487184,31.211494,上海市,上海市,黄浦区,121.4827084631544,31.213496908482348,Toilet
无障碍洗手间,生活服务,公厕,121.48661,31.211565,上海市,上海市,黄浦区,121.48213243761649,31.213566177549357,Toilet
上海愈舍中医诊所,医疗保健,诊所,121.487458,31.211299,上海市,上海市,黄浦区,121.48298344536596,31.213302813684223,Medical_Service
男洗手间,生活服务,公厕,121.487181,31.211432,上海市,上海市,黄浦区,121.48270545788192,31.21343492949723,Toilet
陆家浜路地铁站6号口,交通设施,地铁,121.486748,31.211626,上海市,上海市,黄浦区,121.48227091751392,31.21362755573598,Transport
陆家浜路地铁站2号口,交通设施,地铁,121.486552,31.211302,上海市,上海市,黄浦区,121.48207425627206,31.213303133113115,Transport
新邻生活站-女洗手间,生活服务,公厕,121.486787,31.211342,上海市,上海市,黄浦区,121.48231007891049,31.21334380788161,Toilet
公共厕所,生活服务,公厕,121.486658,31.213261,上海市,上海市,黄浦区,121.48218046146944,31.215261503002782,Toilet
女洗手间,生活服务,公厕,121.487466,31.212602,上海市,上海市,黄浦区,121.4829913623271,31.21460520971612,Toilet
大兴街陆家浜路,交通设施,公交站,121.488872,31.213188,上海市,上海市,黄浦区,121.48440228225688,31.215195102457177,Transport
老西门街道社区卫生中心,医疗保健,综合医院,121.489552,31.216636,上海市,上海市,黄浦区,121.48508440029477,31.21864347612252,Medical_Service
中华路尚文路,交通设施,公交站,121.488404,31.215146,上海市,上海市,黄浦区,121.48393245813274,31.21715077135844,Transport
斜桥,交通设施,公交站,121.481405,31.21282,上海市,上海市,黄浦区,121.4769092485685,31.2148053740407,Transport
西藏南路陆家浜路,交通设施,公交站,121.485697,31.213323,上海市,上海市,黄浦区,121.4812160847598,31.21532064032458,Transport
开元坊社区卫生运营服务站,医疗保健,综合医院,121.484874,31.214315,上海市,上海市,黄浦区,121.48039012349746,31.21630974670176,Medical_Service
陆家浜路地铁站4号口,交通设施,地铁,121.4851,31.212587,上海市,上海市,黄浦区,121.48061706005828,31.214583239832237,Transport
上海爱康国宾健之维门诊部,医疗保健,综合医院,121.485017,31.214584,上海市,上海市,黄浦区,121.48053359956982,31.216579037141404,Medical_Service
上海健维门诊部,医疗保健,诊所,121.484938,31.214613,上海市,上海市,黄浦区,121.4804543213443,31.216607791492223,Medical_Service
建国新路西藏南路,交通设施,公交站,121.484211,31.214973,上海市,上海市,黄浦区,121.47972475758752,31.216965490028034,Transport
老西门,交通设施,公交站,121.484152,31.216725,上海市,上海市,黄浦区,121.47966540258292,31.218716479561504,Transport
公厕,生活服务,公厕,121.485651,31.215186,上海市,上海市,黄浦区,121.48116976452522,31.21718261130892,Toilet
医疗急救中心大吉分站,医疗保健,急救中心,121.486042,31.215379,上海市,上海市,黄浦区,121.48156211792109,31.217376670013355,Medical_Service
公厕,生活服务,公厕,121.472172,31.207648,上海市,上海市,黄浦区,121.46764594655784,31.209610001923178,Toilet
盈健门诊部,医疗保健,诊所,121.472737,31.20772,上海市,上海市,黄浦区,121.4682127628388,31.209683501317155,Medical_Service
拜博口腔,医疗保健,诊所,121.475051,31.209217,上海市,上海市,黄浦区,121.47053418472451,31.211186131453,Medical_Service
马当路地铁站4号口,交通设施,地铁,121.476154,31.209507,上海市,上海市,黄浦区,121.47164080553672,31.21147905935743,Transport
建国东路重庆南路,交通设施,公交站,121.474002,31.211442,上海市,上海市,黄浦区,121.4694815540664,31.213407161379457,Transport
马当路地铁站5号口,交通设施,地铁,121.476188,31.211149,上海市,上海市,黄浦区,121.47167477754584,31.21312036107811,Transport
上海交通大学医学院东区门诊部,医疗保健,诊所,121.471811,31.212043,上海市,上海市,黄浦区,121.4672834090213,31.21400190032301,Medical_Service
黄南中医门诊部,医疗保健,诊所,121.471599,31.210525,上海市,上海市,黄浦区,121.46707085987536,31.21248406024493,Medical_Service
马当路,交通设施,地铁,121.47728,31.209553,上海市,上海市,黄浦区,121.4727705527266,31.2115281936672,Transport
徐家汇路黄陂南路,交通设施,公交站,121.478008,31.209749,上海市,上海市,黄浦区,121.47350097640778,31.21172615228241,Transport
上海乐汇儿科门诊部,医疗保健,诊所,121.478045,31.20934,上海市,上海市,黄浦区,121.47353813580652,31.21131745476436,Medical_Service
母婴室,生活服务,公厕,121.477207,31.209931,上海市,上海市,黄浦区,121.47269727625311,31.211905805498407,Toilet
马当路地铁站6号口,交通设施,地铁,121.476649,31.209643,上海市,上海市,黄浦区,121.47213743931992,31.21161637825712,Transport
马当路地铁站1号口,交通设施,地铁,121.478034,31.21003,上海市,上海市,黄浦区,121.47352703970137,31.21200708994083,Transport
马当路地铁站3号口,交通设施,地铁,121.476757,31.208771,上海市,上海市,黄浦区,121.47224587384824,31.210745103091945,Transport
公厕,生活服务,公厕,121.479287,31.212046,上海市,上海市,黄浦区,121.47478409502922,31.214025674217197,Toilet
淮海医院黄陂医疗站,医疗保健,诊所,121.477525,31.213984,上海市,上海市,黄浦区,121.4730159928794,31.21595774856641,Medical_Service
中顺社区卫生运营服务站,医疗保健,综合医院,121.477683,31.212318,上海市,上海市,黄浦区,121.473174665248,31.214292994877376,Medical_Service
顺昌医院,医疗保健,综合医院,121.479626,31.213509,上海市,上海市,黄浦区,121.4751241192816,31.215488937532243,Medical_Service
顺昌路建国东路,交通设施,公交站,121.478993,31.214323,上海市,上海市,黄浦区,121.4744889048875,31.216300742789805,Transport
建国东路肇周路,交通设施,公交站,121.480119,31.213525,上海市,上海市,黄浦区,121.4756187938923,31.215506339535736,Transport
肇周路合肥路,交通设施,公交站,121.480675,31.216188,上海市,上海市,黄浦区,121.47617646182285,31.218169658101424,Transport
合肥路济南路,交通设施,公交站,121.48028,31.216148,上海市,上海市,黄浦区,121.47578011763974,31.2181285438613,Transport
顺昌路复兴中路,交通设施,公交站,121.478477,31.216869,上海市,上海市,黄浦区,121.47397094461635,31.21884405899174,Transport
公厕,生活服务,公厕,121.477634,31.215295,上海市,上海市,黄浦区,121.47312524575013,31.21726842745304,Toilet
赵毅成盲人按摩保健诊所,医疗保健,诊所,121.471419,31.213689,上海市,上海市,黄浦区,121.46689001196542,31.215646051639627,Medical_Service
马当路建国东路,交通设施,公交站,121.475511,31.213641,上海市,上海市,黄浦区,121.47099532204516,31.215609275125423,Transport
SOHO复兴广场-女洗手间,生活服务,公厕,121.474499,31.214654,上海市,上海市,黄浦区,121.46997990465788,31.21661898612451,Toilet
公厕,生活服务,公厕,121.474279,31.214585,上海市,上海市,黄浦区,121.46975918990836,31.21654941262886,Toilet
上海曙名新天地中医门诊部,医疗保健,诊所,121.475202,31.214515,上海市,上海市,黄浦区,121.47068522749396,31.21648199769557,Medical_Service
卜蜂莲花杨高南路店免费班车,交通设施,公交站,121.475703,31.2133,上海市,上海市,黄浦区,121.47118798596496,31.215268973046392,Transport
一大会址·新天地,交通设施,地铁,121.475173,31.216382,上海市,上海市,黄浦区,121.47065597170496,31.21834802363693,Transport
马当路复兴中路,交通设施,公交站,121.47519,31.21527,上海市,上海市,黄浦区,121.47067312315578,31.217236602668287,Transport
卫生间,生活服务,公厕,121.47393,31.21552,上海市,上海市,黄浦区,121.46940896887746,31.217483004600314,Toilet
公厕,生活服务,公厕,121.47414,31.215554,上海市,上海市,黄浦区,121.46961965201056,31.21751756577823,Toilet
无障碍洗手间,生活服务,公厕,121.474163,31.214688,上海市,上海市,黄浦区,121.46964280156338,31.216652043831765,Toilet
无障碍洗手间,生活服务,公厕,121.475309,31.216724,上海市,上海市,黄浦区,121.47079239072336,31.218690237609,Toilet
王伦潜诊所,医疗保健,诊所,121.475596,31.215546,上海市,上海市,黄浦区,121.47108043945812,31.21751359825019,Medical_Service
一大会址·新天地地铁站5号口,交通设施,地铁,121.47433,31.215811,上海市,上海市,黄浦区,121.46981025162002,31.217774966068752,Transport
一大会址·新天地地铁站3号口,交通设施,地铁,121.474765,31.215697,上海市,上海市,黄浦区,121.47024668810428,31.217662221384906,Transport
一大会址·新天地地铁站4号口,交通设施,地铁,121.474987,31.21504,上海市,上海市,黄浦区,121.470469474401,31.21700615020801,Transport
一大会址·新天地地铁站1号口,交通设施,地铁,121.475484,31.216659,上海市,上海市,黄浦区,121.47096797390456,31.21862575473924,Transport
一大会址·新天地地铁站6号口,交通设施,地铁,121.474692,31.216452,上海市,上海市,黄浦区,121.47017338354796,31.218416658640884,Transport
一大会址·新天地地铁站2号口,交通设施,地铁,121.476053,31.216392,上海市,上海市,黄浦区,121.47153887990964,31.21836046696336,Transport
复兴中路重庆南路,交通设施,公交站,121.471655,31.215464,上海市,上海市,黄浦区,121.46712661487544,31.21742083672132,Transport
淮海中路街道社区卫生中心,医疗保健,综合医院,121.473723,31.214784,上海市,上海市,黄浦区,121.4692013569181,31.216746788781805,Medical_Service
上海交通大学医学院附属瑞金医院卢湾分院,医疗保健,综合医院,121.472173,31.218469,上海市,上海市,黄浦区,121.46764602015176,31.220425802851903,Medical_Service
兴业路重庆南路,交通设施,公交站,121.472408,31.219255,上海市,上海市,黄浦区,121.46788170969084,31.22121206632078,Transport
公厕,生活服务,公厕,121.473129,31.218347,上海市,上海市,黄浦区,121.46860511961408,31.22030646120504,Toilet
无障碍公厕,生活服务,公厕,121.473095,31.218096,上海市,上海市,黄浦区,121.46857103090166,31.22005548791003,Toilet
瑞金医院卢湾分院1,医疗保健,综合医院,121.472524,31.218655,上海市,上海市,黄浦区,121.4679981354914,31.22061266669664,Medical_Service
上海交大医学院附属瑞金医院癫痫中心,医疗保健,综合医院,121.472296,31.218887,上海市,上海市,黄浦区,121.46776938030624,31.220843937389905,Medical_Service
上海美中嘉和肿瘤门诊部,医疗保健,诊所,121.472786,31.218595,上海市,上海市,黄浦区,121.46826098724532,31.22055340790526,Medical_Service
上海交通大学医学院附属瑞金医院卢湾分院体检中心,医疗保健,综合医院,121.472713,31.218921,上海市,上海市,黄浦区,121.4681877231718,31.220879054101086,Medical_Service
上海交通大学医学院附属瑞金医院卢湾分院发热门诊CT室,医疗保健,综合医院,121.472752,31.21916,上海市,上海市,黄浦区,121.46822682874036,31.221118046610982,Medical_Service
上海交通大学医学院附属瑞金医院卢湾分院儿科,医疗保健,综合医院,121.472709,31.218316,上海市,上海市,黄浦区,121.4681837622158,31.220274331106047,Medical_Service
瑞金医院卢湾分院4号楼,医疗保健,综合医院,121.472816,31.218546,上海市,上海市,黄浦区,121.46829108850926,31.2205045129224,Medical_Service
瑞金医院卢湾分院5,医疗保健,综合医院,121.472939,31.21927,上海市,上海市,黄浦区,121.46841442448684,31.22122850376012,Medical_Service
瑞金医院卢湾分院住院部,医疗保健,综合医院,121.472208,31.218281,上海市,上海市,黄浦区,121.46768114896727,31.220237987194047,Medical_Service
瑞金医院卢湾分院1号楼,医疗保健,综合医院,121.472341,31.218967,上海市,上海市,黄浦区,121.46781451843816,31.22092402141149,Medical_Service
瑞金医院卢湾分院5号楼,医疗保健,综合医院,121.472736,31.219277,上海市,上海市,黄浦区,121.46821076695016,31.221234947446064,Medical_Service
瑞金医院卢湾分院2号楼,医疗保健,综合医院,121.472653,31.218975,上海市,上海市,黄浦区,121.46812752460966,31.22093286517968,Medical_Service
上海交通大学医学院附属瑞金医院卢湾分院急诊,医疗保健,综合医院,121.471987,31.218148,上海市,上海市,黄浦区,121.46745944957335,31.220104452132595,Medical_Service
上海交通大学医学院附属瑞金医院卢湾分院门诊,医疗保健,综合医院,121.472455,31.218296,上海市,上海市,黄浦区,121.46792894367924,31.220253650139924,Medical_Service
马当路兴业路,交通设施,公交站,121.474246,31.22049,上海市,上海市,黄浦区,121.46972557493882,31.22245150620237,Transport
新天地,交通设施,公交站,121.474236,31.22045,上海市,上海市,黄浦区,121.46971554565069,31.222411497630212,Transport
一大会址新天地,交通设施,公交站,121.475085,31.219885,上海市,上海市,黄浦区,121.47056738116638,31.22184911126055,Transport
中共一大纪念馆站,交通设施,公交站,121.474821,31.221524,上海市,上海市,黄浦区,121.47030237192742,31.22348660342847,Transport
公厕,生活服务,公厕,121.474941,31.220154,上海市,上海市,黄浦区,121.47042288411592,31.222117584719456,Toilet
公厕,生活服务,公厕,121.4745,31.220741,上海市,上海市,黄浦区,121.46998038538624,31.22270308743623,Toilet
新天地朗廷豪华酒店-洗手间,生活服务,公厕,121.47405,31.22163,上海市,上海市,黄浦区,121.46952883613709,31.223590426784767,Toilet
格丽特浩瀚中医诊所,医疗保健,诊所,121.474315,31.220734,上海市,上海市,黄浦区,121.46979477984374,31.222695580612587,Medical_Service
女洗手间,生活服务,公厕,121.474371,31.220705,上海市,上海市,黄浦区,121.46985096572472,31.22266674870461,Toilet
太仓路重庆南路,交通设施,公交站,121.473457,31.220961,上海市,上海市,黄浦区,121.46893396044766,31.222920116466813,Transport
重庆南路淮海中路,交通设施,公交站,121.471504,31.220707,上海市,上海市,黄浦区,121.46697468071751,31.222660932296133,Transport
公厕,生活服务,公厕,121.472305,31.221489,上海市,上海市,黄浦区,121.46777818571928,31.223444727257466,Toilet
上海谷茂门诊部陈一鸣中医诊所,医疗保健,诊所,121.47149,31.220341,上海市,上海市,黄浦区,121.46696066737525,31.22229506812161,Medical_Service
复兴中路黄陂南路,交通设施,公交站,121.477021,31.217098,上海市,上海市,黄浦区,121.4725100403642,31.219068840160578,Transport
上海新天地时尚购物广场-公共厕所,生活服务,公厕,121.476468,31.218956,上海市,上海市,黄浦区,121.47195503821789,31.220924404500703,Toilet
济南路复兴中路,交通设施,公交站,121.479507,31.218354,上海市,上海市,黄浦区,121.47500430039716,31.220331280871758,Transport
复兴中路顺昌路,交通设施,公交站,121.478773,31.21772,上海市,上海市,黄浦区,121.47426787034723,31.219695493141177,Transport
吉安路湖滨路,交通设施,公交站,121.479667,31.221061,上海市,上海市,黄浦区,121.47516461150066,31.22303745207492,Transport
麒迹医疗,医疗保健,诊所,121.478915,31.22103,上海市,上海市,黄浦区,121.47441006642366,31.22300432382887,Medical_Service
上海中医药大学附属曙光医院门诊,医疗保健,综合医院,121.478424,31.222834,上海市,上海市,黄浦区,121.47391725467604,31.22480607677057,Medical_Service
上海中医药大学附属曙光医院门诊,医疗保健,急救中心,121.478418,31.22283,上海市,上海市,黄浦区,121.4739112348007,31.224802061651506,Medical_Service
曙光医院名医诊疗中心,医疗保健,诊所,121.478608,31.22262,上海市,上海市,黄浦区,121.47410189342148,31.224592699693503,Medical_Service
无障碍公厕,生活服务,公厕,121.477868,31.22347,上海市,上海市,黄浦区,121.47335932988344,31.225440203385936,Toilet
公厕,生活服务,公厕,121.477866,31.223468,上海市,上海市,黄浦区,121.47335732333951,31.22543819867965,Toilet
曙光医院-中医儿科,医疗保健,综合医院,121.478435,31.222815,上海市,上海市,黄浦区,121.47392829337372,31.224787116922847,Medical_Service
上海中医药大学附属曙光医院急诊,医疗保健,综合医院,121.478377,31.222945,上海市,上海市,黄浦区,121.47387008680408,31.22491689116375,Medical_Service
上海中医药大学附属曙光医院-儿科,医疗保健,综合医院,121.478447,31.222921,上海市,上海市,黄浦区,121.47394032472808,31.22489310090193,Medical_Service
上海中医药大学附属曙光医院,医疗保健,综合医院,121.479341,31.222821,上海市,上海市,黄浦区,121.47483735477316,31.22479568959634,Medical_Service
柳林路寿宁路,交通设施,公交站,121.48021,31.223711,上海市,上海市,黄浦区,121.47570923130444,31.225687753167765,Transport
出租车司机专用公厕,生活服务,公厕,121.479474,31.22389,上海市,上海市,黄浦区,121.47497071409148,31.225864564678822,Toilet
上海中医药大学附属曙光医院-名老中医门诊部,医疗保健,综合医院,121.478922,31.222454,上海市,上海市,黄浦区,121.47441696803494,31.22442767005968,Medical_Service
上海中医药大学附属曙光医院西院住院部,医疗保健,综合医院,121.4792,31.222904,上海市,上海市,黄浦区,121.47469587000796,31.224878248660872,Medical_Service
上海曙名中医门诊部,医疗保健,诊所,121.478919,31.222373,上海市,上海市,黄浦区,121.4744139648367,31.224346699800996,Medical_Service
上海中医药大学附属曙光医院-行政楼,医疗保健,综合医院,121.479089,31.223398,上海市,上海市,黄浦区,121.47458445193404,31.22537169954488,Medical_Service
上海中医药大学附属曙光医院-血透室,医疗保健,综合医院,121.479141,31.222853,上海市,上海市,黄浦区,121.47463667463248,31.22482710472766,Medical_Service
金陵中路黄陂南路,交通设施,公交站,121.475728,31.224824,上海市,上海市,黄浦区,121.4712120797939,31.226787563582302,Transport
公厕,生活服务,公厕,121.475323,31.223966,上海市,上海市,黄浦区,121.47080581534009,31.22592884145997,Toilet
上海外服门诊部,医疗保健,诊所,121.473463,31.224415,上海市,上海市,黄浦区,121.46893968327257,31.2263725018091,Medical_Service
老西门,交通设施,公交站,121.482971,31.217199,上海市,上海市,黄浦区,121.47848026668504,31.219186810709,Transport
复兴中路吉安路,交通设施,公交站,121.481367,31.218405,上海市,上海市,黄浦区,121.47687064016436,31.220387592013168,Transport
肇周路西藏南路,交通设施,公交站,121.482948,31.21718,上海市,上海市,黄浦区,121.47845718878784,31.21916775292041,Transport
老西门地铁站1号口,交通设施,地铁,121.483068,31.219245,上海市,上海市,黄浦区,121.47857742712203,31.22123211840347,Transport
老西门地铁站4号口,交通设施,地铁,121.48285,31.218629,上海市,上海市,黄浦区,121.47835872607848,31.22061577770578,Transport
老西门地铁站5号口,交通设施,地铁,121.482409,31.21926,上海市,上海市,黄浦区,121.4779161498394,31.221245197838225,Transport
老西门地铁站2号口,交通设施,地铁,121.483628,31.218297,上海市,上海市,黄浦区,121.4791394481759,31.22028620017049,Transport
老西门地铁站3号出口,交通设施,地铁,121.483126,31.218204,上海市,上海市,黄浦区,121.47863571685978,31.220191782381928,Transport
老西门,交通设施,地铁,121.483806,31.219001,上海市,上海市,黄浦区,121.47931800569438,31.22099038442988,Transport
中华路盐城路,交通设施,公交站,121.486017,31.217251,上海市,上海市,黄浦区,121.48153687031792,31.219247701732503,Transport
老西门地铁站7号口,交通设施,地铁,121.484523,31.218898,上海市,上海市,黄浦区,121.48003750804328,31.22088952925793,Transport
老西门,交通设施,公交站,121.484128,31.220574,上海市,上海市,黄浦区,121.47964098997308,31.222563577915015,Transport
豫园街道社区卫生中心,医疗保健,综合医院,121.484737,31.219781,上海市,上海市,黄浦区,121.48025217838097,31.22177273646028,Medical_Service
公厕,生活服务,公厕,121.484283,31.221451,上海市,上海市,黄浦区,121.47979645413756,31.22344061560494,Toilet
出租车司机专用公厕,生活服务,公厕,121.484163,31.22118,上海市,上海市,黄浦区,121.47967605985912,31.22316939305348,Toilet
老年护理医院,医疗保健,综合医院,121.4848,31.219622,上海市,上海市,黄浦区,121.48031541168136,31.221613996615567,Medical_Service
老西门地铁站6号口,交通设施,地铁,121.484404,31.219529,上海市,上海市,黄浦区,121.47991803966244,31.221519881007485,Transport
豫园社区卫生中心-预防接种门诊,医疗保健,诊所,121.484695,31.219942,上海市,上海市,黄浦区,121.48021001817894,31.221933536954243,Medical_Service
公厕,生活服务,公厕,121.481298,31.219784,上海市,上海市,黄浦区,121.4768012855533,31.22176573747192,Toilet
公厕,生活服务,公厕,121.481303,31.219851,上海市,上海市,黄浦区,121.47680629695478,31.221832720071347,Toilet
无障碍公厕,生活服务,公厕,121.481255,31.219779,上海市,上海市,黄浦区,121.47675813861358,31.22176061592661,Toilet
公厕,生活服务,公厕,121.488927,31.217857,上海市,上海市,黄浦区,121.48445707873412,31.21986203158212,Toilet
河南南路文庙路,交通设施,公交站,121.490762,31.220262,上海市,上海市,黄浦区,121.48629839602498,31.22227136444361,Transport
士林华苑社区卫生运营服务站,医疗保健,综合医院,121.490781,31.221533,上海市,上海市,黄浦区,121.4863173553502,31.22354181902455,Medical_Service
复兴东路老西门,交通设施,公交站,121.486904,31.220364,上海市,上海市,黄浦区,121.4824267199052,31.222361838470448,Transport
复兴东路,交通设施,公交站,121.486914,31.220368,上海市,上海市,黄浦区,121.48243675475094,31.2223658661338,Transport
老西门,交通设施,公交站,121.486919,31.220423,上海市,上海市,黄浦区,121.48244176764692,31.222420854828297,Transport
小北门,交通设施,公交站,121.48293,31.225556,上海市,上海市,黄浦区,121.47843840984063,31.227539735274096,Transport
淮海东路西藏南路,交通设施,公交站,121.481379,31.226015,上海市,上海市,黄浦区,121.47688202970244,31.22799402964536,Transport
公厕,生活服务,公厕,121.483405,31.224827,上海市,上海市,黄浦区,121.47891511637066,31.226812459955728,Toilet
淮海东路云南南路,交通设施,公交站,121.483326,31.22685,上海市,上海市,黄浦区,121.47883566955224,31.22883428026366,Transport
淮海东路浙江南路,交通设施,公交站,121.48337,31.226858,上海市,上海市,黄浦区,121.47887982130598,31.22884240464795,Transport
上海群力中医门诊部,医疗保健,诊所,121.481775,31.227746,上海市,上海市,黄浦区,121.4772792409504,31.229725361760405,Medical_Service
上海宏泉艾瑞精品豪华酒店-洗手间,生活服务,公厕,121.482038,31.227596,上海市,上海市,黄浦区,121.47754315828614,31.22957619236047,Toilet
上海中星君亭豪华酒店-洗手间,生活服务,公厕,121.484616,31.227572,上海市,上海市,黄浦区,121.48013009032788,31.229559709651262,Toilet
上海美延门诊部,医疗保健,诊所,121.484573,31.230467,上海市,上海市,黄浦区,121.48008669285412,31.23245323313425,Medical_Service
美年大健康,医疗保健,诊所,121.4848,31.230511,上海市,上海市,黄浦区,121.4803144805258,31.232497877734268,Medical_Service
豫园,交通设施,地铁,121.48742,31.228031,上海市,上海市,黄浦区,121.48294388244496,31.23002675489568,Transport
老北门,交通设施,公交站,121.486246,31.228393,上海市,上海市,黄浦区,121.4817657214582,31.23038511637049,Transport
河南南路福佑路,交通设施,公交站,121.487549,31.226627,上海市,上海市,黄浦区,121.4830734573222,31.228623794183456,Transport
女洗手间,生活服务,公厕,121.488332,31.228421,上海市,上海市,黄浦区,121.4838590700705,31.230419277825906,Toilet
女洗手间,生活服务,公厕,121.488359,31.228395,上海市,上海市,黄浦区,121.48388616780689,31.230393370183545,Toilet
女洗手间,生活服务,公厕,121.488322,31.22835,上海市,上海市,黄浦区,121.48384904075964,31.23034828128365,Toilet
男洗手间,生活服务,公厕,121.488273,31.228341,上海市,上海市,黄浦区,121.48379986821328,31.23033913993841,Toilet
公厕,生活服务,公厕,121.490911,31.22873,上海市,上海市,黄浦区,121.48644720495722,31.23073582508748,Toilet
金陵东路江西南路,交通设施,公交站,121.487973,31.230416,上海市,上海市,黄浦区,121.48349863051918,31.23241228196788,Transport
豫园地铁站5号口,交通设施,地铁,121.488172,31.229576,上海市,上海市,黄浦区,121.48369840559124,31.231573263770294,Transport
公共厕所,生活服务,公厕,121.487755,31.231015,上海市,上海市,黄浦区,121.48327980944192,31.23301035683972,Toilet
河南中路,交通设施,公交站,121.487702,31.23122,上海市,上海市,黄浦区,121.48322660484033,31.233215104465405,Transport
延安东路江西中路,交通设施,公交站,121.488928,31.232048,上海市,上海市,黄浦区,121.48445687087067,31.23404636201084,Transport
延安东路中山东一路,交通设施,公交站,121.490894,31.232642,上海市,上海市,黄浦区,121.48642981060006,31.23464595509681,Transport
延安东路外滩,交通设施,公交站,121.490813,31.232886,上海市,上海市,黄浦区,121.48634850097166,31.234889599695627,Transport
上海卡多利亚门诊部,医疗保健,诊所,121.489167,31.232284,上海市,上海市,黄浦区,121.48469669824868,31.234282964208443,Medical_Service
中心医院门诊部,医疗保健,综合医院,121.488766,31.233803,上海市,上海市,黄浦区,121.48429414690656,31.235800067486966,Medical_Service
中山东一路广东路,交通设施,公交站,121.491012,31.234743,上海市,上海市,黄浦区,121.48654805220175,31.236746337150677,Transport
外滩金牛广场,交通设施,公交站,121.491077,31.234733,上海市,上海市,黄浦区,121.48661328494268,31.236736536379887,Transport
上海外滩华尔道夫豪华酒店洗手间,生活服务,公厕,121.489748,31.233585,上海市,上海市,黄浦区,121.48527965021778,31.23558509397393,Toilet
上海外滩华尔道夫豪华酒店-洗手间,生活服务,公厕,121.491084,31.233785,上海市,上海市,黄浦区,121.48662039079665,31.23578899504876,Toilet
出租车司机专用公厕,生活服务,公厕,121.488288,31.235167,上海市,上海市,黄浦区,121.48381433826258,31.23716201709112,Toilet
府商业大厦门诊部特诊部,医疗保健,诊所,121.487118,31.235456,上海市,上海市,黄浦区,121.4826401837624,31.23744741559785,Medical_Service
外滩街道社区社区卫生中心广东路分中心,医疗保健,综合医院,121.488234,31.233403,上海市,上海市,黄浦区,121.48376029795278,31.23539867112943,Medical_Service
东新桥,交通设施,公交站,121.481964,31.232315,上海市,上海市,黄浦区,121.47746849957755,31.23429278082746,Transport
福建中路延安东路,交通设施,公交站,121.482617,31.231936,上海市,上海市,黄浦区,121.47812378241768,31.23391584833737,Transport
上海交通大学医学院附属仁济医院西院,医疗保健,综合医院,121.484176,31.233534,上海市,上海市,黄浦区,121.47968804827512,31.235517649138927,Medical_Service
河南中路延安东路,交通设施,公交站,121.486006,31.233768,上海市,上海市,黄浦区,121.48152442001596,31.235756911600237,Transport
仁济医院西院5号楼,医疗保健,综合医院,121.484463,31.234061,上海市,上海市,黄浦区,121.47997600217155,31.236045245095152,Medical_Service
上海交通大学医学院附属仁济医院6号楼,医疗保健,综合医院,121.484425,31.233513,上海市,上海市,黄浦区,121.47993791670932,31.235497387135897,Medical_Service
上海交通大学医学院附属仁济医院4号楼,医疗保健,综合医院,121.484306,31.233329,上海市,上海市,黄浦区,121.4798185181515,31.23531312407544,Medical_Service
上海交通大学医学院附属仁济医院5号楼,医疗保健,综合医院,121.484392,31.234141,上海市,上海市,黄浦区,121.4799047480676,31.23612500036568,Medical_Service
上海仁济医院生殖医学中心,医疗保健,综合医院,121.484197,31.233689,上海市,上海市,黄浦区,121.47970910806436,31.235672638871858,Medical_Service
无障碍洗手间,生活服务,公厕,121.483985,31.233714,上海市,上海市,黄浦区,121.47949636878188,31.23569700783051,Toilet
无障碍洗手间,生活服务,公厕,121.484029,31.233637,上海市,上海市,黄浦区,121.47954052830246,31.235620171947325,Toilet
无障碍洗手间,生活服务,公厕,121.484058,31.233555,上海市,上海市,黄浦区,121.47956963613214,31.235538294580508,Toilet
无障碍洗手间,生活服务,公厕,121.484075,31.233549,上海市,上海市,黄浦区,121.47958669574923,31.23553234702496,Toilet
无障碍洗手间,生活服务,公厕,121.484274,31.233304,上海市,上海市,黄浦区,121.4797864089209,31.235288042049145,Toilet
无障碍洗手间,生活服务,公厕,121.484204,31.233278,上海市,上海市,黄浦区,121.47971616758215,31.235261849393552,Toilet
无障碍公厕,生活服务,公厕,121.484096,31.233603,上海市,上海市,黄浦区,121.47960776414568,31.235586383421268,Toilet
上海交通大学医学院附属仁济医院西院门诊部,医疗保健,综合医院,121.484618,31.233272,上海市,上海市,黄浦区,121.48013160973832,31.235257063647744,Medical_Service
福州路福建中路,交通设施,公交站,121.482348,31.233768,上海市,上海市,黄浦区,121.47785369759316,31.23574622004869,Transport
福建中路南京东路,交通设施,公交站,121.481333,31.234263,上海市,上海市,黄浦区,121.47683516551535,31.23623805766653,Transport
上海大豪华酒店-洗手间,生活服务,公厕,121.481424,31.235288,上海市,上海市,黄浦区,121.47692638980234,31.23726284729931,Toilet
出租车司机专用公厕,生活服务,公厕,121.483446,31.235452,上海市,上海市,黄浦区,121.4789553492038,31.23743263359553,Toilet
男洗手间,生活服务,公厕,121.483511,31.233982,上海市,上海市,黄浦区,121.47902070037698,31.235963501083116,Toilet
黄陂北路武胜路,交通设施,公交站,121.471537,31.228202,上海市,上海市,黄浦区,121.46700714202504,31.230152493794524,Transport
公厕,生活服务,公厕,121.473431,31.227563,上海市,上海市,黄浦区,121.46890730876108,31.229518936984796,Toilet
黄陂北路,交通设施,公交站,121.474746,31.227114,上海市,上海市,黄浦区,121.47022664553572,31.229073764452465,Transport
上海博物馆,交通设施,公交站,121.476251,31.226751,上海市,上海市,黄浦区,121.47173664817728,31.22871511778692,Transport
延安东路普安路,交通设施,公交站,121.475582,31.226728,上海市,上海市,黄浦区,121.47106543352947,31.22869026345117,Transport
人民广场,交通设施,公交站,121.474391,31.227238,上海市,上海市,黄浦区,121.4698704702482,31.229196726300295,Transport
公厕,生活服务,公厕,121.475273,31.228341,上海市,上海市,黄浦区,121.47075527483268,31.23030165030684,Toilet
黄陂北路,交通设施,公交站,121.473932,31.226434,上海市,上海市,黄浦区,121.46941003815176,31.22839183962472,Transport
出租车司机专用公厕,生活服务,公厕,121.473944,31.229385,上海市,上海市,黄浦区,121.46942182384456,31.23134149294605,Toilet
延安东路西藏中路,交通设施,公交站,121.477121,31.228257,上海市,上海市,黄浦区,121.47260941718557,31.230222851529497,Transport
公厕,生活服务,公厕,121.476578,31.226772,上海市,上海市,黄浦区,121.4720647336581,31.228737022756174,Toilet
大世界地铁站4号口,交通设施,地铁,121.478542,31.227512,上海市,上海市,黄浦区,121.47403525139774,31.22948221270748,Transport
大世界,交通设施,地铁,121.479167,31.227394,上海市,上海市,黄浦区,121.47466237343076,31.229366044268243,Transport
西藏南路宁海东路,交通设施,公交站,121.479335,31.227261,上海市,上海市,黄浦区,121.47483095390642,31.229233585146915,Transport
公厕,生活服务,公厕,121.480758,31.226742,上海市,上海市,黄浦区,121.47625884148364,31.22871890113024,Toilet
Zsmart智尚豪华酒店-洗手间,生活服务,公厕,121.480529,31.227708,上海市,上海市,黄浦区,121.47602897662652,31.229683791228123,Toilet
亚龙国际广场,生活服务,公厕,121.480295,31.227396,上海市,上海市,黄浦区,121.47579420523424,31.22937126603929,Toilet
姜虎牙白丁,医疗保健,综合医院,121.480966,31.227032,上海市,上海市,黄浦区,121.4764675279008,31.22900936335508,Medical_Service
大世界地铁站6号口,交通设施,地铁,121.480053,31.226442,上海市,上海市,黄浦区,121.47555146270902,31.2284170197481,Transport
大世界地铁站5号口,交通设施,地铁,121.4809,31.22731,上海市,上海市,黄浦区,121.47640127830982,31.229287043346755,Transport
大世界地铁站3号口,交通设施,地铁,121.479164,31.226531,上海市,上海市,黄浦区,121.47465943724828,31.22850343994423,Transport
大世界地铁站1号口,交通设施,地铁,121.479667,31.227753,上海市,上海市,黄浦区,121.47516403804944,31.22972630220498,Transport
大世界地铁站2号口,交通设施,地铁,121.480032,31.226896,上海市,上海市,黄浦区,121.4755303523354,31.2288707468726,Transport
亚龙国际广场,生活服务,公厕,121.48027,31.227242,上海市,上海市,黄浦区,121.47576913322332,31.22921726646864,Toilet
女洗手间,生活服务,公厕,121.480305,31.227314,上海市,上海市,黄浦区,121.47580424634567,31.22928933308197,Toilet
男洗手间,生活服务,公厕,121.480132,31.227235,上海市,上海市,黄浦区,121.47563066371129,31.22920987440496,Toilet
女洗手间,生活服务,公厕,121.480164,31.227276,上海市,上海市,黄浦区,121.475662769176,31.22925094685748,Toilet
延安东路浙江中路,交通设施,公交站,121.479551,31.229426,上海市,上海市,黄浦区,121.47504750086996,31.231398189884363,Transport
西藏中路,交通设施,公交站,121.478842,31.229105,上海市,上海市,黄浦区,121.47433612751917,31.23107532031504,Transport
童涵春堂中医门诊部,医疗保健,诊所,121.479009,31.228689,上海市,上海市,黄浦区,121.47450372774772,31.230659989278188,Medical_Service
武胜路西藏中路,交通设施,公交站,121.477028,31.228814,上海市,上海市,黄浦区,121.4725160587572,31.230779330096883,Transport
人民广场,交通设施,公交站,121.476971,31.230766,上海市,上海市,黄浦区,121.47245870097544,31.23273026074074,Transport
公厕,生活服务,公厕,121.476581,31.23074,上海市,上海市,黄浦区,121.47206740314294,31.232703179086496,Toilet
上海人民广场-公厕,生活服务,公厕,121.476974,31.229563,上海市,上海市,黄浦区,121.47246181421042,31.231527829122843,Toilet
人民广场地铁站1号口,交通设施,地铁,121.476307,31.230848,上海市,上海市,黄浦区,121.471792482592,31.23281036218706,Transport
福州路浙江中路,交通设施,公交站,121.480048,31.233001,上海市,上海市,黄浦区,121.475545883613,31.234972949779383,Transport
KFC,生活服务,公厕,121.479916,31.233145,上海市,上海市,黄浦区,121.4754134221484,31.235116505458453,Toilet
南京路步行街,交通设施,公交站,121.480487,31.235437,上海市,上海市,黄浦区,121.475986171025,31.237409083091787,Transport
湖北路南京东路,交通设施,公交站,121.479783,31.234655,上海市,上海市,黄浦区,121.47527984054278,31.236625427538407,Transport
艺龙豪华酒店-洗手间,生活服务,公厕,121.479544,31.234532,上海市,上海市,黄浦区,121.475040039427,31.23650180172612,Toilet
出租车司机专用公厕,生活服务,公厕,121.480019,31.233502,上海市,上海市,黄浦区,121.47551674197264,31.23547363500045,Toilet
南京西路黄河路,交通设施,公交站,121.471664,31.233097,上海市,上海市,黄浦区,121.4671341279521,31.235045559998103,Transport
南京西路西藏中路,交通设施,公交站,121.471976,31.233265,上海市,上海市,黄浦区,121.46744711482974,31.235214325105044,Transport
公厕,生活服务,公厕,121.473066,31.23246,上海市,上海市,黄浦区,121.46854070273255,31.23441265939928,Toilet
公厕,生活服务,公厕,121.471771,31.232902,上海市,上海市,黄浦区,121.46724148782327,31.23485093905704,Toilet
公厕,生活服务,公厕,121.471999,31.231759,上海市,上海市,黄浦区,121.46747031823122,31.233709085062024,Toilet
无障碍洗手间,生活服务,公厕,121.472867,31.232873,上海市,上海市,黄浦区,121.46834102248384,31.234824925464483,Toilet
无障碍洗手间,生活服务,公厕,121.472859,31.232792,上海市,上海市,黄浦区,121.46833300354773,31.23474394117146,Toilet
人民广场,交通设施,地铁,121.47516,31.232761,上海市,上海市,黄浦区,121.47064152278725,31.23471928105841,Transport
人民广场,交通设施,公交站,121.47591,31.231106,上海市,上海市,黄浦区,121.47139414319372,31.23306713399904,Transport
城市规划展示馆,交通设施,公交站,121.475874,31.231019,上海市,上海市,黄浦区,121.47135803139696,31.23298007407516,Transport
人民广场,交通设施,公交站,121.475502,31.232625,上海市,上海市,黄浦区,121.47098466290946,31.234584293546767,Transport
人民广场,交通设施,公交站,121.47578,31.232616,上海市,上海市,黄浦区,121.47126358302708,31.23457607124838,Transport
人民公园-公厕,生活服务,公厕,121.474784,31.232535,上海市,上海市,黄浦区,121.47026430485224,31.23449234456412,Toilet
公共厕所,生活服务,公厕,121.474563,31.232109,上海市,上海市,黄浦区,121.4700426157976,31.234065931387377,Toilet
女洗手间,生活服务,公厕,121.476176,31.232707,上海市,上海市,黄浦区,121.4716608879555,31.23466813358971,Toilet
人民广场地铁站18号口,交通设施,地铁,121.473918,31.2331,上海市,上海市,黄浦区,121.4693954198074,31.235054695988524,Transport
人民广场地铁站14号口,交通设施,地铁,121.475939,31.232973,上海市,上海市,黄浦区,121.47142307901969,31.23493334904063,Transport
人民广场地铁站16号口,交通设施,地铁,121.475475,31.232417,上海市,上海市,黄浦区,121.47095759157834,31.234376314867934,Transport
人民广场地铁站3号口,交通设施,地铁,121.475929,31.231828,上海市,上海市,黄浦区,121.47141314417316,31.23378885176622,Transport
人民广场地铁站17号口,交通设施,地铁,121.474593,31.232976,上海市,上海市,黄浦区,121.47007263976238,31.234932612553862,Transport
人民广场地铁站2号口,交通设施,地铁,121.475543,31.231682,上海市,上海市,黄浦区,121.47102587934404,31.23364184474538,Transport
人民广场地铁站15号口,交通设施,地铁,121.476192,31.232364,上海市,上海市,黄浦区,121.47167697051528,31.234325337188046,Transport
长乐路富民路,交通设施,公交站,121.452952,31.217904,上海市,上海市,静安区,121.44836911675328,31.21981394464006,Transport
上海邮电医院4号楼,医疗保健,综合医院,121.453617,31.218828,上海市,上海市,静安区,121.44903574680116,31.22073894528605,Medical_Service
上海邮电医院,医疗保健,综合医院,121.453532,31.218697,上海市,上海市,静安区,121.4489505385546,31.22060782262605,Medical_Service
襄阳北路长乐路,交通设施,公交站,121.455413,31.218275,上海市,上海市,徐汇区,121.45083650229886,31.220190174421464,Transport
公厕,生活服务,公厕,121.454628,31.220246,上海市,上海市,静安区,121.45004925832832,31.222158490796723,Toilet
公厕,生活服务,公厕,121.455487,31.221427,上海市,上海市,静安区,121.45091042659594,31.22334084379262,Toilet
公厕,生活服务,公厕,121.4563,31.220512,上海市,上海市,静安区,121.4517256813353,31.22242811012456,Toilet
第一妇婴保健院门诊,医疗保健,诊所,121.456466,31.219998,上海市,上海市,静安区,121.45189217315742,31.221914730872133,Medical_Service
中心医院,医疗保健,综合医院,121.458071,31.217093,上海市,上海市,徐汇区,121.45350180464769,31.219014803792028,Medical_Service
陕西南路淮海中路,交通设施,公交站,121.458829,31.217284,上海市,上海市,徐汇区,121.45426189096295,31.21920748420916,Transport
无障碍洗手间,生活服务,公厕,121.457688,31.217046,上海市,上海市,徐汇区,121.45311775444458,31.21896693803501,Toilet
无障碍洗手间,生活服务,公厕,121.4577,31.217021,上海市,上海市,徐汇区,121.45312978955086,31.21894197772288,Toilet
无障碍洗手间,生活服务,公厕,121.457791,31.21708,上海市,上海市,徐汇区,121.45322103448336,31.21900116020869,Toilet
无障碍洗手间,生活服务,公厕,121.457853,31.217048,上海市,上海市,徐汇区,121.45328320777568,31.2189693191449,Toilet
无障碍洗手间,生活服务,公厕,121.457794,31.217029,上海市,上海市,徐汇区,121.45322404713578,31.21895019149523,Toilet
复旦大学附属中山医院,医疗保健,综合医院,121.458164,31.217018,上海市,上海市,徐汇区,121.45359506795748,31.2189400559573,Medical_Service
淮海医院,医疗保健,综合医院,121.458209,31.217084,上海市,上海市,徐汇区,121.45364018664982,31.21900612925701,Medical_Service
无障碍洗手间,生活服务,公厕,121.457818,31.217024,上海市,上海市,徐汇区,121.45324811356411,31.21894524948167,Toilet
无障碍洗手间,生活服务,公厕,121.458312,31.217039,上海市,上海市,徐汇区,121.45374347554076,31.21896139083928,Toilet
无障碍洗手间,生活服务,公厕,121.457824,31.217039,上海市,上海市,徐汇区,121.45325412877128,31.21896025622613,Toilet
无障碍洗手间,生活服务,公厕,121.457758,31.217093,上海市,上海市,徐汇区,121.4531879426548,31.219014077588195,Toilet
无障碍洗手间,生活服务,公厕,121.457793,31.217043,上海市,上海市,徐汇区,121.45322304317732,31.21896418249776,Toilet
无障碍洗手间,生活服务,公厕,121.457824,31.217048,上海市,上海市,徐汇区,121.45325412799404,31.21896925193113,Toilet
无障碍洗手间,生活服务,公厕,121.458352,31.217114,上海市,上海市,徐汇区,121.45378357985412,31.21903644838621,Toilet
无障碍洗手间,生活服务,公厕,121.458292,31.217099,上海市,上海市,徐汇区,121.45372341498788,31.219021315558084,Toilet
无障碍洗手间,生活服务,公厕,121.458374,31.21708,上海市,上海市,徐汇区,121.45380564374962,31.21900251596678,Toilet
无障碍洗手间,生活服务,公厕,121.458417,31.217088,上海市,上海市,徐汇区,121.45384876226,31.219010612572315,Toilet
无障碍洗手间,生活服务,公厕,121.458295,31.217126,上海市,上海市,徐汇区,121.45372642096136,31.219048309671297,Toilet
无障碍洗手间,生活服务,公厕,121.458312,31.217073,上海市,上海市,徐汇区,121.45374347260498,31.218995374614096,Toilet
无障碍洗手间,生活服务,公厕,121.458335,31.217097,上海市,上海市,徐汇区,121.4537665342292,31.21901941682389,Toilet
无障碍洗手间,生活服务,公厕,121.457787,31.217081,上海市,上海市,徐汇区,121.45321702340011,31.219002150466967,Toilet
无障碍洗手间,生活服务,公厕,121.458349,31.216998,上海市,上海市,徐汇区,121.45378058155886,31.21892049674072,Toilet
无障碍洗手间,生活服务,公厕,121.457846,31.217081,上海市,上海市,徐汇区,121.45327618566526,31.219002287170728,Toilet
无障碍洗手间,生活服务,公厕,121.458369,31.217074,上海市,上海市,徐汇区,121.4538006304116,31.218996507156632,Toilet
无障碍洗手间,生活服务,公厕,121.458349,31.217099,上海市,上海市,徐汇区,121.453780572838,31.219021448541724,Toilet
复旦大学附属眼耳鼻喉科医院2号楼,医疗保健,综合医院,121.457753,31.217054,上海市,上海市,徐汇区,121.4531829322832,31.21897508462349,Medical_Service
中心医院住院楼2,医疗保健,综合医院,121.457488,31.217064,上海市,上海市,徐汇区,121.4529172045774,31.218984467506647,Medical_Service
复旦大学附属中心医院2号病房楼,医疗保健,综合医院,121.457982,31.217055,上海市,上海市,徐汇区,121.45341256244822,31.21897661511508,Medical_Service
中心医院2号病房楼,医疗保健,综合医院,121.457915,31.217038,上海市,上海市,徐汇区,121.45334537931384,31.2189594677056,Medical_Service
复旦大学附属中心医院病史室,医疗保健,综合医院,121.457435,31.217294,上海市,上海市,徐汇区,121.45286403966502,31.219214235574928,Medical_Service
中心医院病房楼,医疗保健,综合医院,121.457899,31.217013,上海市,上海市,徐汇区,121.45332933741378,31.21893444251809,Medical_Service
中心医院1号病房楼,医疗保健,综合医院,121.458415,31.217045,上海市,上海市,徐汇区,121.45384676042696,31.21896762841987,Medical_Service
中心医院1号楼,医疗保健,综合医院,121.458423,31.217191,上海市,上海市,徐汇区,121.45385477000488,31.219113577444283,Medical_Service
中心医院体检中心,医疗保健,综合医院,121.458326,31.217231,上海市,上海市,徐汇区,121.45375749773171,31.21915333189007,Medical_Service
中心医院门诊,医疗保健,综合医院,121.458647,31.217048,上海市,上海市,徐汇区,121.4540794044782,31.21897116979779,Medical_Service
公厕,生活服务,公厕,121.459225,31.217834,上海市,上海市,黄浦区,121.45465895058278,31.219758154668977,Toilet
陕西南路地铁站3号口,交通设施,地铁,121.461011,31.217843,上海市,上海市,黄浦区,121.4564500143592,31.21977141693893,Transport
陕西南路地铁站4号口,交通设施,地铁,121.46118,31.217397,上海市,上海市,黄浦区,121.45661953802744,31.21932603828974,Transport
陕西南路地铁站2号口,交通设施,地铁,121.459376,31.217117,上海市,上海市,黄浦区,121.45481043615462,31.21904185349653,Transport
长乐路陕西南路,交通设施,公交站,121.459339,31.220482,上海市,上海市,黄浦区,121.4547730417859,31.222405165332333,Transport
锦江餐馆-洗手间,生活服务,公厕,121.460857,31.220455,上海市,上海市,黄浦区,121.4562953477544,31.22238180357325,Toilet
陕西南路延安中路,交通设施,公交站,121.456844,31.223271,上海市,上海市,静安区,121.45227091315044,31.225187043894625,Transport
无障碍洗手间,生活服务,公厕,121.45691,31.222732,上海市,上海市,黄浦区,121.45233713887671,31.22464844918753,Toilet
无障碍洗手间,生活服务,公厕,121.457128,31.222733,上海市,上海市,黄浦区,121.45255573173296,31.224649948224226,Toilet
无障碍洗手间,生活服务,公厕,121.457041,31.222707,上海市,上海市,黄浦区,121.45246849712689,31.224623760970854,Toilet
无障碍洗手间,生活服务,公厕,121.45701,31.222719,上海市,上海市,黄浦区,121.45243741176476,31.224635684266957,Toilet
无障碍洗手间,生活服务,公厕,121.457031,31.222698,上海市,上海市,黄浦区,121.45245847069872,31.224614742301853,Toilet
无障碍洗手间,生活服务,公厕,121.456979,31.222678,上海市,上海市,黄浦区,121.45240633101892,31.224594632620704,Toilet
无障碍洗手间,生活服务,公厕,121.457138,31.222769,上海市,上海市,黄浦区,121.45256575586576,31.224685954176884,Toilet
无障碍洗手间,生活服务,公厕,121.456992,31.22272,上海市,上海市,黄浦区,121.45241936273226,31.224636642561407,Toilet
无障碍洗手间,生活服务,公厕,121.45706,31.222753,上海市,上海市,黄浦区,121.45248754485408,31.22466978280552,Toilet
无障碍洗手间,生活服务,公厕,121.45706,31.222652,上海市,上海市,黄浦区,121.45248755358035,31.22456883049744,Toilet
泰申中医门诊部,医疗保健,诊所,121.457673,31.222073,上海市,上海市,黄浦区,121.45310227907656,31.223991515541123,Medical_Service
威海路陕西北路,交通设施,公交站,121.457958,31.226228,上海市,上海市,静安区,121.45338770402428,31.228145219300785,Transport
公厕,生活服务,公厕,121.457785,31.224244,上海市,上海市,静安区,121.45321439921672,31.22616175047837,Toilet
公厕,生活服务,公厕,121.457097,31.225747,上海市,上海市,静安区,121.4525243868854,31.22766245805839,Toilet
公厕,生活服务,公厕,121.457039,31.226046,上海市,上海市,静安区,121.45246620317918,31.227961184741755,Toilet
上海展览中心,交通设施,公交站,121.453367,31.223416,上海市,上海市,静安区,121.44878470500214,31.22532422906181,Transport
延安中路陕西北路,交通设施,公交站,121.455893,31.224033,上海市,上海市,静安区,121.4513172846098,31.22594652588381,Transport
公厕,生活服务,公厕,121.453668,31.226189,上海市,上海市,静安区,121.44908624203754,31.228096579345696,Toilet
淮海中路瑞金二路,交通设施,公交站,121.463024,31.218437,上海市,上海市,黄浦区,121.45846880766705,31.220370057401706,Transport
公共厕所,生活服务,公厕,121.462357,31.218568,上海市,上海市,黄浦区,121.45779984414617,31.22049935056888,Toilet
上海劲松中医门诊部,医疗保健,诊所,121.461788,31.217801,上海市,上海市,黄浦区,121.45722925710145,31.21973132320489,Medical_Service
气功研究所医疗门诊部,医疗保健,诊所,121.465456,31.217932,上海市,上海市,黄浦区,121.46090809653636,31.219871400718485,Medical_Service
男洗手间,生活服务,公厕,121.464698,31.218549,上海市,上海市,黄浦区,121.46014776412552,31.22048618716005,Toilet
淮海中路,交通设施,地铁,121.464468,31.220289,上海市,上海市,黄浦区,121.45991692631296,31.22222478104228,Transport
公厕,生活服务,公厕,121.465536,31.220224,上海市,上海市,黄浦区,121.4609881407482,31.22216251454823,Toilet
瑞金一路淮海中路,交通设施,公交站,121.463494,31.220322,上海市,上海市,黄浦区,121.45894002995766,31.222255328180434,Transport
淮海中路地铁站2号口,交通设施,地铁,121.463662,31.220444,上海市,上海市,黄浦区,121.45910851625506,31.222377688793607,Transport
淮海中路地铁站3号口,交通设施,地铁,121.463588,31.220819,上海市,上海市,黄浦区,121.45903426497613,31.222752326596616,Transport
公厕,生活服务,公厕,121.467642,31.218105,上海市,上海市,黄浦区,121.46310075765255,31.22004994086865,Toilet
瑞金医院卢湾分院-内科,医疗保健,综合医院,121.470599,31.217512,上海市,上海市,黄浦区,121.4660670704652,31.21946502240762,Medical_Service
淮海中路重庆南路,交通设施,公交站,121.469342,31.220948,上海市,上海市,黄浦区,121.4648058064168,31.22289604779348,Transport
淮海中路思南路,交通设施,公交站,121.46724,31.220115,上海市,上海市,黄浦区,121.46269734569026,31.222057941926725,Transport
御花园豪华酒店-洗手间,生活服务,公厕,121.466821,31.221094,上海市,上海市,黄浦区,121.4622769753691,31.22303539476136,Toilet
御花园豪华酒店-洗手间,生活服务,公厕,121.466632,31.220213,上海市,上海市,黄浦区,121.46208747292792,31.222154325359345,Toilet
公厕,生活服务,公厕,121.468879,31.220617,上海市,上海市,黄浦区,121.464341384661,31.222563983523525,Toilet
公厕,生活服务,公厕,121.466491,31.222278,上海市,上海市,黄浦区,121.46194586439698,31.224217984831984,Toilet
瑞金二路街道社区卫生中心,医疗保健,综合医院,121.47016,31.222426,上海市,上海市,黄浦区,121.4656262567602,31.22437551870043,Medical_Service
大沽路成都北路,交通设施,公交站,121.46938,31.225891,上海市,上海市,黄浦区,121.46484350046153,31.22783681729064,Transport
重庆北路延安东路,交通设施,公交站,121.470245,31.224258,上海市,上海市,黄浦区,121.46571136813589,31.226206881083403,Transport
延安东路重庆北路,交通设施,公交站,121.470896,31.225387,上海市,上海市,黄浦区,121.46636433762004,31.227337089941447,Transport
老成都北路大沽路,交通设施,公交站,121.467566,31.225107,上海市,上海市,静安区,121.463023920282,31.22704843005234,Transport
成都北路延安东路,交通设施,公交站,121.4679,31.226141,上海市,上海市,黄浦区,121.46335886369027,31.228082813880476,Transport
中共二大会址纪念馆,交通设施,公交站,121.466666,31.224064,上海市,上海市,静安区,121.4621212452511,31.226003592488464,Transport
成都北路,交通设施,公交站,121.468116,31.22405,上海市,上海市,黄浦区,121.46357571316986,31.225993360521432,Transport
瑞金一路延安中路,交通设施,公交站,121.463103,31.222442,上海市,上海市,黄浦区,121.45854769459974,31.22437335376503,Transport
公厕,生活服务,公厕,121.463365,31.223064,上海市,上海市,黄浦区,121.458810412725,31.22499571013653,Toilet
延中广场公园春之园-公厕,生活服务,公厕,121.463389,31.223053,上海市,上海市,黄浦区,121.45883448448544,31.22498477497224,Toilet
上海德庆堂中医门诊部,医疗保健,诊所,121.463344,31.221965,上海市,上海市,黄浦区,121.45878944553328,31.223897177098983,Medical_Service
公厕,生活服务,公厕,121.464009,31.222612,上海市,上海市,黄浦区,121.45945635855408,31.224545529650424,Toilet
上海煜策门诊部有限责任公司,医疗保健,诊所,121.465717,31.222769,上海市,上海市,黄浦区,121.4611694690113,31.224706771153425,Medical_Service
第九人民医院大沽路门诊部,医疗保健,诊所,121.465893,31.225621,上海市,上海市,静安区,121.46134575671915,31.227557877460743,Medical_Service
延安中路石门一路,交通设施,公交站,121.465647,31.224106,上海市,上海市,静安区,121.4610991419598,31.226042962255164,Transport
中美齿科,医疗保健,诊所,121.465802,31.225686,上海市,上海市,静安区,121.46125447519849,31.227622614566997,Medical_Service
优复门诊,医疗保健,诊所,121.464851,31.225544,上海市,上海市,静安区,121.46030061991418,31.22747826623373,Medical_Service
名老中医诊疗所,医疗保健,诊所,121.462407,31.224908,上海市,上海市,静安区,121.45784944317845,31.226836474184605,Medical_Service
石门一路延安中路,交通设施,公交站,121.463071,31.226127,上海市,上海市,静安区,121.45851528273852,31.22805653966615,Transport
石门一路延安中路,交通设施,公交站,121.463087,31.22611,上海市,上海市,静安区,121.45853133125168,31.228039587268345,Transport
上海陕西商务豪华酒店-洗手间,生活服务,公厕,121.461671,31.224219,上海市,上海市,静安区,121.45711136494177,31.226145997757783,Toilet
茂名北路,交通设施,公交站,121.461688,31.224061,上海市,上海市,静安区,121.457128427734,31.225988113572757,Transport
中医医院门诊部-门诊楼,医疗保健,综合医院,121.46241,31.224711,上海市,上海市,静安区,121.45785246892216,31.22663957420793,Medical_Service
中医医院-特诊部,医疗保健,综合医院,121.462358,31.225073,上海市,上海市,静安区,121.45780028604128,31.22700127623883,Medical_Service
中医医院门诊部,医疗保健,综合医院,121.462156,31.225037,上海市,上海市,静安区,121.45759770090744,31.226964797677244,Medical_Service
中医医院门诊部-伤科,医疗保健,综合医院,121.46236,31.224858,上海市,上海市,静安区,121.45780231041724,31.22678638223732,Medical_Service
中医医院门诊部-化验室,医疗保健,综合医院,121.462314,31.2247,上海市,上海市,静安区,121.45775618996248,31.22662834361024,Medical_Service
中医门诊部,医疗保健,诊所,121.462417,31.225132,上海市,上海市,静安区,121.4578594530323,31.22706039345147,Medical_Service
中医医院门诊部-中西结合科,医疗保健,综合医院,121.462322,31.224678,上海市,上海市,静安区,121.45776421517355,31.2266063735969,Medical_Service
无障碍洗手间,生活服务,公厕,121.464565,31.228154,上海市,上海市,静安区,121.46001353835535,31.23008632208308,Toilet
富乐医疗集团上海乐静门诊部,医疗保健,诊所,121.465387,31.227222,上海市,上海市,静安区,121.46083808790053,31.22915683755122,Medical_Service
母婴室,生活服务,公厕,121.464551,31.227594,上海市,上海市,静安区,121.45999954476328,31.22952654864857,Toilet
南京西路成都北路,交通设施,公交站,121.4661,31.230819,上海市,上海市,静安区,121.46155293753364,31.23275397823505,Transport
岳阳医院名医特诊部,医疗保健,综合医院,121.464106,31.229963,上海市,上海市,静安区,121.45955301327152,31.231893325158957,Medical_Service
岳阳中西医结合医院名医特诊部,医疗保健,诊所,121.463957,31.230605,上海市,上海市,静安区,121.45940351497435,31.23253465335896,Medical_Service
南京西路街道社区卫生中心,医疗保健,综合医院,121.466962,31.226441,上海市,上海市,静安区,121.46241794709798,31.22838023892744,Medical_Service
成都北路威海路,交通设施,公交站,121.467242,31.226462,上海市,上海市,静安区,121.46269880536404,31.22840195335013,Transport
红十字老年护理医院,医疗保健,综合医院,121.466966,31.226464,上海市,上海市,静安区,121.46242195738684,31.2284032384766,Medical_Service
武胜路黄陂北路,交通设施,公交站,121.47075,31.227609,上海市,上海市,黄浦区,121.46621768201784,31.229557657214837,Transport
威海路黄陂北路,交通设施,公交站,121.470213,31.227987,上海市,上海市,黄浦区,121.46567894611417,31.22993404641539,Transport
公厕,生活服务,公厕,121.471281,31.230435,上海市,上海市,黄浦区,121.46675013133,31.232383763531423,Toilet
公厕,生活服务,公厕,121.470658,31.230493,上海市,上海市,黄浦区,121.4661251415594,31.232440065733257,Toilet
百汇华鹰,医疗保健,诊所,121.468983,31.230773,上海市,上海市,黄浦区,121.46444483591212,31.232715489017565,Medical_Service
上海瑞鹰门诊部,医疗保健,诊所,121.469632,31.230327,上海市,上海市,黄浦区,121.46509591107603,31.232271411280696,Medical_Service
Parkway Health,医疗保健,综合医院,121.469705,31.230327,上海市,上海市,黄浦区,121.46516914094276,31.23227160480717,Medical_Service
成都北路南京西路,交通设施,公交站,121.46681,31.229802,上海市,上海市,静安区,121.46226519174238,31.231739275954865,Transport
南京东路街道社区卫生中心,医疗保健,综合医院,121.467475,31.22889,上海市,上海市,黄浦区,121.46293231385113,31.230829421958692,Medical_Service
社区药物维持治疗门诊,医疗保健,诊所,121.467492,31.228618,上海市,上海市,黄浦区,121.46294938969352,31.23055759305396,Medical_Service
南京路步行街西侧,交通设施,公交站,121.47074,31.23153,上海市,上海市,黄浦区,121.46620731298292,31.233476803254828,Transport
公厕,生活服务,公厕,121.470834,31.23259,上海市,上海市,黄浦区,121.46630152080267,31.23453656341029,Toilet
人民广场地铁站11号口,交通设施,地铁,121.47116,31.232077,上海市,上海市,黄浦区,121.46662860378432,31.234024675676032,Transport
母婴室,生活服务,公厕,121.468941,31.231537,上海市,上海市,黄浦区,121.46440263876906,31.23347902348292,Toilet
无障碍洗手间,生活服务,公厕,121.469389,31.231535,上海市,上海市,黄浦区,121.46485204306228,31.233478206582703,Toilet
无障碍洗手间,生活服务,公厕,121.468983,31.23145,上海市,上海市,黄浦区,121.46444477764264,31.233392174490664,Toilet
无障碍洗手间,生活服务,公厕,121.468863,31.231524,上海市,上海市,黄浦区,121.46432439602503,31.23346582419792,Toilet
无障碍洗手间,生活服务,公厕,121.469376,31.231444,上海市,上海市,黄浦区,121.46483901006609,31.23338721445547,Toilet
无障碍洗手间,生活服务,公厕,121.469372,31.231457,上海市,上海市,黄浦区,121.46483499638605,31.233400197844272,Toilet
北京西路成都北路,交通设施,公交站,121.467677,31.235187,上海市,上海市,黄浦区,121.463134395041,31.237124026821192,Transport
上海电视台,交通设施,公交站,121.463237,31.231007,上海市,上海市,静安区,121.45868135042684,31.232934672652792,Transport
公厕,生活服务,公厕,121.463718,31.23108,上海市,上海市,静安区,121.45916376507355,31.23300883548537,Toilet
摄氏公厕,生活服务,公厕,121.463841,31.231028,上海市,上海市,静安区,121.45928713417172,31.232957166729022,Toilet
上海脊泰诊所,医疗保健,诊所,121.463917,31.232952,上海市,上海市,静安区,121.45936319380851,31.234880464381146,Medical_Service
上海窦跃莉中医诊所,医疗保健,诊所,121.464062,31.23279,上海市,上海市,静安区,121.4595086386374,31.23471890224604,Medical_Service
脊泰康复诊所,医疗保健,诊所,121.463967,31.232939,上海市,上海市,静安区,121.45941334342236,31.234867595457843,Medical_Service
中医面瘫诊所,医疗保健,诊所,121.463977,31.232873,上海市,上海市,静安区,121.45942337882224,31.23480165103158,Medical_Service
成都北路北京西路,交通设施,公交站,121.466208,31.233283,上海市,上海市,静安区,121.46166105377468,31.23521711229208,Transport
静安雕塑公园-公厕,生活服务,公厕,121.465338,31.23516,上海市,上海市,静安区,121.46078825595848,31.237091025831425,Toilet
雕塑公园艺术中心公厕,生活服务,公厕,121.462262,31.233842,上海市,上海市,静安区,121.45770324978776,31.23576595350128,Toilet
石门医院,医疗保健,综合医院,121.461526,31.235217,上海市,上海市,静安区,121.45696499697362,31.23713852156068,Medical_Service
慧安堂中医诊所,医疗保健,诊所,121.463345,31.233468,上海市,上海市,静安区,121.45878945653388,31.235394800001853,Medical_Service
自然博物馆地铁站1号口,交通设施,地铁,121.462978,31.235545,上海市,上海市,静安区,121.45842119710166,31.237469931763204,Transport
北京西路陕西北路,交通设施,公交站,121.452346,31.229346,上海市,上海市,静安区,121.44776058430806,31.23124925211936,Transport
陕西北路北京西路,交通设施,公交站,121.452923,31.230413,上海市,上海市,静安区,121.44833896038872,31.23231699208045,Transport
容妍国际医疗美容门诊部,医疗保健,诊所,121.454043,31.230842,上海市,上海市,静安区,121.4494618126306,31.232748226353305,Medical_Service
无障碍洗手间,生活服务,公厕,121.452139,31.229146,上海市,上海市,静安区,121.44755307818696,31.231048904487583,Toilet
南京西路地铁站13号口,交通设施,地铁,121.459014,31.227778,上海市,上海市,静安区,121.4544465013512,31.22969696257807,Transport
公厕,生活服务,公厕,121.459712,31.226528,上海市,上海市,静安区,121.45514656955147,31.228449199071587,Toilet
无障碍公厕,生活服务,公厕,121.459722,31.226487,上海市,上海市,静安区,121.45515660130538,31.22840824205791,Toilet
南京西路,交通设施,地铁,121.459982,31.229884,上海市,上海市,静安区,121.45541704287774,31.23180427381929,Transport
南京西路石门一路,交通设施,公交站,121.460515,31.230595,上海市,上海市,静安区,121.45595149568236,31.23251621836943,Transport
女洗手间,生活服务,公厕,121.459962,31.229243,上海市,上海市,静安区,121.45539704160473,31.23116352483227,Toilet
男洗手间,生活服务,公厕,121.459906,31.229213,上海市,上海市,静安区,121.4553408857474,31.231133405355124,Toilet
瑞泰酒店,生活服务,公厕,121.459601,31.22978,上海市,上海市,静安区,121.45503497582688,31.23169941588002,Toilet
in Point四季坊-男洗手间,生活服务,公厕,121.45996,31.229261,上海市,上海市,静安区,121.45539503438982,31.231181511670933,Toilet
无障碍洗手间,生活服务,公厕,121.460509,31.22956,上海市,上海市,静安区,121.45594556792632,31.231481685782757,Toilet
女洗手间,生活服务,公厕,121.460444,31.229553,上海市,上海市,静安区,121.45588038333828,31.231474533052936,Toilet
南京西路地铁站4号口,交通设施,地铁,121.459395,31.229238,上海市,上海市,静安区,121.45482844305816,31.231157180278583,Transport
南京西路地铁站3号口,交通设施,地铁,121.460714,31.229766,上海市,上海市,静安区,121.45615113521002,31.23168808261879,Transport
南京西路地铁站1号口,交通设施,地铁,121.459041,31.229807,上海市,上海市,静安区,121.454473401613,31.231725079242064,Transport
南京西路地铁站2号口,交通设施,地铁,121.460561,31.230391,上海市,上海市,静安区,121.45599764445522,31.232312423739025,Transport
北京西路泰兴路,交通设施,公交站,121.459088,31.231906,上海市,上海市,静安区,121.45452035180588,31.23382321435781,Transport
女洗手间,生活服务,公厕,121.460707,31.23112,上海市,上海市,静安区,121.45614399832918,31.23304143590121,Toilet
男洗手间,生活服务,公厕,121.460702,31.23118,上海市,上海市,静安区,121.45613897886297,31.233101395994755,Toilet
女洗手间,生活服务,公厕,121.460756,31.231145,上海市,上海市,静安区,121.45619313622964,31.233066542259053,Toilet
男洗手间,生活服务,公厕,121.460692,31.231183,上海市,上海市,静安区,121.456128950033,31.23310437053575,Toilet
女洗手间,生活服务,公厕,121.460716,31.23118,上海市,上海市,静安区,121.4561530188684,31.23310142969148,Toilet
男洗手间,生活服务,公厕,121.460718,31.231144,上海市,上海市,静安区,121.45615502769164,31.233065451228946,Toilet
上海思派思维特诊所,医疗保健,诊所,121.460905,31.231089,上海市,上海市,静安区,121.45634256748464,31.23301092745044,Medical_Service
石门二路山海关路,交通设施,公交站,121.460501,31.234991,上海市,上海市,静安区,121.45593707625385,31.23691014928097,Transport
石门二路街道社区卫生中心,医疗保健,综合医院,121.461478,31.235226,上海市,上海市,静安区,121.4569168576734,31.2371474007425,Medical_Service
石门二路街道社区卫生中心门诊,医疗保健,综合医院,121.461373,31.235216,上海市,上海市,静安区,121.45681155580075,31.237137150371037,Medical_Service
石门二路社区卫生中心-预防接种门诊,医疗保健,诊所,121.461502,31.235174,上海市,上海市,静安区,121.4569409314132,31.2370954830314,Medical_Service
新闸路泰兴路,交通设施,公交站,121.458174,31.234047,上海市,上海市,静安区,121.45360362467748,31.23596108205061,Transport
新闸路江宁路,交通设施,公交站,121.45489,31.232947,上海市,上海市,静安区,121.45031084941978,31.23485411895634,Transport
雷允上中医门诊部,医疗保健,诊所,121.45422,31.233015,上海市,上海市,静安区,121.44963908594588,31.23492060703389,Medical_Service
九和堂健康运营服务站,医疗保健,诊所,121.454742,31.231378,上海市,上海市,静安区,121.45016259533304,31.233285518021457,Medical_Service
瑞慈医疗,医疗保健,诊所,121.454718,31.231259,上海市,上海市,静安区,121.45013854249925,31.233166520109528,Medical_Service
昌化路武定路,交通设施,公交站,121.454,31.235322,上海市,上海市,静安区,121.44941831316972,31.23722605897907,Transport
上海力新皮肤科诊所,医疗保健,诊所,121.453302,31.234419,上海市,上海市,静安区,121.44871858574302,31.23632195455534,Medical_Service
公厕,生活服务,公厕,121.457402,31.235835,上海市,上海市,静安区,121.45282934742777,31.23774646970781,Toilet
新闸路石门二路,交通设施,公交站,121.461155,31.236858,上海市,上海市,静安区,121.45659278676588,31.238777866670173,Transport
公厕,生活服务,公厕,121.461425,31.238715,上海市,上海市,静安区,121.45686340364271,31.240634670000603,Toilet
汉中路地铁站8号口,交通设施,地铁,121.459969,31.240158,上海市,上海市,静安区,121.4554031188478,31.242073506932822,Transport
恒丰路光复路,交通设施,公交站,121.45782,31.239961,上海市,上海市,静安区,121.45324813738752,31.2418715445728,Transport
公厕,生活服务,公厕,121.458521,31.238009,上海市,上海市,静安区,121.45395124382028,31.23992206926465,Toilet
汉中路地铁站2号口,交通设施,地铁,121.459562,31.241743,上海市,上海市,静安区,121.45499483273012,31.243656817190917,Transport
汉中路地铁站3号口,交通设施,地铁,121.459623,31.241399,上海市,上海市,静安区,121.45505603430148,31.243313118395232,Transport
无障碍洗手间,生活服务,公厕,121.460139,31.241964,上海市,上海市,静安区,121.45557344465963,31.243879090416016,Toilet
无障碍洗手间,生活服务,公厕,121.460102,31.241972,上海市,上海市,静安区,121.45553633901528,31.243886998386632,Toilet
无障碍洗手间,生活服务,公厕,121.460094,31.241969,上海市,上海市,静安区,121.45552831658831,31.24388398064336,Toilet
无障碍洗手间,生活服务,公厕,121.460137,31.241984,上海市,上海市,静安区,121.45557143725772,31.243899076547784,Toilet
公厕,生活服务,公厕,121.460944,31.243718,上海市,上海市,静安区,121.45638058889205,31.245634228197588,Toilet
上海火车站,交通设施,公交站,121.457584,31.243993,上海市,上海市,静安区,121.4530111406516,31.245901166294143,Transport
上海火车站,交通设施,公交站,121.45806,31.243474,上海市,上海市,静安区,121.4534884950894,31.245383504252697,Transport
公厕,生活服务,公厕,121.458132,31.243744,上海市,上海市,静安区,121.45356067058523,31.24565354943272,Toilet
太平洋百货-洗手间,生活服务,公厕,121.456742,31.244754,上海市,上海市,静安区,121.452166779527,31.246659889001894,Toilet
天目西路街道社区卫生中心,医疗保健,综合医院,121.459029,31.242937,上海市,上海市,静安区,121.45446023378496,31.24484901519252,Medical_Service
闸北嘉里不夜城三期-洗手间,生活服务,公厕,121.457943,31.244579,上海市,上海市,静安区,121.4533710768832,31.24648773245561,Toilet
公厕,生活服务,公厕,121.452691,31.24106,上海市,上海市,静安区,121.44810544673024,31.242958592725994,Toilet
出租车司机专用公厕,生活服务,公厕,121.452718,31.240565,上海市,上海市,静安区,121.44813255838302,31.24246387616307,Toilet
长安路恒通路,交通设施,公交站,121.456063,31.240722,上海市,上海市,静安区,121.45148629723728,31.242628176293906,Transport
恒丰路汉中路,交通设施,公交站,121.455662,31.243153,上海市,上海市,静安区,121.45108401411424,31.24505716783016,Transport
上海浦西万怡豪华酒店-洗手间,生活服务,公厕,121.455391,31.242982,上海市,上海市,静安区,121.45081230743776,31.24488563771698,Toilet
母婴室,生活服务,公厕,121.455295,31.242985,上海市,上海市,静安区,121.45071605229968,31.244888421688835,Toilet
无障碍洗手间,生活服务,公厕,121.45322,31.244342,上海市,上海市,静安区,121.44863551604264,31.246240243364404,Toilet
无障碍洗手间,生活服务,公厕,121.453221,31.244366,上海市,上海市,静安区,121.44863651653436,31.246264234675817,Toilet
无障碍洗手间,生活服务,公厕,121.453183,31.244366,上海市,上海市,静安区,121.44859841892462,31.24626415246987,Toilet
无障碍洗手间,生活服务,公厕,121.453169,31.244383,上海市,上海市,静安区,121.44858438150632,31.246281114509177,Toilet
无障碍洗手间,生活服务,公厕,121.453157,31.244393,上海市,上海市,静安区,121.44857234983566,31.246291084044028,Toilet
无障碍洗手间,生活服务,公厕,121.453238,31.244394,上海市,上海市,静安区,121.44865355779704,31.246292258807724,Toilet
无障碍洗手间,生活服务,公厕,121.453245,31.244339,上海市,上海市,静安区,121.44866058055054,31.24623729883025,Toilet
卓正医疗静安国际诊所,医疗保健,诊所,121.45221,31.243199,上海市,上海市,静安区,121.44762304093256,31.245095593006955,Medical_Service
无障碍洗手间,生活服务,公厕,121.453235,31.244367,上海市,上海市,静安区,121.4486505524242,31.246265264522638,Toilet
无障碍洗手间,生活服务,公厕,121.453464,31.244428,上海市,上海市,静安区,121.44888013675424,31.24632673350757,Toilet
无障碍洗手间,生活服务,公厕,121.453263,31.244397,上海市,上海市,静安区,121.448678621804,31.24629531157607,Toilet
无障碍洗手间,生活服务,公厕,121.453126,31.244384,上海市,上海市,静安区,121.44854127106277,31.246282021115608,Toilet
无障碍洗手间,生活服务,公厕,121.453215,31.244427,上海市,上海市,静安区,121.44863049583746,31.24632519411153,Toilet
无障碍洗手间,生活服务,公厕,121.453198,31.244407,上海市,上海市,静安区,121.44861345389825,31.246305166375123,Toilet
无障碍洗手间,生活服务,公厕,121.453241,31.2444,上海市,上海市,静安区,121.44865656498828,31.246298262588667,Toilet
无障碍洗手间,生活服务,公厕,121.453231,31.244314,上海市,上海市,静安区,121.44864654673268,31.2462122798318,Toilet
无障碍洗手间,生活服务,公厕,121.453208,31.244458,上海市,上海市,静安区,121.44862347517024,31.24635616495077,Toilet
无障碍洗手间,生活服务,公厕,121.453244,31.244311,上海市,上海市,静安区,121.4486595804041,31.24620930932754,Toilet
无障碍洗手间,生活服务,公厕,121.453173,31.244312,上海市,上海市,静安区,121.44858839792263,31.24621015526402,Toilet
无障碍洗手间,生活服务,公厕,121.453295,31.244393,上海市,上海市,静安区,121.44871070444896,31.24629138269593,Toilet
无障碍洗手间,生活服务,公厕,121.453251,31.24441,上海市,上海市,静安区,121.44866658982735,31.24630827971562,Toilet
无障碍洗手间,生活服务,公厕,121.453237,31.244355,上海市,上海市,静安区,121.4486525586032,31.246253274277805,Toilet
无障碍洗手间,生活服务,公厕,121.453345,31.244426,上海市,上海市,静安区,121.44876083026786,31.246324476145062,Toilet
无障碍洗手间,生活服务,公厕,121.453293,31.244311,上海市,上海市,静安区,121.4487087064028,31.24620941544262,Toilet
无障碍洗手间,生活服务,公厕,121.453223,31.244418,上海市,上海市,静安区,121.44863851717162,31.246316215491863,Toilet
无障碍洗手间,生活服务,公厕,121.453271,31.244316,上海市,上海市,静安区,121.44868664938691,31.246214365527717,Toilet
无障碍洗手间,生活服务,公厕,121.45325,31.244404,上海市,上海市,静安区,121.44866558777612,31.246302280263464,Toilet
无障碍洗手间,生活服务,公厕,121.453278,31.244438,上海市,上海市,静安区,121.44869365682688,31.246336325524027,Toilet
无障碍洗手间,生活服务,公厕,121.453294,31.244353,上海市,上海市,静安区,121.4487097053393,31.246251398616263,Toilet
无障碍洗手间,生活服务,公厕,121.453404,31.244461,上海市,上海市,静安区,121.44881997920692,31.24635958830859,Toilet
无障碍洗手间,生活服务,公厕,121.453238,31.244479,上海市,上海市,静安区,121.44865355043846,31.246377220378307,Toilet
无障碍洗手间,生活服务,公厕,121.453305,31.244331,上海市,上海市,静安区,121.44872073554322,31.24622943239822,Toilet
母婴室,生活服务,公厕,121.452198,31.244332,上海市,上海市,静安区,121.44761091249026,31.24622805450172,Toilet
自然博物馆,交通设施,地铁,121.462318,31.236479,上海市,上海市,静安区,121.45775918540032,31.23840187567481,Transport
自然博物馆地铁站出入口,交通设施,地铁,121.46225,31.23604,上海市,上海市,静安区,121.45769102517534,31.23796291068692,Transport
自然博物馆地铁站4号口,交通设施,地铁,121.462401,31.236609,上海市,上海市,静安区,121.45784241620858,31.238532019769803,Transport
自然博物馆地铁站2号口,交通设施,地铁,121.462315,31.235641,上海市,上海市,静安区,121.45775624896906,31.23756425379705,Transport
自然博物馆地铁站5号口,交通设施,地铁,121.462698,31.236107,上海市,上海市,静安区,121.4581403275215,31.23803098158875,Transport
自然博物馆地铁站3号口,交通设施,地铁,121.461943,31.236969,上海市,上海市,静安区,121.4573830526096,31.23889073213285,Transport
自然博物馆地铁站6号口,交通设施,地铁,121.462783,31.235933,上海市,上海市,静安区,121.45822559151024,31.23785727132556,Transport
成都北路新闸路,交通设施,公交站,121.464804,31.237449,上海市,上海市,黄浦区,121.46025245272764,31.239377621042884,Transport
无障碍公厕,生活服务,公厕,121.465394,31.237024,上海市,上海市,黄浦区,121.46084426422928,31.23895431069641,Toilet
新闸路成都北路,交通设施,公交站,121.46322,31.238011,上海市,上海市,静安区,121.45866369618898,31.23993539852664,Transport
九子公园-公厕,生活服务,公厕,121.463887,31.240253,上海市,上海市,黄浦区,121.4593324750705,31.242178034581528,Toilet
公厕,生活服务,公厕,121.463296,31.239778,上海市,上海市,静安区,121.4587397677126,31.241701778987537,Toilet
温州路北京西路,交通设施,公交站,121.470133,31.237372,上海市,上海市,黄浦区,121.46559788558142,31.239314486802964,Transport
北京西路西藏中路,交通设施,公交站,121.470887,31.236437,上海市,上海市,黄浦区,121.46635435857768,31.23838193020661,Transport
南京东路街道社区卫生中心,医疗保健,综合医院,121.471356,31.236883,上海市,上海市,黄浦区,121.46682481645672,31.23882898474572,Medical_Service
南JD路地段医院,医疗保健,综合医院,121.471257,31.236834,上海市,上海市,黄浦区,121.46672550432464,31.238779740971253,Medical_Service
东路街道社区卫生中心预防接种门诊,医疗保健,综合医院,121.471232,31.236775,上海市,上海市,黄浦区,121.46670042955688,31.23872070086498,Medical_Service
新闸路温州路,交通设施,公交站,121.469555,31.238496,上海市,上海市,黄浦区,121.46501796573776,31.240436436968466,Transport
嘉廷酒店,生活服务,公厕,121.471347,31.238783,上海市,上海市,黄浦区,121.4668156242576,31.24072808963615,Toilet
新闸路地铁站6号口,交通设施,地铁,121.46937,31.238343,上海市,上海市,黄浦区,121.46483239742838,31.24028301749659,Transport
新闸路,交通设施,地铁,121.4682,31.238325,上海市,上海市,黄浦区,121.4636587448929,31.24026194939107,Transport
新闸路地铁站,交通设施,公交站,121.466847,31.239372,上海市,上海市,黄浦区,121.46230148064092,31.24130495607468,Transport
新闸路地铁站5号口,交通设施,地铁,121.468501,31.238645,上海市,上海市,黄浦区,121.46396065351183,31.240582591094263,Transport
新闸路地铁站1号口,交通设施,地铁,121.467445,31.239043,上海市,上海市,黄浦区,121.4629013469088,31.240977653949624,Transport
乌镇路蒙古路,交通设施,公交站,121.46729,31.242496,上海市,上海市,静安区,121.4627455719694,31.24442867876088,Transport
无障碍公厕,生活服务,公厕,121.467638,31.240818,上海市,上海市,静安区,121.46309478954116,31.242752345267903,Toilet
无障碍洗手间,生活服务,公厕,121.466801,31.242507,上海市,上海市,静安区,121.46225506957845,31.244438409615363,Toilet
无障碍洗手间,生活服务,公厕,121.466988,31.242506,上海市,上海市,静安区,121.46244264295754,31.244437892762534,Toilet
无障碍洗手间,生活服务,公厕,121.466869,31.242435,上海市,上海市,静安区,121.46232328412673,31.244366617722054,Toilet
无障碍洗手间,生活服务,公厕,121.466888,31.242439,上海市,上海市,静安区,121.46234234202151,31.244370664941727,Toilet
无障碍洗手间,生活服务,公厕,121.466912,31.242485,上海市,上海市,静安区,121.46236641163942,31.244416706010988,Toilet
无障碍洗手间,生活服务,公厕,121.466908,31.242528,上海市,上海市,静安区,121.46236239566916,31.24445967616406,Toilet
无障碍洗手间,生活服务,公厕,121.466939,31.24249,上海市,上海市,静安区,121.46239349400962,31.244421773456647,Toilet
无障碍洗手间,生活服务,公厕,121.466952,31.242559,上海市,上海市,静安区,121.46240652793912,31.24449077570805,Toilet
无障碍洗手间,生活服务,公厕,121.466939,31.242505,上海市,上海市,静安区,121.46239349271706,31.24443676664711,Toilet
无障碍洗手间,生活服务,公厕,121.466929,31.24245,上海市,上海市,静安区,121.46238346678676,31.24438176579368,Toilet
曲阜西路西藏北路,交通设施,公交站,121.470726,31.242213,上海市,上海市,静安区,121.46619234938828,31.24415485961718,Transport
公厕,生活服务,公厕,121.47027,31.240754,上海市,上海市,静安区,121.4657350280705,31.24269530546168,Toilet
曲阜路地铁站4号口,交通设施,地铁,121.470852,31.242532,上海市,上海市,静安区,121.46631872276976,31.244474052148888,Transport
曲阜路地铁站3号口,交通设施,地铁,121.471035,31.242032,上海市,上海市,静安区,121.46650234874078,31.243974769912526,Transport
西藏北路蒙古路,交通设施,公交站,121.471214,31.243743,上海市,上海市,静安区,121.46668177264183,31.245685474494923,Transport
海宁路社区卫生运营服务站,医疗保健,综合医院,121.469722,31.244326,上海市,上海市,静安区,121.46518498965288,31.24626422693782,Medical_Service
茗堂中医诊所,医疗保健,诊所,121.468953,31.243171,上海市,上海市,静安区,121.46441367471915,31.245107717461384,Medical_Service
海宁路晋元路,交通设施,公交站,121.468409,31.244284,上海市,上海市,静安区,121.46386788144348,31.246218784511708,Transport
公厕,生活服务,公厕,121.46767,31.243674,上海市,上海市,静安区,121.46312664235762,31.245607131279357,Toilet
共和新路中兴路,交通设施,公交站,121.463489,31.251443,上海市,上海市,静安区,121.45893233082036,31.253361997911547,Transport
中兴路共和新路,交通设施,公交站,121.465614,31.252492,上海市,上海市,静安区,121.4610635952928,31.25441588206577,Transport
中华新路共和新路,交通设施,公交站,121.464948,31.253605,上海市,上海市,静安区,121.4603954915338,31.25552669764436,Transport
王子生活馆-男洗手间,生活服务,公厕,121.4645,31.25391,上海市,上海市,静安区,121.45994612280568,31.255830432213447,Toilet
上海健桥医院,医疗保健,综合医院,121.464821,31.252013,上海市,上海市,静安区,121.46026824765464,31.25393508362611,Medical_Service
预防医学研究院门诊部,医疗保健,诊所,121.465006,31.252597,上海市,上海市,静安区,121.46045375276526,31.254519291712334,Medical_Service
中兴路长兴路,交通设施,公交站,121.462181,31.252244,上海市,上海市,静安区,121.45762042556916,31.25415941123997,Transport
公厕,生活服务,公厕,121.462485,31.253682,上海市,上海市,静安区,121.45792518772976,31.25559751923378,Toilet
男洗手间,生活服务,公厕,121.462524,31.253768,上海市,上海市,静安区,121.45796429424335,31.2556835770636,Toilet
闸北中心医院门诊部,医疗保健,综合医院,121.461596,31.254238,上海市,上海市,静安区,121.45703355685148,31.25615109801966,Medical_Service
肠道门诊发热门诊,医疗保健,诊所,121.462037,31.253735,上海市,上海市,静安区,121.45747587810314,31.255649396813872,Medical_Service
无障碍洗手间,生活服务,公厕,121.46249,31.253653,上海市,上海市,静安区,121.45793020483832,31.25556854438529,Toilet
无障碍洗手间,生活服务,公厕,121.461685,31.254113,上海市,上海市,静安区,121.45712282497774,31.256026370052133,Toilet
无障碍洗手间,生活服务,公厕,121.461657,31.254059,上海市,上海市,静安区,121.45709474865384,31.25597232576668,Toilet
无障碍洗手间,生活服务,公厕,121.461681,31.254051,上海市,上海市,静安区,121.45711881876116,31.25596438776324,Toilet
中心医院-石氏伤科,医疗保健,综合医院,121.461652,31.2542,上海市,上海市,静安区,121.4570897220166,31.25611325115938,Medical_Service
上海颐家美中医诊所有限责任公司,医疗保健,诊所,121.462774,31.25263,上海市,上海市,静安区,121.45821512411652,31.25454669804219,Medical_Service
中兴路1233弄社区卫生运营服务站,医疗保健,综合医院,121.4627,31.252772,上海市,上海市,静安区,121.45814089507368,31.25468845242636,Medical_Service
闸北中心医院肠道门诊,医疗保健,综合医院,121.462247,31.253939,上海市,上海市,静安区,121.4576864713606,31.25585382082289,Medical_Service
闸北中心医院发热门诊,医疗保健,综合医院,121.462014,31.253741,上海市,上海市,静安区,121.4574528107734,31.25565533789507,Medical_Service
恒丰路天目西路,交通设施,公交站,121.453148,31.246867,上海市,上海市,静安区,121.4485631125427,31.248763948884665,Transport
天目西路恒丰路,交通设施,公交站,121.45246,31.245761,上海市,上海市,静安区,121.44787345229794,31.247656968088418,Transport
民立路共和路,交通设施,公交站,121.456107,31.245078,上海市,上海市,静安区,121.45153003858908,31.24698230000694,Transport
出租车司机专用公厕,生活服务,公厕,121.455289,31.245151,上海市,上海市,静安区,121.45070984898824,31.247053428246385,Toilet
上海火车站,交通设施,公交站,121.45313,31.249151,上海市,上海市,静安区,121.44854486858992,31.251046885168936,Transport
恒丰路秣陵路,交通设施,公交站,121.452181,31.248298,上海市,上海市,静安区,121.44759352605948,31.250192232375657,Transport
上海火车站,交通设施,公交站,121.45222,31.248299,上海市,上海市,静安区,121.44763262454111,31.250193314934457,Transport
公厕,生活服务,公厕,121.453576,31.248771,上海市,上海市,静安区,121.44899204993152,31.250668022485492,Toilet
上海站南广场-公厕,生活服务,公厕,121.454129,31.247825,上海市,上海市,静安区,121.44954656703533,31.249723655375487,Toilet
上海温度临床心理诊所,医疗保健,诊所,121.451688,31.247614,上海市,上海市,静安区,121.44709934477932,31.24950749463896,Medical_Service
蕃瓜弄社区卫生运营服务站,医疗保健,综合医院,121.460819,31.246353,上海市,上海市,静安区,121.4562550033125,31.248267736854597,Medical_Service
上海火车站,交通设施,地铁,121.457921,31.249658,上海市,上海市,静安区,121.4533485771666,31.25156439812725,Transport
上海火车站,交通设施,公交站,121.457451,31.250948,上海市,上海市,静安区,121.45287717489806,31.25285273514621,Transport
公厕,生活服务,公厕,121.458737,31.251779,上海市,上海市,静安区,121.45416665456452,31.253686355913228,Toilet
公厕,生活服务,公厕,121.456935,31.250523,上海市,上海市,静安区,121.45235980432676,31.25242673951558,Toilet
无无障碍洗手间,生活服务,公厕,121.458054,31.249769,上海市,上海市,静安区,121.45348193433703,31.251675657386706,Toilet
无障碍洗手间,生活服务,公厕,121.457981,31.249661,上海市,上海市,静安区,121.45340874228324,31.25156753606183,Toilet
上海火车站地铁站5号口,交通设施,地铁,121.457233,31.250318,上海市,上海市,静安区,121.45265863356605,31.25222251445436,Transport
上海火车站地铁站6号口,交通设施,地铁,121.456983,31.250689,上海市,上海市,静安区,121.45240792045132,31.25259277533575,Transport
上海火车站地铁站1号口,交通设施,地铁,121.458698,31.249611,上海市,上海市,静安区,121.45412773335224,31.251519231605144,Transport
上海火车站地铁站4号口,交通设施,地铁,121.457655,31.250032,上海市,上海市,静安区,121.4530818133052,31.251937614903422,Transport
中华新路大统路,交通设施,公交站,121.460154,31.253632,上海市,上海市,静安区,121.45558747919723,31.255541888600234,Transport
闸北中心医院辅诊楼,医疗保健,综合医院,121.460784,31.254145,上海市,上海市,静安区,121.45621923007953,31.256056173087103,Medical_Service
无障碍洗手间,生活服务,公厕,121.461281,31.253771,上海市,上海市,静安区,121.45671768866352,31.25568353980201,Toilet
无障碍洗手间,生活服务,公厕,121.461359,31.25382,上海市,上海市,静安区,121.45679590907127,31.255732707256342,Toilet
无障碍洗手间,生活服务,公厕,121.461359,31.253752,上海市,上海市,静安区,121.45679591494488,31.25566473738795,Toilet
无障碍洗手间,生活服务,公厕,121.461267,31.2538,上海市,上海市,静安区,121.45670364586135,31.25571249301802,Toilet
无障碍洗手间,生活服务,公厕,121.46132,31.253735,上海市,上海市,静安区,121.45675680406625,31.255647650315705,Toilet
无障碍洗手间,生活服务,公厕,121.461361,31.253717,上海市,上海市,静安区,121.4567979237309,31.25562975775143,Toilet
无障碍洗手间,生活服务,公厕,121.461376,31.253814,上海市,上海市,静安区,121.45681295857824,31.25572675116745,Toilet
无障碍洗手间,生活服务,公厕,121.461254,31.253731,上海市,上海市,静安区,121.45669061440894,31.25564349208945,Toilet
无障碍洗手间,生活服务,公厕,121.461372,31.253709,上海市,上海市,静安区,121.45680895612006,31.25562178798944,Toilet
无障碍洗手间,生活服务,公厕,121.461285,31.253774,上海市,上海市,静安区,121.45672169991914,31.255686548169063,Toilet
无障碍洗手间,生活服务,公厕,121.461327,31.25383,上海市,上海市,静安区,121.45676381602128,31.25574262519696,Toilet
无障碍洗手间,生活服务,公厕,121.461324,31.253757,上海市,上海市,静安区,121.45676081368624,31.255669650267468,Toilet
无障碍洗手间,生活服务,公厕,121.461297,31.253745,上海市,上海市,静安区,121.4567337369718,31.255657590112197,Toilet
无障碍洗手间,生活服务,公厕,121.461416,31.253818,上海市,上海市,静安区,121.45685307354071,31.255730846494057,Toilet
无障碍洗手间,生活服务,公厕,121.461258,31.253794,上海市,上海市,静安区,121.45669462047796,31.25570647386517,Toilet
无障碍洗手间,生活服务,公厕,121.461268,31.253782,上海市,上海市,静安区,121.45670465029433,31.25569450341759,Toilet
无障碍洗手间,生活服务,公厕,121.461361,31.253725,上海市,上海市,静安区,121.45679792303989,31.255637754206024,Toilet
医疗急救中心闸北分站,医疗保健,急救中心,121.461057,31.253959,上海市,上海市,静安区,121.45649302850474,31.25587091427461,Medical_Service
中兴路普善路,交通设施,公交站,121.456667,31.252696,上海市,上海市,静安区,121.45209088946682,31.254598159881432,Transport
上海火车站,交通设施,公交站,121.456819,31.252537,上海市,上海市,静安区,121.45224331515443,31.254439577427966,Transport
公厕,生活服务,公厕,121.457984,31.254126,上海市,上海市,静安区,121.45341136447972,31.256030556342196,Toilet
无障碍洗手间,生活服务,公厕,121.457244,31.252143,上海市,上海市,静安区,121.45266950575008,31.25404672653456,Toilet
母婴室,生活服务,公厕,121.457198,31.252155,上海市,上海市,静安区,121.45262337920116,31.25405861549803,Toilet
长途汽车客运总站,交通设施,公交站,121.453542,31.251905,上海市,上海市,静安区,121.44895769074644,31.253800549344213,Transport
公厕,生活服务,公厕,121.45329,31.251685,上海市,上海市,静安区,121.4487050602331,31.25358010023753,Toilet
上海火车站,交通设施,公交站,121.455675,31.251495,上海市,上海市,静安区,121.45109632707936,31.253395448584865,Transport
公厕,生活服务,公厕,121.455508,31.251023,上海市,上海市,静安区,121.45092892286078,31.25292328407576,Toilet
公厕,生活服务,公厕,121.456134,31.250709,上海市,上海市,静安区,121.45155662398982,31.25261083385649,Toilet
公厕,生活服务,公厕,121.45592,31.249545,上海市,上海市,静安区,121.45134215071712,31.25144687037572,Toilet
公厕,生活服务,公厕,121.455327,31.249827,上海市,上海市,静安区,121.45074754523166,31.251727412745208,Toilet
公厕,生活服务,公厕,121.455453,31.250011,上海市,上海市,静安区,121.450873864096,31.2519116124715,Toilet
公厕,生活服务,公厕,121.455234,31.250998,上海市,上海市,静安区,121.45065419719556,31.25289768227047,Toilet
无障碍公厕,生活服务,公厕,121.455097,31.251025,上海市,上海市,静安区,121.45051683206177,31.252924364700192,Toilet
男洗手间,生活服务,公厕,121.455735,31.251079,上海市,上海市,静安区,121.45115652324591,31.252979768816942,Toilet
女洗手间,生活服务,公厕,121.455793,31.251065,上海市,上海市,静安区,121.45121467942354,31.25296590556455,Toilet
普善路中兴路,交通设施,公交站,121.455074,31.253397,上海市,上海市,静安区,121.45049356593556,31.25529525879105,Transport
上海长途汽车客运总站,交通设施,公交站,121.454648,31.252301,上海市,上海市,静安区,121.45006653783756,31.254198799739168,Transport
上海站北广场-洗手间,生活服务,公厕,121.456283,31.252003,上海市,上海市,静安区,121.4517059127412,31.253904594878023,Toilet
无障碍洗手间,生活服务,公厕,121.455976,31.252077,上海市,上海市,静安区,121.45139808167596,31.253977867465824,Toilet
无障碍洗手间,生活服务,公厕,121.455907,31.252074,上海市,上海市,静安区,121.45132889709583,31.25397471313608,Toilet
无障碍洗手间,生活服务,公厕,121.45592,31.252066,上海市,上海市,静安区,121.45134193259864,31.25396674601025,Toilet
无障碍洗手间,生活服务,公厕,121.455913,31.252066,上海市,上海市,静安区,121.45133491385364,31.253966730224032,Toilet
无障碍洗手间,生活服务,公厕,121.455897,31.25213,上海市,上海市,静安区,121.45131886547756,31.254030665683494,Toilet
无障碍洗手间,生活服务,公厕,121.455865,31.252075,上海市,上海市,静安区,121.45128678458974,31.25397561801638,Toilet
无障碍洗手间,生活服务,公厕,121.455945,31.252076,上海市,上海市,静安区,121.45136699869543,31.253976797955097,Toilet
无障碍洗手间,生活服务,公厕,121.455927,31.252092,上海市,上海市,静安区,121.45134894909587,31.25399275023418,Toilet
无障碍洗手间,生活服务,公厕,121.455898,31.252012,上海市,上海市,静安区,121.45131987836469,31.253912720421333,Toilet
无障碍洗手间,生活服务,公厕,121.455954,31.252007,上海市,上海市,静安区,121.45137602877791,31.25390784895285,Toilet
无障碍洗手间,生活服务,公厕,121.455852,31.252045,上海市,上海市,静安区,121.45127375240304,31.2539456020676,Toilet
无障碍洗手间,生活服务,公厕,121.455956,31.252029,上海市,上海市,静安区,121.45137803223314,31.25392984367959,Toilet
无障碍洗手间,生活服务,公厕,121.45599,31.252113,上海市,上海市,静安区,121.4514121160876,31.254013883058025,Toilet
无障碍洗手间,生活服务,公厕,121.455926,31.252078,上海市,上海市,静安区,121.451347947629,31.253978754205317,Toilet
无障碍洗手间,生活服务,公厕,121.455871,31.252099,上海市,上海市,静安区,121.45129279856882,31.253999620863603,Toilet
无障碍洗手间,生活服务,公厕,121.455937,31.252044,上海市,上海市,静安区,121.45135898003367,31.253944794140324,Toilet
沪太路社区卫生运营服务站,医疗保健,综合医院,121.454352,31.25393,上海市,上海市,静安区,121.44976962082542,31.2558264233677,Medical_Service
中兴路恒丰北路,交通设施,公交站,121.453506,31.252634,上海市,上海市,静安区,121.4489215346688,31.254529146967958,Transport
公厕,生活服务,公厕,121.475233,31.239644,上海市,上海市,黄浦区,121.47071417229584,31.241599318133236,Toilet
新闸路西藏中路,交通设施,公交站,121.471545,31.238083,上海市,上海市,黄浦区,121.46701431793213,31.24002894329005,Transport
公厕,生活服务,公厕,121.480999,31.236745,上海市,上海市,黄浦区,121.47649980871428,31.238717952626747,Toilet
天津路福建中路,交通设施,公交站,121.478826,31.23678,上海市,上海市,黄浦区,121.47431941534168,31.238746722001945,Transport
无障碍洗手间,生活服务,公厕,121.481068,31.236103,上海市,上海市,黄浦区,121.47656909991856,31.238076446335448,Toilet
南京东路街道社区卫生中心浙江中路分中心,医疗保健,综合医院,121.478904,31.236895,上海市,上海市,黄浦区,121.47439766909022,31.23886189088373,Medical_Service
福建中路北京东路,交通设施,公交站,121.479408,31.238197,上海市,上海市,黄浦区,121.474903263849,31.24016472878367,Transport
公共厕所,生活服务,公厕,121.479357,31.239695,上海市,上海市,黄浦区,121.47485196248424,31.241661898287884,Toilet
全科-专科联合门诊,医疗保健,诊所,121.480976,31.238351,上海市,上海市,黄浦区,121.476476592387,31.24032314986545,Medical_Service
浙江中路北京东路,交通设施,公交站,121.476573,31.239195,上海市,上海市,黄浦区,121.47205865080224,31.241154258642315,Transport
北京东路福建中路,交通设施,公交站,121.478496,31.238932,上海市,上海市,黄浦区,121.47398811690144,31.240896798829876,Transport
公厕,生活服务,公厕,121.477727,31.240582,上海市,上海市,黄浦区,121.47321638873872,31.242543869959267,Toilet
公共卫生间,生活服务,公厕,121.478384,31.241063,上海市,上海市,静安区,121.47387555657625,31.243026508852463,Toilet
七浦路服装综合批发市场-男洗手间,生活服务,公厕,121.478969,31.244873,上海市,上海市,静安区,121.4744622046018,31.246836441708677,Toilet
上海豪浦服饰城,生活服务,公厕,121.480884,31.244883,上海市,上海市,静安区,121.47638371781426,31.246851914372904,Toilet
洗手间,生活服务,公厕,121.480872,31.244852,上海市,上海市,静安区,121.47637167942604,31.246820893869497,Toilet
男洗手间,生活服务,公厕,121.478957,31.244875,上海市,上海市,静安区,121.47445016384668,31.24683840667705,Toilet
浙江北路天潼路,交通设施,公交站,121.476368,31.242711,上海市,上海市,静安区,121.47185266694215,31.244668083592533,Transport
公厕,生活服务,公厕,121.478654,31.243973,上海市,上海市,静安区,121.47414621749986,31.245935953611895,Toilet
出租车司机专用公厕,生活服务,公厕,121.477634,31.244204,上海市,上海市,静安区,121.47312276596072,31.24616396289916,Toilet
曲阜路,交通设施,地铁,121.471501,31.24235,上海市,上海市,静安区,121.46696981003112,31.244293878430828,Transport
曲阜路西藏北路,交通设施,公交站,121.473089,31.242492,上海市,上海市,静安区,121.4685629149985,31.24444012059105,Transport
西藏北路曲阜路,交通设施,公交站,121.471564,31.241848,上海市,上海市,静安区,121.46703305492883,31.24379227629206,Transport
曲阜路地铁站2号口,交通设施,地铁,121.471837,31.241875,上海市,上海市,静安区,121.4673069279534,31.24382000075952,Transport
上海静衍中医门诊部有限责任公司,医疗保健,诊所,121.475339,31.24251,上海市,上海市,静安区,121.47082027578746,31.24446430737257,Medical_Service
上海静衍中医,医疗保健,诊所,121.475184,31.242654,上海市,上海市,静安区,121.4706647521969,31.24460781189918,Medical_Service
九江路江西中路,交通设施,公交站,121.486736,31.236996,上海市,上海市,黄浦区,121.48225670766524,31.238985578093228,Transport
汉口路四川中路,交通设施,公交站,121.48786,31.23642,上海市,上海市,黄浦区,121.4833847184418,31.238413169967444,Transport
汉口路江西中路,交通设施,公交站,121.486778,31.236177,上海市,上海市,黄浦区,121.48229892539744,31.23816707854809,Transport
公厕,生活服务,公厕,121.48754,31.236488,上海市,上海市,黄浦区,121.48306358309468,31.238480190100216,Toilet
上海济民中医门诊部,医疗保健,诊所,121.488196,31.237819,上海市,上海市,黄浦区,121.48372178634148,31.23981252490534,Medical_Service
外滩,交通设施,公交站,121.490283,31.236601,上海市,上海市,黄浦区,121.48581629578882,31.23860130124923,Transport
外滩·海关大楼,交通设施,公交站,121.490278,31.236542,上海市,上海市,黄浦区,121.48581128302516,31.238542313423125,Transport
中山东一路汉口路,交通设施,公交站,121.490131,31.237333,上海市,上海市,黄浦区,121.4856636923205,31.23933251101096,Transport
外滩-公厕,生活服务,公厕,121.490501,31.239854,上海市,上海市,黄浦区,121.48603479445468,31.241853462915586,Toilet
外滩,交通设施,公交站,121.490173,31.239772,上海市,上海市,黄浦区,121.4857056335818,31.24177052009763,Transport
外滩,交通设施,公交站,121.490143,31.239931,上海市,上海市,黄浦区,121.48567551324686,31.24192935790082,Transport
外滩·外白渡桥,交通设施,公交站,121.490069,31.239971,上海市,上海市,黄浦区,121.48560124652718,31.24196911862938,Transport
中山东一路北京东路,交通设施,公交站,121.490117,31.239975,上海市,上海市,黄浦区,121.48564941697153,31.241973260159945,Transport
中山东一路南京东路,交通设施,公交站,121.490128,31.239719,上海市,上海市,黄浦区,121.48566047796756,31.24171740987957,Transport
上海和平餐馆-洗手间,生活服务,公厕,121.489412,31.239024,上海市,上海市,黄浦区,121.48494199226964,31.241020591022032,Toilet
外滩地下美食街-女洗手间,生活服务,公厕,121.48887,31.238302,上海市,上海市,黄浦区,121.48439813121018,31.24029730717011,Toilet
外滩地下美食街-男洗手间,生活服务,公厕,121.48891,31.238289,上海市,上海市,黄浦区,121.48443827410166,31.24028443216455,Toilet
四川中路香港路,交通设施,公交站,121.486453,31.24163,上海市,上海市,黄浦区,121.48197231671456,31.243616624794587,Transport
无障碍洗手间,生活服务,公厕,121.48882,31.240396,上海市,上海市,黄浦区,121.4843477751534,31.24239020149947,Toilet
黄浦公园-公厕,生活服务,公厕,121.491046,31.241019,上海市,上海市,黄浦区,121.48658163797175,31.243019562387094,Toilet
益丰·外滩源-女洗手间,生活服务,公厕,121.488848,31.240361,上海市,上海市,黄浦区,121.48437587737348,31.24235530077352,Toilet
广誉远中医门诊部,医疗保健,诊所,121.48974,31.240259,上海市,上海市,黄浦区,121.48527105200714,31.24225600516273,Medical_Service
广誉远国医馆,医疗保健,诊所,121.489887,31.240309,上海市,上海市,黄浦区,121.48541857033,31.242306421041015,Medical_Service
上海商业大厦-洗手间,生活服务,公厕,121.489622,31.244353,上海市,上海市,虹口区,121.485152283079,31.24634779374575,Toilet
无障碍公厕,生活服务,公厕,121.487296,31.243703,上海市,上海市,黄浦区,121.48281810604117,31.24569117559148,Toilet
公厕,生活服务,公厕,121.487206,31.243711,上海市,上海市,黄浦区,121.48272778818024,31.24569890559465,Toilet
北京东路四川中路,交通设施,公交站,121.485182,31.240601,上海市,上海市,黄浦区,121.4806969511502,31.242584351985936,Transport
北京东路江西中路,交通设施,公交站,121.484077,31.240445,上海市,上海市,黄浦区,121.47958811256407,31.24242518651453,Transport
天潼路河南北路,交通设施,公交站,121.484171,31.244501,上海市,上海市,虹口区,121.47968209232668,31.246479619751533,Transport
南崇明路,交通设施,公交站,121.484448,31.245096,上海市,上海市,虹口区,121.47996000564042,31.247075161137047,Transport
公厕,生活服务,公厕,121.484984,31.24578,上海市,上海市,虹口区,121.48049781639548,31.24776042308428,Toilet
无障碍洗手间,生活服务,公厕,121.485874,31.245902,上海市,上海市,虹口区,121.48139091955844,31.24788498377615,Toilet
无障碍洗手间,生活服务,公厕,121.485846,31.245829,上海市,上海市,虹口区,121.48136282766728,31.247811934247768,Toilet
无障碍洗手间,生活服务,公厕,121.485645,31.245716,上海市,上海市,虹口区,121.48116113319836,31.24769839369548,Toilet
无障碍洗手间,生活服务,公厕,121.48589,31.245876,上海市,上海市,虹口区,121.4814069778652,31.247859042606606,Toilet
无障碍洗手间,生活服务,公厕,121.4859,31.245852,上海市,上海市,虹口区,121.48141701497175,31.2478350828712,Toilet
无障碍洗手间,生活服务,公厕,121.485937,31.245778,上海市,上海市,虹口区,121.48145415101249,31.247761225192114,Toilet
无障碍洗手间,生活服务,公厕,121.485884,31.245799,上海市,上海市,虹口区,121.48140096342038,31.24778205965278,Toilet
无障碍洗手间,生活服务,公厕,121.485675,31.245777,上海市,上海市,虹口区,121.48119123303692,31.24775945444372,Toilet
无障碍洗手间,生活服务,公厕,121.485738,31.24568,上海市,上海市,虹口区,121.48125446199788,31.24766268355008,Toilet
无障碍洗手间,生活服务,公厕,121.485727,31.245695,上海市,上海市,虹口区,121.48124342218205,31.247677644416616,Toilet
无障碍洗手间,生活服务,公厕,121.48588,31.245846,上海市,上海市,虹口区,121.4813969453793,31.24782902668606,Toilet
无障碍洗手间,生活服务,公厕,121.485887,31.245764,上海市,上海市,虹口区,121.48140397692994,31.247747084266607,Toilet
无障碍洗手间,生活服务,公厕,121.485695,31.245715,上海市,上海市,虹口区,121.48121130838624,31.247697541241365,Toilet
无障碍洗手间,生活服务,公厕,121.485856,31.245742,上海市,上海市,虹口区,121.4813728701565,31.247725002913626,Toilet
无障碍洗手间,生活服务,公厕,121.485861,31.245904,上海市,上海市,虹口区,121.48137787382292,31.247886944599585,Toilet
无障碍洗手间,生活服务,公厕,121.485947,31.2459,上海市,上海市,虹口区,121.4814641756372,31.24788319964361,Toilet
无障碍洗手间,生活服务,公厕,121.485876,31.245839,上海市,上海市,虹口区,121.48139293195769,31.24782201806432,Toilet
无障碍洗手间,生活服务,公厕,121.485653,31.245692,上海市,上海市,虹口区,121.4811691632654,31.247674428051344,Toilet
无障碍洗手间,生活服务,公厕,121.485961,31.24593,上海市,上海市,虹口区,121.48147822215812,31.247913227354776,Toilet
无障碍洗手间,生活服务,公厕,121.485783,31.245867,上海市,上海市,虹口区,121.48129960365333,31.247849731669596,Toilet
无障碍洗手间,生活服务,公厕,121.485929,31.245779,上海市,上海市,虹口区,121.48144612287967,31.247762201181217,Toilet
无障碍洗手间,生活服务,公厕,121.485633,31.245742,上海市,上海市,虹口区,121.48114908895502,31.24772434667318,Toilet
无障碍洗手间,生活服务,公厕,121.485833,31.245895,上海市,上海市,虹口区,121.4813497764624,31.247877866224584,Toilet
无障碍洗手间,生活服务,公厕,121.485722,31.245718,上海市,上海市,虹口区,121.48123840270024,31.2477006193322,Toilet
无障碍洗手间,生活服务,公厕,121.485841,31.245919,上海市,上海市,虹口区,121.48135780244546,31.247901878957567,Toilet
无障碍洗手间,生活服务,公厕,121.485825,31.2459,上海市,上海市,虹口区,121.48134174799954,31.247882840420527,Toilet
无障碍洗手间,生活服务,公厕,121.485877,31.245968,上海市,上海市,虹口区,121.48139392442798,31.247950962861324,Toilet
无障碍洗手间,生活服务,公厕,121.485834,31.245764,上海市,上海市,虹口区,121.48135079117289,31.247746928226515,Toilet
无障碍洗手间,生活服务,公厕,121.485942,31.245859,上海市,上海市,虹口区,121.48145916161388,31.24784220339981,Toilet
无障碍洗手间,生活服务,公厕,121.485856,31.245925,上海市,上海市,虹口区,121.48137285450242,31.247907920413315,Toilet
无障碍洗手间,生活服务,公厕,121.485675,31.245743,上海市,上海市,虹口区,121.48119123594552,31.247725469774025,Toilet
无障碍洗手间,生活服务,公厕,121.485657,31.245714,上海市,上海市,虹口区,121.48117317539064,31.24769642989742,Toilet
无障碍洗手间,生活服务,公厕,121.485902,31.245875,上海市,上海市,虹口区,121.48141902001522,31.247858078392223,Toilet
无障碍洗手间,生活服务,公厕,121.485745,31.245732,上海市,上海市,虹口区,121.48126148207125,31.247714680700284,Toilet
无障碍洗手间,生活服务,公厕,121.485941,31.245767,上海市,上海市,虹口区,121.48145816597736,31.247750241932085,Toilet
无障碍洗手间,生活服务,公厕,121.485904,31.245761,上海市,上海市,虹口区,121.4814210367777,31.247744135676857,Toilet
无障碍洗手间,生活服务,公厕,121.485903,31.245843,上海市,上海市,虹口区,121.48142002625796,31.24782609576237,Toilet
无障碍洗手间,生活服务,公厕,121.485676,31.245729,上海市,上海市,虹口区,121.48119224064531,31.24771147902879,Toilet
无障碍洗手间,生活服务,公厕,121.48568,31.245756,上海市,上海市,虹口区,121.48119625234422,31.24773847862225,Toilet
无障碍洗手间,生活服务,公厕,121.485876,31.245857,上海市,上海市,虹口区,121.48139293041794,31.24784000994978,Toilet
无障碍洗手间,生活服务,公厕,121.485927,31.24586,上海市,上海市,虹口区,121.48144410893936,31.24784315877371,Toilet
无障碍洗手间,生活服务,公厕,121.485634,31.245688,上海市,上海市,虹口区,121.48115009707617,31.247670373965097,Toilet
无障碍洗手间,生活服务,公厕,121.485614,31.245769,上海市,上海市,虹口区,121.48113002011934,31.247751278613457,Toilet
无障碍洗手间,生活服务,公厕,121.485909,31.245925,上海市,上海市,虹口区,121.48142604027682,31.24790807646709,Toilet
无障碍洗手间,生活服务,公厕,121.485853,31.2459,上海市,上海市,虹口区,121.48136984612668,31.247882922849715,Toilet
无障碍洗手间,生活服务,公厕,121.485685,31.245654,上海市,上海市,虹口区,121.4812012785812,31.247636539328763,Toilet
无障碍洗手间,生活服务,公厕,121.485938,31.245869,上海市,上海市,虹口区,121.48145514673443,31.247852187111544,Toilet
无障碍洗手间,生活服务,公厕,121.485669,31.245789,上海市,上海市,虹口区,121.48118521099786,31.247771431381747,Toilet
无障碍洗手间,生活服务,公厕,121.485605,31.245695,上海市,上海市,虹口区,121.48112099493969,31.2476772855108,Toilet
无障碍洗手间,生活服务,公厕,121.485915,31.245896,上海市,上海市,虹口区,121.4814320637911,31.24787910720732,Toilet
无障碍洗手间,生活服务,公厕,121.485896,31.245911,上海市,上海市,虹口区,121.48141299590328,31.24789404449707,Toilet
无障碍洗手间,生活服务,公厕,121.485867,31.245846,上海市,上海市,虹口区,121.48138389981376,31.247828988410088,Toilet
无障碍洗手间,生活服务,公厕,121.485877,31.245941,上海市,上海市,虹口区,121.48139392673758,31.24792397503038,Toilet
无障碍洗手间,生活服务,公厕,121.485882,31.245913,上海市,上海市,虹口区,121.4813989466584,31.24789600237276,Toilet
无障碍洗手间,生活服务,公厕,121.485621,31.245678,上海市,上海市,虹口区,121.48113705241325,31.24766034023665,Toilet
无障碍洗手间,生活服务,公厕,121.485617,31.245697,上海市,上海市,虹口区,121.48113303678264,31.24767931990323,Toilet
无障碍洗手间,生活服务,公厕,121.485946,31.245904,上海市,上海市,虹口区,121.48146317178896,31.247887194895423,Toilet
无障碍洗手间,生活服务,公厕,121.485928,31.245929,上海市,上海市,虹口区,121.481445106543,31.247912130615987,Toilet
无障无障碍洗手间,生活服务,公厕,121.485684,31.245663,上海市,上海市,虹口区,121.481200274309,31.2476455323278,Toilet
无障碍洗手间,生活服务,公厕,121.485954,31.245807,上海市,上海市,虹口区,121.48147120813542,31.247790262184683,Toilet
无障碍洗手间,生活服务,公厕,121.485891,31.245957,上海市,上海市,虹口区,121.48140797444172,31.247940009041,Toilet
公厕,生活服务,公厕,121.481275,31.248265,上海市,上海市,虹口区,121.47677576685616,31.25023351770829,Toilet
公厕,生活服务,公厕,121.483421,31.249451,上海市,上海市,虹口区,121.47892906398674,31.251425205016684,Toilet
天潼路四川北路,交通设施,公交站,121.486171,31.24519,上海市,上海市,虹口区,121.48168902209576,31.247174179931505,Transport
母婴室,生活服务,公厕,121.486653,31.246259,上海市,上海市,虹口区,121.4821726238228,31.24824412003405,Toilet
母婴室,生活服务,公厕,121.48702,31.246462,上海市,上海市,虹口区,121.4825408978216,31.2484481131892,Toilet
母婴室,生活服务,公厕,121.486645,31.246279,上海市,上海市,虹口区,121.48216459398368,31.2482640874006,Toilet
无障碍洗手间,生活服务,公厕,121.487143,31.246154,上海市,上海市,虹口区,121.48266435736296,31.24814061572415,Toilet
母婴室,生活服务,公厕,121.486929,31.246356,上海市,上海市,虹口区,121.4824495865129,31.24834189185475,Toilet
母婴室,生活服务,公厕,121.487003,31.246397,上海市,上海市,虹口区,121.48252384352097,31.24838309218425,Toilet
母婴室,生活服务,公厕,121.486745,31.246242,上海市,上海市,虹口区,121.48226494882138,31.248227399433603,Toilet
母婴室,生活服务,公厕,121.486673,31.24623,上海市,上海市,虹口区,121.48219269662856,31.24821519216296,Toilet
母婴室,生活服务,公厕,121.486888,31.246391,上海市,上海市,虹口区,121.4824084392136,31.24837675489709,Toilet
母婴室,生活服务,公厕,121.486963,31.246403,上海市,上海市,虹口区,121.48248370218046,31.248388971209263,Toilet
吴淞路天潼路,交通设施,公交站,121.489492,31.246432,上海市,上海市,虹口区,121.48502164370568,31.24842546794058,Transport
吴淞路闵行路,交通设施,公交站,121.489727,31.24657,上海市,上海市,虹口区,121.48525746688246,31.24856410669576,Transport
四川北路街道社区卫生中心,医疗保健,综合医院,121.489391,31.248288,上海市,上海市,虹口区,121.48492012650163,31.25028033283881,Medical_Service
无障碍洗手间,生活服务,公厕,121.490847,31.24878,上海市,上海市,虹口区,121.48638126572224,31.250776460963944,Toilet
无障碍洗手间,生活服务,公厕,121.491055,31.2489,上海市,上海市,虹口区,121.4865899974364,31.250897029832487,Toilet
无障碍洗手间,生活服务,公厕,121.491048,31.248904,上海市,上海市,虹口区,121.48658297211831,31.25090100708202,Toilet
无障碍洗手间,生活服务,公厕,121.490905,31.2488,上海市,上海市,虹口区,121.4864394708643,31.250796625586812,Toilet
无障碍洗手间,生活服务,公厕,121.49095,31.24844,上海市,上海市,虹口区,121.48648466210535,31.250436921616952,Toilet
无障碍洗手间,生活服务,公厕,121.49104,31.248465,上海市,上海市,虹口区,121.48657498104836,31.25046217984279,Toilet
无障碍洗手间,生活服务,公厕,121.490973,31.248469,上海市,上海市,虹口区,121.48650774167533,31.25046597746529,Toilet
无障碍洗手间,生活服务,公厕,121.491044,31.248466,上海市,上海市,虹口区,121.48657899523494,31.25046319137073,Toilet
无障碍洗手间,生活服务,公厕,121.490983,31.248416,上海市,上海市,虹口区,121.4865177818732,31.250413031162427,Toilet
无障碍洗手间,生活服务,公厕,121.490995,31.248499,上海市,上海市,虹口区,121.4865298175976,31.25049602987644,Toilet
无障碍洗手间,生活服务,公厕,121.491016,31.248466,上海市,上海市,虹口区,121.48655089533472,31.250463107539517,Toilet
无障碍洗手间,生活服务,公厕,121.490994,31.248409,上海市,上海市,虹口区,121.48652882171278,31.25040606723118,Toilet
无障碍洗手间,生活服务,公厕,121.490997,31.248511,上海市,上海市,虹口区,121.48653182370828,31.250508030484674,Toilet
无障碍洗手间,生活服务,公厕,121.491023,31.248409,上海市,上海市,虹口区,121.48655792517472,31.250406154051685,Toilet
无障碍洗手间,生活服务,公厕,121.49106,31.248474,上海市,上海市,虹口区,121.48659505164127,31.25047123569052,Toilet
无障碍洗手间,生活服务,公厕,121.491081,31.248389,上海市,上海市,虹口区,121.4866161338303,31.250386336679018,Toilet
无障碍洗手间,生活服务,公厕,121.491044,31.248388,上海市,上海市,虹口区,121.48657900189312,31.25038522634141,Toilet
无障碍洗手间,生活服务,公厕,121.490995,31.248477,上海市,上海市,虹口区,121.48652981947558,31.25047403973868,Toilet
无障碍洗手间,生活服务,公厕,121.490943,31.24852,上海市,上海市,虹口区,121.4864776303068,31.25051686480028,Toilet
无障碍洗手间,生活服务,公厕,121.491009,31.248464,上海市,上海市,虹口区,121.4865438705316,31.25046108747924,Toilet
无障碍洗手间,生活服务,公厕,121.491094,31.24847,上海市,上海市,虹口区,121.4866291733056,31.250467339290733,Toilet
无障碍洗手间,生活服务,公厕,121.491017,31.248498,上海市,上海市,虹口区,121.48655189617084,31.250495096188136,Toilet
无障碍洗手间,生活服务,公厕,121.49096,31.248407,上海市,上海市,虹口区,121.48649470059374,31.25040396634641,Toilet
无障碍洗手间,生活服务,公厕,121.49101,31.248477,上海市,上海市,虹口区,121.48654487298954,31.25047408464516,Toilet
无障碍洗手间,生活服务,公厕,121.491032,31.248419,上海市,上海市,虹口区,121.48656695643164,31.25041617651372,Toilet
无障碍卫生间,生活服务,公厕,121.491022,31.248488,上海市,上海市,虹口区,121.4865569148633,31.250485115640384,Toilet
无障碍卫生间,生活服务,公厕,121.490998,31.248444,上海市,上海市,虹口区,121.4865328329952,31.25044106351406,Toilet
无障碍洗手间,生活服务,公厕,121.491009,31.248463,上海市,上海市,虹口区,121.48654387061696,31.25046008792755,Toilet
无障碍洗手间,生活服务,公厕,121.491043,31.248459,上海市,上海市,虹口区,121.48657799226449,31.25045619151481,Toilet
无障碍洗手间,生活服务,公厕,121.490975,31.24839,上海市,上海市,虹口区,121.48650975555373,31.250387018871216,Toilet
无障碍洗手间,生活服务,公厕,121.490922,31.248482,上海市,上海市,虹口区,121.48645655864549,31.25047881897661,Toilet
无障碍洗手间,生活服务,公厕,121.490986,31.248414,上海市,上海市,虹口区,121.48652079274618,31.250411041040028,Toilet
无障碍洗手间,生活服务,公厕,121.490958,31.248413,上海市,上海市,虹口区,121.4864926929472,31.25040995766939,Toilet
无障碍洗手间,生活服务,公厕,121.491035,31.248437,上海市,上海市,虹口区,121.48656996559882,31.25043417742558,Toilet
无障碍洗手间,生活服务,公厕,121.490993,31.248456,上海市,上海市,虹口区,121.4865278141332,31.25045304316566,Toilet
无障碍洗手间,生活服务,公厕,121.490936,31.248406,上海市,上海市,虹口区,121.4864706150696,31.250402894954288,Toilet
无障碍洗手间,生活服务,公厕,121.490882,31.248446,上海市,上海市,虹口区,121.48641641905417,31.250442715395465,Toilet
无障碍洗手间,生活服务,公厕,121.490982,31.248489,上海市,上海市,虹口区,121.48651677207422,31.25048599544164,Toilet
无障碍洗手间,生活服务,公厕,121.490927,31.248389,上海市,上海市,虹口区,121.4864615844187,31.250385875637523,Toilet
无障碍洗手间,生活服务,公厕,121.491068,31.248466,上海市,上海市,虹口区,121.48660308086971,31.250463263230746,Toilet
无障碍洗手间,生活服务,公厕,121.490994,31.248455,上海市,上海市,虹口区,121.48652881778608,31.25045204660767,Toilet
无障碍洗手间,生活服务,公厕,121.490978,31.248442,上海市,上海市,虹口区,121.4865127618168,31.250439004537597,Toilet
无障碍洗手间,生活服务,公厕,121.491054,31.248456,上海市,上海市,虹口区,121.48658903176904,31.25045322579497,Toilet
无障碍洗手间,生活服务,公厕,121.490911,31.248502,上海市,上海市,虹口区,121.48644551770384,31.25049877708676,Toilet
无障碍洗手间,生活服务,公厕,121.490975,31.248417,上海市,上海市,虹口区,121.4865097532489,31.25041400676537,Toilet
无障碍洗手间,生活服务,公厕,121.490929,31.248427,上海市,上海市,虹口区,121.48646358830852,31.25042386458624,Toilet
无障碍洗手间,生活服务,公厕,121.490918,31.248495,上海市,上海市,虹口区,121.48645254326856,31.250491801176366,Toilet
无障碍洗手间,生活服务,公厕,121.491031,31.248455,上海市,上海市,虹口区,121.48656594979074,31.25045215737977,Toilet
无障碍卫生间,生活服务,公厕,121.491033,31.248464,上海市,上海市,虹口区,121.48656795615824,31.250461159332943,Toilet
无障碍洗手间,生活服务,公厕,121.49099,31.248476,上海市,上海市,虹口区,121.48652480172343,31.25047302521852,Toilet
无障碍洗手间,生活服务,公厕,121.490996,31.248499,上海市,上海市,虹口区,121.4865308211651,31.25049603287016,Toilet
无障碍洗手间,生活服务,公厕,121.49098,31.248457,上海市,上海市,虹口区,121.48651476767108,31.250454003799963,Toilet
无障碍洗手间,生活服务,公厕,121.490931,31.248432,上海市,上海市,虹口区,121.48646559501547,31.250428868330975,Toilet
无障碍洗手间,生活服务,公厕,121.491031,31.248461,上海市,上海市,虹口区,121.48656594927856,31.2504581546899,Toilet
无障碍洗手间,生活服务,公厕,121.491018,31.248437,上海市,上海市,虹口区,121.48655290494573,31.250434126528496,Toilet
无障碍洗手间,生活服务,公厕,121.490967,31.248486,上海市,上海市,虹口区,121.48650171882043,31.250482951883185,Toilet
无障碍卫生间,生活服务,公厕,121.49102,31.24843,上海市,上海市,虹口区,121.48655491267878,31.250427135654625,Toilet
无障碍洗手间,生活服务,公厕,121.491,31.248419,上海市,上海市,虹口区,121.4865348422644,31.25041608070998,Toilet
无障碍洗手间,生活服务,公厕,121.491004,31.248428,上海市,上海市,虹口区,121.4865388557665,31.25042508864992,Toilet
无障碍洗手间,生活服务,公厕,121.491087,31.248482,上海市,上海市,虹口区,121.48662214730211,31.25047931295022,Toilet
无障碍洗手间,生活服务,公厕,121.490949,31.248486,上海市,上海市,虹口区,121.48648365461148,31.25048289800145,Toilet
无障碍洗手间,生活服务,公厕,121.490973,31.248393,上海市,上海市,虹口区,121.486507748163,31.250390011538983,Toilet
无障碍洗手间,生活服务,公厕,121.491086,31.248487,上海市,上海市,虹口区,121.4866211433069,31.25048430771439,Toilet
无障碍洗手间,生活服务,公厕,121.491039,31.248444,上海市,上海市,虹口区,121.48657397927302,31.250441186263373,Toilet
无障碍洗手间,生活服务,公厕,121.490985,31.248474,上海市,上海市,虹口区,121.48651978405692,31.250471011146853,Toilet
无障碍洗手间,生活服务,公厕,121.491028,31.24846,上海市,上海市,虹口区,121.48656293866034,31.250457146156304,Toilet
无障碍洗手间,生活服务,公厕,121.490883,31.24849,上海市,上海市,虹口区,121.4864174188644,31.25048669866301,Toilet
无障碍洗手间,生活服务,公厕,121.490958,31.24863,上海市,上海市,虹口区,121.486492674423,31.25062686039892,Toilet
无障碍洗手间,生活服务,公厕,121.491111,31.248469,上海市,上海市,虹口区,121.48664623405658,31.250466390645776,Toilet
无障碍洗手间,生活服务,公厕,121.491014,31.248505,上海市,上海市,虹口区,121.48654888487016,31.250502084068653,Toilet
无障碍洗手间,生活服务,公厕,121.49097,31.248467,上海市,上海市,虹口区,121.48650473114417,31.2504639693813,Toilet
无障碍洗手间,生活服务,公厕,121.491006,31.248466,上海市,上海市,虹口区,121.48654085965794,31.25046307760122,Toilet
无障碍洗手间,生活服务,公厕,121.491055,31.24845,上海市,上海市,虹口区,121.4865900358493,31.25044723147903,Toilet
无障碍洗手间,生活服务,公厕,121.491041,31.248429,上海市,上海市,虹口区,121.48657598768936,31.250426198976463,Toilet
无障碍洗手间,生活服务,公厕,121.490821,31.248403,上海市,上海市,虹口区,121.48635520519204,31.250399552124524,Toilet
无障碍洗手间,生活服务,公厕,121.491003,31.248367,上海市,上海市,虹口区,121.48653785740603,31.250364113006736,Toilet
无障碍洗手间,生活服务,公厕,121.491034,31.248421,上海市,上海市,虹口区,121.4865689633967,31.250418181605014,Toilet
无障碍洗手间,生活服务,公厕,121.490969,31.248521,上海市,上海市,虹口区,121.4865037229672,31.2505179421808,Toilet
无障碍洗手间,生活服务,公厕,121.491012,31.248432,上海市,上海市,虹口区,121.48654688396624,31.250429110807016,Toilet
无障碍洗手间,生活服务,公厕,121.490998,31.248388,上海市,上海市,虹口区,121.48653283777554,31.250385088621805,Toilet
无障碍洗手间,生活服务,公厕,121.491009,31.248457,上海市,上海市,虹口区,121.48654387112914,31.250454090617406,Toilet
无障碍洗手间,生活服务,公厕,121.490965,31.248413,上海市,上海市,虹口区,121.48649971791755,31.250409978623583,Toilet
塘沽路乍浦路,交通设施,公交站,121.487958,31.248265,上海市,上海市,虹口区,121.4834820524144,31.250253081521883,Transport
海宁路吴淞路,交通设施,公交站,121.487462,31.251303,上海市,上海市,虹口区,121.48298404162227,31.253288253064174,Transport
公厕,生活服务,公厕,121.486635,31.251597,上海市,上海市,虹口区,121.48215410401122,31.25357967625028,Toilet
第一人民医院北部,医疗保健,综合医院,121.489469,31.253402,上海市,上海市,虹口区,121.4849979666152,31.255392284484454,Medical_Service
无障碍洗手间第一人民医院3号楼,医疗保健,综合医院,121.489391,31.253357,上海市,上海市,虹口区,121.48491969345962,31.25534707193433,Medical_Service
第一人民医院肝炎门诊,医疗保健,综合医院,121.488857,31.25323,上海市,上海市,虹口区,121.4843838097932,31.25521853794683,Medical_Service
第一人民医院肠道门诊,医疗保健,综合医院,121.488729,31.253306,上海市,上海市,虹口区,121.48425534967558,31.25529412341629,Medical_Service
第一人民医院-北院洗手间,生活服务,公厕,121.489395,31.253076,上海市,上海市,虹口区,121.48492373167086,31.2550662085375,Toilet
无障碍洗手间,生活服务,公厕,121.488723,31.253998,上海市,上海市,虹口区,121.48424926927656,31.25598579882037,Toilet
第一人民医院-门诊,医疗保健,综合医院,121.488999,31.25297,上海市,上海市,虹口区,121.48452633547386,31.254959075981866,Medical_Service
第一人民医院-门急诊大楼,医疗保健,综合医院,121.488797,31.252994,上海市,上海市,虹口区,121.48432361730164,31.25498246415974,Medical_Service
无障碍洗手间,生活服务,公厕,121.489398,31.253332,上海市,上海市,虹口区,121.48492672045174,31.25532210388788,Toilet
无障碍洗手间,生活服务,公厕,121.488708,31.253149,上海市,上海市,虹口区,121.48423428868917,31.2551371306136,Toilet
无障碍洗手间,生活服务,公厕,121.489374,31.253359,上海市,上海市,虹口区,121.484902632926,31.255349020379157,Toilet
无障碍洗手间,生活服务,公厕,121.489397,31.253332,上海市,上海市,虹口区,121.48492571690082,31.25532210090727,Toilet
无障碍洗手间,生活服务,公厕,121.489334,31.2533,上海市,上海市,虹口区,121.48486249594984,31.255289927342407,Toilet
无障碍洗手间,生活服务,公厕,121.48929,31.253332,上海市,上海市,虹口区,121.48481833701796,31.25532178203376,Toilet
无障碍洗手间,生活服务,公厕,121.489374,31.253321,上海市,上海市,虹口区,121.48490263617263,31.255311037235344,Toilet
无障碍卫生间,生活服务,公厕,121.489337,31.253364,上海市,上海市,虹口区,121.48486550113238,31.255353907892705,Toilet
无障碍洗手间,生活服务,公厕,121.488724,31.253928,上海市,上海市,虹口区,121.48425027880216,31.25591583280312,Toilet
无障碍洗手间,生活服务,公厕,121.48937,31.253305,上海市,上海市,虹口区,121.48489862333714,31.25529503241159,Toilet
无障碍洗手间,生活服务,公厕,121.488979,31.253075,上海市,上海市,虹口区,121.48450625557705,31.255063969834747,Toilet
无障碍洗手间,生活服务,公厕,121.489291,31.253378,上海市,上海市,虹口区,121.4848193366374,31.25536776460923,Toilet
无障碍洗手间,生活服务,公厕,121.489317,31.253354,上海市,上海市,虹口区,121.48484543098434,31.255343852728767,Toilet
无障碍洗手间,生活服务,公厕,121.489366,31.253312,上海市,上海市,虹口区,121.48489460853676,31.25530201738491,Toilet
无障碍洗手间,生活服务,公厕,121.488641,31.25309,上海市,上海市,虹口区,121.4841670563831,31.25507795754055,Toilet
无障碍洗手间,生活服务,公厕,121.489336,31.253302,上海市,上海市,虹口区,121.4848645028794,31.25529193241527,Toilet
无障碍洗手间,生活服务,公厕,121.489427,31.253319,上海市,上海市,虹口区,121.48495582454392,31.25530919609608,Toilet
无障碍洗手间,生活服务,公厕,121.489482,31.253309,上海市,上海市,虹口区,121.48501102073392,31.255299364493208,Toilet
无障碍洗手间,生活服务,公厕,121.489396,31.253373,上海市,上海市,虹口区,121.48492470984698,31.255363079740228,Toilet
无障碍洗手间,生活服务,公厕,121.48989,31.253505,上海市,上海市,虹口区,121.48542045407328,31.25549649467701,Toilet
无障碍洗手间,生活服务,公厕,121.488779,31.253932,上海市,上海市,虹口区,121.4843054733506,31.25591999464021,Toilet
无障碍洗手间,生活服务,公厕,121.489348,31.253345,上海市,上海市,虹口区,121.484876541809,31.255334949101822,Toilet
无障碍洗手间,生活服务,公厕,121.488629,31.253123,上海市,上海市,虹口区,121.48415501105832,31.255110907211453,Toilet
无障碍洗手间,生活服务,公厕,121.488955,31.253104,上海市,上海市,虹口区,121.48448216799568,31.25509288552255,Toilet
无障碍洗手间,生活服务,公厕,121.488934,31.253116,上海市,上海市,虹口区,121.4844610925104,31.255104817690164,Toilet
无障碍洗手间,生活服务,公厕,121.488654,31.253032,上海市,上海市,虹口区,121.48418010738844,31.25502002194263,Toilet
无障碍洗手间,生活服务,公厕,121.489384,31.253307,上海市,上海市,虹口区,121.48491267287586,31.255297073250297,Toilet
无障碍洗手间,生活服务,公厕,121.489346,31.253396,上海市,上海市,虹口区,121.4848745303509,31.255385920520244,Toilet
无障碍洗手间,生活服务,公厕,121.489344,31.253318,上海市,上海市,虹口区,121.4848725299145,31.25530794915822,Toilet
无障碍洗手间,生活服务,公厕,121.489459,31.253321,上海市,上海市,虹口区,121.48498793801876,31.255311290601146,Toilet
无障碍洗手间,生活服务,公厕,121.490006,31.253854,上海市,上海市,虹口区,121.48553683687304,31.25584568628273,Toilet
无障碍洗手间,生活服务,公厕,121.488891,31.253054,上海市,上海市,虹口区,121.48441794535934,31.255042717230545,Toilet
无障碍洗手间,生活服务,公厕,121.488692,31.253169,上海市,上海市,虹口区,121.4842182302948,31.25515707415077,Toilet
无障碍洗手间,生活服务,公厕,121.488779,31.253178,上海市,上海市,虹口区,121.48430553778772,31.255166328943936,Toilet
无障碍洗手间,生活服务,公厕,121.489303,31.253336,上海市,上海市,虹口区,121.48483138282327,31.2553258189956,Toilet
无障碍洗手间,生活服务,公厕,121.489399,31.253381,上海市,上海市,虹口区,121.48492771981626,31.255371085133664,Toilet
无障碍洗手间,生活服务,公厕,121.488717,31.253959,上海市,上海市,虹口区,121.48424325135112,31.255946798249344,Toilet
无障碍洗手间,生活服务,公厕,121.489414,31.253338,上海市,上海市,虹口区,121.48494277675532,31.255328148917247,Toilet
无障碍洗手间,生活服务,公厕,121.489344,31.253257,上海市,上海市,虹口区,121.48487253512629,31.25524697621996,Toilet
无障碍洗手间,生活服务,公厕,121.49064,31.253491,上海市,上海市,虹口区,121.48617312550772,31.255484741855067,Toilet
无障碍洗手间,生活服务,公厕,121.490606,31.253128,上海市,上海市,虹口区,121.48613903532882,31.255121801198857,Toilet
无障碍洗手间,生活服务,公厕,121.489367,31.253314,上海市,上海市,虹口区,121.48489561191644,31.255304019478015,Toilet
无障碍洗手间,生活服务,公厕,121.489333,31.253343,上海市,上海市,虹口区,121.48486148872576,31.25533290528749,Toilet
无障碍洗手间,生活服务,公厕,121.48933,31.253351,上海市,上海市,虹口区,121.48485847739173,31.25534089279881,Toilet
无障碍洗手间,生活服务,公厕,121.490318,31.25364,上海市,上海市,虹口区,121.48584996564172,31.25563271311048,Toilet
无障碍洗手间,生活服务,公厕,121.490794,31.253756,上海市,上海市,虹口区,121.48632765188414,31.255750085080376,Toilet
无障碍洗手间,生活服务,公厕,121.489364,31.253381,上海市,上海市,虹口区,121.4848925955404,31.25537098081741,Toilet
无障碍洗手间,生活服务,公厕,121.490531,31.253303,上海市,上海市,虹口区,121.48606375312572,31.255296499269228,Toilet
无障碍洗手间,生活服务,公厕,121.489338,31.253325,上海市,上海市,虹口区,121.48486650801476,31.25531492817238,Toilet
无障碍洗手间,生活服务,公厕,121.490547,31.253148,上海市,上海市,虹口区,121.48607982337248,31.255141615885147,Toilet
无障碍洗手间,生活服务,公厕,121.489373,31.253371,上海市,上海市,虹口区,121.4849016283501,31.255361012076044,Toilet
无障碍洗手间,生活服务,公厕,121.489286,31.253458,上海市,上海市,虹口区,121.48481431205364,31.255447714230417,Toilet
无障碍洗手间,生活服务,公厕,121.489386,31.253324,上海市,上海市,虹口区,121.48491467852496,31.255314071669957,Toilet
母婴室,生活服务,公厕,121.488675,31.253042,上海市,上海市,虹口区,121.484201180924,31.255030079955592,Toilet
上海第一人民医院妇科,医疗保健,综合医院,121.489722,31.253014,上海市,上海市,虹口区,121.485251898702,31.255005211177515,Medical_Service
第一人民医院干保楼,医疗保健,综合医院,121.488776,31.253753,上海市,上海市,虹口区,121.4843024780169,31.255741065029063,Medical_Service
心脏病急救中心,医疗保健,急救中心,121.48932,31.253368,上海市,上海市,虹口区,121.48484844043826,31.255357855458588,Medical_Service
第一人民医院国际医疗保健中心,医疗保健,综合医院,121.489617,31.253994,上海市,上海市,虹口区,121.48514644181763,31.25598446340812,Medical_Service
上海第一人民医院骨科,医疗保健,综合医院,121.489333,31.253258,上海市,上海市,虹口区,121.48486149598811,31.25524794299539,Medical_Service
第一人民医院北部住院楼A,医疗保健,综合医院,121.489919,31.253526,上海市,上海市,虹口区,121.48544955541844,31.255517571930056,Medical_Service
武进路吴淞路,交通设施,公交站,121.487125,31.252803,上海市,上海市,虹口区,121.48264572541596,31.25478658824591,Transport
吴淞路海宁路,交通设施,公交站,121.488298,31.252585,上海市,上海市,虹口区,121.48382288531596,31.25457216239117,Transport
北海宁路吴淞路,交通设施,公交站,121.487941,31.252181,上海市,上海市,虹口区,121.48346465760586,31.25416728218056,Transport
公厕,生活服务,公厕,121.487705,31.251895,上海市,上海市,虹口区,121.483227848517,31.253880709516167,Toilet
医疗急救中心虹口分站,医疗保健,急救中心,121.488122,31.252153,上海市,上海市,虹口区,121.48364629976052,31.25413983179355,Medical_Service
无障碍洗手间,生活服务,公厕,121.488583,31.253169,上海市,上海市,虹口区,121.48410884420906,31.255156750024423,Toilet
无障碍洗手间,生活服务,公厕,121.488609,31.253088,上海市,上海市,虹口区,121.48413494321262,31.25507586327563,Toilet
无障碍洗手间,生活服务,公厕,121.488618,31.252986,上海市,上海市,虹口区,121.48414398380604,31.25497393531186,Toilet
无障碍洗手间,生活服务,公厕,121.488655,31.25307,上海市,上海市,虹口区,121.48418110768309,31.25505800804958,Toilet
无障碍洗手间,生活服务,公厕,121.488659,31.253145,上海市,上海市,虹口区,121.48418511544254,31.25513298665916,Toilet
无障碍洗手间,生活服务,公厕,121.488643,31.253086,上海市,上海市,虹口区,121.4841690638092,31.25507396526322,Toilet
无障碍洗手间,生活服务,公厕,121.488668,31.25314,上海市,上海市,虹口区,121.48419414775132,31.25512801564298,Toilet
无障碍洗手间,生活服务,公厕,121.488621,31.25304,上海市,上海市,虹口区,121.48414698981652,31.255027920261583,Toilet
无障碍洗手间,生活服务,公厕,121.488583,31.253049,上海市,上海市,虹口区,121.484108854465,31.255036803281367,Toilet
无障碍洗手间,生活服务,公厕,121.488568,31.25316,上海市,上海市,虹口区,121.48409379185836,31.255147709422506,Toilet
无障碍洗手间,生活服务,公厕,121.488621,31.253048,上海市,上海市,虹口区,121.4841469891328,31.25503591671061,Toilet
无障碍洗手间,生活服务,公厕,121.488615,31.253146,上海市,上海市,虹口区,121.48414095950623,31.25513385537559,Toilet
无障碍洗手间,生活服务,公厕,121.488523,31.253156,上海市,上海市,虹口区,121.48404863285688,31.25514357742332,Toilet
无障碍洗手间,生活服务,公厕,121.488481,31.253094,上海市,上海市,虹口区,121.48400648945764,31.255081480099985,Toilet
无障碍洗手间,生活服务,公厕,121.488521,31.25313,上海市,上海市,虹口区,121.4840466279977,31.25511758301639,Toilet
无障碍洗手间,生活服务,公厕,121.488229,31.252936,上海市,上海市,虹口区,121.48375361122588,31.2549228015635,Toilet
无障碍洗手间,生活服务,公厕,121.488546,31.253225,上海市,上海市,虹口区,121.4840717083987,31.255212615177133,Toilet
无障碍洗手间,生活服务,公厕,121.48859,31.253886,上海市,上海市,虹口区,121.48411580771932,31.255873452918557,Toilet
无障碍洗手间,生活服务,公厕,121.488589,31.253182,上海市,上海市,虹口区,121.48411486434672,31.25516976209465,Toilet
无障碍洗手间,生活服务,公厕,121.488445,31.253119,上海市,上海市,虹口区,121.48397035988224,31.25510636201384,Toilet
无障碍洗手间,生活服务,公厕,121.488398,31.253071,上海市,上海市,虹口区,121.48392319763046,31.255058243653515,Toilet
无障碍洗手间,生活服务,公厕,121.488443,31.253041,上海市,上海市,虹口区,121.48396835946951,31.255028390689464,Toilet
第一人民医院北部急诊,医疗保健,综合医院,121.488666,31.25379,上海市,上海市,虹口区,121.48419208511474,31.25577772144537,Medical_Service
无障碍公厕,生活服务,公厕,121.488544,31.253908,上海市,上海市,虹口区,121.48406964294152,31.255895306415287,Toilet
发热门诊,医疗保健,诊所,121.488486,31.253224,上海市,上海市,虹口区,121.4840114960476,31.25521143727214,Medical_Service
母婴室,生活服务,公厕,121.488584,31.253162,上海市,上海市,虹口区,121.48410984834874,31.25514975610382,Toilet
武进路河南北路,交通设施,公交站,121.482371,31.250986,上海市,上海市,虹口区,121.47787530208748,31.252956468477453,Transport
四川北路武进路,交通设施,公交站,121.484572,31.250884,上海市,上海市,虹口区,121.48008394226603,31.25286092678797,Transport
上海龚剑口腔专科医院,医疗保健,诊所,121.485318,31.251831,上海市,上海市,虹口区,121.48083246568696,31.25380969293333,Medical_Service
四川北路,交通设施,地铁,121.48416,31.252039,上海市,上海市,虹口区,121.47967040873458,31.254014206972453,Transport
公厕,生活服务,公厕,121.485795,31.252633,上海市,上海市,虹口区,121.48131106683763,31.254612738949653,Toilet
四川北路公园-公厕,生活服务,公厕,121.485061,31.25417,上海市,上海市,虹口区,121.48057436725888,31.25614690006155,Toilet
无障碍公厕,生活服务,公厕,121.484693,31.253616,上海市,上海市,虹口区,121.48020513024925,31.255592066460757,Toilet
无障碍洗手间,生活服务,公厕,121.484988,31.252259,上海市,上海市,虹口区,121.48050127587256,31.254236533787616,Toilet
无障碍洗手间,生活服务,公厕,121.483732,31.253364,上海市,上海市,虹口区,121.47924080780464,31.25533736858532,Toilet
无障碍洗手间,生活服务,公厕,121.484101,31.252057,上海市,上海市,虹口区,121.47961120196848,31.25403202653211,Toilet
无障碍公厕,生活服务,公厕,121.484667,31.253547,上海市,上海市,虹口区,121.48017904548844,31.255523020879107,Toilet
男洗手间,生活服务,公厕,121.483768,31.252289,上海市,上海市,虹口区,121.47927702486452,31.254262950998324,Toilet
女洗手间,生活服务,公厕,121.484619,31.253013,上海市,上海市,虹口区,121.48013092384514,31.254989117177548,Toilet
女洗手间,生活服务,公厕,121.484531,31.252958,上海市,上海市,虹口区,121.48004262182572,31.25493388389724,Toilet
无障碍公厕,生活服务,公厕,121.484562,31.253539,上海市,上海市,虹口区,121.48007368012348,31.255514716895,Toilet
四川北路地铁站1号口,交通设施,地铁,121.484535,31.252471,上海市,上海市,虹口区,121.48004667745757,31.254447111927192,Transport
四川北路地铁站2号口,交通设施,地铁,121.484578,31.252034,上海市,上海市,虹口区,121.48008986473312,31.25401043214229,Transport
四川北路地铁站4号口,交通设施,地铁,121.483997,31.252069,上海市,上海市,虹口区,121.47950683932656,31.25404371735576,Transport
无障碍洗手间,生活服务,公厕,121.483612,31.252525,上海市,上海市,虹口区,121.47912046315282,31.254498391090788,Toilet
无障碍洗手间,生活服务,公厕,121.483539,31.252487,上海市,上海市,虹口区,121.47904721315196,31.25446019516972,Toilet
无障碍洗手间,生活服务,公厕,121.483576,31.252506,上海市,上海市,虹口区,121.47908433987584,31.254479294578616,Toilet
无障碍洗手间,生活服务,公厕,121.48349,31.252421,上海市,上海市,虹口区,121.47899804886153,31.25439408169975,Toilet
无障碍洗手间,生活服务,公厕,121.483529,31.252504,上海市,上海市,虹口区,121.47903717701044,31.254477158468852,Toilet
母婴室,生活服务,公厕,121.483601,31.252429,上海市,上海市,虹口区,121.47910943320709,31.25440240168314,Toilet
母婴室,生活服务,公厕,121.483581,31.252448,上海市,上海市,虹口区,121.47908936218968,31.25442133493081,Toilet
母婴室,生活服务,公厕,121.483619,31.252511,上海市,上海市,虹口区,121.47912748864128,31.25448441772208,Toilet
无障碍洗手间,生活服务,公厕,121.483629,31.252037,上海市,上海市,虹口区,121.47913756393592,31.254010657627006,Toilet
女洗手间,生活服务,公厕,121.48352,31.252178,上海市,上海市,虹口区,121.47902817371528,31.25415127716112,Toilet
女洗手间,生活服务,公厕,121.483157,31.252703,上海市,上海市,虹口区,121.4786638708627,31.254674986795305,Toilet
男洗手间,生活服务,公厕,121.483193,31.252741,上海市,上海市,虹口区,121.47869999225682,31.254713074664515,Toilet
男洗手间,生活服务,公厕,121.483695,31.252328,上海市,上海市,虹口区,121.47920376807993,31.25430172069776,Toilet
女洗手间,生活服务,公厕,121.483464,31.252196,上海市,上海市,虹口区,121.47897197797472,31.254169105970465,Toilet
男洗手间,生活服务,公厕,121.483521,31.252084,上海市,上海市,虹口区,121.4790291852342,31.25405732188221,Toilet
女洗手间,生活服务,公厕,121.483181,31.252816,上海市,上海市,虹口区,121.4786879442802,31.254788006437376,Toilet
男洗手间,生活服务,公厕,121.483119,31.252732,上海市,上海市,虹口区,121.47862573682852,31.254703863366373,Toilet
男洗手间,生活服务,公厕,121.483064,31.25272,上海市,上海市,虹口区,121.47857054749906,31.25469170872896,Toilet
男洗手间,生活服务,公厕,121.483587,31.252193,上海市,上海市,虹口区,121.479095404845,31.25416646578735,Toilet
无障碍洗手间,生活服务,公厕,121.483206,31.252755,上海市,上海市,虹口区,121.47871303607526,31.254727106276466,Toilet
公厕,生活服务,公厕,121.476363,31.248862,上海市,上海市,静安区,121.47184712211173,31.250816296434465,Toilet
宝山路天目东路,交通设施,公交站,121.478199,31.251359,上海市,上海市,静安区,121.4736890500574,31.25331734716311,Transport
天目东路山西北路,交通设施,公交站,121.477295,31.249646,上海市,上海市,静安区,121.47278216330275,31.25160256022731,Transport
公厕,生活服务,公厕,121.478205,31.25159,上海市,上海市,静安区,121.47369505042684,31.25354826126392,Toilet
男洗手间,生活服务,公厕,121.476972,31.251872,上海市,上海市,静安区,121.47245789260391,31.25382665926468,Toilet
公厕,生活服务,公厕,121.480218,31.250076,上海市,上海市,虹口区,121.47571499874644,31.2520406698114,Toilet
上海宝申嘉中医诊所,医疗保健,诊所,121.479383,31.249729,上海市,上海市,静安区,121.47487719004997,31.251691438329576,Medical_Service
虬江路宝通路,交通设施,公交站,121.48028,31.253811,上海市,上海市,虹口区,121.4757768897574,31.255774185668592,Transport
公厕,生活服务,公厕,121.478695,31.251963,上海市,上海市,静安区,121.47418667036268,31.253922484419803,Toilet
出租车司机专用公厕,生活服务,公厕,121.472449,31.255694,上海市,上海市,静安区,121.46791970897311,31.25763446819438,Toilet
鸿兴路临山路,交通设施,公交站,121.475506,31.255254,上海市,上海市,静安区,121.47098673236763,31.25720306371433,Transport
鸿兴路宝山路,交通设施,公交站,121.476095,31.254307,上海市,上海市,静安区,121.47157776423089,31.2562581231586,Transport
鸿兴路永兴路,交通设施,公交站,121.476009,31.254574,上海市,上海市,静安区,121.4714914559884,31.25652476502705,Transport
公厕,生活服务,公厕,121.476163,31.256074,上海市,上海市,静安区,121.47164583813942,31.258024532428536,Toilet
无障碍公厕,生活服务,公厕,121.476097,31.256134,上海市,上海市,静安区,121.47157961390548,31.258084321701325,Toilet
中兴路鸿兴路,交通设施,公交站,121.47466,31.256948,上海市,上海市,静安区,121.47013779980055,31.258893972386225,Transport
公共厕所,生活服务,公厕,121.473661,31.257739,上海市,上海市,静安区,121.46913546361324,31.259681875078147,Toilet
宝山路鸿兴路,交通设施,公交站,121.477181,31.256422,上海市,上海市,静安区,121.47266720016748,31.258375231932828,Transport
宝山社区卫生中心,医疗保健,综合医院,121.478741,31.255576,上海市,上海市,静安区,121.47423251564818,31.257534013949076,Medical_Service
公厕,生活服务,公厕,121.480118,31.258871,上海市,上海市,虹口区,121.47561390370738,31.26083149197219,Toilet
四川北路街道社区卫生服务分中心,医疗保健,综合医院,121.48053,31.258305,上海市,上海市,虹口区,121.47602735723056,31.260266921216832,Medical_Service
四川北路街道社区卫生中心药房,医疗保健,综合医院,121.480622,31.258585,上海市,上海市,虹口区,121.47611964740216,31.260547062530836,Medical_Service
锐氧运动康复中医诊所,医疗保健,诊所,121.481057,31.258578,上海市,上海市,虹口区,121.47655613578078,31.260541316212475,Medical_Service
四川北社区卫生中心-预防接种门诊,医疗保健,诊所,121.480619,31.258434,上海市,上海市,虹口区,121.47611665010518,31.260396120130483,Medical_Service
宝通路宝山路,交通设施,公交站,121.47676,31.258513,上海市,上海市,静安区,121.47224461491724,31.26046413067523,Transport
宝山路东宝兴路,交通设施,公交站,121.47786,31.258467,上海市,上海市,静安区,121.47334830003128,31.26042124668252,Transport
上海六一儿童医院,医疗保健,综合医院,121.477516,31.257057,上海市,上海市,静安区,121.47300326700127,31.25901089545278,Medical_Service
上海六一儿童医院-中医馆,医疗保健,诊所,121.477561,31.257173,上海市,上海市,静安区,121.47304840786305,31.25912697126661,Medical_Service
上海六一儿童医院-行政办公区,医疗保健,综合医院,121.477253,31.257223,上海市,上海市,静安区,121.47273937217535,31.25917608187937,Medical_Service
中共四大纪念馆,交通设施,公交站,121.483537,31.254561,上海市,上海市,虹口区,121.4790450285795,31.256533269736444,Transport
虬江路四川北路,交通设施,公交站,121.483058,31.254599,上海市,上海市,虹口区,121.47856436576949,31.25656985838808,Transport
四川北路虬江路,交通设施,公交站,121.483685,31.254313,上海市,上海市,虹口区,121.47919356336756,31.2562858109948,Transport
公厕,生活服务,公厕,121.482154,31.254385,上海市,上海市,虹口区,121.4776572629402,31.25635333003869,Toilet
公厕,生活服务,公厕,121.484369,31.257259,上海市,上海市,虹口区,121.4798796892203,31.25923250937033,Toilet
四平路溧阳路,交通设施,公交站,121.48867,31.259353,上海市,上海市,虹口区,121.48419562379344,31.261338283286563,Transport
康尧中医诊所,医疗保健,诊所,121.487925,31.260606,上海市,上海市,虹口区,121.48344788073216,31.26258852274737,Medical_Service
海伦路,交通设施,地铁,121.488688,31.259291,上海市,上海市,虹口区,121.4842136928636,31.26127636395715,Transport
公厕,生活服务,公厕,121.490655,31.258949,上海市,上海市,虹口区,121.4861877128559,31.260940381011743,Toilet
溧阳路四平路,交通设施,公交站,121.488531,31.261438,上海市,上海市,虹口区,121.48405595322744,31.263421959586125,Transport
溧阳路宝安路,交通设施,公交站,121.487317,31.262931,上海市,上海市,虹口区,121.48283753582936,31.264910708871096,Transport
多伦社区家庭医生诊所,医疗保健,诊所,121.486681,31.26176,上海市,上海市,虹口区,121.48219939636104,31.263738337284725,Medical_Service
四川北路横浜桥,交通设施,公交站,121.483452,31.259887,上海市,上海市,虹口区,121.4789592775594,31.26185667981709,Transport
公厕,生活服务,公厕,121.485553,31.260687,上海市,上海市,虹口区,121.48106752995382,31.262662480623195,Toilet
公厕,生活服务,公厕,121.485556,31.25949,上海市,上海市,虹口区,121.4810706429165,31.261466012474155,Toilet
无障碍洗手间,生活服务,公厕,121.484081,31.261181,上海市,上海市,虹口区,121.47959035104252,31.26315195023241,Toilet
无障碍洗手间,生活服务,公厕,121.484086,31.261176,上海市,上海市,虹口区,121.47959536886054,31.263146967021584,Toilet
无障碍洗手间,生活服务,公厕,121.484159,31.261217,上海市,上海市,虹口区,121.4796686192854,31.26318816249288,Toilet
无障碍洗手间,生活服务,公厕,121.484106,31.261167,上海市,上海市,虹口区,121.47961543919445,31.263138029387108,Toilet
无障碍洗手间,生活服务,公厕,121.484084,31.261227,上海市,上海市,虹口区,121.47959335753626,31.26319793894953,Toilet
无障碍卫生间,生活服务,公厕,121.484087,31.26114,上海市,上海市,虹口区,121.47959637542203,31.26311098563556,Toilet
无障碍洗手间,生活服务,公厕,121.484133,31.26118,上海市,上海市,虹口区,121.4796425320014,31.263151102626697,Toilet
无障碍洗手间,生活服务,公厕,121.484199,31.261198,上海市,上海市,虹口区,121.47970876009278,31.26316928770277,Toilet
无障碍洗手间,生活服务,公厕,121.484145,31.261165,上海市,上海市,虹口区,121.47965457503238,31.263136144237183,Toilet
无障碍洗手间,生活服务,公厕,121.484248,31.261177,上海市,上海市,虹口区,121.47975793242212,31.26314844012231,Toilet
无障碍洗手间,生活服务,公厕,121.484141,31.26119,上海市,上海市,虹口区,121.47965055897544,31.263161121649464,Toilet
公厕,生活服务,公厕,121.484476,31.261155,上海市,上海市,虹口区,121.47998672830356,31.263127116750336,Toilet
上海江湾医院,医疗保健,综合医院,121.484144,31.26123,上海市,上海市,虹口区,121.47965356598613,31.263201112984245,Medical_Service
无障碍洗手间,生活服务,公厕,121.48423,31.26125,上海市,上海市,虹口区,121.47973986352136,31.26322135567434,Toilet
无障碍洗手间,生活服务,公厕,121.484094,31.261239,上海市,上海市,虹口区,121.47960339128882,31.26320996294017,Toilet
无障碍洗手间,生活服务,公厕,121.484363,31.261315,上海市,上海市,虹口区,121.47987332098036,31.26328671634248,Toilet
无障碍洗手间,生活服务,公厕,121.484144,31.261217,上海市,上海市,虹口区,121.47965356709958,31.26318811864994,Toilet
无障碍洗手间,生活服务,公厕,121.484166,31.261247,上海市,上海市,虹口区,121.47967564107051,31.263218169879497,Toilet
无障碍洗手间,生活服务,公厕,121.484143,31.261213,上海市,上海市,虹口区,121.47965256396326,31.263184117470512,Toilet
无障碍洗手间,生活服务,公厕,121.484124,31.261249,上海市,上海市,虹口区,121.47963349478329,31.263220046251256,Toilet
无障碍洗手间,生活服务,公厕,121.484147,31.261247,上海市,上海市,虹口区,121.4796565749669,31.263218114343857,Toilet
无障碍洗手间,生活服务,公厕,121.484173,31.261201,上海市,上海市,虹口区,121.47968266936589,31.263172210389023,Toilet
无障碍洗手间,生活服务,公厕,121.484145,31.261223,上海市,上海市,虹口区,121.4796545700646,31.26319411895776,Toilet
无障碍洗手间,生活服务,公厕,121.484124,31.261203,上海市,上海市,虹口区,121.47963349872327,31.263174066298998,Toilet
无障碍洗手间,生活服务,公厕,121.484134,31.261189,上海市,上海市,虹口区,121.4796435347093,31.26316010162657,Toilet
无障碍洗手间,生活服务,公厕,121.484169,31.261197,上海市,上海市,虹口区,121.479678655791,31.26316820043994,Toilet
无障碍洗手间,生活服务,公厕,121.484181,31.261261,上海市,上海市,虹口区,121.47969069206262,31.26323220762567,Toilet
无障碍洗手间,生活服务,公厕,121.484132,31.261194,上海市,上海市,虹口区,121.47964152732354,31.26316509360205,Toilet
无障碍洗手间,生活服务,公厕,121.484153,31.261252,上海市,上海市,虹口区,121.47966259541283,31.263223129701927,Toilet
无障碍洗手间,生活服务,公厕,121.484205,31.261242,上海市,上海市,虹口区,121.47971477720344,31.263213286067547,Toilet
无障碍洗手间,生活服务,公厕,121.484116,31.261242,上海市,上海市,虹口区,121.47962546755448,31.263213025922276,Toilet
无障碍洗手间,生活服务,公厕,121.48411,31.261228,上海市,上海市,虹口区,121.47961944788304,31.26319901448949,Toilet
无障碍洗手间,生活服务,公厕,121.484167,31.261185,上海市,上海市,虹口区,121.47967664986017,31.26315619982405,Toilet
无障碍洗手间,生活服务,公厕,121.484137,31.261216,上海市,上海市,虹口区,121.4796465428331,31.263187098626744,Toilet
无障碍洗手间,生活服务,公厕,121.484174,31.261226,上海市,上海市,虹口区,121.47968367070402,31.263197202416357,Toilet
无障碍洗手间,生活服务,公厕,121.484132,31.261233,上海市,上海市,虹口区,121.47964152398312,31.263204076604573,Toilet
无障碍洗手间,生活服务,公厕,121.48418,31.261187,上海市,上海市,虹口区,121.4796896949212,31.26315823695329,Toilet
无障碍洗手间,生活服务,公厕,121.484143,31.261257,上海市,上海市,虹口区,121.4796525601946,31.263228098294803,Toilet
无障碍洗手间,生活服务,公厕,121.484092,31.261214,上海市,上海市,虹口区,121.47960138647396,31.26318496799148,Toilet
无障碍卫生间,生活服务,公厕,121.484065,31.261271,上海市,上海市,虹口区,121.4795742876892,31.26324186425931,Toilet
无障碍洗手间,生活服务,公厕,121.484126,31.261178,上海市,上海市,虹口区,121.47963550782184,31.263149083040418,Toilet
无障碍洗手间,生活服务,公厕,121.484106,31.261279,上海市,上海市,虹口区,121.47961542960134,31.263249980574884,Toilet
无障碍洗手间,生活服务,公厕,121.484168,31.261215,上海市,上海市,虹口区,121.47967765076996,31.263186189671725,Toilet
无障碍洗手间,生活服务,公厕,121.484236,31.261191,上海市,上海市,虹口区,121.47974588945684,31.263162398931662,Toilet
无障碍洗手间,生活服务,公厕,121.484258,31.261197,上海市,上海市,虹口区,121.47976796551612,31.26316846064704,Toilet
无障碍洗手间,生活服务,公厕,121.484128,31.261187,上海市,上海市,虹口区,121.47963751400827,31.26315808496273,Toilet
无障碍洗手间,生活服务,公厕,121.484259,31.261185,上海市,上海市,虹口区,121.4797689700247,31.26315646880157,Toilet
无障碍洗手间,生活服务,公厕,121.484237,31.261215,上海市,上海市,虹口区,121.47974689088171,31.263186391395397,Toilet
江湾医院体检中心,医疗保健,综合医院,121.484159,31.261238,上海市,上海市,虹口区,121.47966861748674,31.26320915334068,Medical_Service
母婴室,生活服务,公厕,121.484203,31.261171,上海市,上海市,虹口区,121.47971277632472,31.263142311165083,Toilet
母婴室,生活服务,公厕,121.48412,31.26123,上海市,上海市,虹口区,121.47962948249636,31.26320104284169,Toilet
母婴室,生活服务,公厕,121.484233,31.261258,上海市,上海市,虹口区,121.47974287327725,31.26322936095973,Toilet
母婴室,生活服务,公厕,121.484147,31.261184,上海市,上海市,虹口区,121.47965658036294,31.263155141801203,Toilet
母婴室,生活服务,公厕,121.484138,31.26118,上海市,上海市,虹口区,121.47964754939538,31.26315111723996,Toilet
无障碍洗手间,生活服务,公厕,121.483565,31.261715,上海市,上海市,虹口区,121.47907251288126,31.26368421167873,Toilet
母婴室,生活服务,公厕,121.483495,31.261761,上海市,上海市,虹口区,121.47900226612308,31.263729987636403,Toilet
四川北路山阴路,交通设施,公交站,121.48274,31.264795,上海市,上海市,虹口区,121.47824439243465,31.2667604753948,Transport
长海医院虹口院区外科大楼,医疗保健,综合医院,121.481438,31.26484,上海市,上海市,虹口区,121.47693790487712,31.266801687948757,Medical_Service
雷允上,医疗保健,诊所,121.484424,31.263581,上海市,上海市,虹口区,121.47993433936824,31.265551910014317,Medical_Service
诵芬堂中医门诊部,医疗保健,诊所,121.484498,31.263616,上海市,上海市,虹口区,121.48000859419504,31.26558711143284,Medical_Service
甜爱路,交通设施,地铁,121.483681,31.266152,上海市,上海市,虹口区,121.47918853529768,31.26811962815584,Transport
甜爱路四川北路,交通设施,公交站,121.483636,31.265972,上海市,上海市,虹口区,121.4791433945204,31.267939574501327,Transport
四川北路多伦路,交通设施,公交站,121.482261,31.266477,上海市,上海市,虹口区,121.4777635951384,31.268440360619863,Transport
公厕,生活服务,公厕,121.487945,31.26562,上海市,上海市,虹口区,121.48346752260414,31.26760040628139,Toilet
溧阳社区家庭医生诊所,医疗保健,诊所,121.488606,31.264212,上海市,上海市,虹口区,121.48413098167715,31.26619497799094,Medical_Service
欧阳路吉祥路,交通设施,公交站,121.489769,31.264941,上海市,上海市,虹口区,121.4852980467152,31.26692712689648,Transport
颈医卫,医疗保健,诊所,121.491104,31.265495,上海市,上海市,虹口区,121.48663775528615,31.26748487835037,Medical_Service
近博中医诊所,医疗保健,诊所,121.491054,31.265592,上海市,上海市,虹口区,121.4865875685528,31.26758168677709,Medical_Service
公厕,生活服务,公厕,121.488806,31.266064,上海市,上海市,虹口区,121.4843315319965,31.268046772921554,Toilet
公厕,生活服务,公厕,121.488018,31.266218,上海市,上海市,虹口区,121.4835407294738,31.26819836506706,Toilet
上海福佑中医门诊部,医疗保健,诊所,121.472999,31.264876,上海市,上海市,虹口区,121.46847069790496,31.26681395497659,Medical_Service
青云路东宝兴路,交通设施,公交站,121.472592,31.263625,上海市,上海市,静安区,121.46806248829652,31.26556238809991,Transport
东宝兴路中山北路,交通设施,公交站,121.472026,31.265368,上海市,上海市,静安区,121.46749451372952,31.26730309899324,Transport
福佑国医堂,医疗保健,诊所,121.472994,31.264833,上海市,上海市,虹口区,121.4684656853959,31.266770959923196,Medical_Service
广中社区卫生中心,医疗保健,综合医院,121.474661,31.264457,上海市,上海市,虹口区,121.47013815747104,31.266399698810112,Medical_Service
广中路街道社区卫生中心健康管理中心,医疗保健,综合医院,121.474253,31.263628,上海市,上海市,虹口区,121.46972889087591,31.265569932306548,Medical_Service
中山北路东宝兴路,交通设施,公交站,121.471907,31.266668,上海市,上海市,虹口区,121.46737501930254,31.268602216813377,Transport
宝山路同心路,交通设施,公交站,121.479824,31.264627,上海市,上海市,虹口区,121.47531840929504,31.26658414530577,Transport
天通庵路同心路,交通设施,公交站,121.478809,31.265335,上海市,上海市,虹口区,121.47429990770009,31.2672889466506,Transport
上海长海医院-行政大楼,医疗保健,综合医院,121.480544,31.264979,上海市,上海市,虹口区,121.47604083253596,31.266938055553677,Medical_Service
长海医院虹口院区外科大楼住院部,医疗保健,综合医院,121.481061,31.265352,上海市,上海市,虹口区,121.4765595685211,31.267312380512625,Medical_Service
上海长海医院-急救中心,医疗保健,急救中心,121.480457,31.265603,上海市,上海市,虹口区,121.47595348199724,31.26756153648269,Medical_Service
海军军医大学第一附属医院虹口院区急救中心,医疗保健,综合医院,121.480377,31.265564,上海市,上海市,虹口区,121.4758732123665,31.267522323851217,Medical_Service
中国人民解放军海军军医大学第一附属医院虹口院区行政大楼,医疗保健,综合医院,121.480577,31.264914,上海市,上海市,虹口区,121.47607395080728,31.266873178368225,Medical_Service
东江湾路同心路,交通设施,公交站,121.48009,31.267111,上海市,上海市,虹口区,121.47558510135336,31.269067835215427,Transport
公厕,生活服务,公厕,121.480371,31.267501,上海市,上海市,虹口区,121.47586702570084,31.269458472743363,Toilet
出租车司机专用公厕,生活服务,公厕,121.478738,31.266528,上海市,上海市,虹口区,121.4742285653871,31.268481230641157,Toilet
恒心社区家庭医生诊所,医疗保健,诊所,121.477262,31.266794,上海市,上海市,虹口区,121.47274758018618,31.26874294358225,Medical_Service
社区卫生服务指导中心社区精神卫生指导分中心,医疗保健,综合医院,121.477326,31.267039,上海市,上海市,虹口区,121.47281177331357,31.26898801830637,Medical_Service
公厕,生活服务,公厕,121.478917,31.268568,上海市,上海市,虹口区,121.47440799523764,31.270520863138863,Toilet
公厕,生活服务,公厕,121.480845,31.270291,上海市,上海市,虹口区,121.47634240552684,31.272248639250456,Toilet
虹口足球场地铁站3号口,交通设施,地铁,121.478906,31.270371,上海市,上海市,虹口区,121.47439680323012,31.27232306099671,Transport
虹口足球场地铁站1号口,交通设施,地铁,121.480174,31.269707,上海市,上海市,虹口区,121.47566916473596,31.271662963058283,Transport
虹口足球场,交通设施,地铁,121.479104,31.271353,上海市,上海市,虹口区,121.47459538889358,31.273305205782,Transport
虹口足球场,交通设施,公交站,121.479373,31.27221,上海市,上海市,虹口区,121.47486522685614,31.27416260768352,Transport
青少年体育运动学堂科研医务室,医疗保健,诊所,121.480184,31.272465,上海市,上海市,虹口区,121.47567896211396,31.274419817043576,Medical_Service
中山北一路同心路,交通设施,公交站,121.474829,31.269243,上海市,上海市,虹口区,121.47030629800864,31.271184104372036,Transport
公共厕所,生活服务,公厕,121.453485,31.254437,上海市,上海市,静安区,121.44890032434022,31.256331301973397,Toilet
普善路中山北路,交通设施,公交站,121.454907,31.257681,上海市,上海市,静安区,121.45032575400994,31.259576996424087,Transport
公厕,生活服务,公厕,121.453137,31.258523,上海市,上海市,静安区,121.44855107489548,31.26041474809808,Toilet
天目西路街道社区卫生中心,医疗保健,综合医院,121.453063,31.257385,上海市,上海市,静安区,121.44847698366904,31.25927708787557,Medical_Service
毛家弄社区卫生运营服务站,医疗保健,综合医院,121.453036,31.257404,上海市,上海市,静安区,121.44844991282896,31.259296021257377,Medical_Service
男洗手间,生活服务,公厕,121.457677,31.256492,上海市,上海市,静安区,121.45310331504344,31.25839480002717,Toilet
无障碍洗手间,生活服务,公厕,121.457493,31.25638,上海市,上海市,静安区,121.45291882010235,31.258282424408183,Toilet
闸北中心医院2号楼,医疗保健,综合医院,121.461288,31.254823,上海市,上海市,静安区,121.45672461794275,31.256735091142104,Medical_Service
公共厕所,生活服务,公厕,121.459426,31.258421,上海市,上海市,静安区,121.4548570087509,31.2603270452449,Toilet
芷江西路街道社区卫生中心,医疗保健,综合医院,121.459642,31.257397,上海市,上海市,静安区,121.45507370543584,31.25930400697993,Medical_Service
中山北路地铁站2号口,交通设施,地铁,121.459577,31.258047,上海市,上海市,静安区,121.45500846605646,31.259953567201038,Transport
芷江西路普善路,交通设施,公交站,121.457215,31.256789,上海市,上海市,静安区,121.45264002474966,31.25869060430973,Transport
上海寰星豪华酒店-洗手间,生活服务,公厕,121.458924,31.256805,上海市,上海市,静安区,121.45435374168774,31.258710570618952,Toilet
五月花生活广场-无障碍洗手间,生活服务,公厕,121.457559,31.256577,上海市,上海市,静安区,121.45298498392243,31.25847948994013,Toilet
无障碍洗手间,生活服务,公厕,121.458217,31.25664,上海市,上海市,静安区,121.45364479064632,31.258543988255564,Toilet
无障碍洗手间,生活服务,公厕,121.458168,31.256545,上海市,上海市,静安区,121.45359566334766,31.25844891597192,Toilet
无障碍洗手间,生活服务,公厕,121.458215,31.256691,上海市,上海市,静安区,121.45364278070306,31.258594961141405,Toilet
无障碍洗手间,生活服务,公厕,121.458191,31.256716,上海市,上海市,静安区,121.45361871215742,31.25861989423257,Toilet
无障碍洗手间,生活服务,公厕,121.458168,31.256723,上海市,上海市,静安区,121.45359564795471,31.258626837594814,Toilet
无障碍洗手间,生活服务,公厕,121.45821,31.256752,上海市,上海市,静安区,121.45363776159628,31.258655922639207,Toilet
无障碍洗手间,生活服务,公厕,121.458194,31.256685,上海市,上海市,静安区,121.453621723135,31.258588914867307,Toilet
公厕,生活服务,公厕,121.464653,31.256144,上海市,上海市,静安区,121.46009938776764,31.2580638303857,Toilet
芷江西路西藏北路,交通设施,公交站,121.466024,31.257807,上海市,上海市,静安区,121.46147438004964,31.25972958061182,Transport
芷江西路共和新路,交通设施,公交站,121.464988,31.257836,上海市,上海市,静安区,121.46043524668796,31.259755932012045,Transport
公厕,生活服务,公厕,121.465697,31.25674,上海市,上海市,静安区,121.46114648013004,31.258662214664763,Toilet
公厕,生活服务,公厕,121.464229,31.256738,上海市,上海市,静安区,121.45967406993933,31.2586565023194,Toilet
芷江西路共和新路,交通设施,公交站,121.461826,31.25762,上海市,上海市,静安区,121.45726393033098,31.25953216697045,Transport
公厕,生活服务,公厕,121.461725,31.257737,上海市,上海市,静安区,121.45716262770829,31.259648869262254,Toilet
公厕,生活服务,公厕,121.466643,31.260898,上海市,上海市,静安区,121.46209500055951,31.262820816464437,Toilet
中医医院芷江中路院区肝科门诊,医疗保健,综合医院,121.471256,31.259062,上海市,上海市,静安区,121.46672258839756,31.26099776403311,Medical_Service
上海中医院,交通设施,公交站,121.470886,31.259048,上海市,上海市,静安区,121.466351409446,31.26098277700472,Transport
芷江中路通阁路,交通设施,公交站,121.471276,31.259761,上海市,上海市,静安区,121.4667425921236,31.26169651192452,Transport
公厕,生活服务,公厕,121.470246,31.260648,上海市,上海市,静安区,121.46570923936504,31.262580367192747,Toilet
中医医院芷江中路院区口腔门诊,医疗保健,综合医院,121.470922,31.259426,上海市,上海市,静安区,121.46638749155969,31.261360708018724,Medical_Service
上海中医药大学附属市中医医院,医疗保健,综合医院,121.471202,31.2597,上海市,上海市,静安区,121.46666836099668,31.261635339679405,Medical_Service
中医医院芷江中路院区发热门诊,医疗保健,综合医院,121.471254,31.259097,上海市,上海市,静安区,121.46672057899512,31.26103274332865,Medical_Service
中医医院芷江中路院区肠道门诊,医疗保健,综合医院,121.471211,31.25913,上海市,上海市,静安区,121.46667743880786,31.261065613296125,Medical_Service
宝昌路青云路,交通设施,公交站,121.471336,31.262521,上海市,上海市,静安区,121.46680254628409,31.264455470255434,Transport
西藏北路,交通设施,地铁,121.468786,31.263417,上海市,上海市,静安区,121.46424440856174,31.2653442977013,Transport
公厕,生活服务,公厕,121.468787,31.262067,上海市,上海市,静安区,121.4642455280255,31.26399488662431,Toilet
西藏北路地铁站3号口,交通设施,地铁,121.468249,31.263246,上海市,上海市,静安区,121.46370575000384,31.265171963477364,Transport
西藏北路中山北路,交通设施,公交站,121.465523,31.263844,上海市,上海市,静安区,121.46097134082956,31.26576266902963,Transport
西藏北路陈家宅路,交通设施,公交站,121.465367,31.263776,上海市,上海市,静安区,121.4608148755284,31.265694301836916,Transport
西藏北路民和路,交通设施,公交站,121.464087,31.26626,上海市,上海市,静安区,121.45953082515425,31.268173999335783,Transport
俞泾港路平型关路,交通设施,公交站,121.466017,31.266106,上海市,上海市,静安区,121.46146664288968,31.26802495211359,Transport
公厕,生活服务,公厕,121.462426,31.266441,上海市,上海市,静安区,121.45786491352808,31.26835079938204,Toilet
无障碍公厕,生活服务,公厕,121.462555,31.266483,上海市,上海市,静安区,121.45799428676156,31.26839309859273,Toilet
公厕,生活服务,公厕,121.461866,31.266175,上海市,上海市,静安区,121.45730330723218,31.26808354218243,Toilet
公共厕所,生活服务,公厕,121.462463,31.26646,上海市,上海市,静安区,121.45790201991991,31.26836988215858,Toilet
公厕,生活服务,公厕,121.468456,31.265508,上海市,上海市,静安区,121.4639131990249,31.26743352684817,Toilet
中山北路西宝兴路,交通设施,公交站,121.47081,31.265622,上海市,上海市,静安区,121.46627460141366,31.267553715709425,Transport
公厕,生活服务,公厕,121.47023,31.265522,上海市,上海市,静安区,121.46569276889682,31.267452209489008,Toilet
西宝兴路中山北路,交通设施,公交站,121.470551,31.266843,上海市,上海市,虹口区,121.46601467291106,31.268773496849384,Transport
公厕,生活服务,公厕,121.47079,31.265994,上海市,上海市,静安区,121.46625450573072,31.2679255017346,Toilet
上海平安中医门诊部,医疗保健,诊所,121.467322,31.26632,上海市,上海市,静安区,121.4627756169186,31.26824222065138,Medical_Service
西宝兴路公兴桥,交通设施,公交站,121.468661,31.268946,上海市,上海市,静安区,121.46411854173206,31.270870587068856,Transport
公共卫生临床中心,医疗保健,综合医院,121.470245,31.272673,上海市,上海市,虹口区,121.46570720032572,31.27460018949064,Medical_Service
柳营路北宝兴路,交通设施,公交站,121.468939,31.270966,上海市,上海市,虹口区,121.46439723625949,31.27289045550925,Transport
公厕,生活服务,公厕,121.469991,31.270697,上海市,上海市,虹口区,121.46545256714896,31.272624353764314,Toilet
出租车司机专用公厕,生活服务,公厕,121.469191,31.272535,上海市,上海市,虹口区,121.46464989041712,31.27445945267964,Toilet
上海灯具城-无障碍洗手间,生活服务,公厕,121.467931,31.272405,上海市,上海市,虹口区,121.4633859735054,31.27432620196112,Toilet
共和新路街道社区卫生中心柳营社区卫生服务站,医疗保健,综合医院,121.463113,31.268575,上海市,上海市,静安区,121.45855374283072,31.270485578132988,Medical_Service
柳营路平型关路,交通设施,公交站,121.465283,31.268624,上海市,上海市,静安区,121.46073020377432,31.270539999890957,Transport
平型关路柳营路,交通设施,公交站,121.464913,31.270229,上海市,上海市,静安区,121.460358951835,31.272143376359256,Transport
洛川东路平型关路,交通设施,公交站,121.464426,31.2716,上海市,上海市,静安区,121.45987037481729,31.273512564303985,Transport
共和新路街道社区卫生中心,医疗保健,综合医院,121.464923,31.271996,上海市,上海市,静安区,121.46036882933176,31.27390964914237,Medical_Service
共和新社区卫生中心-预防接种门诊,医疗保健,诊所,121.464642,31.271858,上海市,上海市,静安区,121.46008699854237,31.27377099840667,Medical_Service
柳营路泽州路,交通设施,公交站,121.455852,31.263662,上海市,上海市,静安区,121.45127274700788,31.265557500984425,Transport
公厕,生活服务,公厕,121.455782,31.264392,上海市,上海市,静安区,121.45120249661588,31.266287027269417,Toilet
公厕,生活服务,公厕,121.452924,31.268083,上海市,上海市,静安区,121.44833670090672,31.26997014238106,Toilet
出租车司机专用公厕,生活服务,公厕,121.458382,31.265623,上海市,上海市,静安区,121.4538094707329,31.26752345764986,Toilet
柳营路共和新路,交通设施,公交站,121.460527,31.265641,上海市,上海市,静安区,121.45596050252908,31.26754653006137,Transport
共和新路柳营路,交通设施,公交站,121.459878,31.264149,上海市,上海市,静安区,121.45530978821294,31.266053622726247,Transport
公厕,生活服务,公厕,121.459133,31.26726,上海市,上海市,静安区,121.45456242222,31.26916151520517,Toilet
闸北公园,交通设施,公交站,121.458406,31.266649,上海市,上海市,静安区,121.45383344854508,31.26854907161212,Transport
mcdonalds,生活服务,公厕,121.458217,31.268013,上海市,上海市,静安区,121.45364380694792,31.26991204464896,Toilet
新理想居委红十字卫生站,医疗保健,诊所,121.459014,31.268056,上海市,上海市,静安区,121.45444302031188,31.269956892999872,Medical_Service
延长中路童家浜,交通设施,公交站,121.452588,31.270355,上海市,上海市,静安区,121.44799964688288,31.27224044883524,Transport
公共场所,生活服务,公厕,121.452983,31.268234,上海市,上海市,静安区,121.44839583880768,31.27012120475193,Toilet
延长路,交通设施,地铁,121.455336,31.271705,上海市,上海市,静安区,121.45075467517836,31.27359588986512,Transport
十院口腔专科医院,医疗保健,综合医院,121.454935,31.271415,上海市,上海市,静安区,121.45035263864348,31.273305119345405,Medical_Service
共和新路延长中路,交通设施,公交站,121.454616,31.272702,上海市,上海市,静安区,121.45003268718548,31.27459086528101,Transport
公共厕所,生活服务,公厕,121.455405,31.270926,上海市,上海市,静安区,121.45082392596284,31.272817375795437,Toilet
第十人民医院急诊部,医疗保健,综合医院,121.454129,31.27115,上海市,上海市,静安区,121.44954454716964,31.27303845186225,Medical_Service
第十人民医院口腔医疗保健中心-洗手间,生活服务,公厕,121.45503,31.271412,上海市,上海市,静安区,121.45044788983776,31.27330233190265,Toilet
中医医院,医疗保健,综合医院,121.454582,31.270772,上海市,上海市,静安区,121.44999876508228,31.27266161076846,Medical_Service
中医医院静安分院,医疗保健,综合医院,121.454626,31.270833,上海市,上海市,静安区,121.45004287535372,31.27272268206723,Medical_Service
无障碍洗手间,生活服务,公厕,121.455409,31.270954,上海市,上海市,静安区,121.45082793417116,31.2728453728196,Toilet
延长路地铁站2号口,交通设施,地铁,121.456201,31.271373,上海市,上海市,静安区,121.45162201567736,31.273265977552843,Transport
延长路地铁站4号口,交通设施,地铁,121.454901,31.271991,上海市,上海市,静安区,121.45031849903236,31.27388079885904,Transport
延长路地铁站3号口,交通设施,地铁,121.455321,31.271075,上海市,上海市,静安区,121.45073968991058,31.272966124439357,Transport
第十人民医院,医疗保健,综合医院,121.453594,31.27206,上海市,上海市,静安区,121.4490080793059,31.273946895300657,Medical_Service
卫生部国际紧急救援中心网络医院,医疗保健,综合医院,121.454001,31.271719,上海市,上海市,静安区,121.44941616449093,31.273606929044853,Medical_Service
同济大学附属第十人民医院,医疗保健,综合医院,121.453545,31.272028,上海市,上海市,静安区,121.4489589554416,31.27391480227558,Medical_Service
第十人民医院分院,医疗保健,综合医院,121.453905,31.271489,上海市,上海市,静安区,121.44931993481656,31.273376816720823,Medical_Service
无障碍洗手间,生活服务,公厕,121.453901,31.271795,上海市,上海市,静安区,121.4493158979122,31.273682677826177,Toilet
无障碍洗手间,生活服务,公厕,121.453929,31.271812,上海市,上海市,静安区,121.44934396919678,31.27369973185733,Toilet
无障碍洗手间,生活服务,公厕,121.453921,31.271775,上海市,上海市,静安区,121.44933595161142,31.27366273008292,Toilet
无障碍洗手间,生活服务,公厕,121.453923,31.271766,上海市,上海市,静安区,121.44933795758874,31.27365373828563,Toilet
无障碍洗手间,生活服务,公厕,121.453943,31.27177,上海市,上海市,静安区,121.44935800922636,31.27365778035339,Toilet
无障碍洗手间,生活服务,公厕,121.453965,31.271835,上海市,上海市,静安区,121.4493800607961,31.27372280087993,Toilet
无障碍洗手间,生活服务,公厕,121.453976,31.271794,上海市,上海市,静安区,121.44939109295642,31.27368184239725,Toilet
无障碍洗手间,生活服务,公厕,121.453931,31.271792,上海市,上海市,静安区,121.4493459761278,31.27367974473693,Toilet
无障碍洗手间,生活服务,公厕,121.453971,31.271774,上海市,上海市,静安区,121.44938608168496,31.27366183995153,Toilet
无障碍洗手间,生活服务,公厕,121.453897,31.271733,上海市,上海市,静安区,121.44931189289272,31.27362069543869,Toilet
无障碍洗手间,生活服务,公厕,121.453927,31.271839,上海市,上海市,静安区,121.44934196165944,31.273726716002475,Toilet
第十人民医院2号楼病房,医疗保健,综合医院,121.453613,31.272533,上海市,上海市,静安区,121.44902708745032,31.274419735809445,Medical_Service
第十人民医院老年科门诊,医疗保健,综合医院,121.453046,31.27239,上海市,上海市,静安区,121.44845864002971,31.274275567435563,Medical_Service
第十医院-门诊部,医疗保健,综合医院,121.453528,31.270929,上海市,上海市,静安区,121.4489420067587,31.272816232902112,Medical_Service
第十人民医院整形美容部,医疗保健,综合医院,121.453313,31.270891,上海市,上海市,静安区,121.44872645571355,31.27277778236442,Medical_Service
同济大学附属口腔医院整形美容部,医疗保健,综合医院,121.453293,31.27088,上海市,上海市,静安区,121.4487064051966,31.27276674371583,Medical_Service
同济大学附属口腔医院1号楼,医疗保健,综合医院,121.453058,31.270813,上海市,上海市,静安区,121.44847080745738,31.27269926411039,Medical_Service
同济大学附属口腔医院2号楼,医疗保健,综合医院,121.452884,31.271067,上海市,上海市,静安区,121.44829634002647,31.2729527808828,Medical_Service
同济大学附属口腔医院4号楼,医疗保健,综合医院,121.452816,31.271358,上海市,上海市,静安区,121.44822814107314,31.273243510718,Medical_Service
同济大学附属口腔医院5号楼,医疗保健,综合医院,121.452564,31.271606,上海市,上海市,静安区,121.44797547740784,31.27349086453629,Medical_Service
第十人民医院健康体检部,医疗保健,综合医院,121.453667,31.271054,上海市,上海市,静安区,121.44908135531855,31.27294148224772,Medical_Service
同济大学附属口腔医院-急诊室,医疗保健,急救中心,121.453065,31.270732,上海市,上海市,静安区,121.44847783242209,31.272618313740946,Medical_Service
同济大学附属口腔医院科教楼,医疗保健,综合医院,121.452748,31.271619,上海市,上海市,静安区,121.44815994490948,31.27350425355979,Medical_Service
第十人民医院中医楼,医疗保健,综合医院,121.452349,31.272006,上海市,上海市,静安区,121.44775989692972,31.27389023495201,Medical_Service
小儿视光学部,医疗保健,综合医院,121.453209,31.27078,上海市,上海市,静安区,121.44862219786668,31.27266660447136,Medical_Service
第十人民医院,医疗保健,综合医院,121.453614,31.271004,上海市,上海市,静安区,121.44902822252402,31.272891388089228,Medical_Service
公厕,生活服务,公厕,121.413418,31.236751,上海市,上海市,普陀区,121.40876941024128,31.238598321860017,Toilet
中山北路曹杨路,交通设施,公交站,121.414613,31.237658,上海市,上海市,普陀区,121.40996508821952,31.23950553108877,Transport
白兰路社区卫生运营服务站,医疗保健,综合医院,121.414967,31.235679,上海市,上海市,普陀区,121.41031949967828,31.237527637942414,Medical_Service
上海钱一针中医诊所,医疗保健,诊所,121.416644,31.237791,上海市,上海市,普陀区,121.4119975385503,31.23963968190978,Medical_Service
男洗手间,生活服务,公厕,121.415547,31.23777,上海市,上海市,普陀区,121.41089972334966,31.23961801374439,Toilet
曹杨路地铁站4号口,交通设施,地铁,121.416921,31.237971,上海市,上海市,普陀区,121.41227473934303,31.239819779212247,Transport
曹杨路地铁站出入口,交通设施,地铁,121.415934,31.238565,上海市,上海市,普陀区,121.41128693492804,31.24041288251648,Transport
曹杨六村,交通设施,公交站,121.413634,31.239514,上海市,上海市,普陀区,121.40898530051744,31.24136016460851,Transport
白玉社区卫生中心,医疗保健,综合医院,121.419644,31.236067,上海市,上海市,普陀区,121.41500025159657,31.23791860594065,Medical_Service
曹杨路地铁站10号口,交通设施,地铁,121.421815,31.239446,上海市,上海市,普陀区,121.41717311107156,31.241297854388545,Transport
曹杨路地铁站11号口,交通设施,地铁,121.421672,31.239413,上海市,上海市,普陀区,121.41702996435993,31.241264744533005,Transport
曹杨路,交通设施,地铁,121.417716,31.239261,上海市,上海市,普陀区,121.41307027099474,31.24110972429097,Transport
普雄路武宁路,交通设施,公交站,121.422764,31.236576,上海市,上海市,普陀区,121.41812338130433,31.238430021667707,Transport
公厕,生活服务,公厕,121.422173,31.236219,上海市,上海市,普陀区,121.41753177146909,31.23807265014358,Toilet
谈家渡路武宁支路,交通设施,公交站,121.424659,31.236072,上海市,上海市,普陀区,121.42002060492544,31.237928076559424,Transport
奥克伍德华庭服务式公寓-洗手间,生活服务,公厕,121.422562,31.238226,上海市,上海市,普陀区,121.41792101640957,31.24007907995789,Toilet
公厕,生活服务,公厕,121.424207,31.238559,上海市,上海市,普陀区,121.41956785117826,31.24041348605707,Toilet
曹杨路地铁站9号口,交通设施,地铁,121.422701,31.238601,上海市,上海市,普陀区,121.41806013568784,31.24045403529025,Transport
曹杨路地铁站8号口,交通设施,地铁,121.423361,31.239435,上海市,上海市,普陀区,121.41872079847892,31.241288268829955,Transport
女洗手间,生活服务,公厕,121.42782,31.236096,上海市,上海市,普陀区,121.42318565901458,31.237955463421912,Toilet
长寿路叶家宅路,交通设施,公交站,121.431302,31.236061,上海市,上海市,普陀区,121.42667273162344,31.2379247328308,Transport
长寿路叶家宅路,交通设施,公交站,121.431639,31.236299,上海市,上海市,普陀区,121.42701023466928,31.2381630631136,Transport
长寿社区卫生中心,医疗保健,综合医院,121.42476,31.24094,上海市,上海市,普陀区,121.42012130243052,31.242793950278788,Medical_Service
长寿街道社区卫生中心-预防接种门诊,医疗保健,诊所,121.424692,31.240873,上海市,上海市,普陀区,121.4200532264057,31.2427269122792,Medical_Service
长寿街道社区卫生中心第二执业点,医疗保健,综合医院,121.424692,31.240857,上海市,上海市,普陀区,121.4200532277994,31.24271091956658,Medical_Service
中山北路陆家宅,交通设施,公交站,121.422215,31.243347,上海市,上海市,普陀区,121.41757319534987,31.24519743395452,Transport
公厕,生活服务,公厕,121.422843,31.246926,上海市,上海市,普陀区,121.41820156659652,31.248775389222548,Toilet
公厕,生活服务,公厕,121.426276,31.246692,上海市,上海市,普陀区,121.42163868959253,31.24854492754764,Toilet
和平新村,交通设施,公交站,121.425467,31.247728,上海市,上海市,普陀区,121.42082857667228,31.249579605507684,Transport
岚皋路中山北路,交通设施,公交站,121.424695,31.248913,上海市,上海市,普陀区,121.42005552957804,31.25076328414297,Transport
镇坪路,交通设施,地铁,121.429805,31.246366,上海市,上海市,普陀区,121.42517257847288,31.248223149099257,Transport
中山北路光新路,交通设施,公交站,121.431753,31.249149,上海市,上海市,普陀区,121.42712329500212,31.25100738300341,Transport
上海岳养中医门诊部,医疗保健,诊所,121.431409,31.248316,上海市,上海市,普陀区,121.42677883086562,31.25017430565916,Medical_Service
镇坪路石泉路,交通设施,公交站,121.428376,31.250616,上海市,上海市,普陀区,121.4237411622269,31.25246952807215,Transport
公厕,生活服务,公厕,121.429486,31.25255,上海市,上海市,普陀区,121.42485257410048,31.25440399232413,Toilet
公厕,生活服务,公厕,121.431704,31.253749,上海市,上海市,普陀区,121.42707381778582,31.255605269927205,Toilet
汉阴路石泉路,交通设施,公交站,121.42909,31.253488,上海市,上海市,普陀区,121.42445592130362,31.2553410970026,Transport
石泉路汉阴路,交通设施,公交站,121.429273,31.252508,上海市,上海市,普陀区,121.42463926956356,31.254361752476203,Transport
公厕,生活服务,公厕,121.423595,31.249682,上海市,上海市,普陀区,121.41895417194176,31.25153086039067,Toilet
无障碍公厕,生活服务,公厕,121.423697,31.249675,上海市,上海市,普陀区,121.4190562895416,31.25152396135605,Toilet
石泉路岚皋路,交通设施,公交站,121.425848,31.250724,上海市,上海市,普陀区,121.42120979301814,31.25257466453605,Transport
旬阳路华池路,交通设施,公交站,121.424875,31.25346,上海市,上海市,普陀区,121.4202353506326,31.25530843986157,Transport
公厕,生活服务,公厕,121.424833,31.253762,上海市,上海市,普陀区,121.42019327346432,31.25561026344684,Toilet
华池路岚皋路,交通设施,公交站,121.423698,31.25373,上海市,上海市,普陀区,121.41905693728948,31.255577157468867,Transport
岚皋路华池路,交通设施,公交站,121.422754,31.251867,上海市,上海市,普陀区,121.41811203787852,31.25371409703125,Transport
长寿路胶州路,交通设施,公交站,121.433379,31.23762,上海市,上海市,普陀区,121.4287529160286,31.2394858050389,Transport
长寿路常德路,交通设施,公交站,121.436694,31.239472,上海市,上海市,普陀区,121.432073504285,31.24134178928607,Transport
余姚路胶州路,交通设施,公交站,121.44018,31.2361,上海市,上海市,静安区,121.43556642784188,31.237976911530893,Transport
上海成力德中医诊所,医疗保健,诊所,121.440304,31.240075,上海市,上海市,普陀区,121.43569032930608,31.2419502981844,Medical_Service
长寿路,交通设施,地铁,121.438281,31.240894,上海市,上海市,普陀区,121.43366332595043,31.242765617265885,Transport
上海葆春堂中医门诊部,医疗保健,诊所,121.438106,31.242067,上海市,上海市,普陀区,121.4334878931834,31.243937805451143,Medical_Service
中医诊所,医疗保健,诊所,121.437624,31.240778,上海市,上海市,普陀区,121.4330051017384,31.24264863213276,Medical_Service
长寿路地铁站1号口,交通设施,地铁,121.436993,31.240241,上海市,上海市,普陀区,121.43237298288346,31.242110896881773,Transport
长寿路地铁站3号口,交通设施,地铁,121.438467,31.241543,上海市,上海市,普陀区,121.43384962281716,31.24341461897507,Transport
长寿路地铁站4号口,交通设施,地铁,121.438614,31.240645,上海市,上海市,普陀区,121.43399698123017,31.24251726361133,Transport
长寿路地铁站2号口,交通设施,地铁,121.437709,31.240783,上海市,上海市,普陀区,121.43309025980248,31.242653763136055,Transport
长寿路西康路,交通设施,公交站,121.440788,31.242933,上海市,上海市,普陀区,121.43617505105289,31.24480781421272,Transport
陕西北路普陀路,交通设施,公交站,121.440468,31.243939,上海市,上海市,普陀区,121.43585432109576,31.245812817841,Transport
长寿公园-公厕,生活服务,公厕,121.439031,31.243856,上海市,上海市,普陀区,121.43441450331429,31.24572747905483,Toilet
长寿新村,交通设施,公交站,121.434815,31.241919,上海市,上海市,普陀区,121.43019096522418,31.24378487842373,Transport
澳门路常德路,交通设施,公交站,121.436121,31.242694,上海市,上海市,普陀区,121.43149919124144,31.24456145404464,Transport
颈医卫,医疗保健,诊所,121.435844,31.242565,上海市,上海市,普陀区,121.43122170893524,31.244432097742205,Medical_Service
宜昌路西康路,交通设施,公交站,121.43376,31.244271,上海市,上海市,普陀区,121.42913397030009,31.24613430782098,Transport
海防路西康路,交通设施,公交站,121.444531,31.237527,上海市,上海市,静安区,121.43992639487878,31.23941090680863,Transport
昌平路西康路,交通设施,公交站,121.446366,31.235792,上海市,上海市,静安区,121.44176564228164,31.23768015300061,Transport
蒋家巷社区卫生运营服务站,医疗保健,综合医院,121.445254,31.23659,上海市,上海市,静安区,121.44065107209256,31.23847568043553,Medical_Service
陕西北路海防路,交通设施,公交站,121.445963,31.239113,上海市,上海市,静安区,121.44136144142291,31.24099886114568,Transport
西康路海防路,交通设施,公交站,121.443603,31.2382,上海市,上海市,静安区,121.4389963232282,31.240081903728274,Transport
昌平路江宁路,交通设施,公交站,121.449069,31.236824,上海市,上海市,静安区,121.44447486250095,31.23871699150408,Transport
江宁路康定路,交通设施,公交站,121.450768,31.236328,上海市,上海市,静安区,121.44617803479862,31.2382246969402,Transport
江宁路街道社区卫生中心,医疗保健,综合医院,121.450648,31.239874,上海市,上海市,静安区,121.44605743194192,31.241768823519795,Medical_Service
江宁路街道社区卫生服务分中心,医疗保健,综合医院,121.449448,31.238208,上海市,上海市,静安区,121.44485465294864,31.24010112338978,Medical_Service
江宁路社区卫生中心-预防接种门诊,医疗保健,诊所,121.450707,31.239731,上海市,上海市,静安区,121.44611658964952,31.2416260111806,Medical_Service
海防路江宁路,交通设施,公交站,121.44751,31.238998,上海市,上海市,静安区,121.4429119953182,31.240886897522763,Transport
昌化路海防路,交通设施,公交站,121.449013,31.240146,上海市,上海市,静安区,121.44441844063807,31.242037358112192,Transport
江宁路海防路,交通设施,公交站,121.447603,31.239822,上海市,上海市,静安区,121.44300514033198,31.241710703324657,Transport
公厕,生活服务,公厕,121.448914,31.238933,上海市,上海市,静安区,121.44431930922318,31.240824712951078,Toilet
陕西北路安远路,交通设施,公交站,121.442357,31.242332,上海市,上海市,普陀区,121.4377473242449,31.244209797219742,Transport
巴黎春天,生活服务,公厕,121.441927,31.242191,上海市,上海市,普陀区,121.43731644216378,31.244068108678174,Toilet
女洗手间,生活服务,公厕,121.441922,31.242198,上海市,上海市,普陀区,121.4373114312081,31.24407509679106,Toilet
女洗手间,生活服务,公厕,121.441889,31.242122,上海市,上海市,普陀区,121.43727836954083,31.2439990738699,Toilet
女洗手间,生活服务,公厕,121.441899,31.242148,上海市,上海市,普陀区,121.4372883879646,31.24402507946149,Toilet
男洗手间,生活服务,公厕,121.441862,31.242222,上海市,上海市,普陀区,121.43725130504173,31.24409898147739,Toilet
男洗手间,生活服务,公厕,121.441932,31.242188,上海市,上海市,普陀区,121.4373214527733,31.24406511874941,Toilet
江宁路安远路,交通设施,公交站,121.445386,31.241988,上海市,上海市,普陀区,121.44078289778868,31.24387146120379,Transport
江宁路,交通设施,地铁,121.444828,31.244245,上海市,上海市,普陀区,121.44022346470324,31.246126396472555,Transport
江宁路长寿路,交通设施,公交站,121.444403,31.243066,上海市,上海市,普陀区,121.4397976342076,31.244947145193965,Transport
女洗手间,生活服务,公厕,121.445117,31.244242,上海市,上海市,普陀区,121.44051310399982,31.246123935748663,Toilet
长寿路江宁路,交通设施,公交站,121.442644,31.24361,上海市,上海市,普陀区,121.43803481503777,31.245487724054783,Transport
长寿街道社区卫生中心,医疗保健,综合医院,121.441915,31.243867,上海市,上海市,普陀区,121.43730427179962,31.24574332782609,Medical_Service
觉群中医,医疗保健,诊所,121.4435,31.242961,上海市,上海市,普陀区,121.43889268901674,31.2448405478965,Medical_Service
上海觉群中医门诊部,医疗保健,诊所,121.443563,31.24297,上海市,上海市,普陀区,121.43895582335784,31.244849657540176,Medical_Service
江宁路地铁站4号口,交通设施,地铁,121.443893,31.244276,上海市,上海市,普陀区,121.43928642079652,31.24615566433503,Transport
公共厕所,生活服务,公厕,121.442587,31.245502,上海市,上海市,普陀区,121.43797753094869,31.24737876806819,Toilet
昌化社区卫生运营服务站,医疗保健,综合医院,121.444639,31.246029,上海市,上海市,普陀区,121.44003389403642,31.24790924107728,Medical_Service
昌化路澳门路,交通设施,公交站,121.444206,31.247927,上海市,上海市,普陀区,121.4395997827485,31.249805590888165,Transport
公厕,生活服务,公厕,121.450902,31.246821,上海市,上海市,静安区,121.44631145681127,31.248713203325707,Toilet
公厕,生活服务,公厕,121.449133,31.247202,上海市,上海市,普陀区,121.44453811636444,31.24909040489124,Toilet
公厕,生活服务,公厕,121.449638,31.248121,上海市,上海市,普陀区,121.4450442526358,31.25001001608437,Toilet
母婴室,生活服务,公厕,121.451547,31.247772,上海市,上海市,静安区,121.44695797817016,31.24966512649558,Toilet
母婴室,生活服务,公厕,121.45144,31.247802,上海市,上海市,静安区,121.44685070830798,31.249694887962765,Toilet
母婴室,生活服务,公厕,121.451541,31.247852,上海市,上海市,静安区,121.4469519562406,31.249745077953836,Toilet
母婴室,生活服务,公厕,121.451658,31.247651,上海市,上海市,静安区,121.44706926641452,31.249544414730487,Toilet
母婴室,生活服务,公厕,121.45147,31.247803,上海市,上海市,静安区,121.4468807831064,31.24969595057538,Toilet
母婴室,生活服务,公厕,121.451593,31.247775,上海市,上海市,静安区,121.44700409295648,31.24966822203092,Toilet
母婴室,生活服务,公厕,121.451449,31.24764,上海市,上海市,静安区,121.44685974480323,31.24953297961073,Toilet
母婴室,生活服务,公厕,121.451501,31.247739,上海市,上海市,静安区,121.44691186607156,31.24963204450342,Toilet
母婴室,生活服务,公厕,121.451628,31.247701,上海市,上海市,静安区,121.44703918696132,31.249594329018283,Toilet
母婴室,生活服务,公厕,121.451484,31.247699,上海市,上海市,静安区,121.44689482707496,31.24959202670474,Toilet
母婴室,生活服务,公厕,121.451565,31.2477,上海市,上海市,静安区,121.44697602941464,31.249593196721715,Toilet
母婴室,生活服务,公厕,121.451529,31.247806,上海市,上海市,静安区,121.44693993023095,31.24969907334292,Toilet
母婴室,生活服务,公厕,121.451464,31.247817,上海市,上海市,静安区,121.44687476691358,31.24970993167616,Toilet
陕西北路宜昌路,交通设施,公交站,121.43752,31.246359,上海市,上海市,普陀区,121.43290042318876,31.24822694175441,Transport
公厕,生活服务,公厕,121.43705,31.24697,上海市,上海市,普陀区,121.43242950241678,31.24883693731991,Toilet
人民医院,医疗保健,综合医院,121.441122,31.245352,上海市,上海市,普陀区,121.43650951685072,31.247226288585725,Medical_Service
纺一医院,医疗保健,综合医院,121.441725,31.245525,上海市,上海市,普陀区,121.43711373552756,31.247400248566933,Medical_Service
普陀路江宁路,交通设施,公交站,121.44149,31.24512,上海市,上海市,普陀区,121.43687828785542,31.246995025050456,Transport
江宁路澳门路,交通设施,公交站,121.441761,31.245953,上海市,上海市,普陀区,121.43714977255677,31.24782811803406,Transport
人民医院服务站,医疗保健,综合医院,121.441483,31.246028,上海市,上海市,普陀区,121.43687119465348,31.247902603463743,Medical_Service
人民医院2,医疗保健,综合医院,121.441115,31.245583,上海市,上海市,普陀区,121.43650248256657,31.24745717241424,Medical_Service
人民医院5号楼,医疗保健,综合医院,121.441571,31.245373,上海市,上海市,普陀区,121.43695943201504,31.24724805065016,Medical_Service
人民医院1号楼,医疗保健,综合医院,121.441263,31.245629,上海市,上海市,普陀区,121.43665077972462,31.24750340504857,Medical_Service
人民医院住院部,医疗保健,综合医院,121.44159,31.24551,上海市,上海市,普陀区,121.43697845913128,31.247385021671278,Medical_Service
人民医院急诊,医疗保健,综合医院,121.441763,31.245631,上海市,上海市,普陀区,121.43715180464469,31.247506266663027,Medical_Service
公厕,生活服务,公厕,121.437641,31.249097,上海市,上海市,普陀区,121.43302141029942,31.250963901841395,Toilet
光新路中山北路,交通设施,公交站,121.432155,31.251562,上海市,上海市,普陀区,121.42752571976082,31.25341983877427,Transport
中山北路铁路街,交通设施,公交站,121.435645,31.253444,上海市,上海市,普陀区,121.43102141060304,31.25530592068153,Transport
公共厕所,生活服务,公厕,121.431964,31.252915,上海市,上海市,普陀区,121.42733429936062,31.25477198316615,Toilet
农林社区卫生运营服务站,医疗保健,诊所,121.433068,31.252847,上海市,上海市,普陀区,121.42844008015952,31.254705503735373,Medical_Service
公厕,生活服务,公厕,121.437966,31.255192,上海市,上海市,普陀区,121.43334648865424,31.25705670298396,Toilet
中潭路,交通设施,地铁,121.440976,31.254585,上海市,上海市,普陀区,121.43636241862995,31.256454914308648,Transport
交通路宜川路,交通设施,公交站,121.439628,31.256388,上海市,上海市,普陀区,121.43501157582703,31.258254858970503,Transport
中山北路中潭路,交通设施,公交站,121.439858,31.255229,上海市,上海市,普陀区,121.43524212871093,31.257096750506413,Transport
公厕,生活服务,公厕,121.441618,31.256373,上海市,上海市,普陀区,121.43700557305112,31.25824322692264,Toilet
公厕,生活服务,公厕,121.440812,31.254593,上海市,上海市,普陀区,121.4361980864964,31.25646263194909,Toilet
中潭路地铁站4号口,交通设施,地铁,121.440627,31.254668,上海市,上海市,普陀区,121.43601270764,31.25653728555903,Transport
中潭路地铁站1号口,交通设施,地铁,121.441669,31.25474,上海市,上海市,普陀区,121.43705681980924,31.256611035901667,Transport
中潭路地铁站3号口,交通设施,地铁,121.440718,31.254444,上海市,上海市,普陀区,121.43610391005096,31.256313538539796,Transport
中潭路地铁站2号口,交通设施,地铁,121.441705,31.254562,上海市,上海市,普陀区,121.43709290938304,31.256433176972877,Transport
中潭路地铁站6号口,交通设施,地铁,121.441353,31.254745,上海市,上海市,普陀区,121.43674017148544,31.256615488608503,Transport
中潭路地铁站5号口,交通设施,地铁,121.440946,31.254733,上海市,上海市,普陀区,121.4363323450455,31.256602797773,Transport
宜川路交通路,交通设施,公交站,121.440735,31.257456,上海市,上海市,普陀区,121.4361206825334,31.259324239126208,Transport
宜川二村,交通设施,公交站,121.439212,31.262467,上海市,上海市,普陀区,121.4345942360004,31.264330516812446,Transport
延长西路宜川路,交通设施,公交站,121.439162,31.262426,上海市,上海市,普陀区,121.43454414260816,31.264289453093618,Transport
宜川路延长西路,交通设施,公交站,121.438718,31.261293,上海市,上海市,普陀区,121.43409938546496,31.26315622656545,Transport
公厕,生活服务,公厕,121.443228,31.255031,上海市,上海市,普陀区,121.4386190597816,31.25690465473886,Toilet
交通路交通西路,交通设施,公交站,121.446669,31.254227,上海市,上海市,普陀区,121.4420677344684,31.256107411120624,Transport
中山北路交通路,交通设施,公交站,121.446624,31.257553,上海市,上海市,普陀区,121.4420223429441,31.25943185759474,Transport
中山北路交通路下客站,交通设施,公交站,121.446529,31.257354,上海市,上海市,普陀区,121.44192714321927,31.25923276239643,Transport
公厕,生活服务,公厕,121.445493,31.258467,上海市,上海市,普陀区,121.44088870663872,31.26034330410976,Toilet
公厕,生活服务,公厕,121.448585,31.259346,上海市,上海市,普陀区,121.44398775636328,31.261227917627306,Toilet
共和新路街道社区卫生中心1100弄社区卫生服务站,医疗保健,综合医院,121.450641,31.263049,上海市,上海市,静安区,121.4460484063587,31.26493348909995,Medical_Service
共和新路街道社区卫生服务第二中心,医疗保健,综合医院,121.450721,31.263051,上海市,上海市,静安区,121.4461286032886,31.26493565418212,Medical_Service
洛川中路沪太路,交通设施,公交站,121.44697,31.263427,上海市,上海市,静安区,121.44236862694328,31.2653039617522,Transport
骊山路华阴路,交通设施,公交站,121.444477,31.259118,上海市,上海市,普陀区,121.43987040265428,31.260992127306302,Transport
华阴路骊山路,交通设施,公交站,121.445522,31.260529,上海市,上海市,普陀区,121.4409175924823,31.262404456596563,Transport
宜川街道社区卫生中心,医疗保健,综合医院,121.444664,31.25973,上海市,上海市,普陀区,121.44005775962894,31.26160420467237,Medical_Service
宜川街道社区卫生中心-预防接种门诊,医疗保健,诊所,121.444439,31.259691,上海市,上海市,普陀区,121.43983226975784,31.261564806605158,Medical_Service
沪太路华阴路,交通设施,公交站,121.446686,31.262031,上海市,上海市,普陀区,121.44208409616918,31.26390801924522,Transport
沪太路洛川中路,交通设施,公交站,121.446466,31.262651,上海市,上海市,静安区,121.44186353982684,31.264527326760028,Transport
公厕,生活服务,公厕,121.44644,31.263216,上海市,上海市,静安区,121.4418374315394,31.26509203164021,Toilet
无障碍公厕,生活服务,公厕,121.446412,31.263146,上海市,上海市,静安区,121.44180937384496,31.26502200833186,Toilet
公厕,生活服务,公厕,121.446337,31.262271,上海市,上海市,普陀区,121.44173427915472,31.26414724471285,Toilet
延长西路沪太路,交通设施,公交站,121.442938,31.26475,上海市,上海市,普陀区,121.4383275995209,31.266618888367244,Transport
出租车司机专用公厕,生活服务,公厕,121.442733,31.264066,上海市,上海市,普陀区,121.43812222581832,31.265934819834754,Toilet
宜川四村社区卫生运营服务站,医疗保健,诊所,121.44454,31.26474,上海市,上海市,普陀区,121.43993305244116,31.26661179748548,Medical_Service
延长中路沪太路,交通设施,公交站,121.446429,31.266911,上海市,上海市,静安区,121.44182608573794,31.268785414523183,Transport
永乐社区卫生运营服务站,医疗保健,综合医院,121.445756,31.267103,上海市,上海市,静安区,121.44115154635897,31.26897605037555,Medical_Service
沪太路新村路,交通设施,公交站,121.443096,31.267064,上海市,上海市,静安区,121.43848573364482,31.268932172827768,Transport
万荣路老沪太路,交通设施,公交站,121.448102,31.271084,上海市,上海市,静安区,121.4435025967525,31.27295988869668,Transport
出租车司机专用公厕,生活服务,公厕,121.434001,31.264099,上海市,上海市,普陀区,121.42937364898457,31.265953870419512,Toilet
公厕,生活服务,公厕,121.435707,31.264535,上海市,上海市,普陀区,121.43108255518054,31.266392155301244,Toilet
宜川路新村路,交通设施,公交站,121.435863,31.266165,上海市,上海市,普陀区,121.4312386898063,31.26802168405147,Transport
新村路志丹路,交通设施,公交站,121.432152,31.265977,上海市,上海市,普陀区,121.42752145999756,31.26782851860284,Transport
新村路子长路,交通设施,公交站,121.434041,31.266387,上海市,上海市,普陀区,121.42941351716873,31.268240939158726,Transport
同济大学附属同济医院检验楼,医疗保健,综合医院,121.431882,31.266603,上海市,上海市,普陀区,121.42725097820085,31.268453890305132,Medical_Service
同济大学附属同济医院同济楼住院部,医疗保健,综合医院,121.432034,31.266241,上海市,上海市,普陀区,121.4274032498131,31.26809224770625,Medical_Service
岚皋路,交通设施,地铁,121.421975,31.256225,上海市,上海市,普陀区,121.41733181730824,31.258069464923658,Transport
公厕,生活服务,公厕,121.420099,31.255508,上海市,上海市,普陀区,121.41545398757442,31.25735120204404,Toilet
上海品尊名致精品豪华酒店公寓-洗手间,生活服务,公厕,121.419842,31.256002,上海市,上海市,普陀区,121.41519669985895,31.25784478017803,Toilet
岚皋路地铁站3号口,交通设施,地铁,121.421447,31.255308,上海市,上海市,普陀区,121.4168033457627,31.257152408941437,Transport
岚皋路地铁站4号口,交通设施,地铁,121.42127,31.256095,上海市,上海市,普陀区,121.4166260955832,31.257938910164835,Transport
岚皋路地铁站5号口,交通设施,地铁,121.421273,31.256444,上海市,上海市,普陀区,121.4166290682166,31.258287758939968,Transport
管弄路华池路,交通设施,公交站,121.42398,31.25472,上海市,上海市,普陀区,121.4193391773342,31.256566992182652,Transport
石泉街道社区卫生中心,医疗保健,综合医院,121.42384,31.254796,上海市,上海市,普陀区,121.41919900817548,31.25664282264068,Medical_Service
岚皋路地铁站1号口,交通设施,地铁,121.422172,31.256328,上海市,上海市,普陀区,121.41752901788698,31.2581725945712,Transport
岚皋路地铁站2号口,交通设施,地铁,121.422146,31.255763,上海市,上海市,普陀区,121.41750303936976,31.25760782045419,Transport
石泉街道社区卫生中心-预防接种门诊,医疗保健,诊所,121.423731,31.254953,上海市,上海市,普陀区,121.41908986866298,31.256799648014475,Medical_Service
华池路旬阳路,交通设施,公交站,121.42631,31.255398,上海市,上海市,普陀区,121.4216719748643,31.257247083687176,Transport
管弄新村,交通设施,公交站,121.425778,31.257058,上海市,上海市,普陀区,121.42113915282822,31.25890578488518,Transport
公厕,生活服务,公厕,121.431048,31.263025,上海市,上海市,普陀区,121.42641599352162,31.26487634862553,Toilet
无障碍公厕,生活服务,公厕,121.431168,31.262972,上海市,上海市,普陀区,121.42653618246,31.264823526316132,Toilet
KFC,生活服务,公厕,121.430804,31.262076,上海市,上海市,普陀区,121.42617170366134,31.263927448300816,Toilet
交通路双山路,交通设施,公交站,121.423996,31.259336,上海市,上海市,普陀区,121.41935479361676,31.261180977235192,Transport
公厕,生活服务,公厕,121.422612,31.259877,上海市,上海市,普陀区,121.41796918395252,31.26172043439581,Toilet
新村路地铁站2号口,交通设施,地铁,121.422867,31.263208,上海市,上海市,普陀区,121.41822417378312,31.265050218187,Transport
志丹路甘泉路,交通设施,公交站,121.430732,31.263976,上海市,上海市,普陀区,121.42609942883898,31.26582653202418,Transport
甘泉新村,交通设施,公交站,121.430957,31.265754,上海市,上海市,普陀区,121.426324616544,31.267604051172103,Transport
SHANGHAI TONGJI HOSPITAL,医疗保健,综合医院,121.430511,31.265591,上海市,上海市,普陀区,121.42587795421326,31.267440553803503,Medical_Service
同济大学附属同济医院,医疗保健,综合医院,121.431289,31.266755,上海市,上海市,普陀区,121.42665703958504,31.268605048198797,Medical_Service
志丹路新村路,交通设施,公交站,121.430238,31.26706,上海市,上海市,普陀区,121.42560441717475,31.26890857796543,Transport
公厕,生活服务,公厕,121.43058,31.266467,上海市,上海市,普陀区,121.42594698190236,31.268316263543102,Toilet
红十字护理医院2号楼,医疗保健,综合医院,121.429153,31.266933,上海市,上海市,普陀区,121.4245178404108,31.26878030076857,Medical_Service
西乡路平利路,交通设施,公交站,121.427514,31.269123,上海市,上海市,普陀区,121.42287636657326,31.270967447618823,Transport
平利路西乡路,交通设施,公交站,121.428538,31.269827,上海市,上海市,普陀区,121.42390171522622,31.271672328470185,Transport
公厕,生活服务,公厕,121.427551,31.269597,上海市,上海市,普陀区,121.42291337525512,31.27144128683419,Toilet
无障碍公厕,生活服务,公厕,121.427586,31.269698,上海市,上海市,普陀区,121.42294841381204,31.271542283363,Toilet
甘泉街道社区卫生中心,医疗保健,综合医院,121.428142,31.27026,上海市,上海市,普陀区,121.42350512574052,31.27210468111294,Medical_Service
门诊住院,医疗保健,诊所,121.428344,31.270187,上海市,上海市,普陀区,121.42370741253276,31.27203194732604,Medical_Service
甘泉街道社区卫生中心-预防接种门诊,医疗保健,诊所,121.428185,31.270113,上海市,上海市,普陀区,121.4235481980704,31.271957793733808,Medical_Service
平利路,交通设施,地铁,121.430833,31.269503,上海市,上海市,普陀区,121.4262001008476,31.27135128285598,Transport
灵石路平利路,交通设施,公交站,121.425452,31.270815,上海市,上海市,静安区,121.42081154585388,31.27265648631944,Transport
新村路新沪路,交通设施,公交站,121.41989,31.265225,上海市,上海市,普陀区,121.4152439408601,31.26706379366737,Transport
女洗手间,生活服务,公厕,121.370789,31.209038,上海市,上海市,长宁区,121.36616301868554,31.210916145223152,Toilet
男洗手间,生活服务,公厕,121.370866,31.20895,上海市,上海市,长宁区,121.36623991618583,31.210828093364217,Toilet
男洗手间,生活服务,公厕,121.37076,31.20905,上海市,上海市,长宁区,121.36613405918258,31.21092817503908,Toilet
无障碍洗手间,生活服务,公厕,121.370973,31.208983,上海市,上海市,长宁区,121.3663467606327,31.210860946430728,Toilet
男洗手间,生活服务,公厕,121.370308,31.209452,上海市,上海市,长宁区,121.36568267574202,31.211330539165683,Toilet
剑河路泉口路,交通设施,公交站,121.368007,31.21421,上海市,上海市,长宁区,121.36338469451002,31.21608918857901,Transport
北新泾街道社区卫生中心,医疗保健,综合医院,121.372014,31.215177,上海市,上海市,长宁区,121.3673857594916,31.217050709085576,Medical_Service
明和堂名医馆,医疗保健,诊所,121.372442,31.215581,上海市,上海市,长宁区,121.36781313472464,31.217454009738475,Medical_Service
上海明和堂中医门诊部,医疗保健,诊所,121.372351,31.21558,上海市,上海市,长宁区,121.36772225959908,31.21745311730524,Medical_Service
剑河路天山西路,交通设施,公交站,121.367956,31.216743,上海市,上海市,长宁区,121.36333355282169,31.218621043516823,Transport
公厕,生活服务,公厕,121.37023,31.216257,上海市,上海市,长宁区,121.36560419795671,31.21813236442846,Toilet
福泉路仙霞西路,交通设施,公交站,121.359265,31.209823,上海市,上海市,长宁区,121.35465773582882,31.211716841208347,Transport
上海神州医院,医疗保健,综合医院,121.361726,31.208473,上海市,上海市,长宁区,121.35711448261635,31.210363760073754,Medical_Service
仙霞西路淞虹路,交通设施,公交站,121.361399,31.208965,上海市,上海市,长宁区,121.3567880102734,31.210856009279272,Transport
上海神州医院-门诊部,医疗保健,综合医院,121.361927,31.208724,上海市,上海市,长宁区,121.35731511192358,31.210614340167947,Medical_Service
淞虹路甘溪路,交通设施,公交站,121.361585,31.212036,上海市,上海市,长宁区,121.35697341928544,31.213925248885623,Transport
福泉路甘溪路,交通设施,公交站,121.358979,31.211982,上海市,上海市,长宁区,121.35437206809996,31.21387524312047,Transport
甘溪路协和路,交通设施,公交站,121.358147,31.211673,上海市,上海市,长宁区,121.35354161869824,31.2135676933463,Transport
淞虹路,交通设施,地铁,121.359637,31.218171,上海市,上海市,长宁区,121.35502834047182,31.2200602618996,Transport
天山西路福泉路,交通设施,公交站,121.358363,31.21922,上海市,上海市,长宁区,121.3537565674144,31.22111074252708,Transport
淞虹路地铁站3号口,交通设施,地铁,121.359614,31.218041,上海市,上海市,长宁区,121.3550053931736,31.219930359199804,Transport
淞虹路地铁站4号口,交通设施,地铁,121.358439,31.217882,上海市,上海市,长宁区,121.35383254379218,31.21977325997718,Transport
淞虹路地铁站5号口,交通设施,地铁,121.35851,31.218761,上海市,上海市,长宁区,121.35390333740678,31.22065173036892,Transport
淞虹路地铁站1号口,交通设施,地铁,121.360354,31.218405,上海市,上海市,长宁区,121.3557440361878,31.220293053546246,Transport
淞虹路天山西路,交通设施,公交站,121.361159,31.217275,上海市,上海市,长宁区,121.35654771058049,31.219162375424585,Transport
淞虹路地铁站2号口,交通设施,地铁,121.360647,31.217821,上海市,上海市,长宁区,121.35603656644102,31.2197088870009,Transport
淞虹路北翟路,交通设施,公交站,121.361373,31.221184,上海市,上海市,长宁区,121.35676099647118,31.22306919722548,Transport
福泉路天山西路,交通设施,公交站,121.3586,31.219516,上海市,上海市,长宁区,121.35399310711388,31.22140623074055,Transport
福泉路金钟路,交通设施,公交站,121.357999,31.222852,上海市,上海市,长宁区,121.35339292332743,31.22474159504885,Transport
公共厕所,生活服务,公厕,121.361628,31.222645,上海市,上海市,长宁区,121.35701542450336,31.224529125876995,Toilet
无障碍公厕,生活服务,公厕,121.361575,31.222668,上海市,上海市,长宁区,121.35696251489463,31.22455219398097,Toilet
北翟路屈家桥,交通设施,公交站,121.36039,31.223983,上海市,上海市,长宁区,121.35577948854572,31.22586835790401,Transport
北翟路淞虹路,交通设施,公交站,121.360517,31.223991,上海市,上海市,长宁区,121.35590626210796,31.22587616126113,Transport
平塘路天山西路,交通设施,公交站,121.364634,31.218961,上海市,上海市,长宁区,121.36001664763276,31.22084251318172,Transport
天山西路平塘路,交通设施,公交站,121.363229,31.21802,上海市,上海市,长宁区,121.35861407573417,31.21990396810046,Transport
新泾七村社区卫生运营服务站,医疗保健,综合医院,121.363515,31.219051,上海市,上海市,长宁区,121.35889950352616,31.220934064649622,Medical_Service
新泾五村,交通设施,公交站,121.367343,31.219817,上海市,上海市,长宁区,121.3627212331887,31.221694391473907,Transport
金钟路剑河路站,交通设施,公交站,121.36699,31.219831,上海市,上海市,长宁区,121.36236878339304,31.221708857025227,Transport
北新泾街道社区卫生中心,医疗保健,综合医院,121.363013,31.220287,上海市,上海市,长宁区,121.35839824543284,31.222170203944906,Medical_Service
上海惠慈中西医结合门诊部-银屑病门诊,医疗保健,诊所,121.364615,31.220608,上海市,上海市,长宁区,121.35999753603092,31.222488758121685,Medical_Service
新泾一村社区卫生运营服务站,医疗保健,综合医院,121.369036,31.218474,上海市,上海市,长宁区,121.36441176591632,31.22034981626712,Medical_Service
北渔路天山西路,交通设施,公交站,121.372667,31.217814,上海市,上海市,长宁区,121.3680376335112,31.21968567998632,Transport
天山西路剑河路,交通设施,公交站,121.37036,31.217344,上海市,上海市,长宁区,121.36573391500976,31.219218683905503,Transport
云岭西路棕榈路,交通设施,公交站,121.362711,31.231853,上海市,上海市,普陀区,121.35809575670464,31.23373121885543,Transport
同普路香樟路,交通设施,公交站,121.36149,31.233762,上海市,上海市,普陀区,121.3568767009842,31.23564113859024,Transport
建德花园,交通设施,公交站,121.359333,31.23401,上海市,上海市,普陀区,121.3547235163284,31.23589230184046,Transport
虹古路安龙路,交通设施,公交站,121.387628,31.204053,上海市,上海市,长宁区,121.38298412126888,31.205917777923947,Transport
公厕,生活服务,公厕,121.3878,31.203983,上海市,上海市,长宁区,121.38315600459268,31.20584770540973,Toilet
水城路仙霞路,交通设施,公交站,121.391107,31.204703,上海市,上海市,长宁区,121.38646085484604,31.20656553431937,Transport
乐美孚口腔门诊,医疗保健,诊所,121.390112,31.205728,上海市,上海市,长宁区,121.38546633848462,31.20759053554464,Medical_Service
仙霞路水城路,交通设施,公交站,121.389079,31.206052,上海市,上海市,长宁区,121.3844339553932,31.20791494043609,Transport
KFC,生活服务,公厕,121.389893,31.205804,上海市,上海市,长宁区,121.38524746436524,31.207666614195023,Toilet
虹古路北虹路,交通设施,公交站,121.3864,31.203674,上海市,上海市,长宁区,121.3817570710019,31.205539758976688,Transport
水城路茅台路,交通设施,公交站,121.390964,31.209361,上海市,上海市,长宁区,121.38631752866084,31.21122134084338,Transport
仙霞社区卫生中心运营服务站,医疗保健,综合医院,121.390825,31.209334,上海市,上海市,长宁区,121.38617860913304,31.21119442224231,Medical_Service
茅台路水城路,交通设施,公交站,121.392063,31.210159,上海市,上海市,长宁区,121.3874158745426,31.21201844275789,Transport
公厕,生活服务,公厕,121.388617,31.210613,上海市,上海市,长宁区,121.3839718633279,31.21247399528503,Toilet
文杰医疗护理员-门诊,医疗保健,诊所,121.388343,31.210537,上海市,上海市,长宁区,121.38369805562778,31.21239819355521,Medical_Service
天山中医医院门诊部,医疗保健,诊所,121.391401,31.212691,上海市,上海市,长宁区,121.38675399916129,31.21454952480457,Medical_Service
天山中医医院老年门诊部,医疗保健,诊所,121.391328,31.212824,上海市,上海市,长宁区,121.38668102694322,31.214682495321934,Medical_Service
天山路天中路,交通设施,公交站,121.388323,31.2147,上海市,上海市,长宁区,121.38367770685504,31.21655920300755,Transport
上海樱园门诊部,医疗保健,诊所,121.388069,31.215078,上海市,上海市,长宁区,121.38342384949192,31.21693717461019,Medical_Service
威宁路地铁站1号口,交通设施,地铁,121.38802,31.21502,上海市,上海市,长宁区,121.38337488875896,31.2168792321373,Transport
威宁路新渔东路,交通设施,公交站,121.385028,31.213836,上海市,上海市,长宁区,121.38038529360148,31.215697796539278,Transport
公厕,生活服务,公厕,121.386802,31.214253,上海市,上海市,长宁区,121.38215784231686,31.216113369987827,Toilet
公厕,生活服务,公厕,121.386759,31.21427,上海市,上海市,长宁区,121.38211487341152,31.2161303901031,Toilet
公厕,生活服务,公厕,121.3861,31.214493,上海市,上海市,长宁区,121.3814563639747,31.216353725518477,Toilet
女洗手间,生活服务,公厕,121.386116,31.214466,上海市,上海市,长宁区,121.38147235370482,31.2163267275203,Toilet
男洗手间,生活服务,公厕,121.386124,31.214516,上海市,上海市,长宁区,121.38148034304632,31.216376698083952,Toilet
威宁路,交通设施,地铁,121.387246,31.214851,上海市,上海市,长宁区,121.38260145894348,31.216710795737903,Transport
威宁路地铁站出入口,交通设施,地铁,121.387345,31.215144,上海市,上海市,长宁区,121.38270036081587,31.21700359234378,Transport
威宁路地铁站3号口,交通设施,地铁,121.386129,31.2148,上海市,上海市,长宁区,121.38148531438296,31.21666055856461,Transport
威宁路地铁站出入口,交通设施,地铁,121.38696,31.215141,上海市,上海市,长宁区,121.38231564605172,31.2170008412122,Transport
威宁路地铁站4号口,交通设施,地铁,121.386406,31.215448,上海市,上海市,长宁区,121.38176204152349,31.217308060586035,Transport
天山路威宁路,交通设施,公交站,121.383172,31.215599,上海市,上海市,长宁区,121.378530774539,31.21746136539971,Transport
上海蓝盾口腔门诊部,医疗保健,诊所,121.384356,31.215728,上海市,上海市,长宁区,121.3797137026562,31.21758938660332,Medical_Service
蒲莲堂中医馆,医疗保健,诊所,121.383284,31.215882,上海市,上海市,长宁区,121.37864264687582,31.21774414100393,Medical_Service
仙霞路哈密路,交通设施,公交站,121.37416,31.208031,上海市,上海市,长宁区,121.36952949504231,31.20990567560876,Transport
新泾镇社区卫生中心林泉社区卫生服务站,医疗保健,综合医院,121.374374,31.209792,上海市,上海市,长宁区,121.36974306415904,31.21166558424852,Medical_Service
上海交通大学医学院附属同仁医院,医疗保健,综合医院,121.377034,31.208937,上海市,上海市,长宁区,121.372399837921,31.210808160710837,Medical_Service
上海交通大学医学院临床研究中心同仁医院分中心,医疗保健,综合医院,121.377072,31.208908,上海市,上海市,长宁区,121.37243779537872,31.210779135985884,Medical_Service
上海交通大学医学院附属同仁医院4号楼,医疗保健,综合医院,121.376187,31.208395,上海市,上海市,长宁区,121.3715539048717,31.21026730037616,Medical_Service
上海交通大学医学院附属同仁医院3号楼,医疗保健,综合医院,121.377015,31.209956,上海市,上海市,长宁区,121.37238077188924,31.211826687176508,Medical_Service
上海交通大学医学院附属同仁医院1号楼,医疗保健,综合医院,121.377219,31.208359,上海市,上海市,长宁区,121.37258466934324,31.210230252454554,Medical_Service
上海交通大学医学院附属同仁医院2号楼,医疗保健,综合医院,121.377274,31.209266,上海市,上海市,长宁区,121.37263952570972,31.211136757466356,Medical_Service
上海交通大学医学院附属同仁医院7号楼,医疗保健,综合医院,121.377213,31.208239,上海市,上海市,长宁区,121.37257868685,31.21011031670895,Medical_Service
上海交通大学医学院附属同仁医院5号楼,医疗保健,综合医院,121.376432,31.208958,上海市,上海市,长宁区,121.37179855791986,31.210829771391165,Medical_Service
上海交通大学医学院附属同仁医院肝病门诊,医疗保健,综合医院,121.376349,31.209017,上海市,上海市,长宁区,121.3717156534774,31.21088882941113,Medical_Service
同仁医院门诊部便民服务运营中心,医疗保健,综合医院,121.377048,31.208401,上海市,上海市,长宁区,121.37241386790734,31.210272406067627,Medical_Service
上海交通大学医学院附属同仁医院2号楼住院楼,医疗保健,综合医院,121.377261,31.209143,上海市,上海市,长宁区,121.37262655170414,31.2110138301574,Medical_Service
上海交通大学医学院附属同仁医院急诊,医疗保健,综合医院,121.376769,31.208458,上海市,上海市,长宁区,121.37213519547188,31.210329664478145,Medical_Service
北虹路茅台路,交通设施,公交站,121.376958,31.21158,上海市,上海市,长宁区,121.37232369845476,31.21344996170404,Transport
和睦家泉口诊所,医疗保健,诊所,121.376649,31.210518,上海市,上海市,长宁区,121.37201516040147,31.212388791895435,Medical_Service
上海和睦家医院泉口门诊部,医疗保健,综合医院,121.376623,31.210562,上海市,上海市,长宁区,121.3719891878559,31.21243279755386,Medical_Service
哈密路新渔路,交通设施,公交站,121.375021,31.213434,上海市,上海市,长宁区,121.37038891857976,31.21530511698149,Transport
同仁医院住院部,医疗保健,综合医院,121.373563,31.212471,上海市,上海市,长宁区,121.36893289394494,31.214344204773575,Medical_Service
上海同仁医院哈密路住院部,医疗保健,综合医院,121.373537,31.212743,上海市,上海市,长宁区,121.3689069048024,31.214616103554995,Medical_Service
北虹路天山路,交通设施,公交站,121.376474,31.215114,上海市,上海市,长宁区,121.37183997190532,31.21698276351092,Transport
北虹路新渔路,交通设施,公交站,121.376046,31.214997,上海市,上海市,长宁区,121.3714125035919,31.216866267950664,Transport
公厕,生活服务,公厕,121.375915,31.215567,上海市,上海市,长宁区,121.37128161515024,31.21743613360777,Toilet
无障碍公厕,生活服务,公厕,121.375913,31.21556,上海市,上海市,长宁区,121.37127961822397,31.21742913907602,Toilet
悦和堂,医疗保健,诊所,121.377459,31.216383,上海市,上海市,长宁区,121.37282368989058,31.218250148750045,Medical_Service
上海悦和堂中医门诊部,医疗保健,诊所,121.377536,31.216249,上海市,上海市,长宁区,121.37290061164065,31.21811613541741,Medical_Service
北新泾地铁站1号口,交通设施,地铁,121.375397,31.216724,上海市,上海市,长宁区,121.37076415845016,31.218593134084795,Transport
北新泾,交通设施,地铁,121.374039,31.216371,上海市,上海市,长宁区,121.36940792819784,31.21824179670825,Transport
天山西路北渔路,交通设施,公交站,121.374153,31.216635,上海市,上海市,长宁区,121.36952175644916,31.218505542820463,Transport
北新泾地铁站4号口,交通设施,地铁,121.373474,31.216646,上海市,上海市,长宁区,121.36884364931838,31.21851730511462,Transport
北新泾地铁站2号口,交通设施,地铁,121.375033,31.216166,上海市,上海市,长宁区,121.37040066588474,31.21803579498968,Transport
红宝石路,交通设施,地铁,121.398325,31.198852,上海市,上海市,长宁区,121.39367666931972,31.20071500961037,Transport
上海职工康复医院,医疗保健,综合医院,121.397426,31.199019,上海市,上海市,长宁区,121.39277784797852,31.200882104495708,Medical_Service
古北路兴义路,交通设施,公交站,121.399886,31.204392,上海市,上海市,长宁区,121.39523694942903,31.206252068488837,Transport
古北路仙霞路,交通设施,公交站,121.400182,31.20639,上海市,上海市,长宁区,121.3955327444816,31.20824906445628,Transport
精神卫生中心第二门诊,医疗保健,诊所,121.401385,31.206354,上海市,上海市,长宁区,121.39673566853028,31.208212997287035,Medical_Service
仙霞路古北路,交通设施,公交站,121.398452,31.205838,上海市,上海市,长宁区,121.3938030369188,31.20769756575501,Transport
虹古路水城路,交通设施,公交站,121.393567,31.203784,上海市,上海市,长宁区,121.38891972542196,31.2056459204093,Transport
芙蓉江路虹古路,交通设施,公交站,121.395245,31.204781,上海市,上海市,长宁区,121.3905969849484,31.20664185431859,Transport
上海虹桥美爵豪华酒店-洗手间,生活服务,公厕,121.396683,31.206156,上海市,上海市,长宁区,121.39203441708231,31.20801578306292,Toilet
仙霞路芙蓉江路,交通设施,公交站,121.394124,31.20576,上海市,上海市,长宁区,121.38947632085116,31.20762075112781,Transport
虹桥开发区,交通设施,公交站,121.407948,31.203437,上海市,上海市,长宁区,121.40329982167638,31.2052980877909,Transport
中山西路新华路,交通设施,公交站,121.412181,31.204106,上海市,上海市,长宁区,121.40753455171576,31.205968218273785,Transport
上海虹桥郁锦香酒店-洗手间,生活服务,公厕,121.410024,31.203837,上海市,上海市,长宁区,121.40537654465372,31.205698505760083,Toilet
遵义南路兴义路,交通设施,公交站,121.405986,31.204792,上海市,上海市,长宁区,121.40133719751644,31.206652024808328,Transport
虹桥锦江大豪华酒店-洗手间,生活服务,公厕,121.405485,31.203295,上海市,上海市,长宁区,121.4008362312631,31.205155681103903,Toilet
上海德真会口腔专科医院,医疗保健,诊所,121.405144,31.204703,上海市,上海市,长宁区,121.40049505039757,31.206562948943947,Medical_Service
娄山关路仙霞路,交通设施,公交站,121.403453,31.206979,上海市,上海市,长宁区,121.39880365366452,31.208837696947857,Transport
女洗手间,生活服务,公厕,121.402384,31.205753,上海市,上海市,长宁区,121.39773471220202,31.207612267851843,Toilet
天山路遵义路,交通设施,公交站,121.405927,31.210871,上海市,上海市,长宁区,121.40127765586053,31.21272806619584,Transport
公厕,生活服务,公厕,121.405494,31.211633,上海市,上海市,长宁区,121.40084450650446,31.213489634594755,Toilet
女洗手间,生活服务,公厕,121.405447,31.211595,上海市,上海市,长宁区,121.40079750140448,31.21345164644827,Toilet
男洗手间,生活服务,公厕,121.405481,31.211588,上海市,上海市,长宁区,121.40083150808722,31.21344465448409,Toilet
娄山关路地铁站1号口,交通设施,地铁,121.405052,31.211183,上海市,上海市,长宁区,121.40040247121028,31.213039794694115,Transport
遵义路天山路,交通设施,公交站,121.407788,31.21121,上海市,上海市,长宁区,121.40313909564289,31.21306727415441,Transport
虹桥嘉廷豪华酒店-洗手间,生活服务,公厕,121.40745,31.210395,上海市,上海市,长宁区,121.40280106779076,31.21225258843684,Toilet
嘉廷酒店,生活服务,公厕,121.40743,31.210339,上海市,上海市,长宁区,121.40278106700976,31.21219661096788,Toilet
遵义路玉屏南路,交通设施,公交站,121.408308,31.213327,上海市,上海市,长宁区,121.40365907511251,31.21518338681187,Transport
玉屏南路遵义路,交通设施,公交站,121.407469,31.213057,上海市,上海市,长宁区,121.4028198412534,31.21491331017852,Transport
公厕,生活服务,公厕,121.411582,31.213323,上海市,上海市,长宁区,121.40693443780556,31.2151804981224,Toilet
公厕,生活服务,公厕,121.410419,31.216916,上海市,上海市,长宁区,121.40577057542698,31.218771327980857,Toilet
遵义路长宁路,交通设施,公交站,121.408737,31.216256,上海市,上海市,长宁区,121.4040879659344,31.21811110119412,Transport
公厕,生活服务,公厕,121.408812,31.215568,上海市,上海市,长宁区,121.40416305242135,31.2174234516128,Toilet
上海荣禾堂中医诊所,医疗保健,诊所,121.407881,31.21673,上海市,上海市,长宁区,121.4032316429255,31.21858464801039,Medical_Service
天山路街道社区卫生中心,医疗保健,综合医院,121.403018,31.21271,上海市,上海市,长宁区,121.3983681275168,31.21456591000521,Medical_Service
公厕,生活服务,公厕,121.404725,31.213266,上海市,上海市,长宁区,121.40007524120908,31.21512175556727,Toilet
天山路街道社区卫生中心,医疗保健,综合医院,121.404422,31.213121,上海市,上海市,长宁区,121.3997722139143,31.214976795746864,Medical_Service
天山中医医院住院部,医疗保健,综合医院,121.405753,31.214398,上海市,上海市,长宁区,121.40110331401522,31.21625334286507,Medical_Service
天山中医医院,医疗保健,综合医院,121.405775,31.214669,上海市,上海市,长宁区,121.4011252946778,31.21652421626961,Medical_Service
龙华医院天山分院,医疗保健,综合医院,121.40491,31.214807,上海市,上海市,长宁区,121.40026013367968,31.216662036224843,Medical_Service
天山中医院面瘫中心,医疗保健,综合医院,121.405246,31.214697,上海市,上海市,长宁区,121.40059619645326,31.21655212921009,Medical_Service
天山中医医院门诊,医疗保健,综合医院,121.404826,31.214719,上海市,上海市,长宁区,121.40017612897871,31.216574069109974,Medical_Service
天山中医医院急诊,医疗保健,综合医院,121.404963,31.214912,上海市,上海市,长宁区,121.40031313252518,31.216766991939696,Medical_Service
茅台路芙蓉江路,交通设施,公交站,121.396846,31.209814,上海市,上海市,长宁区,121.3921970542312,31.211671968966964,Transport
芙蓉江路仙霞路,交通设施,公交站,121.395373,31.208135,上海市,上海市,长宁区,121.3907246487375,31.209994183917992,Transport
仙霞街道社区卫生中心,医疗保健,综合医院,121.395112,31.20843,上海市,上海市,长宁区,121.39046371383468,31.21028912179828,Medical_Service
仙霞社区卫生中心-预防接种门诊,医疗保健,诊所,121.395182,31.208437,上海市,上海市,长宁区,121.39053368854022,31.210296096428934,Medical_Service
芙蓉江路天山路,交通设施,公交站,121.395455,31.212143,上海市,上海市,长宁区,121.3908062717954,31.21400022258688,Transport
芙蓉江路茅台路,交通设施,公交站,121.395375,31.210928,上海市,上海市,长宁区,121.39072640477376,31.21278583237353,Transport
公厕,生活服务,公厕,121.397121,31.211869,上海市,上海市,长宁区,121.39247180364644,31.213725912540024,Toilet
公厕,生活服务,公厕,121.395707,31.211184,上海市,上海市,长宁区,121.39105827194514,31.21304161021237,Toilet
古北路茅台路,交通设施,公交站,121.400577,31.21055,上海市,上海市,长宁区,121.3959273478598,31.21240701371328,Transport
女洗手间,生活服务,公厕,121.401429,31.211908,上海市,上海市,长宁区,121.3967791831876,31.213764307076847,Toilet
哺乳室,生活服务,公厕,121.402229,31.210946,上海市,上海市,长宁区,121.39757925773868,31.21280275129892,Toilet
天山路芙蓉江路,交通设施,公交站,121.393807,31.213549,上海市,上海市,长宁区,121.38915877289446,31.21540609993244,Transport
上海镐博中医诊所,医疗保健,诊所,121.395904,31.213438,上海市,上海市,长宁区,121.39125501261772,31.215294469058552,Medical_Service
上海曹同飞口腔专科医院,医疗保健,诊所,121.396025,31.213585,上海市,上海市,长宁区,121.39137596210026,31.21544136468409,Medical_Service
上海刘勇口腔专科医院,医疗保健,诊所,121.397241,31.213368,上海市,上海市,长宁区,121.39259164302318,31.215224164244088,Medical_Service
云岭东路大渡河路,交通设施,公交站,121.394444,31.223525,上海市,上海市,普陀区,121.38979464662552,31.22537712558897,Transport
女洗手间,生活服务,公厕,121.394621,31.222461,上海市,上海市,普陀区,121.3899716714876,31.224313567479083,Toilet
女洗手间,生活服务,公厕,121.394647,31.222543,上海市,上海市,普陀区,121.3899976545055,31.224395520021304,Toilet
男洗手间,生活服务,公厕,121.394553,31.222444,上海市,上海市,普陀区,121.38990369885424,31.22429659847229,Toilet
男洗手间,生活服务,公厕,121.394633,31.222483,上海市,上海市,普陀区,121.3899836650264,31.22433555305565,Toilet
长风公园,交通设施,地铁,121.396306,31.225243,上海市,上海市,普陀区,121.391655861487,31.227093750563814,Transport
公厕,生活服务,公厕,121.395165,31.224818,上海市,上海市,普陀区,121.39051526730198,31.22666927999081,Toilet
公厕,生活服务,公厕,121.394966,31.225567,上海市,上海市,普陀区,121.39031627302629,31.22741799120929,Toilet
长风公园-公厕,生活服务,公厕,121.396606,31.22408,上海市,上海市,普陀区,121.39195587676782,31.22593122016144,Toilet
无障碍洗手间,生活服务,公厕,121.395068,31.225562,上海市,上海市,普陀区,121.39041823682147,31.227412960969392,Toilet
长风海洋世界水族馆B2厕所,生活服务,公厕,121.39686,31.224913,上海市,上海市,普陀区,121.3922097348342,31.226763765661843,Toilet
洗手间,生活服务,公厕,121.397137,31.225002,上海市,上海市,普陀区,121.39248665518838,31.226852658760627,Toilet
洗手间,生活服务,公厕,121.397192,31.224684,上海市,上海市,普陀区,121.3925416690942,31.22653479576155,Toilet
无障碍洗手间,生活服务,公厕,121.395117,31.22559,上海市,上海市,普陀区,121.39046721696424,31.22744093232415,Toilet
中江路云岭东路,交通设施,公交站,121.392669,31.226238,上海市,上海市,普陀区,121.3880201766262,31.22808952639934,Transport
国盛中心-洗手间,生活服务,公厕,121.393517,31.225384,上海市,上海市,普陀区,121.38886786545064,31.227235587577336,Toilet
上海万护通中医诊所,医疗保健,诊所,121.393675,31.225362,上海市,上海市,普陀区,121.38902579944607,31.227213537958846,Medical_Service
华东师大,交通设施,公交站,121.410367,31.227295,上海市,上海市,普陀区,121.4057176479839,31.229145403500677,Transport
金沙江路地铁站5号口,交通设施,地铁,121.411085,31.230857,上海市,上海市,普陀区,121.40643566612994,31.23270601088372,Transport
金沙江路中山北路,交通设施,公交站,121.408967,31.231427,上海市,上海市,普陀区,121.40431672590024,31.23327502076084,Transport
杏山路李村路,交通设施,公交站,121.407969,31.235211,上海市,上海市,普陀区,121.40331805904871,31.237056999176367,Transport
梅岭南路杏山路,交通设施,公交站,121.409291,31.234185,上海市,上海市,普陀区,121.40464060618002,31.23603184173504,Transport
公厕,生活服务,公厕,121.408879,31.233348,上海市,上海市,普陀区,121.40422852657156,31.23519510492239,Toilet
社区卫生运营服务站·杏梅,医疗保健,综合医院,121.408281,31.234111,上海市,上海市,普陀区,121.4036302546122,31.23595758660947,Medical_Service
长风公园,交通设施,公交站,121.400522,31.232085,上海市,上海市,普陀区,121.39587047517176,31.233931825185188,Transport
丹巴路同普路,交通设施,公交站,121.38318,31.228501,上海市,上海市,普陀区,121.37853764404178,31.230357260428757,Transport
丹巴路金沙江路,交通设施,公交站,121.384153,31.230733,上海市,上海市,普陀区,121.3795095736166,31.232587463320808,Transport
金沙江路泸定路,交通设施,公交站,121.390443,31.231458,上海市,上海市,普陀区,121.3857949014153,31.23330812447866,Transport
长征镇社区卫生中心芝巷社区卫生服务站,医疗保健,综合医院,121.391752,31.234755,上海市,上海市,普陀区,121.38710289107428,31.236602966463,Medical_Service
真北路金沙江路,交通设施,公交站,121.379404,31.231643,上海市,上海市,普陀区,121.374765167319,31.233501073030133,Transport
真北路金沙江路,交通设施,公交站,121.379332,31.231596,上海市,上海市,普陀区,121.37469324981808,31.233454162374677,Transport
真北路,交通设施,地铁,121.38197,31.232205,上海市,上海市,普陀区,121.37732847008284,31.234060529158715,Transport
无障碍洗手间,生活服务,公厕,121.381224,31.231826,上海市,上海市,普陀区,121.37658324346764,31.23368234367618,Toilet
真北路地铁站4号口,交通设施,地铁,121.381937,31.23201,上海市,上海市,普陀区,121.37729551929552,31.233865647376327,Transport
真北路地铁站2号口,交通设施,地铁,121.381172,31.232036,上海市,上海市,普陀区,121.3765312777036,31.233892291587097,Transport
真北路地铁站3号口,交通设施,地铁,121.381681,31.232673,上海市,上海市,普陀区,121.3770397132598,31.23452855735493,Transport
公厕,生活服务,公厕,121.378687,31.242386,上海市,上海市,普陀区,121.3740480228399,31.24423982264552,Toilet
真光路梅川路,交通设施,公交站,121.380227,31.241552,上海市,上海市,普陀区,121.37558642413036,31.24340476210856,Transport
真北路怒江北路,交通设施,公交站,121.384217,31.239597,上海市,上海市,普陀区,121.37957274540418,31.241447330701,Transport
怒江北路泸定路,交通设施,公交站,121.390708,31.236078,上海市,上海市,普陀区,121.38605934569352,31.237925856036654,Transport
梅川路丹巴路,交通设施,公交站,121.390693,31.24023,上海市,上海市,普陀区,121.38604399233964,31.242075962020827,Transport
梅川路真北路,交通设施,公交站,121.383935,31.242221,上海市,上海市,普陀区,121.37929076552972,31.24407035085334,Transport
真北路梅川路,交通设施,公交站,121.386504,31.242896,上海市,上海市,普陀区,121.38185757490623,31.244743198852987,Transport
公共厕所,生活服务,公厕,121.383953,31.244533,上海市,上海市,普陀区,121.37930854810688,31.246381289590055,Toilet
公共厕所,生活服务,公厕,121.383986,31.244478,上海市,上海市,普陀区,121.3793415236321,31.24632628914561,Toilet
无障碍洗手间,生活服务,公厕,121.38396,31.244568,上海市,上海市,普陀区,121.37931553884502,31.24641626840166,Toilet
女洗手间,生活服务,公厕,121.383958,31.244484,上海市,上海市,普陀区,121.37931354793876,31.246332307900197,Toilet
女洗手间,生活服务,公厕,121.383962,31.244525,上海市,上海市,普陀区,121.37931754081714,31.246373286300717,Toilet
男洗手间,生活服务,公厕,121.383984,31.244491,上海市,上海市,普陀区,121.37933952427176,31.246339284802016,Toilet
男洗手间,生活服务,公厕,121.384442,31.244822,上海市,上海市,普陀区,121.37979709428951,31.246669788347862,Toilet
男洗手间,生活服务,公厕,121.38279,31.244944,上海市,上海市,普陀区,121.37814657503506,31.246793022163484,Toilet
男洗手间,生活服务,公厕,121.384016,31.244545,上海市,上海市,普陀区,121.37937149123069,31.24639323589713,Toilet
上海御泰堂中医门诊部,医疗保健,诊所,121.377607,31.245024,上海市,上海市,普陀区,121.37296902522702,31.246877688549763,Medical_Service
怒江北路大渡河路,交通设施,公交站,121.395296,31.235674,上海市,上海市,普陀区,121.39064527531627,31.23752018815776,Transport
大渡河路怒江北路,交通设施,公交站,121.396275,31.237489,上海市,上海市,普陀区,121.3916238030489,31.23933407347618,Transport
公厕,生活服务,公厕,121.395263,31.239318,上海市,上海市,普陀区,121.39061196900272,31.24116252721669,Toilet
中江路梅川路,交通设施,公交站,121.392513,31.238039,上海市,上海市,普陀区,121.3878632228174,31.23988512183843,Transport
枣阳路桐柏路,交通设施,公交站,121.403682,31.235921,上海市,上海市,普陀区,121.3990301491037,31.23776601468844,Transport
枣阳路杏山路,交通设施,公交站,121.404633,31.236764,上海市,上海市,普陀区,121.39998118015636,31.238608702113336,Transport
发热哨点诊室,医疗保健,诊所,121.406757,31.237895,上海市,上海市,普陀区,121.40210548686328,31.239739496479764,Medical_Service
曹杨社区卫生中心肠道门诊,医疗保健,综合医院,121.406785,31.237835,上海市,上海市,普陀区,121.40213349902984,31.23967952945476,Medical_Service
文化馆,交通设施,公交站,121.405545,31.239342,上海市,上海市,普陀区,121.40089310022624,31.241185630930016,Transport
曹杨社区卫生中心,医疗保健,综合医院,121.406629,31.238258,上海市,上海市,普陀区,121.40197742403532,31.240102305602846,Medical_Service
曹杨五村,交通设施,公交站,121.410106,31.235801,上海市,上海市,普陀区,121.40545579372808,31.2376473638908,Transport
梅岭北路兰溪路,交通设施,公交站,121.40981,31.239909,上海市,上海市,普陀区,121.40515931209949,31.24175338085565,Transport
公厕,生活服务,公厕,121.411834,31.238603,上海市,上海市,普陀区,121.40718436293638,31.240448743724333,Toilet
兰溪路梅岭北路,交通设施,公交站,121.409502,31.238023,上海市,上海市,普陀区,121.40485135314316,31.23986814287326,Transport
曹杨八村,交通设施,公交站,121.409536,31.241785,上海市,上海市,普陀区,121.40488503842154,31.243628436949667,Transport
梅岭北路枫桥路,交通设施,公交站,121.408002,31.242499,上海市,上海市,普陀区,121.40335043372194,31.244341674421804,Transport
曹杨公园-公厕,生活服务,公厕,121.408935,31.240491,上海市,上海市,普陀区,121.4042839238682,31.24233484162695,Toilet
无障碍公厕,生活服务,公厕,121.408709,31.240703,上海市,上海市,普陀区,121.40405782483104,31.2425466799211,Toilet
公厕,生活服务,公厕,121.408637,31.240608,上海市,上海市,普陀区,121.40398580802604,31.24245170295221,Toilet
棠浦路社区卫生运营服务站,医疗保健,综合医院,121.407311,31.24092,上海市,上海市,普陀区,121.40265936792734,31.24276322957481,Medical_Service
枫桥路,交通设施,地铁,121.411434,31.241844,上海市,上海市,普陀区,121.40678387779964,31.243688099547807,Transport
公厕,生活服务,公厕,121.408963,31.243331,上海市,上海市,普陀区,121.404311686325,31.245173559194427,Toilet
北杨园社区卫生运营服务站,医疗保健,综合医院,121.407252,31.244607,上海市,上海市,普陀区,121.40260003010891,31.24644854407574,Medical_Service
中心医院,医疗保健,综合医院,121.404205,31.241536,上海市,上海市,普陀区,121.39955271100784,31.24337848235173,Medical_Service
红十字医院,医疗保健,综合医院,121.403003,31.241413,上海市,上海市,普陀区,121.39835062441942,31.243255473185396,Medical_Service
上海中医药大学附属普陀医院,医疗保健,综合医院,121.404173,31.241537,上海市,上海市,普陀区,121.39952070734924,31.24337947933093,Medical_Service
中心医院2号楼,医疗保健,综合医院,121.404119,31.241126,上海市,上海市,普陀区,121.39946673729482,31.24296866210961,Medical_Service
中心医院住院副楼,医疗保健,综合医院,121.403981,31.240687,上海市,上海市,普陀区,121.39932876119148,31.2425298518192,Medical_Service
中心医院2号楼体检门诊科,医疗保健,综合医院,121.404108,31.241058,上海市,上海市,普陀区,121.39945574204212,31.242900692219965,Medical_Service
中心医院-急症输液室,医疗保健,综合医院,121.403901,31.241945,上海市,上海市,普陀区,121.39924864357133,31.24378727387817,Medical_Service
中心医院急诊楼,医疗保健,综合医院,121.404052,31.241928,上海市,上海市,普陀区,121.39939966022406,31.243770292283195,Medical_Service
中心医院门诊楼,医疗保健,综合医院,121.403561,31.241374,上海市,上海市,普陀区,121.39890866359444,31.243216513172086,Medical_Service
中心医院8号楼,医疗保健,综合医院,121.40483,31.241612,上海市,上海市,普陀区,121.40017778491033,31.243454507057336,Medical_Service
中心医院病房大楼,医疗保健,综合医院,121.404735,31.24169,上海市,上海市,普陀区,121.40008276454316,31.24353246145912,Medical_Service
公厕,生活服务,公厕,121.406188,31.245628,上海市,上海市,普陀区,121.40153568040895,31.24746887740809,Toilet
北石路大渡河路,交通设施,公交站,121.396591,31.248655,上海市,上海市,普陀区,121.39193873811192,31.25049492965697,Transport
大渡河路北石路,交通设施,公交站,121.397099,31.247389,上海市,上海市,普陀区,121.3924467127226,31.24922937493393,Transport
无障碍公厕,生活服务,公厕,121.396772,31.247599,上海市,上海市,普陀区,121.39211978033912,31.2494393583141,Toilet
公厕,生活服务,公厕,121.393713,31.247307,上海市,上海市,普陀区,121.38906187007233,31.249148437208863,Toilet
真如镇社区卫生中心,医疗保健,综合医院,121.39802,31.246982,上海市,上海市,普陀区,121.39336753534806,31.24882236375825,Medical_Service
真如镇,交通设施,公交站,121.402185,31.246748,上海市,上海市,普陀区,121.39753213595364,31.248588052009502,Transport
公厕,生活服务,公厕,121.401036,31.244921,上海市,上海市,普陀区,121.39638332172886,31.24676191460863,Toilet
出租车司机专用公厕,生活服务,公厕,121.401691,31.245086,上海市,上海市,普陀区,121.39703828389408,31.246926810672274,Toilet
兰溪路铜川路,交通设施,公交站,121.40203,31.249502,上海市,上海市,普陀区,121.39737689522958,31.25134081865045,Transport
公共厕所,生活服务,公厕,121.400333,31.248513,上海市,上海市,普陀区,121.39568005822652,31.250352351225995,Toilet
真如寺-公厕,生活服务,公厕,121.401018,31.249594,上海市,上海市,普陀区,121.39636491499417,31.25143281583988,Toilet
公厕,生活服务,公厕,121.401995,31.247329,上海市,上海市,普陀区,121.39734208489593,31.24916879326355,Toilet
上海西站,交通设施,地铁,121.400904,31.262665,上海市,上海市,普陀区,121.3962497807062,31.264498062119632,Transport
上海西站,交通设施,公交站,121.400734,31.261371,上海市,上海市,普陀区,121.39607990454512,31.263204636638942,Transport
公厕,生活服务,公厕,121.400313,31.262478,上海市,上海市,普陀区,121.3956588412948,31.26431118952336,Toilet
西站社区卫生运营服务站,医疗保健,综合医院,121.401979,31.261494,上海市,上海市,普陀区,121.39732484878616,31.263327526728418,Medical_Service
无障碍洗手间,生活服务,公厕,121.401874,31.262782,上海市,上海市,普陀区,121.39721973704242,31.26461496879884,Toilet
无障碍公厕,生活服务,公厕,121.400367,31.262376,上海市,上海市,普陀区,121.39571284540524,31.26420922899079,Toilet
男洗手间,生活服务,公厕,121.400037,31.263006,上海市,上海市,普陀区,121.39538282205277,31.264838987063357,Toilet
女洗手间,生活服务,公厕,121.400083,31.26296,上海市,上海市,普陀区,121.39542882132072,31.26479300232716,Toilet
上海西站地铁站1号口,交通设施,地铁,121.401948,31.262864,上海市,上海市,普陀区,121.39729372933743,31.264696931658104,Transport
上海西站地铁站2号口,交通设施,地铁,121.400847,31.262494,上海市,上海市,普陀区,121.39619279911594,31.264327140183777,Transport
上海西站地铁站3号口,交通设施,地铁,121.400288,31.262602,上海市,上海市,普陀区,121.39563383274064,31.264435137946464,Transport
上海西站地铁站4号口,交通设施,地铁,121.400267,31.262951,上海市,上海市,普陀区,121.39561280420702,31.26478398836284,Transport
上海西站地铁站5号口,交通设施,地铁,121.401247,31.26208,上海市,上海市,普陀区,121.3965928143689,31.263913296585027,Transport
无障碍公厕,生活服务,公厕,121.407139,31.258411,上海市,上海市,普陀区,121.40248579508038,31.26024637363979,Toilet
芝川路曹杨路,交通设施,公交站,121.403315,31.257857,上海市,上海市,普陀区,121.39866120760496,31.259692132692777,Transport
新村路真华路,交通设施,公交站,121.40962,31.269073,上海市,上海市,普陀区,121.40496669046595,31.27090441983439,Transport
泾阳路香樟路,交通设施,公交站,121.359881,31.23601,上海市,上海市,普陀区,121.35527035517794,31.237890536495332,Transport
棕榈路花家浜路,交通设施,公交站,121.361157,31.237633,上海市,上海市,普陀区,121.35654394849423,31.239510855467078,Transport
祁连山南路,交通设施,地铁,121.367305,31.237626,上海市,上海市,普陀区,121.36268174570928,31.23949513179481,Transport
无障碍洗手间,生活服务,公厕,121.367662,31.23759,上海市,上海市,普陀区,121.36303819498806,31.23945867405828,Toilet
新村社区卫生运营服务站,医疗保健,综合医院,121.364074,31.238233,上海市,上海市,普陀区,121.3594559027042,31.240106311717035,Medical_Service
清峪路花家浜路,交通设施,公交站,121.366191,31.242212,上海市,上海市,普陀区,121.3615691039094,31.244080542877928,Transport
国货路南车站路,交通设施,公交站,121.492372,31.208911,上海市,上海市,黄浦区,121.48791511380566,31.21093063270006,Transport
香柏中医诊所,医疗保健,诊所,121.491329,31.209476,上海市,上海市,黄浦区,121.48686833795348,31.21149223032584,Medical_Service
国货路海潮路,交通设施,公交站,121.494492,31.209144,上海市,上海市,黄浦区,121.4900426979447,31.21116990002561,Transport
无障碍洗手间,生活服务,公厕,121.494626,31.209585,上海市,上海市,黄浦区,121.4901771421006,31.211611090660547,Toilet
上海医疗中心,医疗保健,综合医院,121.49525,31.209453,上海市,上海市,黄浦区,121.49080339786568,31.211481037130167,Medical_Service
无障碍公厕,生活服务,公厕,121.495392,31.209247,上海市,上海市,黄浦区,121.49094592648169,31.21127556546384,Toilet
无障碍洗手间,生活服务,公厕,121.494585,31.209534,上海市,上海市,黄浦区,121.49013599904632,31.211559991695704,Toilet
无障碍洗手间,生活服务,公厕,121.494715,31.209378,上海市,上海市,黄浦区,121.4902664797079,31.211404459226824,Toilet
无障碍洗手间,生活服务,公厕,121.494546,31.209494,上海市,上海市,黄浦区,121.49009686225574,31.21151989344904,Toilet
无障碍洗手间,生活服务,公厕,121.495356,31.209359,上海市,上海市,黄浦区,121.49090978737031,31.211387402579525,Toilet
无障碍洗手间,生活服务,公厕,121.494199,31.209561,上海市,上海市,黄浦区,121.48974860960683,31.21158581501324,Toilet
无障碍洗手间,生活服务,公厕,121.494711,31.209508,上海市,上海市,黄浦区,121.49026245426172,31.21153438425835,Toilet
无障碍洗手间,生活服务,公厕,121.494623,31.209441,上海市,上海市,黄浦区,121.49017414357075,31.211467151283617,Toilet
无障碍洗手间,生活服务,公厕,121.494633,31.209549,上海市,上海市,黄浦区,121.49018417033052,31.211575129185988,Toilet
无障碍洗手间,生活服务,公厕,121.494642,31.209441,上海市,上海市,黄浦区,121.4901932118788,31.211467208581407,Toilet
无障碍洗手间,生活服务,公厕,121.494771,31.209469,上海市,上海市,黄浦区,121.4903226733307,31.21149558409754,Toilet
无障碍洗手间,生活服务,公厕,121.494305,31.209583,上海市,上海市,黄浦区,121.48985498856268,31.211608123843483,Toilet
无障碍洗手间,生活服务,公厕,121.495387,31.209341,上海市,上海市,黄浦区,121.49094090048628,31.21136950487282,Toilet
无障碍洗手间,生活服务,公厕,121.495449,31.209316,上海市,上海市,黄浦区,121.49100312579804,31.211344704147457,Toilet
无障碍洗手间,生活服务,公厕,121.494642,31.209491,上海市,上海市,黄浦区,121.49019320762346,31.21151718438842,Toilet
无障碍洗手间,生活服务,公厕,121.49459,31.209554,上海市,上海市,黄浦区,121.49014101531856,31.2115799970972,Toilet
无障碍洗手间,生活服务,公厕,121.494683,31.209494,上海市,上海市,黄浦区,121.49023435477744,31.21152030658503,Toilet
无障碍洗手间,生活服务,公厕,121.494717,31.209513,上海市,上海市,黄浦区,121.4902684754102,31.211539399935468,Toilet
无障碍洗手间,生活服务,公厕,121.494328,31.209547,上海市,上海市,黄浦区,121.48987807426931,31.211572210586127,Toilet
无障碍洗手间,生活服务,公厕,121.494579,31.209436,上海市,上海市,黄浦区,121.49012998581794,31.21146202101968,Toilet
无障碍洗手间,生活服务,公厕,121.494582,31.209406,上海市,上海市,黄浦区,121.4901329991557,31.211432044582946,Toilet
无障碍洗手间,生活服务,公厕,121.494677,31.209415,上海市,上海市,黄浦区,121.49022833992802,31.211441326715413,Toilet
上海交通大学医学院附属第九人民医院黄浦分院,医疗保健,综合医院,121.494871,31.209503,上海市,上海市,黄浦区,121.49042303006924,31.21152986929761,Medical_Service
普益社区卫生运营服务站,医疗保健,综合医院,121.494121,31.211989,上海市,上海市,黄浦区,121.48967012272642,31.214012407892177,Medical_Service
南浦大桥,交通设施,地铁,121.49969,31.208508,上海市,上海市,黄浦区,121.49525949833492,31.210549923092497,Transport
中山南路国货路,交通设施,公交站,121.499242,31.208106,上海市,上海市,黄浦区,121.49480991343516,31.2101467616189,Transport
陆家浜路海潮路,交通设施,公交站,121.498968,31.211452,上海市,上海市,黄浦区,121.49453463915329,31.21349031399081,Transport
小东门街道府谷社区卫生运营服务站,医疗保健,综合医院,121.500803,31.214283,上海市,上海市,黄浦区,121.49637603139942,31.21632550821705,Medical_Service
府谷社区卫生运营服务站,医疗保健,综合医院,121.50081,31.214166,上海市,上海市,黄浦区,121.49638306663952,31.216208585540155,Medical_Service
小东门街道社区卫生中心,医疗保健,综合医院,121.500749,31.214273,上海市,上海市,黄浦区,121.49632183701948,31.216315349528223,Medical_Service
无障碍公厕,生活服务,公厕,121.498652,31.216962,上海市,上海市,黄浦区,121.49421702929529,31.21899671393827,Toilet
小南门地铁站1号口,交通设施,地铁,121.499083,31.216897,上海市,上海市,黄浦区,121.49464959208508,31.218933049699437,Transport
小南门地铁站2号口,交通设施,地铁,121.498542,31.216472,上海市,上海市,黄浦区,121.49410667355842,31.218506614981155,Transport
小南门,交通设施,地铁,121.498438,31.21691,上海市,上海市,黄浦区,121.4940022606575,31.218944091010567,Transport
小南门,交通设施,公交站,121.498112,31.215933,上海市,上海市,黄浦区,121.49367516628315,31.21796657120039,Transport
陆家浜路跨龙路,交通设施,公交站,121.495038,31.212798,上海市,上海市,黄浦区,121.49059035039171,31.214823783615568,Transport
无障碍公厕,生活服务,公厕,121.494969,31.213247,上海市,上海市,黄浦区,121.49052106394954,31.215272359549548,Toilet
上海榕馨堂中医门诊部,医疗保健,诊所,121.494135,31.212368,上海市,上海市,黄浦区,121.48968414074842,31.214391267582684,Medical_Service
中西医结合医院,医疗保健,综合医院,121.494482,31.21621,上海市,上海市,黄浦区,121.49003206052473,31.218232470557098,Medical_Service
大南门,交通设施,公交站,121.49403,31.215218,上海市,上海市,黄浦区,121.48957852096346,31.21723958288365,Transport
公厕,生活服务,公厕,121.494342,31.216696,上海市,上海市,黄浦区,121.48989151598538,31.21871781630053,Toilet
上海急救,医疗保健,急救中心,121.494431,31.216098,上海市,上海市,黄浦区,121.48998088675076,31.218120370341182,Medical_Service
医疗急救中心黄家路分站,医疗保健,急救中心,121.49439,31.216069,上海市,上海市,黄浦区,121.48993974186588,31.21809126060613,Medical_Service
中西医结合医院门诊楼,医疗保健,综合医院,121.49453,31.216196,上海市,上海市,黄浦区,121.49008023425796,31.218218621973406,Medical_Service
中医楼,医疗保健,综合医院,121.494848,31.216078,上海市,上海市,黄浦区,121.49039938775232,31.2181016374459,Medical_Service
大东门,交通设施,公交站,121.499012,31.221801,上海市,上海市,黄浦区,121.49457791879972,31.223834504188098,Transport
无障碍公厕,生活服务,公厕,121.500291,31.223763,上海市,上海市,黄浦区,121.4958613752708,31.22579945012873,Toilet
忻奥临床心理诊所,医疗保健,诊所,121.500515,31.223849,上海市,上海市,黄浦区,121.49608617784484,31.22588608780151,Medical_Service
中山南路东门路,交通设施,公交站,121.500489,31.224752,上海市,上海市,黄浦区,121.49606000714088,31.22678858393113,Transport
无障碍洗手间,生活服务,公厕,121.498619,31.22545,上海市,上海市,黄浦区,121.49418318862384,31.227480594287464,Toilet
无障碍洗手间,生活服务,公厕,121.498495,31.225558,上海市,上海市,黄浦区,121.4940587314598,31.227588168223377,Toilet
无障碍洗手间,生活服务,公厕,121.498976,31.226202,上海市,上海市,黄浦区,121.494541414658,31.228233321955315,Toilet
无障碍洗手间,生活服务,公厕,121.498691,31.226005,上海市,上海市,黄浦区,121.49425540157976,31.228035551640577,Toilet
女洗手间,生活服务,公厕,121.498634,31.225618,上海市,上海市,黄浦区,121.49419822853608,31.22764856078111,Toilet
女洗手间,生活服务,公厕,121.498668,31.22539,上海市,上海市,黄浦区,121.4942323707598,31.22742077079808,Toilet
男洗手间,生活服务,公厕,121.498523,31.225378,上海市,上海市,黄浦区,121.49408684791646,31.22740833753225,Toilet
男洗手间,生活服务,公厕,121.498589,31.225591,上海市,上海市,黄浦区,121.49415306825094,31.22762143724905,Toilet
母婴室,生活服务,公厕,121.498725,31.226331,上海市,上海市,黄浦区,121.49428949671363,31.22836150162261,Toilet
复兴东路光启路,交通设施,公交站,121.493177,31.221876,上海市,上海市,黄浦区,121.48872189285552,31.223891846083134,Transport
公共厕所,生活服务,公厕,121.49424,31.223774,上海市,上海市,黄浦区,121.48978854674424,31.225792150763144,Toilet
豫园街道社区卫生中心,医疗保健,综合医院,121.494261,31.22386,上海市,上海市,黄浦区,121.4898096148779,31.22587817352717,Medical_Service
名医堂,医疗保健,诊所,121.496058,31.22537,上海市,上海市,黄浦区,121.49161295325992,31.227392886008904,Medical_Service
城隍庙·豫园,交通设施,公交站,121.491821,31.225231,上海市,上海市,黄浦区,121.48736075229004,31.22724119074086,Transport
城隍庙豫园,交通设施,公交站,121.491937,31.225271,上海市,上海市,黄浦区,121.48747716356932,31.22728151995184,Transport
人民路新开河路,交通设施,公交站,121.495096,31.22876,上海市,上海市,黄浦区,121.49064720029352,31.23077839365995,Transport
新开河路中山东二路,交通设施,公交站,121.494442,31.229532,上海市,上海市,黄浦区,121.48999078229834,31.23154806096167,Transport
十六铺金陵东路码头,交通设施,公交站,121.494845,31.230436,上海市,上海市,黄浦区,121.49039515448258,31.23245285533032,Transport
古城公园,交通设施,公交站,121.494621,31.229702,上海市,上海市,黄浦区,121.49017041137138,31.23171852146105,Transport
中山东二路新开河路,交通设施,公交站,121.49481,31.230472,上海市,上海市,黄浦区,121.49036002551702,31.23248873300441,Transport
城隍庙,交通设施,公交站,121.493232,31.229353,上海市,上海市,黄浦区,121.48877645295924,31.23136550019041,Transport
新北门,交通设施,公交站,121.491788,31.229492,上海市,上海市,黄浦区,121.4873272710134,31.231500097432644,Transport
城隍庙,交通设施,公交站,121.49185,31.229479,上海市,上海市,黄浦区,121.48738949374284,31.231487289471183,Transport
古城公园-公厕,生活服务,公厕,121.492714,31.229016,上海市,上海市,黄浦区,121.48825662506836,31.231027099731875,Toilet
福都商厦-男洗手间,生活服务,公厕,121.491933,31.228992,上海市,上海市,黄浦区,121.48747283200828,31.23100076559053,Toilet
上海外滩英迪格豪华酒店-洗手间,生活服务,公厕,121.499894,31.226436,上海市,上海市,黄浦区,121.49546271290107,31.228469991536087,Toilet
公厕,生活服务,公厕,121.499517,31.226548,上海市,上海市,黄浦区,121.49508434054955,31.228580797578825,Toilet
无障碍洗手间,生活服务,公厕,121.498772,31.226384,上海市,上海市,黄浦区,121.49433666203063,31.228414619041,Toilet
无障碍洗手间,生活服务,公厕,121.498733,31.226387,上海市,上海市,黄浦区,121.49429752085877,31.22841749957737,Toilet
母婴室,生活服务,公厕,121.498682,31.226318,上海市,上海市,黄浦区,121.49424634245378,31.22834837755655,Toilet
母婴室,生活服务,公厕,121.49871,31.226288,上海市,上海市,黄浦区,121.49427444617147,31.22831847638396,Toilet
女洗手间,生活服务,公厕,121.558175,31.269934,上海市,上海市,杨浦区,121.55392244320424,31.272098914160125,Toilet
男洗手间,生活服务,公厕,121.557923,31.272739,上海市,上海市,杨浦区,121.55366965781228,31.274902280790418,Toilet
无障碍洗手间,生活服务,公厕,121.558564,31.271642,上海市,上海市,杨浦区,121.5543121473034,31.27380685887101,Toilet
男洗手间,生活服务,公厕,121.557954,31.272796,上海市,上海市,杨浦区,121.55370072111292,31.274959310760384,Toilet
女洗手间,生活服务,公厕,121.557913,31.27279,上海市,上海市,杨浦区,121.5536596316067,31.274953241673288,Toilet
女洗手间,生活服务,公厕,121.558641,31.271519,上海市,上海市,杨浦区,121.55438932424263,31.27368404367763,Toilet
无障碍洗手间,生活服务,公厕,121.559477,31.271395,上海市,上海市,杨浦区,121.55522712707554,31.27356151932425,Toilet
女洗手间,生活服务,公厕,121.559518,31.271399,上海市,上海市,杨浦区,121.55526821383144,31.273565586677236,Toilet
内江路杨树浦路,交通设施,公交站,121.55644,31.271808,上海市,上海市,杨浦区,121.55218342972915,31.273969041024205,Transport
杨树浦路内江路,交通设施,公交站,121.556442,31.2711,上海市,上海市,杨浦区,121.55218549321798,31.27326134598796,Transport
公厕,生活服务,公厕,121.555784,31.27108,上海市,上海市,杨浦区,121.55152599690906,31.27324015756861,Toilet
上海国际时尚中心-洗手间,生活服务,公厕,121.557323,31.271395,上海市,上海市,杨浦区,121.55306844417734,31.27355779631157,Toilet
公厕,生活服务,公厕,121.536215,31.259908,上海市,上海市,杨浦区,121.5319053719385,31.26203028169757,Toilet
第一康复医院1号楼,医疗保健,综合医院,121.537959,31.261118,上海市,上海市,杨浦区,121.53365452311616,31.263244064214742,Medical_Service
红睦房超氧康复和形体中心,医疗保健,综合医院,121.535624,31.26057,上海市,上海市,杨浦区,121.53131251449489,31.26269051202079,Medical_Service
中医医院,医疗保健,综合医院,121.536223,31.259453,上海市,上海市,杨浦区,121.53191343438228,31.26157550069795,Medical_Service
红睦房中城医院,医疗保健,综合医院,121.535817,31.260131,上海市,上海市,杨浦区,121.53150614095227,31.2622521883028,Medical_Service
第一康复医院同济大学附属康复医院,医疗保健,综合医院,121.538389,31.260872,上海市,上海市,杨浦区,121.53408582355516,31.26299922078576,Medical_Service
杨浦大桥,交通设施,公交站,121.540044,31.261385,上海市,上海市,杨浦区,121.53574564865572,31.26351598409471,Transport
公厕,生活服务,公厕,121.540111,31.262033,上海市,上海市,杨浦区,121.5358127895392,31.26416386160135,Toilet
第一康复医院6号楼,医疗保健,综合医院,121.538264,31.261546,上海市,上海市,杨浦区,121.53396039570087,31.26367262251972,Medical_Service
第一康复医院7号楼,医疗保健,综合医院,121.538305,31.261432,上海市,上海市,杨浦区,121.534001527129,31.263558772096356,Medical_Service
平凉路宁国路,交通设施,公交站,121.536255,31.262915,上海市,上海市,杨浦区,121.53194524151388,31.265036071375683,Transport
宁国路平凉路,交通设施,公交站,121.538013,31.26307,上海市,上海市,杨浦区,121.53370852069877,31.26519534710513,Transport
公厕,生活服务,公厕,121.535785,31.263262,上海市,上海市,杨浦区,121.53147378083786,31.26538174472867,Toilet
第一康复医院4号楼,医疗保健,综合医院,121.53728,31.261546,上海市,上海市,杨浦区,121.53297345393608,31.263670209774855,Medical_Service
红睦房医疗,医疗保健,综合医院,121.536768,31.262093,上海市,上海市,杨浦区,121.5324598649739,31.264215705142192,Medical_Service
第一康复医院-肺功能康复科,医疗保健,综合医院,121.537654,31.261576,上海市,上海市,杨浦区,121.53334857326864,31.26370111707828,Medical_Service
第一康复医院3号楼,医疗保健,综合医院,121.537673,31.261558,上海市,上海市,杨浦区,121.53336763164673,31.26368317156648,Medical_Service
平凉路兰州路,交通设施,公交站,121.530623,31.259847,上海市,上海市,杨浦区,121.52629590755116,31.261954925121703,Transport
公厕,生活服务,公厕,121.531021,31.260525,上海市,上海市,杨浦区,121.5266951237368,31.26263367923813,Toilet
复旦大学附属妇产科医院食堂,医疗保健,综合医院,121.534793,31.259991,上海市,上海市,杨浦区,121.53047901093656,31.26210966686199,Medical_Service
红房子妇产科医院杨浦院区-教学楼,医疗保健,综合医院,121.53493,31.2598,上海市,上海市,杨浦区,121.53061644915309,31.26191909756864,Medical_Service
眉州路河间路,交通设施,公交站,121.534186,31.262764,上海市,上海市,杨浦区,121.52986990087786,31.26487991410572,Transport
平凉路眉州路,交通设施,公交站,121.53421,31.261705,上海市,上海市,杨浦区,121.52989406414024,31.263821435904468,Transport
公厕,生活服务,公厕,121.53421,31.262462,上海市,上海市,杨浦区,121.52989400065336,31.26457810658208,Toilet
隆昌路平凉路,交通设施,公交站,121.547514,31.270151,上海市,上海市,杨浦区,121.54323566982065,31.272295113813943,Transport
平凉路隆昌路,交通设施,公交站,121.545885,31.270022,上海市,上海市,杨浦区,121.54160233285882,31.272162639461865,Transport
公厕,生活服务,公厕,121.548948,31.270327,上海市,上海市,杨浦区,121.54467339589536,31.27247406888341,Toilet
公厕,生活服务,公厕,121.54892,31.268245,上海市,上海市,杨浦区,121.54464549740798,31.27039290115073,Toilet
平凉路贵阳路,交通设施,公交站,121.548679,31.272606,上海市,上海市,杨浦区,121.54440351020038,31.274751536034437,Transport
中心医院急诊,医疗保健,综合医院,121.549618,31.271653,上海市,上海市,杨浦区,121.54534500471492,31.27380089456048,Medical_Service
同济大学附属杨浦医院门诊,医疗保健,综合医院,121.549906,31.271484,上海市,上海市,杨浦区,121.54563375233658,31.273632559290675,Medical_Service
中心医院门诊,医疗保健,综合医院,121.549869,31.271466,上海市,上海市,杨浦区,121.54559665979136,31.273614490958884,Medical_Service
中心医院-公共卫生大楼,医疗保健,综合医院,121.549991,31.271866,上海市,上海市,杨浦区,121.54571893630455,31.274014571176004,Medical_Service
公厕,生活服务,公厕,121.545469,31.272779,上海市,上海市,杨浦区,121.54118497574636,31.274917549953763,Toilet
牙病防治所,医疗保健,诊所,121.543209,31.268207,上海市,上海市,杨浦区,121.53891912254812,31.270342423129087,Medical_Service
平凉路宁武路,交通设施,公交站,121.543731,31.268703,上海市,上海市,杨浦区,121.5394425381594,31.27083939823638,Transport
定海社区卫生中心东白林社区卫生服务站家庭医生工作站,医疗保健,综合医院,121.544964,31.272817,上海市,上海市,杨浦区,121.54067859587292,31.27495441409552,Medical_Service
长阳路宁武路,交通设施,公交站,121.540903,31.272494,上海市,上海市,杨浦区,121.5366062087948,31.274622241742065,Transport
公厕,生活服务,公厕,121.541886,31.270848,上海市,上海市,杨浦区,121.53759216417126,31.27297924408615,Toilet
无障碍洗手间,生活服务,公厕,121.537927,31.264651,上海市,上海市,杨浦区,121.53362213172714,31.266775451733725,Toilet
男洗手间,生活服务,公厕,121.537936,31.264687,上海市,上海市,杨浦区,121.5336311555722,31.2668114581911,Toilet
公厕,生活服务,公厕,121.538781,31.265074,上海市,上海市,杨浦区,121.53447863311314,31.26720034825516,Toilet
公厕,生活服务,公厕,121.538981,31.264751,上海市,上海市,杨浦区,121.53467925074295,31.266877971699767,Toilet
无障碍洗手间,生活服务,公厕,121.538075,31.265438,上海市,上海市,杨浦区,121.53377050717658,31.26756247358579,Toilet
男洗手间,生活服务,公厕,121.53814,31.26547,上海市,上海市,杨浦区,121.53383569811244,31.267594618512327,Toilet
出租车司机专用公厕,生活服务,公厕,121.537443,31.266663,上海市,上海市,杨浦区,121.533136514767,31.268785395623865,Toilet
欧尚超级市场-无障碍洗手间,生活服务,公厕,121.537676,31.270117,上海市,上海市,杨浦区,121.53336992363596,31.272238487591075,Toilet
上海海滨门诊部,医疗保健,诊所,121.5382,31.268259,上海市,上海市,杨浦区,121.53389564311156,31.27038256494566,Medical_Service
长阳路临青路,交通设施,公交站,121.537086,31.270817,上海市,上海市,杨浦区,121.53277809341728,31.27293673557728,Transport
宁国路,交通设施,地铁,121.532368,31.268553,上海市,上海市,杨浦区,121.52804572607924,31.27066173206633,Transport
长阳路黄兴路,交通设施,公交站,121.532583,31.26878,上海市,上海市,杨浦区,121.52826138486456,31.270889193281523,Transport
宁国路地铁站1号口,交通设施,地铁,121.53288,31.269167,上海市,上海市,杨浦区,121.52855928656103,31.271276797104893,Transport
公厕,生活服务,公厕,121.533254,31.268743,上海市,上海市,杨浦区,121.52893449487632,31.27085394438554,Toilet
海尚佳园社区卫生运营服务站,医疗保健,综合医院,121.535396,31.26999,上海市,上海市,杨浦区,121.5310830266388,31.27210587037052,Medical_Service
出租车司机专用公厕,生活服务,公厕,121.534468,31.270785,上海市,上海市,杨浦区,121.53015210179582,31.272898181136785,Toilet
黄兴路长阳路,交通设施,公交站,121.532076,31.271403,上海市,上海市,杨浦区,121.52775256408027,31.273509754444685,Transport
公平路码头,交通设施,公交站,121.506756,31.250188,上海市,上海市,虹口区,121.5023474816265,31.25223184863317,Transport
东大名路海门路,交通设施,公交站,121.50787,31.251889,上海市,上海市,虹口区,121.5034653452957,31.253935438074333,Transport
上海外滩悦榕庄豪华酒店-洗手间,生活服务,公厕,121.506568,31.249858,上海市,上海市,虹口区,121.50215883253033,31.25190143037788,Toilet
北外滩滨江男卫生间,生活服务,公厕,121.508244,31.250086,上海市,上海市,虹口区,121.5038408418621,31.252134364197968,Toilet
公厕,生活服务,公厕,121.510724,31.251682,上海市,上海市,虹口区,121.5063295903037,31.253737067063074,Toilet
女卫生间,生活服务,公厕,121.509453,31.250172,上海市,上海市,虹口区,121.50505417155064,31.252223946523568,Toilet
公厕,生活服务,公厕,121.510758,31.253535,上海市,上海市,虹口区,121.5063635548792,31.25558934502768,Toilet
上海远洋酒店-洗手间,生活服务,公厕,121.510199,31.252436,上海市,上海市,虹口区,121.50580265014496,31.25448916617397,Toilet
提篮桥,交通设施,地铁,121.506786,31.253536,上海市,上海市,虹口区,121.50237730577284,31.25557844888069,Transport
东长治路海门路,交通设施,公交站,121.506465,31.253522,上海市,上海市,虹口区,121.50205515078332,31.25556348911002,Transport
公平路东长治路,交通设施,公交站,121.50596,31.252324,上海市,上海市,虹口区,121.50154843241526,31.25436450023084,Transport
提篮桥地铁站3号口,交通设施,地铁,121.506091,31.252972,上海市,上海市,虹口区,121.50167984968392,31.255012606970396,Transport
提篮桥地铁站2号口,交通设施,地铁,121.507622,31.253518,上海市,上海市,虹口区,121.50321631563592,31.25556296979824,Transport
北外滩滨江公厕,生活服务,公厕,121.496938,31.246819,上海市,上海市,虹口区,121.49249430080717,31.248834679926716,Toilet
北外滩滨江共享厕所,生活服务,公厕,121.497976,31.247071,上海市,上海市,虹口区,121.493536026798,31.24908970650043,Toilet
东大名路旅顺路,交通设施,公交站,121.49872,31.248467,上海市,上海市,虹口区,121.49428259611064,31.25048733147606,Transport
上海白玉兰广场1楼2号厕所,生活服务,公厕,121.499161,31.249376,上海市,上海市,虹口区,121.49472511276736,31.251397259369917,Toilet
女洗手间,生活服务,公厕,121.498894,31.249183,上海市,上海市,虹口区,121.494457164067,31.251203537449,Toilet
女洗手间,生活服务,公厕,121.49888,31.249215,上海市,上海市,虹口区,121.49444311074312,31.251235480744697,Toilet
男洗手间,生活服务,公厕,121.498857,31.24914,上海市,上海市,虹口区,121.49442003399376,31.251160444691763,Toilet
哺乳室,生活服务,公厕,121.498854,31.24935,上海市,上海市,虹口区,121.49441700528472,31.251370341621573,Toilet
哺乳室,生活服务,公厕,121.498971,31.24919,上海市,上海市,虹口区,121.4945344417868,31.251210767413248,Toilet
天章路秦皇岛路,交通设施,公交站,121.517394,31.251113,上海市,上海市,杨浦区,121.5130232061538,31.253187954254678,Transport
北外滩滨江公厕,生活服务,公厕,121.516295,31.249535,上海市,上海市,虹口区,121.51192049655556,31.2516074615246,Toilet
杨树浦路大连路,交通设施,公交站,121.519071,31.252051,上海市,上海市,杨浦区,121.51470595425528,31.254130381709324,Transport
杨树浦路,交通设施,地铁,121.51716,31.251886,上海市,上海市,虹口区,121.51278832421828,31.253959930581757,Transport
平凉路大连路,交通设施,公交站,121.517854,31.253312,上海市,上海市,杨浦区,121.5134846235307,31.255387309527663,Transport
大连路杨树浦路,交通设施,公交站,121.517359,31.252204,上海市,上海市,虹口区,121.51298799196776,31.25427836691417,Transport
公共厕所,生活服务,公厕,121.516493,31.252371,上海市,上海市,虹口区,121.51211895076598,31.25444277413041,Toilet
男洗手间,生活服务,公厕,121.516794,31.252373,上海市,上海市,虹口区,121.5124210040292,31.25444564980616,Toilet
男洗手间,生活服务,公厕,121.516699,31.252356,上海市,上海市,虹口区,121.51232567313193,31.25442838084209,Toilet
女洗手间,生活服务,公厕,121.516816,31.252367,上海市,上海市,虹口区,121.51244308147768,31.254439716492318,Toilet
大连路长阳路,交通设施,公交站,121.512284,31.259065,上海市,上海市,杨浦区,121.5078945253468,31.261121443191108,Transport
长阳路辽阳路,交通设施,公交站,121.515289,31.259799,上海市,上海市,杨浦区,121.5109100963018,31.261863980483383,Transport
辽阳卫生服务站,医疗保健,综合医院,121.515028,31.262001,上海市,上海市,杨浦区,121.51064799117516,31.26406425481917,Medical_Service
江浦社区卫生中心,医疗保健,综合医院,121.515138,31.261948,上海市,上海市,杨浦区,121.5107583831012,31.26401160047531,Medical_Service
公厕,生活服务,公厕,121.511962,31.263501,上海市,上海市,杨浦区,121.50757100430808,31.26555455487305,Toilet
宝地广场-男洗手间,生活服务,公厕,121.512061,31.261599,上海市,上海市,杨浦区,121.50767051763349,31.263653675133504,Toilet
公厕,生活服务,公厕,121.511117,31.261646,上海市,上海市,杨浦区,121.50672314976748,31.26369784964096,Toilet
宝地广场-男洗手间,生活服务,公厕,121.51213,31.261627,上海市,上海市,杨浦区,121.50773976078044,31.263681867625472,Toilet
宝地广场-女洗手间,生活服务,公厕,121.512156,31.261654,上海市,上海市,杨浦区,121.50776585099594,31.263708932983697,Toilet
平凉路,交通设施,地铁,121.526702,31.259037,上海市,上海市,杨浦区,121.52236221140576,31.261134732497645,Transport
扬州路齐齐哈尔路,交通设施,公交站,121.529206,31.259131,上海市,上海市,杨浦区,121.5248744004572,31.26123546785004,Transport
公厕,生活服务,公厕,121.522951,31.260503,上海市,上海市,杨浦区,121.5185985328708,31.26258969106134,Toilet
平凉路地铁站5号口,交通设施,地铁,121.525256,31.260129,上海市,上海市,杨浦区,121.52091131689048,31.262222279193114,Transport
江浦路济宁路,交通设施,公交站,121.524743,31.262392,上海市,上海市,杨浦区,121.5203964110331,31.26448287207052,Transport
公厕,生活服务,公厕,121.525229,31.262997,上海市,上海市,杨浦区,121.52088398538235,31.26508895541488,Toilet
公厕,生活服务,公厕,121.524133,31.262948,上海市,上海市,杨浦区,121.51978431686244,31.26503693418759,Toilet
仰仁堂中医门诊部,医疗保健,诊所,121.525312,31.263387,上海市,上海市,杨浦区,121.52096722959556,31.265479015606324,Medical_Service
怀德路长阳路,交通设施,公交站,121.522543,31.263207,上海市,上海市,杨浦区,121.51818892107444,31.265291366297664,Transport
长阳路许昌路,交通设施,公交站,121.520805,31.263166,上海市,上海市,杨浦区,121.51644499187006,31.265245460767364,Transport
长阳路兰州路,交通设施,公交站,121.526366,31.26576,上海市,上海市,杨浦区,121.52202453423358,31.267853890113187,Transport
公厕,生活服务,公厕,121.52612,31.26479,上海市,上海市,杨浦区,121.52177780025272,31.266883634015123,Toilet
无障碍公厕,生活服务,公厕,121.527999,31.264778,上海市,上海市,杨浦区,121.52366299409584,31.2668767616531,Toilet
齐齐哈尔路门诊部,医疗保健,诊所,121.525785,31.265068,上海市,上海市,杨浦区,121.5214416639226,31.26716059263378,Medical_Service
无障碍公厕,生活服务,公厕,121.525954,31.268125,上海市,上海市,杨浦区,121.52161096844964,31.270216741601384,Toilet
江浦社区卫生中心金鹏社区卫生服务站,医疗保健,综合医院,121.52611,31.267641,上海市,上海市,杨浦区,121.52176752717052,31.26973337807328,Medical_Service
周家嘴路许昌路,交通设施,公交站,121.517408,31.268298,上海市,上海市,杨浦区,121.51303580408108,31.270365479120443,Transport
新华医院-科教楼,医疗保健,综合医院,121.518372,31.27185,上海市,上海市,杨浦区,121.51400285990223,31.273918752598465,Medical_Service
上海交通大学医学院附属新华医院儿科外科大楼,医疗保健,综合医院,121.518392,31.272639,上海市,上海市,杨浦区,121.51402286274838,31.274707475183845,Medical_Service
上海交通大学医学院附属新华医院儿科急诊,医疗保健,综合医院,121.51914,31.271828,上海市,上海市,杨浦区,121.51477352435036,31.27389897475789,Medical_Service
新华医院-儿科,医疗保健,综合医院,121.518498,31.272661,上海市,上海市,杨浦区,121.51412922893994,31.27472977176821,Medical_Service
上海交通大学医学院附属新华医院科教大楼25号楼,医疗保健,综合医院,121.518386,31.272185,上海市,上海市,杨浦区,121.5140168802426,31.274253650636997,Medical_Service
上海交通大学医学院附属新华医院-儿科综合楼,医疗保健,综合医院,121.519123,31.272313,上海市,上海市,杨浦区,121.51475642458408,31.274383719769084,Medical_Service
新华医院-临床护理教研室,医疗保健,综合医院,121.518337,31.27212,上海市,上海市,杨浦区,121.51396771552814,31.274188536775817,Medical_Service
江浦路地铁站6号口,交通设施,地铁,121.519408,31.271978,上海市,上海市,杨浦区,121.515042438458,31.274049680995383,Transport
双辽路控江路,交通设施,公交站,121.516971,31.271878,上海市,上海市,杨浦区,121.51259697562108,31.27394268128837,Transport
上海交通大学医学院附属新华医院药学综合楼,医疗保健,综合医院,121.518006,31.27211,上海市,上海市,杨浦区,121.5136355656068,31.27417758437866,Medical_Service
上海新华医院23号楼,医疗保健,综合医院,121.517871,31.272418,上海市,上海市,杨浦区,121.51350006974012,31.27448506290945,Medical_Service
新华-江浦慢性病联合门诊,医疗保健,诊所,121.515948,31.272428,上海市,上海市,杨浦区,121.51157034539943,31.27448946593312,Medical_Service
上海交通大学医学院附属新华医院-科教大楼,医疗保健,综合医院,121.518054,31.272324,上海市,上海市,杨浦区,121.5136837145246,31.27439163229874,Medical_Service
江浦社区卫生中心双辽路社区卫生服务站家庭医生工作站,医疗保健,综合医院,121.515929,31.272378,上海市,上海市,杨浦区,121.51155128292083,31.274439431652503,Medical_Service
江浦社区卫生中心,医疗保健,综合医院,121.513426,31.271208,上海市,上海市,杨浦区,121.50903955195768,31.273262576706056,Medical_Service
江浦社区卫生中心-预防接种门诊,医疗保健,诊所,121.513572,31.270898,上海市,上海市,杨浦区,121.50918609541876,31.27295313967872,Medical_Service
许昌路控江路,交通设施,公交站,121.512619,31.272062,上海市,上海市,杨浦区,121.5082296162229,31.2741138273468,Transport
周家嘴路,交通设施,地铁,121.499935,31.259724,上海市,上海市,虹口区,121.49550103107828,31.26174302471183,Transport
临平路,交通设施,地铁,121.500662,31.26088,上海市,上海市,虹口区,121.49623056215896,31.262900720919585,Transport
飞虹路临平路,交通设施,公交站,121.500535,31.260713,上海市,上海市,虹口区,121.49610311700194,31.26273340927725,Transport
公平路周家嘴路,交通设施,公交站,121.499876,31.259796,上海市,上海市,虹口区,121.495441811584,31.261814814592128,Transport
临平路地铁站4号口,交通设施,地铁,121.500722,31.261155,上海市,上海市,虹口区,121.49629075579476,31.263175782655964,Transport
临平路地铁站3号口,交通设施,地铁,121.499826,31.260336,上海市,上海市,虹口区,121.4953915848255,31.26235442723145,Transport
公厕,生活服务,公厕,121.499342,31.261222,上海市,上海市,虹口区,121.49490575927376,31.26323857531276,Toilet
女洗手间,生活服务,公厕,121.499732,31.261176,上海市,上海市,虹口区,121.49529717342612,31.26319377613015,Toilet
无障碍洗手间,生活服务,公厕,121.499263,31.261186,上海市,上海市,虹口区,121.49482647670264,31.263202351831367,Toilet
临平路张家巷,交通设施,公交站,121.49711,31.261686,上海市,上海市,虹口区,121.4926656554752,31.263695618695248,Transport
天宝路临平路,交通设施,公交站,121.497318,31.262987,上海市,上海市,虹口区,121.4928742955348,31.26499668218948,Transport
公厕,生活服务,公厕,121.496518,31.261652,上海市,上海市,虹口区,121.4920715222139,31.263659843631128,Toilet
无障碍公厕,生活服务,公厕,121.496509,31.261774,上海市,上海市,虹口区,121.49206247935528,31.26378176331464,Toilet
母婴室,生活服务,公厕,121.496471,31.26164,上海市,上海市,虹口区,121.49202435370638,31.263647706796835,Toilet
弘经乐中医诊所有限责任公司,医疗保健,诊所,121.493619,31.261207,上海市,上海市,虹口区,121.48916212559648,31.263206290644508,Medical_Service
保定路周家嘴路,交通设施,公交站,121.507545,31.260724,上海市,上海市,虹口区,121.50313842780892,31.262765568577198,Transport
保定路东余杭路,交通设施,公交站,121.50833,31.260034,上海市,上海市,虹口区,121.5039263076866,31.26207822587191,Transport
唐山路大连路,交通设施,公交站,121.509781,31.260659,上海市,上海市,虹口区,121.505382458028,31.262707296106168,Transport
周家嘴路大连路,交通设施,公交站,121.510242,31.263252,上海市,上海市,杨浦区,121.5058448879928,31.265300544210668,Transport
公厕,生活服务,公厕,121.510332,31.261533,上海市,上海市,杨浦区,121.5059353554162,31.263582559954664,Toilet
公厕,生活服务,公厕,121.505917,31.261856,上海市,上海市,虹口区,121.5015044687007,31.26389217728245,Toilet
周家嘴路公平路,交通设施,公交站,121.502719,31.258994,上海市,上海市,虹口区,121.49829516205912,31.261021770547465,Transport
临平路地铁站2号口,交通设施,地铁,121.501293,31.260748,上海市,上海市,虹口区,121.49686385576916,31.262770688724387,Transport
周家嘴路保定路,交通设施,公交站,121.505705,31.261194,上海市,上海市,虹口区,121.50129176036816,31.26322982675258,Transport
飞虹路保定路,交通设施,公交站,121.503493,31.263289,上海市,上海市,虹口区,121.49907159523067,31.265317238522595,Transport
宝元居民区红十字卫生站,医疗保健,诊所,121.503124,31.262424,上海市,上海市,虹口区,121.4987013348835,31.26445149860412,Medical_Service
大连路飞虹路,交通设施,公交站,121.50643,31.265556,上海市,上海市,虹口区,121.50201900386531,31.26759211877317,Transport
大连路周家嘴路,交通设施,公交站,121.507778,31.263824,上海市,上海市,杨浦区,121.50337200282694,31.26586492038045,Transport
创邑SPACE海上海-女洗手间,生活服务,公厕,121.507515,31.265561,上海市,上海市,杨浦区,121.50310790973062,31.267600379478267,Toilet
出租车司机专用公厕,生活服务,公厕,121.508463,31.264265,上海市,上海市,杨浦区,121.50405942666043,31.266307784416284,Toilet
大连路新港路,交通设施,公交站,121.506427,31.267719,上海市,上海市,杨浦区,121.50201580952384,31.269754178694903,Transport
海上海弘基休闲广场-女洗手间,生活服务,公厕,121.507367,31.266069,上海市,上海市,杨浦区,121.50295933421226,31.268107715733223,Toilet
辽源西路大连路,交通设施,公交站,121.507194,31.268566,上海市,上海市,杨浦区,121.50278549986194,31.2706031226828,Transport
拜博口腔,医疗保健,诊所,121.506744,31.269307,上海市,上海市,杨浦区,121.5023338167944,31.271342452158443,Medical_Service
公厕,生活服务,公厕,121.509356,31.268553,上海市,上海市,杨浦区,121.50495526676882,31.270596611659386,Toilet
打虎山路控江路,交通设施,公交站,121.509442,31.271528,上海市,上海市,杨浦区,121.50504132283407,31.27357059849884,Transport
控江路打虎山路,交通设施,公交站,121.509144,31.272605,上海市,上海市,杨浦区,121.5047421633178,31.27464624936698,Transport
鞍山新村地铁站3号口,交通设施,地铁,121.509897,31.272744,上海市,上海市,杨浦区,121.505497849403,31.27478744159924,Transport
本颐堂中医门诊部,医疗保健,诊所,121.508485,31.271728,上海市,上海市,杨浦区,121.50408087294858,31.27376764820171,Medical_Service
广积德中医馆,医疗保健,诊所,121.506306,31.271225,上海市,上海市,杨浦区,121.50189407594468,31.273258315301963,Medical_Service
瑞虹天地月亮湾-女洗手间,生活服务,公厕,121.498493,31.264434,上海市,上海市,虹口区,121.49405341680284,31.266446610435487,Toilet
男洗手间,生活服务,公厕,121.497987,31.26414,上海市,上海市,虹口区,121.49354561347074,31.266151206322736,Toilet
男洗手间,生活服务,公厕,121.498514,31.264345,上海市,上海市,虹口区,121.49407450027556,31.266357712506554,Toilet
男洗手间,生活服务,公厕,121.498326,31.263769,上海市,上海市,虹口区,121.49388586991232,31.265781392915592,Toilet
哺乳室,生活服务,公厕,121.49838,31.263653,上海市,上海市,虹口区,121.4939400749264,31.265665606620203,Toilet
瑞虹路新港路,交通设施,公交站,121.500577,31.266574,上海市,上海市,虹口区,121.49614477039135,31.268591996089253,Transport
公厕,生活服务,公厕,121.500271,31.267589,上海市,上海市,虹口区,121.49583757719438,31.269605633200676,Toilet
无障碍公厕,生活服务,公厕,121.500341,31.267538,上海市,上海市,虹口区,121.4959078347296,31.269554867041204,Toilet
新港路四平路,交通设施,公交站,121.497928,31.270052,上海市,上海市,虹口区,121.49348589682276,31.27206048582968,Transport
天宝路新港路,交通设施,公交站,121.499278,31.268379,上海市,上海市,虹口区,121.4948409187429,31.27039228778392,Transport
嘉兴路街道社区卫生中心天宝路服务站,医疗保健,综合医院,121.500409,31.270833,上海市,上海市,虹口区,121.4959758003512,31.27284866310988,Medical_Service
四平路密云路,交通设施,公交站,121.497444,31.271382,上海市,上海市,虹口区,121.4930000353437,31.273388454529872,Transport
公厕,生活服务,公厕,121.49187,31.269132,上海市,上海市,虹口区,121.48740618148425,31.271122611292306,Toilet
鑫健林国医堂,医疗保健,诊所,121.491452,31.268646,上海市,上海市,虹口区,121.48698672883256,31.270635565997143,Medical_Service
邮电新村,交通设施,地铁,121.494281,31.268438,上海市,上海市,虹口区,121.48982588710996,31.270436159251297,Transport
四平路曲阳路,交通设施,公交站,121.495283,31.269416,上海市,上海市,虹口区,121.49083140912649,31.27141676280459,Transport
四平路新港路,交通设施,公交站,121.495067,31.269005,上海市,上海市,虹口区,121.4906146664446,31.271005286774944,Transport
祥德路欧阳路,交通设施,公交站,121.491581,31.271164,上海市,上海市,虹口区,121.48711597471484,31.273152877177573,Transport
曲阳路祥德路,交通设施,公交站,121.491809,31.272445,上海市,上海市,虹口区,121.48734468039363,31.27443401621685,Transport
宝程耀世医堂,医疗保健,诊所,121.491213,31.272089,上海市,上海市,虹口区,121.48674658112796,31.27407638094307,Medical_Service
公厕,生活服务,公厕,121.492723,31.274307,上海市,上海市,虹口区,121.48826179351694,31.27629797181947,Toilet
公厕,生活服务,公厕,121.495247,31.274148,上海市,上海市,虹口区,121.49079487593694,31.27614664200067,Toilet
公厕,生活服务,公厕,121.495073,31.274152,上海市,上海市,虹口区,121.49062024907406,31.2761501152047,Toilet
大连西路玉田新村,交通设施,公交站,121.494805,31.276481,上海市,上海市,虹口区,121.49035108574948,31.27847732473625,Transport
玉田社区家庭医生诊所,医疗保健,诊所,121.494198,31.276583,上海市,上海市,虹口区,121.48974189379418,31.27857745177212,Medical_Service
曲阳路街道社区卫生中心玉田社区卫生服务站,医疗保健,综合医院,121.494271,31.276619,上海市,上海市,虹口区,121.48981515316258,31.27861365664324,Medical_Service
曲阳路,交通设施,地铁,121.49118,31.276491,上海市,上海市,虹口区,121.48671308720706,31.278476421567618,Transport
蒋家桥社区家庭医生诊所,医疗保健,诊所,121.49773,31.27296,上海市,上海市,虹口区,121.49328693384356,31.27496664936612,Medical_Service
四平路大连路,交通设施,公交站,121.49945,31.272938,上海市,上海市,虹口区,121.49501315262437,31.274949864702688,Transport
尤龙中医,医疗保健,诊所,121.498615,31.273927,上海市,上海市,虹口区,121.49417504942473,31.275935918045917,Medical_Service
大连西路四平路,交通设施,公交站,121.4995,31.27607,上海市,上海市,杨浦区,121.4950630668082,31.278080692967915,Transport
四平路地铁站4号口,交通设施,地铁,121.500495,31.275182,上海市,上海市,虹口区,121.49606174138157,31.27719607959512,Transport
玉田路曲阳路,交通设施,公交站,121.491947,31.279155,上海市,上海市,虹口区,121.4874826008333,31.281141604585123,Transport
曲阳医院3号楼,医疗保健,综合医院,121.491305,31.278916,上海市,上海市,虹口区,121.48683832637012,31.28090077956209,Medical_Service
曲阳医院-急诊,医疗保健,综合医院,121.491207,31.278628,上海市,上海市,虹口区,121.48674000100768,31.28061260639113,Medical_Service
曲阳医院-妇科门诊,医疗保健,综合医院,121.491296,31.278802,上海市,上海市,虹口区,121.48682930396714,31.28078680024617,Medical_Service
曲阳医院-体检中心,医疗保健,综合医院,121.49127,31.278948,上海市,上海市,虹口区,121.48680319863507,31.280932661335523,Medical_Service
公厕,生活服务,公厕,121.494375,31.282076,上海市,上海市,虹口区,121.48991906142712,31.28406869205393,Toilet
曲阳新村,交通设施,公交站,121.492635,31.28101,上海市,上海市,虹口区,121.48817290576008,31.282997897486435,Transport
赤峰社区家庭医生诊所,医疗保健,诊所,121.492352,31.280567,上海市,上海市,虹口区,121.48788892982655,31.282554231619848,Medical_Service
四平路,交通设施,地铁,121.501479,31.27486,上海市,上海市,虹口区,121.49704932849292,31.276877194260347,Transport
大连路四平路,交通设施,公交站,121.502551,31.273888,上海市,上海市,虹口区,121.49812528870685,31.275908848821963,Transport
男洗手间,生活服务,公厕,121.502111,31.274956,上海市,上海市,杨浦区,121.49768360649676,31.27697506637677,Toilet
四平路地铁站3号口,交通设施,地铁,121.501929,31.273908,上海市,上海市,虹口区,121.49750103729252,31.275926958459635,Transport
四平路地铁站2号口,交通设施,地铁,121.502302,31.274633,上海市,上海市,杨浦区,121.49787532480704,31.27665278063033,Transport
四平路赤峰路,交通设施,公交站,121.503868,31.277328,上海市,上海市,杨浦区,121.49944675771972,31.27935138114816,Transport
四平路大连西路,交通设施,公交站,121.502518,31.27606,上海市,上海市,杨浦区,121.4980919846945,31.27807983247152,Transport
公厕,生活服务,公厕,121.50312,31.276844,上海市,上海市,杨浦区,121.4986960949777,31.278865323480108,Toilet
无障碍公厕,生活服务,公厕,121.50312,31.276854,上海市,上海市,杨浦区,121.49869609412764,31.278875319279614,Toilet
四平路地铁站1号口,交通设施,地铁,121.501447,31.275216,上海市,上海市,杨浦区,121.49701718244935,31.277232947204457,Transport
出租车司机专用公厕,生活服务,公厕,121.508674,31.276028,上海市,上海市,杨浦区,121.5042701868763,31.27806639525881,Toilet
公厕,生活服务,公厕,121.506517,31.276595,上海市,上海市,杨浦区,121.50210538054952,31.278626678639995,Toilet
鞍山新村,交通设施,公交站,121.508864,31.280794,上海市,上海市,杨浦区,121.50446046461222,31.28283097008069,Transport
同济大学,交通设施,公交站,121.5085,31.281675,上海市,上海市,杨浦区,121.5040950832486,31.28371051344265,Transport
同济大学,交通设施,地铁,121.506313,31.282066,上海市,上海市,杨浦区,121.5019001809234,31.2840947804272,Transport
公厕,生活服务,公厕,121.508161,31.281589,上海市,上海市,杨浦区,121.5037548727781,31.283623532632213,Toilet
男洗手间,生活服务,公厕,121.508158,31.281499,上海市,上海市,杨浦区,121.50375186963282,31.283533561001057,Toilet
女洗手间,生活服务,公厕,121.508184,31.281415,上海市,上海市,杨浦区,121.50377797018557,31.28344967387669,Toilet
女洗手间,生活服务,公厕,121.508155,31.28142,上海市,上海市,杨浦区,121.50374886555434,31.28345458480957,Toilet
女洗手间,生活服务,公厕,121.507256,31.281389,上海市,上海市,杨浦区,121.50284663501616,31.283420898232336,Toilet
女洗手间,生活服务,公厕,121.508177,31.281401,上海市,上海市,杨浦区,121.50377094622031,31.28343565869431,Toilet
男洗手间,生活服务,公厕,121.507191,31.281417,上海市,上海市,杨浦区,121.50278139867696,31.28344869122747,Toilet
男洗手间,生活服务,公厕,121.508189,31.2814,上海市,上海市,杨浦区,121.50378298942418,31.283434695104603,Toilet
同济大学地铁站3号口,交通设施,地铁,121.506569,31.281712,上海市,上海市,杨浦区,121.50215713355654,31.283741697905054,Transport
同济大学地铁站4号口,交通设施,地铁,121.50615,31.281163,上海市,上海市,杨浦区,121.50173666999537,31.28319166443185,Transport
同济大学地铁站2号口,交通设施,地铁,121.506741,31.28198,上海市,上海市,杨浦区,121.5023297304681,31.284010104277456,Transport
同济大学地铁站1号口,交通设施,地铁,121.507338,31.282279,上海市,上海市,杨浦区,121.50292885460374,31.28431077540972,Transport
同济大学地铁站5号口,交通设施,地铁,121.506512,31.282955,上海市,上海市,杨浦区,121.50209982264217,31.28498401128071,Transport
公厕,生活服务,公厕,121.50763,31.286674,上海市,上海市,杨浦区,121.50322153221322,31.28870484126519,Toilet
公厕,生活服务,公厕,121.507399,31.285215,上海市,上海市,杨浦区,121.50298982494436,31.28724574642164,Toilet
赤峰路曲阳路,交通设施,公交站,121.491741,31.282288,上海市,上海市,虹口区,121.48727559638148,31.28427268320756,Transport
中山北二路曲阳路,交通设施,公交站,121.494068,31.285711,上海市,上海市,虹口区,121.48961064741168,31.287701266582765,Transport
中山北二路伊敏河路,交通设施,公交站,121.494457,31.285677,上海市,上海市,虹口区,121.490001048998,31.28766845293481,Transport
上海商务楼-女洗手间,生活服务,公厕,121.493001,31.28677,上海市,上海市,虹口区,121.48853972591029,31.28875662034969,Toilet
上海峰昼埭赤医院,医疗保健,综合医院,121.491799,31.286602,上海市,上海市,虹口区,121.48733343516882,31.288585079139583,Medical_Service
伊敏河路中山北二路,交通设施,公交站,121.493332,31.287183,上海市,上海市,虹口区,121.48887187820804,31.28917044689291,Transport
巴林路伊敏河路,交通设施,公交站,121.495418,31.288238,上海市,上海市,虹口区,121.4909652898858,31.29023130335623,Transport
伊敏河路巴林路,交通设施,公交站,121.493643,31.288987,上海市,上海市,虹口区,121.4891838407269,31.290974646320187,Transport
曲阳路街道社区卫生中心,医疗保健,综合医院,121.494373,31.28822,上海市,上海市,虹口区,121.48991652981135,31.29021015827025,Medical_Service
曲阳路街道社区卫生中心-预防接种门诊,医疗保健,诊所,121.494577,31.288254,上海市,上海市,虹口区,121.49012126071084,31.290244759420226,Medical_Service
腾克路曲阳路,交通设施,公交站,121.492373,31.291058,上海市,上海市,虹口区,121.48790910877231,31.29304098589764,Transport
公厕,生活服务,公厕,121.49185,31.291244,上海市,上海市,虹口区,121.487384220873,31.29322534074576,Toilet
控江路本溪路,交通设施,公交站,121.511298,31.273476,上海市,上海市,杨浦区,121.50690379374876,31.27552330707001,Transport
控江路鞍山路,交通设施,公交站,121.514103,31.273824,上海市,上海市,杨浦区,121.50971872690108,31.27587946231409,Transport
本溪路铁岭路,交通设施,公交站,121.514416,31.275842,上海市,上海市,杨浦区,121.5100326621732,31.277897531510984,Transport
四平社区卫生中心,医疗保健,综合医院,121.514148,31.277428,上海市,上海市,杨浦区,121.5097635810986,31.279482076369952,Medical_Service
鞍山路锦西路,交通设施,公交站,121.510954,31.277275,上海市,上海市,杨浦区,121.50655824436538,31.279319681833044,Transport
江浦路,交通设施,地铁,121.518332,31.274916,上海市,上海市,杨浦区,121.51396246206755,31.27698333827512,Transport
上海交通大学医学院附属新华医院康复医学科,医疗保健,综合医院,121.518546,31.27401,上海市,上海市,杨浦区,121.51417728164554,31.27607833870905,Medical_Service
江浦路控江路,交通设施,公交站,121.518857,31.273657,上海市,上海市,杨浦区,121.51448938997176,31.27572638442224,Transport
上海交通大学医学院附属新华医院医技楼,医疗保健,综合医院,121.518322,31.273751,上海市,上海市,杨浦区,121.51395252570018,31.27581880178539,Medical_Service
新华医院8号楼,医疗保健,综合医院,121.518239,31.273737,上海市,上海市,杨浦区,121.51386923846462,31.27580456796275,Medical_Service
上海交通大学医学院附属新华医院门诊诊区,医疗保健,综合医院,121.518398,31.274038,上海市,上海市,杨浦区,121.51402876546057,31.276105899792764,Medical_Service
上海交通大学医学院附属新华医院医技楼5号楼,医疗保健,综合医院,121.518436,31.273878,上海市,上海市,杨浦区,121.51406691093202,31.27594607716418,Medical_Service
新华医院DSA,医疗保健,综合医院,121.518354,31.273776,上海市,上海市,杨浦区,121.51398463475616,31.275843883609795,Medical_Service
女洗手间,生活服务,公厕,121.518441,31.274376,上海市,上海市,杨浦区,121.51407188624408,31.276443881009275,Toilet
上海交通大学医学院附属新华医院放疗楼,医疗保健,综合医院,121.518671,31.273893,上海市,上海市,杨浦区,121.51430272520976,31.27596174864797,Medical_Service
上海交通大学附属新华医院成人肠道门诊传,医疗保健,综合医院,121.518937,31.27313,上海市,上海市,杨浦区,121.51456971162888,31.275199837993195,Medical_Service
上海交通大学医学院附属新华医院内科病房,医疗保健,综合医院,121.518439,31.274286,上海市,上海市,杨浦区,121.51406988689884,31.276353913275894,Medical_Service
上海交通大学医学院附属新华医院便民服务运营中心,医疗保健,综合医院,121.518404,31.274108,上海市,上海市,杨浦区,121.51403478038756,31.276175887508767,Medical_Service
上海交通大学医学院附属新华医院儿科办公大楼,医疗保健,综合医院,121.518364,31.273195,上海市,上海市,杨浦区,121.5139947185506,31.27526315854736,Medical_Service
江浦路地铁站5号口,交通设施,地铁,121.519124,31.273799,上海市,上海市,杨浦区,121.51475730261278,31.27586909264366,Transport
江浦路地铁站1号口,交通设施,地铁,121.519008,31.27493,上海市,上海市,杨浦区,121.51464080557484,31.276999280992545,Transport
江浦路地铁站4号口,交通设施,地铁,121.518693,31.275292,上海市,上海市,杨浦区,121.51432468339486,31.27736022114243,Transport
无障碍洗手间,生活服务,公厕,121.517213,31.275151,上海市,上海市,杨浦区,121.5128395445974,31.27721499844437,Toilet
男洗手间,生活服务,公厕,121.517247,31.275165,上海市,上海市,杨浦区,121.51287366213232,31.277229091272783,Toilet
男洗手间,生活服务,公厕,121.517237,31.275236,上海市,上海市,杨浦区,121.5128636212189,31.27730003229009,Toilet
长根堂中医诊所,医疗保健,诊所,121.518042,31.275642,上海市,上海市,杨浦区,121.51367139257393,31.277708194052725,Medical_Service
延吉西路江浦路,交通设施,公交站,121.518374,31.279257,上海市,上海市,杨浦区,121.51400424137525,31.28132263709199,Transport
公厕,生活服务,公厕,121.520703,31.277642,上海市,上海市,杨浦区,121.51634142091132,31.279714994172263,Toilet
抚顺路长岭路,交通设施,公交站,121.518985,31.282156,上海市,上海市,杨浦区,121.51461711582688,31.28422219203025,Transport
公厕,生活服务,公厕,121.518439,31.280748,上海市,上海市,杨浦区,121.5140693411998,31.28281320325242,Toilet
江浦路延吉西路,交通设施,公交站,121.516932,31.280213,上海市,上海市,杨浦区,121.5125571350038,31.28227405978262,Transport
抚顺路铁岭路,交通设施,公交站,121.513686,31.279515,上海市,上海市,杨浦区,121.50929977001331,31.28156684181401,Transport
松鹤公园-公厕,生活服务,公厕,121.5137,31.279574,上海市,上海市,杨浦区,121.5093138145898,31.2816258584842,Toilet
初元慈铭体检,医疗保健,诊所,121.514668,31.277807,上海市,上海市,杨浦区,121.51028538550192,31.27986244674134,Medical_Service
铁岭路抚顺路,交通设施,公交站,121.512364,31.280426,上海市,上海市,杨浦区,121.5079730017588,31.28247355339402,Transport
靖宇南路控江路,交通设施,公交站,121.527028,31.279079,上海市,上海市,杨浦区,121.52268760135344,31.281169044836705,Transport
公厕,生活服务,公厕,121.527206,31.277874,上海市,上海市,杨浦区,121.5228662892644,31.27996503406215,Toilet
黄兴路地铁站4号口,交通设施,地铁,121.527743,31.278788,上海市,上海市,杨浦区,121.52340497709008,31.28088011059893,Transport
黄兴路地铁站3号口,交通设施,地铁,121.527829,31.27826,上海市,上海市,杨浦区,121.5234913034683,31.28035256456887,Transport
黄兴路,交通设施,地铁,121.528352,31.278844,上海市,上海市,杨浦区,121.5240159650728,31.280937734124404,Transport
公厕,生活服务,公厕,121.529157,31.278542,上海市,上海市,杨浦区,121.52482361005872,31.28063802442257,Toilet
黄兴路地铁站1号口,交通设施,地铁,121.528682,31.279249,上海市,上海市,杨浦区,121.52434700689086,31.281343453821776,Transport
公厕,生活服务,公厕,121.528566,31.281194,上海市,上海市,杨浦区,121.5242304654316,31.28328733135118,Toilet
无障碍公厕,生活服务,公厕,121.528774,31.281149,上海市,上海市,杨浦区,121.52443914655063,31.283242909608685,Toilet
延吉中路黄兴路,交通设施,公交站,121.526497,31.281895,上海市,上海市,杨浦区,121.52215461012204,31.28398242141848,Transport
镶牙,医疗保健,诊所,121.526502,31.282097,上海市,上海市,杨浦区,121.52215960966716,31.284184351329557,Medical_Service
上海惠生堂中医门诊,医疗保健,诊所,121.522446,31.279637,上海市,上海市,杨浦区,121.5180902066926,31.28171410032405,Medical_Service
黄兴路控江路,交通设施,公交站,121.524737,31.279492,上海市,上海市,杨浦区,121.52038895099986,31.281575569288453,Transport
延吉西路黄兴路,交通设施,公交站,121.522476,31.280666,上海市,上海市,杨浦区,121.5181202218912,31.282742756134308,Transport
公共厕所,生活服务,公厕,121.522417,31.28049,上海市,上海市,杨浦区,121.51806103619587,31.28256666307496,Toilet
凤城地段医院,医疗保健,综合医院,121.52117,31.280376,上海市,上海市,杨浦区,121.51680979126998,31.2824491807212,Medical_Service
控江社区卫生中心,医疗保健,综合医院,121.520993,31.280419,上海市,上海市,杨浦区,121.51663218131092,31.28249165956967,Medical_Service
控江街道社区卫生中心,医疗保健,综合医院,121.520888,31.280339,上海市,上海市,杨浦区,121.51652682809248,31.282411394093067,Medical_Service
控江新村,交通设施,公交站,121.523243,31.282778,上海市,上海市,杨浦区,121.51888964435692,31.28485603579661,Transport
公厕,生活服务,公厕,121.52529,31.282262,上海市,上海市,杨浦区,121.52094356702386,31.284345948627312,Toilet
公厕,生活服务,公厕,121.522227,31.284655,上海市,上海市,杨浦区,121.51787003869728,31.2867294021258,Toilet
控江医院1号楼,医疗保健,综合医院,121.530368,31.28237,上海市,上海市,杨浦区,121.52603819725611,31.284467657411938,Medical_Service
控江医院3号楼,医疗保健,综合医院,121.530207,31.282592,上海市,上海市,杨浦区,121.52587666113854,31.284689138468405,Medical_Service
控江医院住院部,医疗保健,综合医院,121.530613,31.282774,上海市,上海市,杨浦区,121.52628394939288,31.284872138636093,Medical_Service
荣庆堂中医门诊部,医疗保健,诊所,121.528978,31.285186,上海市,上海市,杨浦区,121.5246434702639,31.28727878798394,Medical_Service
控江社区卫生中心望春花社区卫生服务站家庭医生工作站,医疗保健,综合医院,121.527915,31.28444,上海市,上海市,杨浦区,121.52357706531194,31.28653023015105,Medical_Service
黄兴路国权路,交通设施,公交站,121.521024,31.288438,上海市,上海市,杨浦区,121.51666261092429,31.290507442272144,Transport
女洗手间,生活服务,公厕,121.521909,31.288696,上海市,上海市,杨浦区,121.517550614523,31.29076784730322,Toilet
女洗手间,生活服务,公厕,121.521681,31.289378,上海市,上海市,杨浦区,121.51732177901644,31.291448924085863,Toilet
国权路政本路,交通设施,公交站,121.51666,31.288007,上海市,上海市,杨浦区,121.5122835245759,31.29006405297435,Transport
国权路黄兴路,交通设施,公交站,121.519308,31.28892,上海市,上海市,杨浦区,121.514940662455,31.290984340410287,Transport
共清护理医院,医疗保健,综合医院,121.519673,31.287793,上海市,上海市,杨浦区,121.51530701866078,31.28985884775753,Medical_Service
男洗手间,生活服务,公厕,121.518672,31.291126,上海市,上海市,杨浦区,121.51430227327128,31.293187613903804,Toilet
女洗手间,生活服务,公厕,121.518737,31.29114,上海市,上海市,杨浦区,121.5143674975404,31.29320179556461,Toilet
女洗手间,生活服务,公厕,121.518822,31.291072,上海市,上海市,杨浦区,121.51445279799908,31.29313406799208,Toilet
女洗手间,生活服务,公厕,121.518782,31.291054,上海市,上海市,杨浦区,121.51441266084586,31.29311596006459,Toilet
女洗手间,生活服务,公厕,121.518719,31.291086,上海市,上海市,杨浦区,121.5143494396766,31.293147765573565,Toilet
男洗手间,生活服务,公厕,121.518681,31.291188,上海市,上海市,杨浦区,121.51431129925408,31.293249614728374,Toilet
男洗手间,生活服务,公厕,121.519236,31.290615,上海市,上海市,杨浦区,121.51486827027156,31.2926784443623,Toilet
女洗手间,生活服务,公厕,121.519232,31.290604,上海市,上海市,杨浦区,121.51486425736285,31.292667437329964,Toilet
国顺路政本路,交通设施,公交站,121.517345,31.290872,上海市,上海市,杨浦区,121.5129706769209,31.29292987846977,Transport
南茶苑社区卫生运营服务站,医疗保健,综合医院,121.51626,31.290809,上海市,上海市,杨浦区,121.51188188612436,31.29286374678621,Medical_Service
黄兴路国顺路,交通设施,公交站,121.51933,31.292461,上海市,上海市,杨浦区,121.51496243946772,31.294523967309026,Transport
国定路黄兴路,交通设施,公交站,121.516519,31.293853,上海市,上海市,杨浦区,121.51214153648866,31.29590727253076,Transport
杏儒中医诊所,医疗保健,诊所,121.517309,31.294299,上海市,上海市,杨浦区,121.51293426155335,31.29635539082366,Medical_Service
五角场黄兴路,交通设施,公交站,121.516555,31.297835,上海市,上海市,杨浦区,121.51217732582596,31.299887784104467,Transport
五角场,交通设施,公交站,121.516606,31.297857,上海市,上海市,杨浦区,121.51222850258492,31.299909923910917,Transport
卫生间,生活服务,公厕,121.516208,31.297757,上海市,上海市,杨浦区,121.5118291160926,31.299808803405696,Toilet
公厕,生活服务,公厕,121.516189,31.29773,上海市,上海市,杨浦区,121.51181005172556,31.29978175870909,Toilet
国定东路翔殷路,交通设施,公交站,121.520293,31.297475,上海市,上海市,杨浦区,121.51592833782192,31.29953871482533,Transport
上海财富大豪华酒店-洗手间,生活服务,公厕,121.511173,31.297702,上海市,上海市,杨浦区,121.50677629502428,31.299738980018837,Toilet
五角场,交通设施,地铁,121.514644,31.29803,上海市,上海市,杨浦区,121.51025958962776,31.300077115052165,Transport
五角场,交通设施,公交站,121.514711,31.298282,上海市,上海市,杨浦区,121.51032680473485,31.300329211666348,Transport
无障碍洗手间,生活服务,公厕,121.514694,31.297653,上海市,上海市,杨浦区,121.51030979799069,31.299700411980684,Toilet
五角场邯郸路,交通设施,公交站,121.512561,31.298975,上海市,上海市,杨浦区,121.50816913102894,31.30101559450993,Transport
邯郸路五角场,交通设施,公交站,121.512668,31.298985,上海市,上海市,杨浦区,121.5082765104517,31.301025907375408,Transport
邯郸路国定路,交通设施,公交站,121.51196,31.299185,上海市,上海市,杨浦区,121.50756597499874,31.301223729419608,Transport
邯郸路,交通设施,公交站,121.512186,31.299289,上海市,上海市,杨浦区,121.50779277070484,31.3013283586429,Transport
五角场,交通设施,公交站,121.512675,31.298962,上海市,上海市,杨浦区,121.50828353727331,31.301002937224272,Transport
爱康国宾,医疗保健,诊所,121.513075,31.300655,上海市,上海市,杨浦区,121.50868481425384,31.30269645033224,Medical_Service
政通路淞沪路,交通设施,公交站,121.511336,31.302249,上海市,上海市,杨浦区,121.50693949116231,31.304284665696645,Transport
公厕,生活服务,公厕,121.512706,31.302297,上海市,上海市,杨浦区,121.50831436485676,31.30433671172553,Toilet
男洗手间,生活服务,公厕,121.513081,31.301476,上海市,上海市,杨浦区,121.50869076599608,31.30351714417355,Toilet
无障碍洗手间,生活服务,公厕,121.513134,31.301275,上海市,上海市,杨浦区,121.50874397108934,31.303316380059343,Toilet
万达广场-母婴室,生活服务,公厕,121.51312,31.301298,上海市,上海市,杨浦区,121.50872991946642,31.303339329613188,Toilet
女洗手间,生活服务,公厕,121.512366,31.301901,上海市,上海市,杨浦区,121.50797318974467,31.303939860473577,Toilet
女洗手间,生活服务,公厕,121.512896,31.30171,上海市,上海市,杨浦区,121.50850508946058,31.30375050493396,Toilet
男洗手间,生活服务,公厕,121.512483,31.301888,上海市,上海市,杨浦区,121.50809060691344,31.303927212265684,Toilet
男洗手间,生活服务,公厕,121.512447,31.301885,上海市,上海市,杨浦区,121.50805447916298,31.3039241067924,Toilet
江湾体育场地铁站1号口,交通设施,地铁,121.514214,31.303415,上海市,上海市,杨浦区,121.509827614853,31.3054587241342,Transport
江湾体育场地铁站6号口,交通设施,地铁,121.513444,31.303258,上海市,上海市,杨浦区,121.5090549024682,31.305299515985386,Transport
江湾体育场地铁站13号口,交通设施,地铁,121.513428,31.305011,上海市,上海市,杨浦区,121.50903869725612,31.307051782997107,Transport
江湾体育场,交通设施,地铁,121.51336,31.304295,上海市,上海市,杨浦区,121.50897051683968,31.306335861907574,Transport
政民路淞沪路,交通设施,公交站,121.511649,31.303947,上海市,上海市,杨浦区,121.50725346335553,31.305982929890178,Transport
江湾体育场地铁站9号口,交通设施,地铁,121.512099,31.305065,上海市,上海市,杨浦区,121.50770497152996,31.307101828865136,Transport
江湾体育场地铁站8号口,交通设施,地铁,121.512735,31.304381,上海市,上海市,杨浦区,121.50834329130488,31.306419980528684,Transport
江湾体育场地铁站7号口,交通设施,地铁,121.512883,31.304153,上海市,上海市,杨浦区,121.50849183631055,31.30619250761724,Transport
江湾体育场地铁站9号口,交通设施,地铁,121.51219,31.304966,上海市,上海市,杨浦区,121.507796303815,31.30700313739459,Transport
女洗手间,生活服务,公厕,121.51893,31.301641,上海市,上海市,杨浦区,121.51456027932296,31.30369915584721,Toilet
女洗手间,生活服务,公厕,121.518383,31.301664,上海市,上海市,杨浦区,121.51401137947602,31.303720569918344,Toilet
女洗手间,生活服务,公厕,121.518946,31.30173,上海市,上海市,杨浦区,121.51457632724068,31.30378816684902,Toilet
政旦东路社区卫生运营服务站,医疗保健,综合医院,121.519106,31.302079,上海市,上海市,杨浦区,121.51473685189686,31.304137489802905,Medical_Service
拜博口腔,医疗保健,诊所,121.518323,31.301669,上海市,上海市,杨浦区,121.5139511705705,31.303725394705022,Medical_Service
家庭医生工作站,医疗保健,诊所,121.519093,31.302103,上海市,上海市,杨浦区,121.51472380486064,31.304161442974564,Medical_Service
区卫生中心,医疗保健,诊所,121.51901,31.302038,上海市,上海市,杨浦区,121.51464052292488,31.30409622978724,Medical_Service
男洗手间,生活服务,公厕,121.51848,31.30173,上海市,上海市,杨浦区,121.51410871081912,31.30378682388728,Toilet
男洗手间,生活服务,公厕,121.518436,31.301654,上海市,上海市,杨浦区,121.51406456443168,31.303710726843917,Toilet
国和路政通路,交通设施,公交站,121.51935,31.305281,上海市,上海市,杨浦区,121.51498142556795,31.3073389368316,Transport
上海急救,医疗保健,急救中心,121.516247,31.303692,上海市,上海市,杨浦区,121.51186775079591,31.30574157356964,Medical_Service
医疗急救中心杨浦五角场分站,医疗保健,急救中心,121.516316,31.303688,上海市,上海市,杨浦区,121.5119369931142,31.30573777641224,Medical_Service
国顺路四平路,交通设施,公交站,121.510373,31.292275,上海市,上海市,杨浦区,121.50597389700827,31.29431177322997,Transport
铁村社区卫生运营服务站家庭医生工作站,医疗保健,综合医院,121.510836,31.293373,上海市,上海市,杨浦区,121.50643845875084,31.295410710342896,Medical_Service
五角场街道社区卫生中心,医疗保健,综合医院,121.510825,31.293385,上海市,上海市,杨浦区,121.50642741844084,31.29542267274624,Medical_Service
政修路国达路,交通设施,公交站,121.508916,31.294581,上海市,上海市,杨浦区,121.50451148171688,31.296612490237663,Transport
国顺路邯郸路,交通设施,公交站,121.505973,31.295988,上海市,上海市,杨浦区,121.50155777260686,31.29801008538173,Transport
公厕,生活服务,公厕,121.510675,31.298838,上海市,上海市,杨浦区,121.50627642017744,31.300873045566224,Toilet
国定路邯郸路,交通设施,公交站,121.508264,31.299009,上海市,上海市,杨浦区,121.50385676465662,31.30103676918463,Transport
肺科医院,医疗保健,综合医院,121.501979,31.301642,上海市,上海市,杨浦区,121.49754885849674,31.303649777489184,Medical_Service
肺科医院,交通设施,公交站,121.502898,31.300846,上海市,上海市,杨浦区,121.4984712508648,31.30285687144174,Transport
公厕,生活服务,公厕,121.501784,31.301914,上海市,上海市,杨浦区,121.49735312977263,31.303921080294305,Toilet
无障碍洗手间,生活服务,公厕,121.502778,31.301208,上海市,上海市,杨浦区,121.49835078601392,31.303218365706403,Toilet
无障碍洗手间,生活服务,公厕,121.502823,31.301256,上海市,上海市,杨浦区,121.4983959447006,31.303266482874943,Toilet
女洗手间,生活服务,公厕,121.502816,31.301416,上海市,上海市,杨浦区,121.49838890576594,31.303426398631707,Toilet
男洗手间,生活服务,公厕,121.5028,31.301244,上海市,上海市,杨浦区,121.49837286252796,31.303254418047032,Toilet
男洗手间,生活服务,公厕,121.502905,31.301507,上海市,上海市,杨浦区,121.49847821993929,31.30351763192585,Toilet
男洗手间,生活服务,公厕,121.502809,31.30123,上海市,上海市,杨浦区,121.49838189627346,31.30324045078651,Toilet
肺科医院2号楼,医疗保健,综合医院,121.502459,31.302105,上海市,上海市,杨浦区,121.49803055571412,31.304114047514663,Medical_Service
同济大学附属肺科医院营养室,医疗保健,综合医院,121.5013,31.30292,上海市,上海市,杨浦区,121.49686729274752,31.304925220007032,Medical_Service
同济大学附属肺科医院核医学放疗,医疗保健,综合医院,121.502347,31.301343,上海市,上海市,杨浦区,121.49791821537968,31.3033520087554,Medical_Service
肺科医院结核门诊,医疗保健,综合医院,121.503017,31.301418,上海市,上海市,杨浦区,121.49859063260055,31.303429005681984,Medical_Service
肺科医院发热门诊,医疗保健,综合医院,121.502175,31.300761,上海市,上海市,杨浦区,121.4977456426364,31.302769717975984,Medical_Service
政民路国定路,交通设施,公交站,121.505507,31.301837,上海市,上海市,杨浦区,121.50108959430708,31.30385535994057,Transport
公厕,生活服务,公厕,121.504652,31.304786,上海市,上海市,杨浦区,121.50023125635884,31.306800624377317,Toilet
肺科医院后勤保障处,医疗保健,综合医院,121.501651,31.303415,上海市,上海市,杨浦区,121.49721952072572,31.305421088238187,Medical_Service
同济大学附属肺科医院医务处,医疗保健,综合医院,121.501684,31.303653,上海市,上海市,杨浦区,121.4972526198728,31.305659094857607,Medical_Service
同济大学附属肺科医院8,医疗保健,综合医院,121.501441,31.303335,上海市,上海市,杨浦区,121.49700876763671,31.305340484003608,Medical_Service
同济大学附属肺科医院7,医疗保健,综合医院,121.501146,31.303233,上海市,上海市,杨浦区,121.49671270881834,31.305237631050115,Medical_Service
同济大学附属肺科医院信息管理处技术支持中心办公室,医疗保健,综合医院,121.501724,31.303544,上海市,上海市,杨浦区,121.49729277389316,31.30555025861589,Medical_Service
同济大学附属肺科医院中心发药站,医疗保健,综合医院,121.501127,31.303256,上海市,上海市,杨浦区,121.4966936381046,31.305260564515976,Medical_Service
肺科医院信息管理处,医疗保健,综合医院,121.501713,31.303699,上海市,上海市,杨浦区,121.49728172089289,31.305705164607303,Medical_Service
公厕,生活服务,公厕,121.509244,31.303611,上海市,上海市,杨浦区,121.5048398921249,31.305639890445494,Toilet
公厕,生活服务,公厕,121.508418,31.30366,上海市,上海市,杨浦区,121.50401092314408,31.30568639745668,Toilet
公共厕所,生活服务,公厕,121.510019,31.30758,上海市,上海市,杨浦区,121.50561733225464,31.30960966041157,Toilet
国定卫生运营服务站,医疗保健,诊所,121.506055,31.307832,上海市,上海市,杨浦区,121.50163906189616,31.30984967085525,Medical_Service
家庭医生工作站,医疗保健,综合医院,121.505962,31.307791,上海市,上海市,杨浦区,121.50154572993416,31.30980840656888,Medical_Service
双阳路控江路,交通设施,公交站,121.534074,31.278819,上海市,上海市,杨浦区,121.5297562062526,31.2809277844723,Transport
控江路双阳路,交通设施,公交站,121.533653,31.281585,上海市,上海市,杨浦区,121.52933366371848,31.283691553816517,Transport
公厕,生活服务,公厕,121.533157,31.280261,上海市,上海市,杨浦区,121.52883622431068,31.282366828065832,Toilet
洗手间,生活服务,公厕,121.533219,31.28026,上海市,上海市,杨浦区,121.52889841860828,31.28236598838298,Toilet
国富园-洗手间,生活服务,公厕,121.532315,31.280435,上海市,上海市,杨浦区,121.52799156110515,31.28253857415964,Toilet
控江医院8号楼,医疗保健,综合医院,121.530831,31.282118,上海市,上海市,杨浦区,121.5265027026144,31.28421698625513,Medical_Service
控江医院-离休干部门诊,医疗保健,综合医院,121.530781,31.28209,上海市,上海市,杨浦区,121.52645254497016,31.284188865893995,Medical_Service
怡康时代中医馆·弘璟半夏堂中医诊所,医疗保健,诊所,121.532507,31.280412,上海市,上海市,杨浦区,121.52818416879148,31.282516082777875,Medical_Service
公厕,生活服务,公厕,121.544126,31.273441,上海市,上海市,杨浦区,121.5398382379641,31.27557627261452,Toilet
隆昌路,交通设施,地铁,121.544739,31.275248,上海市,上海市,杨浦区,121.54045277617725,31.27738388414428,Transport
正安中医,医疗保健,诊所,121.544066,31.275294,上海市,上海市,杨浦区,121.53977791693858,31.277428354160044,Medical_Service
隆昌路地铁站4号口,交通设施,地铁,121.54396,31.275239,上海市,上海市,杨浦区,121.5396716277639,31.277373138062725,Transport
隆昌路地铁站1号口,交通设施,地铁,121.545187,31.275803,上海市,上海市,杨浦区,121.5409019554332,31.277939647402345,Transport
隆昌路长阳路,交通设施,公交站,121.542432,31.276108,上海市,上海市,杨浦区,121.53813927430834,31.278238281662144,Transport
临时站,交通设施,公交站,121.545117,31.282712,上海市,上海市,杨浦区,121.5408311868722,31.284845606729576,Transport
内江路控江路,交通设施,公交站,121.543769,31.285858,上海市,上海市,杨浦区,121.5394792092318,31.287987285563936,Transport
公厕,生活服务,公厕,121.543573,31.28592,上海市,上海市,杨浦区,121.5392826582974,31.28804881542947,Toilet
公厕,生活服务,公厕,121.544673,31.286476,上海市,上海市,杨浦区,121.54038565618087,31.28860706642917,Toilet
控江路内江路,交通设施,公交站,121.542617,31.286212,上海市,上海市,杨浦区,121.53832395172284,31.288338508684205,Transport
公厕,生活服务,公厕,121.549755,31.28796,上海市,上海市,杨浦区,121.54548099289364,31.290101376367215,Toilet
家庭医生工作站,医疗保健,诊所,121.549291,31.288671,上海市,上海市,杨浦区,121.54501574702458,31.290811127071528,Medical_Service
图们路社区卫生运营服务站,医疗保健,综合医院,121.549235,31.28862,上海市,上海市,杨浦区,121.54495960749392,31.290760031594356,Medical_Service
长白社区卫生中心,医疗保健,综合医院,121.549345,31.288526,上海市,上海市,杨浦区,121.54506989766752,31.290666298229155,Medical_Service
图们路控江路,交通设施,公交站,121.548399,31.290207,上海市,上海市,杨浦区,121.54412131330469,31.29234463650856,Transport
军工路控江路,交通设施,公交站,121.550327,31.291384,上海市,上海市,杨浦区,121.54605415759691,31.293525155310277,Transport
上海翌高门诊部,医疗保健,诊所,121.549333,31.289113,上海市,上海市,杨浦区,121.54505781787186,31.29125303406326,Medical_Service
长白路图们路,交通设施,公交站,121.545448,31.28935,上海市,上海市,杨浦区,121.54116253350742,31.291481614612525,Transport
公厕,生活服务,公厕,121.546232,31.290942,上海市,上海市,杨浦区,121.541948519393,31.293074689664568,Toilet
无障碍公厕,生活服务,公厕,121.546154,31.291018,上海市,上海市,杨浦区,121.5418703032787,31.293150488499272,Toilet
敦化路控江路,交通设施,公交站,121.542366,31.287746,上海市,上海市,杨浦区,121.53807211361398,31.28987130134114,Transport
敦化路社区卫生运营服务站,医疗保健,综合医院,121.542474,31.287656,上海市,上海市,杨浦区,121.53818042680771,31.28978158754325,Medical_Service
长白路敦化路,交通设施,公交站,121.543638,31.288538,上海市,上海市,杨浦区,121.53934762041963,31.290665891479453,Transport
控江路敦化路,交通设施,公交站,121.544693,31.287393,上海市,上海市,杨浦区,121.5404056344262,31.289523735516067,Transport
公厕,生活服务,公厕,121.543383,31.28962,上海市,上海市,杨浦区,121.5390918183264,31.29174687085537,Toilet
中心医院安图分部急诊,医疗保健,综合医院,121.543265,31.290784,上海市,上海市,杨浦区,121.53897339083883,31.2929101290263,Medical_Service
同济大学附属杨浦医院,医疗保健,综合医院,121.543349,31.290567,上海市,上海市,杨浦区,121.53905764402742,31.2926934086294,Medical_Service
中心医院,医疗保健,综合医院,121.542992,31.291019,上海市,上海市,杨浦区,121.53869960553745,31.293144409550536,Medical_Service
中心医院安图分部4号楼,医疗保健,综合医院,121.54335,31.290905,上海市,上海市,杨浦区,121.5390586185402,31.293031273814886,Medical_Service
安图路靖宇东路,交通设施,公交站,121.541718,31.29133,上海市,上海市,杨浦区,121.537421970778,31.29345233884349,Transport
延吉东路安图路,交通设施,公交站,121.542607,31.289791,上海市,上海市,杨浦区,121.53831362395633,31.291916023670925,Transport
中心医院安图分部门诊部,医疗保健,综合医院,121.542529,31.290965,上海市,上海市,杨浦区,121.53823530534804,31.293089367291767,Medical_Service
控江医院,医疗保健,综合医院,121.530593,31.282445,上海市,上海市,杨浦区,121.52626391293414,31.284543221994607,Medical_Service
双阳路延吉中路,交通设施,公交站,121.531075,31.282747,上海市,上海市,杨浦区,121.52674742956336,31.284846368794167,Transport
延吉中路双阳路,交通设施,公交站,121.531634,31.284129,上海市,上海市,杨浦区,121.52730809378076,31.28622926552624,Transport
上海泽顾医疗护理员,医疗保健,综合医院,121.531592,31.283811,上海市,上海市,杨浦区,121.5272659870356,31.28591128675112,Medical_Service
上海泽顾医疗护理员-南楼,医疗保健,综合医院,121.531621,31.283627,上海市,上海市,杨浦区,121.52729509465252,31.285727438704583,Medical_Service
控江医院急诊,医疗保健,综合医院,121.530869,31.282761,上海市,上海市,杨浦区,121.52654077013096,31.28485982011755,Medical_Service
控江医院5号楼,医疗保健,综合医院,121.530906,31.282726,上海市,上海市,杨浦区,121.5265778913885,31.28482493219169,Medical_Service
控江医院门诊,医疗保健,综合医院,121.530897,31.28225,上海市,上海市,杨浦区,121.52656890261348,31.284349105640644,Medical_Service
控江医院-骨科病区,医疗保健,综合医院,121.530918,31.28259,上海市,上海市,杨浦区,121.52658994118217,31.284689020147397,Medical_Service
延吉中路隆昌路,交通设施,公交站,121.53488,31.28505,上海市,上海市,杨浦区,121.53056417723258,31.287158250725074,Transport
延吉社卫生中心控江三村社区卫生服务站,医疗保健,综合医院,121.534498,31.285374,上海市,上海市,杨浦区,121.5301809704907,31.28748114754171,Medical_Service
控江路隆昌路,交通设施,公交站,121.537929,31.283529,上海市,上海市,杨浦区,121.53362255594804,31.28564547325654,Transport
隆昌路控江路,交通设施,公交站,121.537913,31.282249,上海市,上海市,杨浦区,121.5336066154654,31.284365963810703,Transport
延吉东路水丰路,交通设施,公交站,121.538636,31.286325,上海市,上海市,杨浦区,121.53433142387271,31.288442045037343,Transport
延吉东路隆昌路,交通设施,公交站,121.536724,31.285533,上海市,上海市,杨浦区,121.53241376713278,31.287645677164686,Transport
公厕,生活服务,公厕,121.535703,31.284789,上海市,上海市,杨浦区,121.53138972518506,31.286899434157373,Toilet
公共厕所,生活服务,公厕,121.535641,31.288965,上海市,上海市,杨浦区,121.53132718526078,31.291073567667944,Toilet
延吉社区卫生中心,医疗保健,综合医院,121.536986,31.288503,上海市,上海市,杨浦区,121.53267630934675,31.29061511026645,Medical_Service
公厕,生活服务,公厕,121.539179,31.287231,上海市,上海市,杨浦区,121.53487595125944,31.28934898695472,Toilet
敦化路靖宇东路,交通设施,公交站,121.540152,31.289503,上海市,上海市,杨浦区,121.53585160889855,31.29162239053336,Transport
敦化路松花江路,交通设施,公交站,121.53845,31.291393,上海市,上海市,杨浦区,121.53414444761655,31.293507527590176,Transport
公厕,生活服务,公厕,121.538347,31.291291,上海市,上海市,杨浦区,121.53404115027236,31.29340531824222,Toilet
瑞方医疗护理员中医门诊,医疗保健,诊所,121.53846,31.291161,上海市,上海市,杨浦区,121.53415449674362,31.293275645874125,Medical_Service
靖宇东路营口路,交通设施,公交站,121.536749,31.28925,上海市,上海市,杨浦区,121.53243853100398,31.29136121850052,Transport
女洗手间,生活服务,公厕,121.535641,31.289337,上海市,上海市,杨浦区,121.53132715404816,31.291445416163917,Toilet
公厕,生活服务,公厕,121.551846,31.27287,上海市,上海市,杨浦区,121.54757848876422,31.275021884783836,Toilet
公厕,生活服务,公厕,121.553667,31.274299,上海市,上海市,杨浦区,121.54940378038364,31.276453826674164,Toilet
公厕,生活服务,公厕,121.554884,31.274827,上海市,上海市,杨浦区,121.55062360491856,31.27698390398013,Toilet
内江路平凉路,交通设施,公交站,121.551194,31.276121,上海市,上海市,杨浦区,121.5469246042984,31.278270211025763,Transport
公厕,生活服务,公厕,121.552507,31.27615,上海市,上海市,杨浦区,121.54824083257338,31.27830180086912,Toilet
公厕,生活服务,公厕,121.556783,31.273622,上海市,上海市,杨浦区,121.55252705194164,31.275782888476773,Toilet
杨树浦路黎平路,交通设施,公交站,121.558786,31.273165,上海市,上海市,杨浦区,121.55453450042572,31.27532959336932,Transport
黎平路杨树浦路,交通设施,公交站,121.559841,31.27451,上海市,上海市,杨浦区,121.55559163834776,31.276675808905583,Transport
公厕,生活服务,公厕,121.559416,31.274176,上海市,上海市,杨浦区,121.55516576592213,31.276341236521777,Toilet
无障碍公厕,生活服务,公厕,121.559583,31.274195,上海市,上海市,杨浦区,121.55533311906277,31.276360509749363,Toilet
公厕,生活服务,公厕,121.557936,31.275792,上海市,上海市,杨浦区,121.55368243216478,31.277954012786243,Toilet
松花江路营口路,交通设施,公交站,121.535944,31.292407,上海市,上海市,杨浦区,121.53163082180488,31.29451493152648,Transport
安图路松花江路,交通设施,公交站,121.539871,31.293543,上海市,上海市,杨浦区,121.53556945124122,31.29566008512952,Transport
松花江路安图路,交通设施,公交站,121.538379,31.29392,上海市,上海市,杨浦区,121.5340730249528,31.29603333505176,Transport
佳木斯路营口路,交通设施,公交站,121.536755,31.295226,上海市,上海市,杨浦区,121.5324440478792,31.29733481909541,Transport
公厕,生活服务,公厕,121.532254,31.297915,上海市,上海市,杨浦区,121.52792889989074,31.300011297343037,Toilet
长海社区卫生中心,医疗保健,综合医院,121.53345,31.296648,上海市,上海市,杨浦区,121.52912876508582,31.29874789731668,Medical_Service
公厕,生活服务,公厕,121.533073,31.296702,上海市,上海市,杨浦区,121.52875058022045,31.298800904193392,Toilet
市东医院分院,医疗保健,综合医院,121.533931,31.296609,上海市,上海市,杨浦区,121.5296112682117,31.29871014702678,Medical_Service
长海社区卫生中心-预防接种门诊,医疗保健,诊所,121.534118,31.296736,上海市,上海市,杨浦区,121.52979883878916,31.29883757445687,Medical_Service
国顺东路营口路,交通设施,公交站,121.533532,31.298789,上海市,上海市,杨浦区,121.5292108414224,31.30088825571604,Transport
口腔科,医疗保健,诊所,121.534846,31.299796,上海市,上海市,杨浦区,121.53052883464838,31.30189821036987,Medical_Service
上海仁泉门诊部,医疗保健,诊所,121.534885,31.299805,上海市,上海市,杨浦区,121.5305679541262,31.30190730563834,Medical_Service
营口路国顺东路,交通设施,公交站,121.532026,31.299429,上海市,上海市,杨浦区,121.5277000514149,31.30152410192156,Transport
安图路延吉东路,交通设施,公交站,121.540522,31.292694,上海市,上海市,杨浦区,121.5362224160788,31.29481297621076,Transport
医疗急救中心安图分站,医疗保健,急救中心,121.542635,31.291401,上海市,上海市,杨浦区,121.53834156824378,31.29352543489412,Medical_Service
靖宇东路社区卫生运营服务站,医疗保健,综合医院,121.542248,31.292789,上海市,上海市,杨浦区,121.5379533570226,31.29491198047259,Medical_Service
延吉东路靖宇东路,交通设施,公交站,121.544923,31.292768,上海市,上海市,杨浦区,121.5406358155603,31.29489706480816,Transport
公厕,生活服务,公厕,121.543914,31.293655,上海市,上海市,杨浦区,121.53962395975852,31.2957814431867,Toilet
延吉东路松花江路,交通设施,公交站,121.542932,31.295796,上海市,上海市,杨浦区,121.53863903706797,31.297919348037038,Transport
公厕,生活服务,公厕,121.543726,31.294166,上海市,上海市,杨浦区,121.53943539452204,31.296291812049088,Toilet
日月星医疗护理员门诊,医疗保健,诊所,121.540913,31.295725,上海市,上海市,杨浦区,121.5366142925105,31.29784368200983,Medical_Service
国顺东路沙岗路,交通设施,公交站,121.536725,31.300879,上海市,上海市,杨浦区,121.53241348287696,31.302985495948477,Transport
包头南路国顺东路,交通设施,公交站,121.538721,31.303727,上海市,上海市,杨浦区,121.5344152167212,31.30583727283028,Transport
安波路沙岗路,交通设施,公交站,121.537314,31.304585,上海市,上海市,杨浦区,121.53300394796238,31.306691497488984,Transport
市东医院民星分院,医疗保健,综合医院,121.533767,31.311781,上海市,上海市,杨浦区,121.52944548299244,31.3138757926789,Medical_Service
上海中医药大学固生堂同保康中医门诊,医疗保健,诊所,121.534364,31.311619,上海市,上海市,杨浦区,121.53004435177564,31.313715380502234,Medical_Service
民星路中原路,交通设施,公交站,121.535824,31.311537,上海市,上海市,杨浦区,121.53150884992012,31.31363710251794,Transport
民星路包头路,交通设施,公交站,121.540385,31.311529,上海市,上海市,杨浦区,121.53608344039392,31.313640241857996,Transport
包头路民星路,交通设施,公交站,121.53875,31.310725,上海市,上海市,杨浦区,121.5344437156432,31.31283262892903,Transport
嫩江路包头路,交通设施,公交站,121.537062,31.314643,上海市,上海市,杨浦区,121.53275034534424,31.316745000673755,Transport
包头路嫩江路,交通设施,公交站,121.538641,31.316309,上海市,上海市,杨浦区,121.534333924516,31.31841423745634,Transport
上海正仁堂中医门诊,医疗保健,诊所,121.538765,31.318994,上海市,上海市,杨浦区,121.53445806634808,31.321098527553687,Medical_Service
国和路包头路,交通设施,公交站,121.53697,31.318194,上海市,上海市,杨浦区,121.53265776978928,31.32029443176201,Transport
嫩江路,交通设施,地铁,121.531907,31.314832,上海市,上海市,杨浦区,121.52757937931992,31.316920815968214,Transport
嫩江路地铁站4号口,交通设施,地铁,121.531708,31.315276,上海市,上海市,杨浦区,121.52737971050348,31.31736412730676,Transport
国和路中原路,交通设施,公交站,121.530924,31.318219,上海市,上海市,杨浦区,121.52659296429933,31.32030395735852,Transport
中原路国和路,交通设施,公交站,121.532079,31.317014,上海市,上海市,杨浦区,121.52775174070511,31.319102439458312,Transport
开鲁路包头路,交通设施,公交站,121.536767,31.324794,上海市,上海市,杨浦区,121.53245360239016,31.32689147304593,Transport
工农新村,交通设施,公交站,121.538161,31.326795,上海市,上海市,杨浦区,121.53385161860716,31.328895168595828,Transport
殷行路包头路,交通设施,公交站,121.538711,31.32821,上海市,上海市,杨浦区,121.53440313316524,31.33031098946629,Transport
公厕,生活服务,公厕,121.536461,31.328102,上海市,上海市,杨浦区,121.53214639765145,31.33019750012864,Toilet
殷行地段医院,医疗保健,综合医院,121.53764,31.327629,上海市,上海市,杨浦区,121.53332899215349,31.329727588159603,Medical_Service
殷行社区卫生中心,医疗保健,综合医院,121.537326,31.328029,上海市,上海市,杨浦区,121.5330140162222,31.330126669634605,Medical_Service
三门路国权北路,交通设施,公交站,121.495165,31.311515,上海市,上海市,杨浦区,121.49070939136972,31.31349832839874,Transport
殷行社区卫生中心,医疗保健,综合医院,121.530078,31.318071,上海市,上海市,杨浦区,121.52574426159966,31.320153773782668,Medical_Service
牙病防治所中原门诊部,医疗保健,诊所,121.52943,31.317967,上海市,上海市,杨浦区,121.52509417769174,31.320048086112923,Medical_Service
牙防所,医疗保健,诊所,121.5295,31.317939,上海市,上海市,杨浦区,121.52516440664246,31.32002028365452,Medical_Service
国和社区卫生运营服务站家庭医生工作站,医疗保健,综合医院,121.530084,31.318073,上海市,上海市,杨浦区,121.5257502807557,31.320155788972706,Medical_Service
世界路国和路,交通设施,公交站,121.525884,31.317646,上海市,上海市,杨浦区,121.52153656440044,31.31971758781268,Transport
公厕,生活服务,公厕,121.526352,31.318179,上海市,上海市,杨浦区,121.52200607329068,31.32025167268729,Toilet
国和路民庆路,交通设施,公交站,121.521397,31.316091,上海市,上海市,杨浦区,121.51703455339864,31.318150629767896,Transport
中原城市广场-女洗手间,生活服务,公厕,121.521986,31.315598,上海市,上海市,杨浦区,121.51762560652696,31.31765948460931,Toilet
中原城市广场-男洗手间,生活服务,公厕,121.522228,31.315533,上海市,上海市,杨浦区,121.51786843648898,31.317595192877555,Toilet
无障碍洗手间,生活服务,公厕,121.521064,31.315165,上海市,上海市,杨浦区,121.51670049142332,31.317224034431,Toilet
无障碍洗手间,生活服务,公厕,121.522097,31.3154,上海市,上海市,杨浦区,121.51773700155772,31.317461873306883,Toilet
女洗手间,生活服务,公厕,121.521995,31.315476,上海市,上海市,杨浦区,121.51763464751174,31.317537556253413,Toilet
女洗手间,生活服务,公厕,121.521015,31.315199,上海市,上海市,杨浦区,121.51665132059787,31.31725788219232,Toilet
男洗手间,生活服务,公厕,121.521996,31.315508,上海市,上海市,杨浦区,121.5176356482188,31.317569546960826,Toilet
男洗手间,生活服务,公厕,121.522705,31.315308,上海市,上海市,杨浦区,121.51834707714067,31.317371622522312,Toilet
男洗手间,生活服务,公厕,121.521964,31.315499,上海市,上海市,杨浦区,121.51760353987686,31.31756045989531,Toilet
国和路世界路,交通设施,公交站,121.52507,31.318193,上海市,上海市,杨浦区,121.52071980362658,31.32026213566969,Transport
宁城路国和路,交通设施,公交站,121.522736,31.319321,上海市,上海市,杨浦区,121.51837784359424,31.321383197990663,Transport
公厕,生活服务,公厕,121.348403,31.277653,上海市,上海市,普陀区,121.3438110518302,31.27953423544257,Toilet
桃浦二村,交通设施,公交站,121.351474,31.279289,上海市,上海市,普陀区,121.3468756369555,31.28116421084853,Transport
桃浦新村,交通设施,地铁,121.349608,31.281606,上海市,上海市,普陀区,121.34501322474232,31.2834834723666,Transport
武威路红棉路,交通设施,公交站,121.349409,31.281743,上海市,上海市,普陀区,121.34481462120182,31.2836207630914,Transport
桃浦新村地铁站1号口,交通设施,地铁,121.350266,31.281812,上海市,上海市,普陀区,121.34566986251372,31.283688242455312,Transport
桃浦新村地铁站2号口,交通设施,地铁,121.350053,31.281383,上海市,上海市,普陀区,121.3454573338986,31.283259790135933,Transport
桃浦新村地铁站4号口,交通设施,地铁,121.349006,31.281916,上海市,上海市,普陀区,121.34441243557964,31.283794397227396,Transport
桃浦五村,交通设施,公交站,121.349399,31.283998,上海市,上海市,普陀区,121.34480444633095,31.285874847791312,Transport
桃浦三村,交通设施,公交站,121.350972,31.283055,上海市,上海市,普陀区,121.34637432240902,31.284929508147844,Transport
桃浦七村,交通设施,公交站,121.352641,31.285546,上海市,上海市,普陀区,121.34803976351664,31.28741663428914,Transport
红棉路绿杨路,交通设施,公交站,121.350717,31.284787,上海市,上海市,普陀区,121.34611968839384,31.28666123308292,Transport
公厕,生活服务,公厕,121.352507,31.285522,上海市,上海市,普陀区,121.3479060316802,31.287392870820756,Toilet
桃浦五村,交通设施,公交站,121.348958,31.285688,上海市,上海市,普陀区,121.34436420773596,31.287564924859375,Transport
秋桂路社区卫生运营服务站,医疗保健,综合医院,121.348167,31.285314,上海市,上海市,普陀区,121.3435748781384,31.28719247234789,Medical_Service
沪太路志丹路,交通设施,公交站,121.430941,31.273399,上海市,上海市,普陀区,121.42630792609928,31.27524576338225,Transport
上海德坤瑶医门诊部,医疗保健,诊所,121.431099,31.273667,上海市,上海市,静安区,121.42646614475323,31.27551385299092,Medical_Service
灵石路沪太路,交通设施,公交站,121.431626,31.27649,上海市,上海市,静安区,121.42699371523813,31.278336347478472,Transport
龙潭,交通设施,公交站,121.427737,31.27715,上海市,上海市,静安区,121.42309896925336,31.27899129959008,Transport
彭浦社区卫生中心沪太路1057号甲服务站,医疗保健,综合医院,121.42797,31.277253,上海市,上海市,静安区,121.42333227904082,31.27909452350318,Medical_Service
彭浦镇社区卫生中心沪太路1057号甲服务站,医疗保健,综合医院,121.427825,31.27747,上海市,上海市,静安区,121.4231870614148,31.279311265965973,Medical_Service
高平路灵石路,交通设施,公交站,121.431508,31.277544,上海市,上海市,静安区,121.42687543935604,31.279389750567614,Transport
无障碍洗手间,生活服务,公厕,121.426652,31.279057,上海市,上海市,静安区,121.42201235585748,31.28089628889925,Toilet
女洗手间,生活服务,公厕,121.426664,31.279039,上海市,上海市,静安区,121.42202437309592,31.28087830954026,Toilet
女洗手间,生活服务,公厕,121.425657,31.279726,上海市,上海市,静安区,121.42101602455402,31.28156394387901,Toilet
女洗手间,生活服务,公厕,121.426697,31.279089,上海市,上海市,静安区,121.42205741186352,31.280928324777303,Toilet
哺乳室,生活服务,公厕,121.425554,31.279804,上海市,上海市,静安区,121.42091288894328,31.28164180354216,Toilet
阳城路沪太支路,交通设施,公交站,121.423902,31.284182,上海市,上海市,静安区,121.419258517342,31.28601632380424,Transport
阳城路高平路,交通设施,公交站,121.426761,31.284355,上海市,上海市,静安区,121.422121036403,31.28619221005762,Transport
彭浦镇社区卫生中心,医疗保健,综合医院,121.425136,31.286117,上海市,上海市,静安区,121.42049382120368,31.28795175969359,Medical_Service
白遗桥卫生运营服务站,医疗保健,综合医院,121.425042,31.286201,上海市,上海市,静安区,121.42039969886788,31.288035629001836,Medical_Service
阳城路原平路,交通设施,公交站,121.430183,31.284492,上海市,上海市,静安区,121.42554781607984,31.286333169824857,Transport
高平路永和路,交通设施,公交站,121.428121,31.28536,上海市,上海市,静安区,121.42348278025132,31.287198330752783,Transport
高平路汶水路,交通设施,公交站,121.42775,31.287889,上海市,上海市,静安区,121.4231110504922,31.289725867712708,Transport
汶水路原平路,交通设施,公交站,121.430822,31.289445,上海市,上海市,静安区,121.42618734617366,31.29128494879197,Transport
原平路汶水路,交通设施,公交站,121.431767,31.290419,上海市,上海市,静安区,121.42713372220572,31.29225977884002,Transport
社区药物维持治疗门诊,医疗保健,诊所,121.425763,31.288646,上海市,上海市,静安区,121.42112137956995,31.290480377304693,Medical_Service
上海正中脊静安门诊,医疗保健,诊所,121.43983,31.280463,上海市,上海市,静安区,121.43521187930745,31.282319876761637,Medical_Service
大宁路万荣路,交通设施,公交站,121.449263,31.273572,上海市,上海市,静安区,121.4446661414338,31.27544915604629,Transport
大宁国际商场-女洗手间,生活服务,公厕,121.451018,31.27406,上海市,上海市,静安区,121.44642538286712,31.27594055575838,Toilet
广中西路万荣路,交通设施,公交站,121.442294,31.278078,上海市,上海市,静安区,121.43768108705343,31.27994007791689,Transport
女洗手间,生活服务,公厕,121.443959,31.27966,上海市,上海市,静安区,121.43934949045016,31.28152439571915,Toilet
上海宝华万豪豪华酒店-洗手间,生活服务,公厕,121.446299,31.279247,上海市,上海市,静安区,121.44169471882896,31.28111593734077,Toilet
大宁灵石公园-公厕,生活服务,公厕,121.446198,31.27847,上海市,上海市,静安区,121.44159355705597,31.280339069116756,Toilet
公厕,生活服务,公厕,121.445974,31.27869,上海市,上海市,静安区,121.44136903113638,31.28055855061041,Toilet
万荣路灵石路,交通设施,公交站,121.443315,31.280823,上海市,上海市,静安区,121.43870400445074,31.282685746210326,Transport
公厕,生活服务,公厕,121.444015,31.280631,上海市,上海市,静安区,121.4394055273972,31.282495093318467,Toilet
万荣路永和路,交通设施,公交站,121.442311,31.286051,上海市,上海市,静安区,121.43769742929436,31.287909802437024,Transport
公厕,生活服务,公厕,121.4442,31.284662,上海市,上海市,静安区,121.439590578926,31.286524762734587,Toilet
公厕,生活服务,公厕,121.444099,31.284897,上海市,上海市,静安区,121.43948933889504,31.28675948121561,Toilet
灵石路共和新路,交通设施,公交站,121.44878,31.28335,上海市,上海市,静安区,121.44418113714336,31.28522209306552,Transport
公厕,生活服务,公厕,121.447629,31.282948,上海市,上海市,静安区,121.44302745907562,31.28481797591721,Toilet
上海宁合中医门诊部,医疗保健,诊所,121.448432,31.283934,上海市,上海市,静安区,121.44383226004372,31.285805156360865,Medical_Service
锦荣国际大豪华酒店-洗手间,生活服务,公厕,121.451,31.283806,上海市,上海市,静安区,121.44640649289546,31.28568244611718,Toilet
公厕,生活服务,公厕,121.451304,31.285591,上海市,上海市,静安区,121.44671109326949,31.2874673467209,Toilet
公厕,生活服务,公厕,121.446789,31.284642,上海市,上海市,静安区,121.44218536902407,31.286509641550264,Toilet
上海哲石门诊部,医疗保健,诊所,121.448155,31.28481,上海市,上海市,静安区,121.44355452998175,31.286680244862183,Medical_Service
共和新路江场路,交通设施,公交站,121.44943,31.297477,上海市,上海市,静安区,121.4448314684003,31.29934467141265,Transport
江场路共和新路,交通设施,公交站,121.450304,31.298438,上海市,上海市,静安区,121.4457075085946,31.30030707639362,Transport
江场西路万荣路,交通设施,公交站,121.442092,31.297713,上海市,上海市,静安区,121.43747695855616,31.29956670436861,Transport
彭浦新村,交通设施,地铁,121.448647,31.3066,上海市,上海市,静安区,121.44404580142732,31.308462505264416,Transport
公厕,生活服务,公厕,121.448297,31.307203,上海市,上海市,静安区,121.44369491974096,31.30906457344464,Toilet
公厕,生活服务,公厕,121.448329,31.307082,上海市,上海市,静安区,121.44372700585323,31.30894368398204,Toilet
闻喜路平顺路,交通设施,公交站,121.451191,31.308156,上海市,上海市,静安区,121.44659585359592,31.310023108906123,Transport
闻喜路共和新路,交通设施,公交站,121.447543,31.307998,上海市,上海市,静安区,121.44293908243392,31.30985777773302,Transport
共和新路闻喜路,交通设施,公交站,121.448545,31.308892,上海市,上海市,静安区,121.44394336003492,31.31075341405213,Transport
公厕,生活服务,公厕,121.449091,31.308285,上海市,上海市,静安区,121.4444907147563,31.31014774405136,Toilet
闻喜路曲沃路,交通设施,公交站,121.444727,31.307978,上海市,上海市,静安区,121.44011670519976,31.30983241895528,Transport
公厕,生活服务,公厕,121.444873,31.308059,上海市,上海市,静安区,121.4402630200441,31.30991365838541,Toilet
无障碍公厕,生活服务,公厕,121.444761,31.308075,上海市,上海市,静安区,121.44015077163589,31.309929444411697,Toilet
上海市北医院分部,医疗保健,综合医院,121.44364,31.308209,上海市,上海市,静安区,121.43902731940096,31.310061339767547,Medical_Service
市北医院,医疗保健,综合医院,121.443596,31.308163,上海市,上海市,静安区,121.43898322879352,31.310015277981694,Medical_Service
上海市北医院分部住院部,医疗保健,综合医院,121.443741,31.307988,上海市,上海市,静安区,121.43912855614109,31.309840608188477,Medical_Service
医疗急救中心市北分站,医疗保健,急救中心,121.443832,31.308175,上海市,上海市,静安区,121.43921973625235,31.3100277010308,Medical_Service
少年村路场中路,交通设施,公交站,121.429639,31.302749,上海市,上海市,静安区,121.4250014215347,31.30458215102892,Transport
彭浦镇第二社区卫生中心少年村路672号执业点,医疗保健,综合医院,121.429428,31.30164,上海市,上海市,静安区,121.42479021115724,31.303473329576462,Medical_Service
公厕,生活服务,公厕,121.454877,31.276738,上海市,上海市,静安区,121.45029402452032,31.278625739799185,Toilet
共和新路广中路,交通设施,公交站,121.452446,31.278027,上海市,上海市,静安区,121.44785662097622,31.27990890205483,Transport
公厕,生活服务,公厕,121.45254,31.278931,上海市,上海市,静安区,121.44795078138904,31.28081272493948,Toilet
公厕,生活服务,公厕,121.452549,31.278681,上海市,上海市,静安区,121.44795982594628,31.28056284869406,Toilet
大宁路街道社区卫生中心2301弄社区卫生服务站,医疗保健,综合医院,121.452744,31.277438,上海市,上海市,静安区,121.44815543030845,31.279320787255035,Medical_Service
上海马戏城地铁站2号口,交通设施,地铁,121.452861,31.279036,上海市,上海市,静安区,121.44827259048986,31.280918369890617,Transport
广延路大宁路,交通设施,公交站,121.455688,31.277519,上海市,上海市,静安区,121.45110710884622,31.279408223823,Transport
上海马戏城,交通设施,地铁,121.452032,31.27991,上海市,上海市,静安区,121.44744141037688,31.28179023365071,Transport
延长路北宝兴路,交通设施,公交站,121.462506,31.274249,上海市,上海市,静安区,121.45794447259468,31.276155664944863,Transport
平型关路延长路,交通设施,公交站,121.462236,31.272976,上海市,上海市,静安区,121.45767379487648,31.274882540659096,Transport
北宝兴路民晏路,交通设施,公交站,121.463217,31.274968,上海市,上海市,静安区,121.45865749685316,31.27687611773917,Transport
北宝兴路洛川东路,交通设施,公交站,121.46581,31.273055,上海市,上海市,虹口区,121.46125841489928,31.27497045307869,Transport
株洲路新同心路,交通设施,公交站,121.46559,31.276967,上海市,上海市,虹口区,121.46103741088491,31.278880241773617,Transport
公共厕所,生活服务,公厕,121.463109,31.275587,上海市,上海市,虹口区,121.4585491253396,31.27749458902792,Toilet
上海外国语大学,交通设施,地铁,121.481061,31.274867,上海市,上海市,虹口区,121.47655875224146,31.27682331861847,Transport
上海赤峰医院,医疗保健,综合医院,121.480568,31.273204,上海市,上海市,虹口区,121.47606420876632,31.275159604753245,Medical_Service
上海赤峰医院7号楼,医疗保健,综合医院,121.48076,31.273189,上海市,上海市,虹口区,121.47625686617546,31.275145162567505,Medical_Service
上海赤峰医院5号楼,医疗保健,综合医院,121.480635,31.272968,上海市,上海市,虹口区,121.47613145789606,31.27492389715674,Medical_Service
上海赤峰医院8号楼,医疗保健,综合医院,121.480512,31.273418,上海市,上海市,虹口区,121.47600799916756,31.27537335336222,Medical_Service
上海赤峰医院6号楼,医疗保健,综合医院,121.480753,31.273088,上海市,上海市,虹口区,121.47624985090852,31.2750441852579,Medical_Service
上海赤峰医院2号楼,医疗保健,综合医院,121.480383,31.273114,上海市,上海市,虹口区,121.4758785849699,31.27506911210008,Medical_Service
中山北一路广中路,交通设施,公交站,121.479237,31.277403,上海市,上海市,虹口区,121.47472831990358,31.279353028085183,Transport
西体育会路大连西路,交通设施,公交站,121.481229,31.276793,上海市,上海市,虹口区,121.4767271626576,31.278748991440963,Transport
上海欣康门诊部,医疗保健,诊所,121.477312,31.276224,上海市,上海市,虹口区,121.47279693724693,31.278169072119265,Medical_Service
公厕,生活服务,公厕,121.487498,31.278141,上海市,上海市,虹口区,121.4830178728317,31.280114758468564,Toilet
东二社区家庭医生诊所,医疗保健,诊所,121.487961,31.279481,上海市,上海市,虹口区,121.48348239333832,31.281455570972696,Medical_Service
曲阳路街道社区卫生中心,医疗保健,综合医院,121.487949,31.279489,上海市,上海市,虹口区,121.48347035023836,31.281463532030997,Medical_Service
曲阳市民驿站卫生运营服务站,医疗保健,综合医院,121.487948,31.279494,上海市,上海市,虹口区,121.48346934627595,31.28146852697761,Medical_Service
曲阳医院,医疗保健,综合医院,121.491051,31.27865,上海市,上海市,虹口区,121.48658344221958,31.280634130022648,Medical_Service
曲阳医院1号楼,医疗保健,综合医院,121.490998,31.278563,上海市,上海市,虹口区,121.48653026050202,31.280547007731712,Medical_Service
曲阳医院-多功能检查室,医疗保健,综合医院,121.491094,31.27857,上海市,上海市,虹口区,121.48662660253936,31.28055429223272,Medical_Service
曲阳医院-住院部,医疗保健,综合医院,121.491051,31.278598,上海市,上海市,虹口区,121.48658344666336,31.280582151769185,Medical_Service
曲阳路玉田路,交通设施,公交站,121.490448,31.280752,上海市,上海市,虹口区,121.48597811212188,31.282733449261304,Transport
岳阳医院妇科,医疗保健,综合医院,121.488303,31.289068,上海市,上海市,虹口区,121.48382478252935,31.29103963336433,Medical_Service
上海中医药大学附属岳阳中西医结合医院6,医疗保健,综合医院,121.488521,31.288633,上海市,上海市,虹口区,121.4840435916177,31.29060545840735,Medical_Service
上海中医药大学附属岳阳中西医结合医院病房楼,医疗保健,综合医院,121.488602,31.288621,上海市,上海市,虹口区,121.48412487958264,31.29059370410248,Medical_Service
上海中医药大学附属岳阳中西医结合医院主院区儿科门诊,医疗保健,综合医院,121.488282,31.28901,上海市,上海市,虹口区,121.48380371317086,31.29098159461346,Medical_Service
上海中医药大学附属岳阳中西医结合医院主院区急诊,医疗保健,综合医院,121.488429,31.288841,上海市,上海市,虹口区,121.4839512480076,31.2908131001906,Medical_Service
上海中医药大学附属岳阳中西医结合医院6号楼,医疗保健,综合医院,121.488542,31.288781,上海市,上海市,虹口区,121.48406465333554,31.290753460495814,Medical_Service
上海中医药大学附属岳阳中西医结合医院主院区,医疗保健,综合医院,121.488972,31.28899,上海市,上海市,虹口区,121.48449615970974,31.2909636544561,Medical_Service
岳阳医院病房B楼,医疗保健,综合医院,121.488903,31.288677,上海市,上海市,虹口区,121.4844269417543,31.290650576645,Medical_Service
上海中医药大学岳阳医院医技楼,医疗保健,综合医院,121.488753,31.288776,上海市,上海市,虹口区,121.48427640143834,31.29074908998051,Medical_Service
曲阳路中山北二路,交通设施,公交站,121.490896,31.287183,上海市,上海市,虹口区,121.48642715974714,31.28916313557081,Transport
大柏树,交通设施,公交站,121.490949,31.289055,上海市,上海市,虹口区,121.48648018882486,31.29103452987488,Transport
曲阳路中山北二路,交通设施,公交站,121.490882,31.287133,上海市,上海市,虹口区,121.486413114071,31.28911311413628,Transport
上海中医药大学附属岳阳中西医结合医院,医疗保健,综合医院,121.488962,31.289107,上海市,上海市,虹口区,121.48448611422576,31.291080577033725,Medical_Service
上海岳阳医院体检中心,医疗保健,综合医院,121.488848,31.28881,上海市,上海市,虹口区,121.48437173533316,31.290783358759303,Medical_Service
上海中医药大学附属岳阳中西医结合医院主院区病房楼,医疗保健,综合医院,121.488924,31.288599,上海市,上海市,虹口区,121.48444802290784,31.290572670948897,Medical_Service
上海中医药大学附属岳阳中西医结合医院主院区门诊,医疗保健,综合医院,121.489185,31.288391,上海市,上海市,虹口区,121.48470996680354,31.290365532911004,Medical_Service
上海中医药大学附属岳阳中西医结合医院主院区病房A楼,医疗保健,综合医院,121.489895,31.288666,上海市,上海市,虹口区,121.48542246645984,31.290642537822684,Medical_Service
大柏树,交通设施,公交站,121.490715,31.29122,上海市,上海市,虹口区,121.48624516893234,31.29319795030327,Transport
上海中医药大学附属岳阳中西医结合医院门诊膏方制作室,医疗保健,综合医院,121.489148,31.289739,上海市,上海市,虹口区,121.48467272013556,31.291712873671365,Medical_Service
岳阳医院,医疗保健,综合医院,121.489681,31.290294,上海市,上海市,虹口区,121.4852075661008,31.29226923689078,Medical_Service
上海中医药大学附属岳阳中西医结合医院10号楼,医疗保健,综合医院,121.489056,31.289675,上海市,上海市,虹口区,121.48458039911569,31.29164862572791,Medical_Service
上海中医药大学附属岳阳中西医结合医院膏方制作室,医疗保健,综合医院,121.489106,31.289733,上海市,上海市,虹口区,121.48463057158428,31.29170675102943,Medical_Service
上海中医药大学附属岳阳中西医结合医院主院区病房C区,医疗保健,综合医院,121.489513,31.289399,上海市,上海市,虹口区,121.48503904551208,31.29137409965545,Medical_Service
岳阳医院,交通设施,公交站,121.48747,31.289388,上海市,上海市,虹口区,121.48298881125052,31.291357032232376,Transport
大柏树,交通设施,公交站,121.486256,31.291211,上海市,上海市,虹口区,121.48177038113504,31.29317570424073,Transport
大柏树,交通设施,公交站,121.486281,31.290222,上海市,上海市,虹口区,121.48179555367052,31.29218717904664,Transport
岳阳中西医结合医院特诊部,医疗保健,综合医院,121.488145,31.289607,上海市,上海市,虹口区,121.48366617733626,31.29157794479135,Medical_Service
上海中医药大学附属岳阳中西医结合医院7,医疗保健,综合医院,121.488402,31.289539,上海市,上海市,虹口区,121.48392409266953,31.291510735760998,Medical_Service
上海中医药大学附属岳阳中西医结合医院15号楼,医疗保健,综合医院,121.488055,31.289642,上海市,上海市,虹口区,121.48357585602744,31.291612663403377,Medical_Service
上海中医药大学附属岳阳中西医结合医院7号楼,医疗保健,综合医院,121.488283,31.289145,上海市,上海市,虹口区,121.48380470515514,31.291116542600538,Medical_Service
岳阳医院按摩科,医疗保健,综合医院,121.488291,31.289152,上海市,上海市,虹口区,121.48381273286893,31.29112356351179,Medical_Service
上海中医药大学附属岳阳中西医结合医院门诊,医疗保健,综合医院,121.488165,31.289108,上海市,上海市,虹口区,121.4836862907986,31.29107920725583,Medical_Service
上海中医药大学附属岳阳中西医结合医院主院区发热门诊,医疗保健,综合医院,121.487768,31.289312,上海市,上海市,虹口区,121.48328786989696,31.291281946286627,Medical_Service
上海中医药大学附属岳阳中西医结合医院主院区肠道门诊,医疗保健,综合医院,121.487662,31.289446,上海市,上海市,虹口区,121.48318148404198,31.29141557751779,Medical_Service
岳阳医院门诊综合楼,医疗保健,综合医院,121.48814,31.28919,上海市,上海市,虹口区,121.48366119534356,31.291161099642625,Medical_Service
上海中医药大学附属岳阳中西医结合医院12号楼,医疗保健,综合医院,121.487965,31.289721,上海市,上海市,虹口区,121.48348553105347,31.29169136420589,Medical_Service
上海中医药大学附属岳阳中西医结合医院主院区肝炎门诊,医疗保健,综合医院,121.487749,31.2894,上海市,上海市,虹口区,121.48326879524622,31.291369854138,Medical_Service
广灵二路,交通设施,地铁,121.47629,31.28316,上海市,上海市,虹口区,121.47177093189131,31.28509931273828,Transport
广灵二路广灵一路,交通设施,公交站,121.47797,31.282835,上海市,上海市,虹口区,121.47345657646918,31.28477916959461,Transport
水电路广灵四路,交通设施,公交站,121.476828,31.285294,上海市,上海市,虹口区,121.47231054010226,31.287233939303647,Transport
广灵四路广灵一路,交通设施,公交站,121.478227,31.286331,上海市,上海市,虹口区,121.47371414080244,31.288274456270035,Transport
灵新社区卫生运营服务站,医疗保健,综合医院,121.478015,31.28908,上海市,上海市,虹口区,121.4735011910547,31.29102173293351,Medical_Service
汶水东路水电路,交通设施,公交站,121.478489,31.289394,上海市,上海市,虹口区,121.47397676066667,31.29133694723076,Transport
灵新社区家庭医生诊所,医疗保健,诊所,121.477961,31.289284,上海市,上海市,虹口区,121.47344699193792,31.29122549722755,Medical_Service
东苑社区卫生运营服务站,医疗保健,综合医院,121.472473,31.292674,上海市,上海市,虹口区,121.46794060265375,31.29459890514037,Medical_Service
KFC,生活服务,公厕,121.475384,31.29547,上海市,上海市,虹口区,121.47086087077524,31.2974017782052,Toilet
公厕,生活服务,公厕,121.475297,31.295417,上海市,上海市,虹口区,121.47077358807174,31.2973485578826,Toilet
男洗手间,生活服务,公厕,121.474233,31.295369,上海市,上海市,虹口区,121.46970609399229,31.29729763541856,Toilet
车站南路凉城路,交通设施,公交站,121.472816,31.29456,上海市,上海市,虹口区,121.46828454926052,31.296485078993896,Transport
公厕,生活服务,公厕,121.471547,31.294499,上海市,上海市,虹口区,121.4670114669326,31.29642066524068,Toilet
无障碍公厕,生活服务,公厕,121.471461,31.294425,上海市,上海市,虹口区,121.46692519787472,31.296346463259077,Toilet
车站北路水电路,交通设施,公交站,121.477944,31.297156,上海市,上海市,虹口区,121.47342925802496,31.29909427777405,Transport
公厕,生活服务,公厕,121.479923,31.299582,上海市,上海市,虹口区,121.47541474455925,31.30152494065419,Toilet
江湾镇街道社区卫生中心,医疗保健,综合医院,121.481,31.299236,上海市,上海市,虹口区,121.47649545140013,31.30118216752659,Medical_Service
车站北路,交通设施,地铁,121.476389,31.299915,上海市,上海市,虹口区,121.4718688198443,31.301847809830644,Transport
水电路奎照路,交通设施,公交站,121.476395,31.299217,上海市,上海市,虹口区,121.471874899865,31.30115010307707,Transport
新市南路车站南路,交通设施,公交站,121.481371,31.292438,上海市,上海市,虹口区,121.47686830694452,31.294387955913148,Transport
公厕,生活服务,公厕,121.483351,31.292279,上海市,上海市,虹口区,121.4788551505692,31.294234757932365,Toilet
纪念社区家庭医生诊所,医疗保健,诊所,121.485891,31.292747,上海市,上海市,虹口区,121.48140396852708,31.29471000788006,Medical_Service
公厕,生活服务,公厕,121.48502,31.294706,上海市,上海市,虹口区,121.48052975165152,31.296665659606585,Toilet
上海太安医院,医疗保健,综合医院,121.488131,31.292389,上海市,上海市,虹口区,121.48365188966804,31.294358775822797,Medical_Service
公厕,生活服务,公厕,121.488957,31.291537,上海市,上海市,虹口区,121.48448088855382,31.293509575650184,Toilet
大柏树,交通设施,公交站,121.489632,31.29427,上海市,上海市,杨浦区,121.4851580517437,31.29624348486849,Transport
仁德路新市北路,交通设施,公交站,121.481924,31.302636,上海市,上海市,虹口区,121.47742233195024,31.30458349118926,Transport
公厕,生活服务,公厕,121.481836,31.301148,上海市,上海市,虹口区,121.47733415688016,31.303095822431747,Toilet
江湾镇,交通设施,公交站,121.485865,31.302628,上海市,上海市,虹口区,121.4813770304929,31.304586997653335,Transport
公厕,生活服务,公厕,121.484791,31.302002,上海市,上海市,虹口区,121.48029932632949,31.303958088698785,Toilet
无障碍公厕,生活服务,公厕,121.484806,31.30199,上海市,上海市,虹口区,121.48031437972074,31.30394613738745,Toilet
江湾,交通设施,公交站,121.485985,31.30304,上海市,上海市,杨浦区,121.48149741611732,31.304999189297348,Transport
逸仙路仁德路,交通设施,公交站,121.484893,31.304232,上海市,上海市,虹口区,121.48040149122144,31.306187513004787,Transport
江湾镇地铁站4号口,交通设施,地铁,121.485176,31.305261,上海市,上海市,虹口区,121.48068539193883,31.30721694154193,Transport
江湾镇地铁站5号口,交通设施,地铁,121.484981,31.304855,上海市,上海市,虹口区,121.48048974518144,31.30681052768809,Transport
江湾镇地铁站6号口,交通设施,地铁,121.485004,31.305271,上海市,上海市,虹口区,121.48051278986556,31.30722643286164,Transport
水电路万安路,交通设施,公交站,121.476326,31.301419,上海市,上海市,虹口区,121.47180548087522,31.303351039739105,Transport
新市北路万安路,交通设施,公交站,121.481164,31.301682,上海市,上海市,虹口区,121.47665980323973,31.30362767316493,Transport
公厕,生活服务,公厕,121.480244,31.301871,上海市,上海市,虹口区,121.47573664147932,31.303813955828574,Toilet
洗手间,生活服务,公厕,121.459083,31.294007,上海市,上海市,静安区,121.45450996783312,31.29589727018092,Toilet
汶水路寿阳路,交通设施,公交站,121.45768,31.294396,上海市,上海市,静安区,121.45310304263478,31.296282838112983,Transport
女洗手间,生活服务,公厕,121.458588,31.296086,上海市,上海市,静安区,121.45401340639248,31.297974273862653,Toilet
女洗手间,生活服务,公厕,121.458587,31.296008,上海市,上海市,静安区,121.45401241036512,31.297896302708423,Toilet
男洗手间,生活服务,公厕,121.458602,31.296048,上海市,上海市,静安区,121.4540274486286,31.29793632183818,Toilet
男洗手间,生活服务,公厕,121.458612,31.296054,上海市,上海市,静安区,121.45403747593186,31.29794234285912,Toilet
女洗手间,生活服务,公厕,121.459099,31.298863,上海市,上海市,静安区,121.45452559220954,31.300751368319208,Toilet
男洗手间,生活服务,公厕,121.459152,31.298787,上海市,上海市,静安区,121.454578747279,31.300675523466587,Toilet
女洗手间,生活服务,公厕,121.45794,31.298395,上海市,上海市,静安区,121.45336341183852,31.3002808430159,Toilet
男洗手间,生活服务,公厕,121.457961,31.298404,上海市,上海市,静安区,121.45338446896888,31.300289888185038,Toilet
场中路平顺路,交通设施,公交站,121.452054,31.305648,上海市,上海市,静安区,121.4474612328754,31.307517901362036,Transport
彭浦新村街道社区卫生中心,医疗保健,综合医院,121.452899,31.308052,上海市,上海市,静安区,121.44830817082048,31.30992277484212,Medical_Service
闻喜路岭南路,交通设施,公交站,121.454007,31.308391,上海市,上海市,静安区,121.44941900069884,31.31026405020281,Transport
公厕,生活服务,公厕,121.452561,31.307892,上海市,上海市,静安区,121.4479693225056,31.30976211111716,Toilet
彭浦社区卫生中心-预防接种门诊,医疗保健,诊所,121.452684,31.307955,上海市,上海市,静安区,121.44809263025049,31.30982535033832,Medical_Service
岭南路临汾路,交通设施,公交站,121.455284,31.312294,上海市,上海市,静安区,121.45069901927349,31.31416837561403,Transport
临汾路平顺路,交通设施,公交站,121.454273,31.310767,上海市,上海市,静安区,121.44968548844751,31.31263971903713,Transport
公厕,生活服务,公厕,121.455018,31.312212,上海市,上海市,静安区,121.4504323216926,31.314085813880723,Toilet
岭南路汾西路,交通设施,公交站,121.455328,31.314278,上海市,上海市,静安区,121.45074296402204,31.31615171786682,Transport
汾西路岭南路,交通设施,公交站,121.45338,31.313439,上海市,上海市,静安区,121.44878993842202,31.31530874634342,Transport
公厕,生活服务,公厕,121.45233,31.31407,上海市,上海市,静安区,121.44773719966147,31.31593724748128,Toilet
无障碍公厕,生活服务,公厕,121.452244,31.314066,上海市,上海市,静安区,121.4476509821984,31.315933065706435,Toilet
公厕,生活服务,公厕,121.457427,31.314969,上海市,上海市,静安区,121.45284756610012,31.316847220654296,Toilet
公厕,生活服务,公厕,121.457517,31.315613,上海市,上海市,静安区,121.45293775686297,31.31749118418538,Toilet
上海盛德医疗护理员对外门诊,医疗保健,综合医院,121.456706,31.316736,上海市,上海市,静安区,121.4521244486744,31.318611899222837,Medical_Service
阳曲路保德路,交通设施,公交站,121.459919,31.316593,上海市,上海市,静安区,121.45534636591304,31.318476447209623,Transport
阳曲路景凤路,交通设施,公交站,121.459987,31.318455,上海市,上海市,静安区,121.45541439724263,31.32033790845356,Transport
阳曲路景凤路,交通设施,公交站,121.459929,31.318425,上海市,上海市,静安区,121.45535623553518,31.32030778144604,Transport
公厕,生活服务,公厕,121.461105,31.317595,上海市,上海市,静安区,121.45653566266498,31.31948091692988,Toilet
无障碍公厕,生活服务,公厕,121.4612,31.317574,上海市,上海市,静安区,121.45663093769556,31.31946015474486,Toilet
临汾街道社区卫生中心景凤社区卫生服务站,医疗保健,综合医院,121.457022,31.318783,上海市,上海市,静安区,121.452441129612,31.32065885170867,Medical_Service
保德路平顺路,交通设施,公交站,121.453132,31.316021,上海市,上海市,静安区,121.44854107627413,31.31788922955971,Transport
岭南路保德路,交通设施,公交站,121.456024,31.316073,上海市,上海市,静安区,121.45144066671652,31.317947601553044,Transport
保德路岭南路,交通设施,公交站,121.454711,31.316374,上海市,上海市,静安区,121.45012415080272,31.31824555089636,Transport
上海盛德医疗护理员,医疗保健,综合医院,121.456495,31.316498,上海市,上海市,静安区,121.45191289827764,31.318373508474984,Medical_Service
公厕,生活服务,公厕,121.45577,31.315506,上海市,上海市,静安区,121.4511860354724,31.31738024343048,Toilet
无障碍公厕,生活服务,公厕,121.455842,31.315546,上海市,上海市,静安区,121.4512582246201,31.3174203903894,Toilet
岭南公园-公厕,生活服务,公厕,121.455758,31.314961,上海市,上海市,静安区,121.45117405065876,31.316835422949666,Toilet
日星中医,医疗保健,诊所,121.456145,31.316494,上海市,上海市,静安区,121.45156195523364,31.318368716048813,Medical_Service
岭南路景凤路,交通设施,公交站,121.45588,31.317625,上海市,上海市,静安区,121.45129614604171,31.319498691323883,Transport
彭浦新村,交通设施,公交站,121.456827,31.319632,上海市,上海市,静安区,121.45224552579832,31.32150708755428,Transport
景凤路阳曲路,交通设施,公交站,121.460339,31.320228,上海市,上海市,静安区,121.45576724346624,31.322111086042074,Transport
公厕,生活服务,公厕,121.489987,31.311345,上海市,上海市,杨浦区,121.48551285331848,31.31331284105728,Toilet
安定医院,医疗保健,综合医院,121.489421,31.311216,上海市,上海市,杨浦区,121.48494485142427,31.31318220202212,Medical_Service
临汾路长临路,交通设施,公交站,121.43924,31.310492,上海市,上海市,静安区,121.43461811087516,31.312335884345025,Transport
长临路临汾路,交通设施,公交站,121.438148,31.311895,上海市,上海市,静安区,121.4335238962119,31.313736587929785,Transport
三泉路临汾路,交通设施,公交站,121.441111,31.311098,上海市,上海市,静安区,121.43649277703462,31.31294477805417,Transport
三泉路保德路,交通设施,公交站,121.440858,31.314665,上海市,上海市,静安区,121.4362389537327,31.316509986147743,Transport
长临路共康三村,交通设施,公交站,121.437774,31.313501,上海市,上海市,静安区,121.43314905298207,31.31534138392237,Transport
临汾路曲沃路,交通设施,公交站,121.44404,31.310682,上海市,上海市,静安区,121.43942796844792,31.31253411379271,Transport
临汾路三泉路,交通设施,公交站,121.442661,31.310612,上海市,上海市,静安区,121.43804602650532,31.312461661323912,Transport
临汾路三泉路,交通设施,公交站,121.442616,31.310581,上海市,上海市,静安区,121.43800093449704,31.312430593586196,Transport
公厕,生活服务,公厕,121.443591,31.310833,上海市,上海市,静安区,121.4389779857253,31.31268424034965,Toilet
公厕,生活服务,公厕,121.443662,31.310736,上海市,上海市,静安区,121.4390491468636,31.3125874060066,Toilet
临汾路共和新路,交通设施,公交站,121.445996,31.310711,上海市,上海市,静安区,121.44138829783944,31.31256674653477,Transport
公厕,生活服务,公厕,121.444252,31.310598,上海市,上海市,静安区,121.43964043679456,31.312450533824464,Toilet
大管家健康运营服务站,医疗保健,诊所,121.444855,31.312367,上海市,上海市,静安区,121.44024460556696,31.314219968716586,Medical_Service
曲沃路保德路,交通设施,公交站,121.444886,31.313581,上海市,上海市,静安区,121.44027556840446,31.31543356324912,Transport
保德路共和新路,交通设施,公交站,121.446042,31.314423,上海市,上海市,静安区,121.4414340789872,31.3162774165038,Transport
保德路曲沃路,交通设施,公交站,121.443091,31.313783,上海市,上海市,静安区,121.43847666027996,31.315632214210304,Transport
公厕,生活服务,公厕,121.448144,31.311719,上海市,上海市,静安区,121.44354116643234,31.31357852987933,Toilet
公厕,生活服务,公厕,121.451519,31.310962,上海市,上海市,静安区,121.44692442782338,31.31282871636078,Toilet
汾西路共和新路,交通设施,公交站,121.449862,31.313508,上海市,上海市,静安区,121.44526312159596,31.315370305565587,Transport
共和新路汾西路,交通设施,公交站,121.448452,31.312569,上海市,上海市,静安区,121.443849820017,31.314428816968373,Transport
市北医院,医疗保健,综合医院,121.447676,31.313672,上海市,上海市,静安区,121.44307189930198,31.31552986107944,Medical_Service
共康路地铁站,交通设施,公交站,121.447581,31.317615,上海市,上海市,静安区,121.4429763349145,31.319471182354555,Transport
共康路地铁站3号口,交通设施,地铁,121.447081,31.318398,上海市,上海市,静安区,121.44247510720017,31.320252912499026,Transport
红宝石路伊犁南路,交通设施,公交站,121.404701,31.196474,上海市,上海市,长宁区,121.40005270059925,31.19833794148352,Transport
上海美诗沁医疗美容诊所,医疗保健,诊所,121.404409,31.197827,上海市,上海市,长宁区,121.39976054458042,31.19969024475369,Medical_Service
虹桥机场1号航站楼,交通设施,公交站,121.34826,31.192803,上海市,上海市,长宁区,121.3436756861688,31.19472351017905,Transport
上海虹桥机场华港雅阁豪华酒店-洗手间,生活服务,公厕,121.348971,31.192916,上海市,上海市,长宁区,121.344385206314,31.194835201753254,Toilet
洗手间,生活服务,公厕,121.348371,31.19511,上海市,上海市,长宁区,121.34378625681065,31.197029168287045,Toilet
公厕,生活服务,公厕,121.349182,31.195831,上海市,上海市,长宁区,121.34459552019337,31.197748384861416,Toilet
公厕,生活服务,公厕,121.34829,31.195604,上海市,上海市,长宁区,121.34370538208618,31.197523066512844,Toilet
公厕,生活服务,公厕,121.349086,31.195873,上海市,上海市,长宁区,121.34449971408644,31.19779053232861,Toilet
无障碍洗手间,生活服务,公厕,121.349146,31.195909,上海市,上海市,长宁区,121.34455958750512,31.197826409322317,Toilet
无障碍洗手间,生活服务,公厕,121.349227,31.195908,上海市,上海市,长宁区,121.34464042101828,31.197825267915608,Toilet
女洗手间,生活服务,公厕,121.348521,31.195069,上海市,上海市,长宁区,121.34393594969988,31.196987924026025,Toilet
男洗手间,生活服务,公厕,121.348393,31.195094,上海市,上海市,长宁区,121.34380821260288,31.197013137390503,Toilet
母婴室,生活服务,公厕,121.348621,31.195691,上海市,上海市,长宁区,121.34403568912737,31.197609439615626,Toilet
母婴室,生活服务,公厕,121.349216,31.19598,上海市,上海市,长宁区,121.3446294374128,31.19789725153501,Toilet
公厕,生活服务,公厕,121.346334,31.194363,上海市,上海市,长宁区,121.34175358163353,31.19628616634121,Toilet
公厕,生活服务,公厕,121.346451,31.194095,上海市,上海市,长宁区,121.34187035802664,31.196018089364987,Toilet
女洗手间,生活服务,公厕,121.345953,31.194268,上海市,上海市,长宁区,121.34137339495636,31.19619189879861,Toilet
男洗手间,生活服务,公厕,121.346124,31.194228,上海市,上海市,长宁区,121.34154403674265,31.19615161082608,Toilet
男洗手间,生活服务,公厕,121.346342,31.194702,上海市,上海市,长宁区,121.34176153549862,31.196624983755097,Toilet
女洗手间,生活服务,公厕,121.345745,31.193915,上海市,上海市,长宁区,121.34116586601132,31.195839449082992,Toilet
无障碍洗手间,生活服务,公厕,121.345841,31.193912,上海市,上海市,长宁区,121.34126166282748,31.19583627742493,Toilet
无障碍洗手间,生活服务,公厕,121.346292,31.194693,上海市,上海市,长宁区,121.34171164178466,31.19661607803051,Toilet
无障碍洗手间,生活服务,公厕,121.34636,31.194734,上海市,上海市,长宁区,121.34177949476428,31.196656935557844,Toilet
无障碍洗手间,生活服务,公厕,121.346053,31.194216,上海市,上海市,长宁区,121.34147318788222,31.196139744546283,Toilet
男洗手间,生活服务,公厕,121.346346,31.194734,上海市,上海市,长宁区,121.34176552429808,31.196656960697585,Toilet
无障碍洗手间,生活服务,公厕,121.34627,31.194442,上海市,上海市,长宁区,121.341689709884,31.196365242102765,Toilet
婴儿换洗间/哺乳室/母婴室,生活服务,公厕,121.346458,31.194784,上海市,上海市,长宁区,121.34187728380849,31.196706734856956,Toilet
女洗手间,生活服务,公厕,121.346421,31.194837,上海市,上海市,长宁区,121.3418403572319,31.19675977496389,Toilet
男洗手间,生活服务,公厕,121.345826,31.193824,上海市,上海市,长宁区,121.34124670219845,31.19574834818595,Toilet
母婴室,生活服务,公厕,121.345873,31.194526,上海市,上海市,长宁区,121.34129354206594,31.19644991490106,Toilet
婴儿换洗间/哺乳室/母婴室,生活服务,公厕,121.346055,31.194282,上海市,上海市,长宁区,121.3414751779573,31.196205708180536,Toilet
婴儿换洗间/哺乳室/母婴室,生活服务,公厕,121.346331,31.194756,上海市,上海市,长宁区,121.3417505540466,31.196678976723103,Toilet
公厕,生活服务,公厕,121.347186,31.194042,上海市,上海市,长宁区,121.342603818158,31.19596380084308,Toilet
公厕,生活服务,公厕,121.347688,31.195307,上海市,上海市,长宁区,121.34310465974184,31.197227279886995,Toilet
婴儿换洗间/哺乳室/母婴室,生活服务,公厕,121.347696,31.19503,上海市,上海市,长宁区,121.34311266697397,31.196950402990357,Toilet
无障碍洗手间,生活服务,公厕,121.347736,31.194981,上海市,上海市,长宁区,121.34315258780856,31.196901356271017,Toilet
无障碍洗手间,生活服务,公厕,121.347982,31.195791,上海市,上海市,长宁区,121.34339800564749,31.197710518698024,Toilet
无障碍洗手间,生活服务,公厕,121.347785,31.195253,上海市,上海市,长宁区,121.34320146220578,31.19717313446867,Toilet
女洗手间,生活服务,公厕,121.347737,31.195,上海市,上海市,长宁区,121.34315358408368,31.19692034507485,Toilet
男洗手间,生活服务,公厕,121.347695,31.194894,上海市,上海市,长宁区,121.34311168080076,31.19681447220446,Toilet
母婴室,生活服务,公厕,121.347752,31.195351,上海市,上海市,长宁区,121.34316852251403,31.197271144461435,Toilet
公厕,生活服务,公厕,121.34638,31.195538,上海市,上海市,长宁区,121.34179938318988,31.197460501084,Toilet
公厕,生活服务,公厕,121.346657,31.195117,上海市,上海市,长宁区,121.3420758359806,31.197039212974385,Toilet
公厕,生活服务,公厕,121.346004,31.195193,上海市,上海市,长宁区,121.34142420721577,31.19711634809194,Toilet
无障碍洗手间,生活服务,公厕,121.346081,31.195573,上海市,上海市,长宁区,121.34150101157054,31.197496021182868,Toilet
无障碍洗手间,生活服务,公厕,121.346695,31.195145,上海市,上海市,长宁区,121.3421137536168,31.19706713103549,Toilet
无障碍洗手间,生活服务,公厕,121.346561,31.19566,上海市,上海市,长宁区,121.34197999119996,31.197582115937493,Toilet
无障碍洗手间,生活服务,公厕,121.346003,31.195203,上海市,上海市,长宁区,121.34142320846844,31.19712634493585,Toilet
无障碍洗手间,生活服务,公厕,121.346462,31.195578,上海市,上海市,长宁区,121.34188120685,31.197500334101992,Toilet
公厕,生活服务,公厕,121.346043,31.195673,上海市,上海市,长宁区,121.34146308329662,31.197596040044267,Toilet
母婴室,生活服务,公厕,121.346734,31.195159,上海市,上海市,长宁区,121.34215267038417,31.19708105426806,Toilet
母婴室,生活服务,公厕,121.346488,31.195667,上海市,上海市,长宁区,121.34190714437511,31.197589243375365,Toilet
母婴室,生活服务,公厕,121.346109,31.195619,上海市,上海市,长宁区,121.34152894840705,31.19754194801408,Toilet
上海南站地铁站3号口,交通设施,地铁,121.430225,31.152887,上海市,上海市,徐汇区,121.4256013231727,31.15479057356265,Transport
上海南站地铁站2号口,交通设施,地铁,121.431284,31.152361,上海市,上海市,徐汇区,121.42666197449236,31.154266200200528,Transport
上海南站地铁站1号口,交通设施,地铁,121.431587,31.153517,上海市,上海市,徐汇区,121.42696534421545,31.15542198515361,Transport
上海南站地铁站2号口,交通设施,地铁,121.430837,31.153027,上海市,上海市,徐汇区,121.42621423195756,31.15493127331528,Transport
男洗手间,生活服务,公厕,121.429537,31.153278,上海市,上海市,徐汇区,121.42491227695066,31.155180517112186,Toilet
无障碍洗手间,生活服务,公厕,121.43001,31.15391,上海市,上海市,徐汇区,121.42538591546295,31.15581276618635,Toilet
绿地缤纷城,生活服务,公厕,121.455542,31.183736,上海市,上海市,徐汇区,121.4509688285522,31.18566841634146,Toilet
绿地缤纷城,生活服务,公厕,121.455566,31.183642,上海市,上海市,徐汇区,121.45099290054743,31.18557451764925,Toilet
绿地缤纷城,生活服务,公厕,121.455531,31.183697,上海市,上海市,徐汇区,121.45095780264704,31.18562941136657,Toilet
绿地缤纷城,生活服务,公厕,121.455634,31.183706,上海市,上海市,徐汇区,121.45106107614468,31.18563863797219,Toilet
无障碍洗手间,生活服务,公厕,121.455736,31.183756,上海市,上海市,徐汇区,121.45116334385295,31.1856888419776,Toilet
无障碍洗手间,生活服务,公厕,121.456241,31.183493,上海市,上海市,徐汇区,121.45166971935149,31.185427114911985,Toilet
女洗手间,生活服务,公厕,121.456388,31.184142,上海市,上海市,徐汇区,121.45181705900612,31.186076120681964,Toilet
男洗手间,生活服务,公厕,121.455618,31.183659,上海市,上海市,徐汇区,121.4510450375682,31.185591625777512,Toilet
男洗手间,生活服务,公厕,121.456471,31.184191,上海市,上海市,徐汇区,121.45190027854996,31.18612528454379,Toilet
龙华中路地铁站9号口,交通设施,地铁,121.455835,31.183784,上海市,上海市,徐汇区,121.45126260585108,31.185717050680573,Transport
龙华中路地铁站7号口,交通设施,地铁,121.456476,31.184284,上海市,上海市,徐汇区,121.45190528401363,31.186218248986503,Transport
龙华中路地铁站8号口,交通设施,地铁,121.456244,31.184106,上海市,上海市,徐汇区,121.45167267451794,31.186039812196224,Transport
男洗手间,生活服务,公厕,121.456732,31.183219,上海市,上海市,徐汇区,121.45216206782904,31.185154369895876,Toilet
第六人民医院,医疗保健,综合医院,121.422352,31.17847,上海市,上海市,徐汇区,121.41771598909618,31.18035183024984,Medical_Service
男洗手间,生活服务,公厕,121.422784,31.17821,上海市,上海市,徐汇区,121.41814848221532,31.18009235609875,Toilet
女洗手间,生活服务,公厕,121.422744,31.178251,上海市,上海市,徐汇区,121.41810843466985,31.18013329843565,Toilet
女洗手间,生活服务,公厕,121.422736,31.178234,上海市,上海市,徐汇区,121.4181004273614,31.18011629974341,Toilet
女洗手间,生活服务,公厕,121.423124,31.17841,上海市,上海市,徐汇区,121.41848884209328,31.180292569853044,Toilet
男洗手间,生活服务,公厕,121.423104,31.178445,上海市,上海市,徐汇区,121.41846881668984,31.18032753332876,Toilet
上海第六人民医院儿科门急诊,医疗保健,综合医院,121.423604,31.178282,上海市,上海市,徐汇区,121.4189693962305,31.18016508938676,Medical_Service
公厕,生活服务,公厕,121.423399,31.178202,上海市,上海市,徐汇区,121.41876416978316,31.180084934804544,Toilet
急性创伤急救中心,医疗保健,急救中心,121.423262,31.178088,上海市,上海市,徐汇区,121.4186270249498,31.179970863383144,Medical_Service
第六人民医院急诊,医疗保健,综合医院,121.423313,31.178291,上海市,上海市,徐汇区,121.4186780647942,31.18017380810987,Medical_Service
六院假肢矫形中心,医疗保健,综合医院,121.42335,31.178503,上海市,上海市,徐汇区,121.41871508816124,31.18038573515604,Medical_Service
女洗手间,生活服务,公厕,121.423289,31.178228,上海市,上海市,徐汇区,121.41865404319935,31.180110817537777,Toilet
女洗手间,生活服务,公厕,121.423323,31.178405,上海市,上海市,徐汇区,121.41868806617398,31.180287759516307,Toilet
男洗手间,生活服务,公厕,121.423307,31.17843,上海市,上海市,徐汇区,121.41867204594205,31.180312731679415,Toilet
第六人民医院感染病房楼,医疗保健,综合医院,121.423261,31.179545,上海市,上海市,徐汇区,121.41862589718102,31.181427121188857,Medical_Service
第六人民医院住院部,医疗保健,综合医院,121.422553,31.179643,上海市,上海市,徐汇区,121.41791710482144,31.18152441573313,Medical_Service
第六人民医院病房楼南区,医疗保健,综合医院,121.422264,31.179064,上海市,上海市,徐汇区,121.41762784282494,31.180945448905323,Medical_Service
无障碍洗手间,生活服务,公厕,121.422486,31.17965,上海市,上海市,徐汇区,121.41785003141014,31.18153135129703,Toilet
无障碍洗手间,生活服务,公厕,121.422403,31.179705,上海市,上海市,徐汇区,121.4177669367701,31.18158624821464,Toilet
无障碍洗手间,生活服务,公厕,121.422388,31.17969,上海市,上海市,徐汇区,121.41775192187346,31.18157124228972,Toilet
无障碍洗手间,生活服务,公厕,121.422267,31.179007,上海市,上海市,徐汇区,121.41763085099949,31.180888480586194,Toilet
无障碍洗手间,生活服务,公厕,121.422289,31.178974,上海市,上海市,徐汇区,121.41765287749196,31.18085551712171,Toilet
无障碍洗手间,生活服务,公厕,121.422341,31.178922,上海市,上海市,徐汇区,121.41770493795224,31.18080359034264,Toilet
无障碍洗手间,生活服务,公厕,121.422319,31.179042,上海市,上海市,徐汇区,121.4176829038362,31.180923509505103,Toilet
无障碍洗手间,生活服务,公厕,121.422332,31.178949,上海市,上海市,徐汇区,121.41769592591297,31.18083056850511,Toilet
无障碍洗手间,生活服务,公厕,121.42248,31.179664,上海市,上海市,徐汇区,121.41784402368503,31.18154533874155,Toilet
无障碍洗手间,生活服务,公厕,121.422463,31.179664,上海市,上海市,徐汇区,121.41782700525592,31.181545323331274,Toilet
无障碍洗手间,生活服务,公厕,121.422483,31.179671,上海市,上海市,徐汇区,121.41784702633032,31.181552337905693,Toilet
无障碍洗手间,生活服务,公厕,121.4225,31.179699,上海市,上海市,徐汇区,121.41786404234338,31.181580339104976,Toilet
无障碍洗手间,生活服务,公厕,121.422342,31.178909,上海市,上海市,徐汇区,121.41770594015952,31.180790597856063,Toilet
无障碍洗手间,生活服务,公厕,121.42228,31.178983,上海市,上海市,徐汇区,121.41764386704222,31.180864504461425,Toilet
无障碍洗手间,生活服务,公厕,121.422259,31.178958,上海市,上海市,徐汇区,121.41762284667502,31.18083949833193,Toilet
第六人民医院-5病房楼,医疗保健,综合医院,121.422484,31.179659,上海市,上海市,徐汇区,121.4178480284582,31.18154034490989,Medical_Service
第六人民医院感染病房楼4号楼,医疗保健,综合医院,121.423292,31.179301,上海市,上海市,徐汇区,121.41865695331656,31.181183274433188,Medical_Service
第六人民医院发热门诊,医疗保健,综合医院,121.423037,31.179387,上海市,上海市,徐汇区,121.41840166005242,31.181268991617145,Medical_Service
第六人民医院-医技楼,医疗保健,综合医院,121.422978,31.178853,上海市,上海市,徐汇区,121.41834264083622,31.180735208261343,Medical_Service
无障碍洗手间,生活服务,公厕,121.422262,31.178901,上海市,上海市,徐汇区,121.41762585484874,31.18078253001679,Toilet
无障碍洗手间,生活服务,公厕,121.423007,31.178763,上海市,上海市,徐汇区,121.4183716808968,31.18064528101717,Toilet
无障碍洗手间,生活服务,公厕,121.422237,31.178913,上海市,上海市,徐汇区,121.41760082699815,31.18079450150021,Toilet
无障碍洗手间,生活服务,公厕,121.42244,31.179674,上海市,上海市,徐汇区,121.41780397947744,31.18155529742183,Toilet
无障碍洗手间,生活服务,公厕,121.422279,31.178962,上海市,上海市,徐汇区,121.41764286779387,31.18084351424484,Toilet
无障碍洗手间,生活服务,公厕,121.422254,31.178977,上海市,上海市,徐汇区,121.41761783965998,31.18085848418381,Toilet
无障碍洗手间,生活服务,公厕,121.422261,31.179038,上海市,上海市,徐汇区,121.4176248418662,31.18091945943692,Toilet
无障碍洗手间,生活服务,公厕,121.422315,31.178965,上海市,上海市,徐汇区,121.41767890622636,31.18084654506976,Toilet
无障碍洗手间,生活服务,公厕,121.422361,31.179006,上海市,上海市,徐汇区,121.4177249522036,31.180887565638336,Toilet
无障碍洗手间,生活服务,公厕,121.422304,31.179014,上海市,上海市,徐汇区,121.41766789013651,31.180895510256285,Toilet
无障碍洗手间,生活服务,公厕,121.422315,31.178994,上海市,上海市,徐汇区,121.41767890370538,31.1808755303196,Toilet
无障碍洗手间,生活服务,公厕,121.422923,31.178737,上海市,上海市,徐汇区,121.41828758990148,31.180619216237044,Toilet
无障碍洗手间,生活服务,公厕,121.422307,31.178943,上海市,上海市,徐汇区,121.4176708995344,31.18082454906585,Toilet
无障碍洗手间,生活服务,公厕,121.422934,31.178757,上海市,上海市,徐汇区,121.41829860035376,31.18063921625835,Toilet
无障碍洗手间,生活服务,公厕,121.422943,31.178755,上海市,上海市,徐汇区,121.41830761050664,31.18063722562334,Toilet
无障碍洗手间,生活服务,公厕,121.422967,31.178811,上海市,上海市,徐汇区,121.4183316322706,31.180693219409267,Toilet
无障碍洗手间,生活服务,公厕,121.422989,31.178783,上海市,上海市,徐汇区,121.41835365914362,31.180665254098543,Toilet
无障碍洗手间,生活服务,公厕,121.422918,31.178803,上海市,上海市,徐汇区,121.41828257862537,31.18068517802363,Toilet
无障碍洗手间,生活服务,公厕,121.422926,31.178844,上海市,上海市,徐汇区,121.41829058392474,31.180726164578974,Toilet
无障碍洗手间,生活服务,公厕,121.422987,31.178751,上海市,上海市,徐汇区,121.41835165970237,31.180633268520413,Toilet
无障碍洗手间,生活服务,公厕,121.422994,31.178776,上海市,上海市,徐汇区,121.41835866531,31.180658262309358,Toilet
无障碍洗手间,生活服务,公厕,121.422485,31.17966,上海市,上海市,徐汇区,121.417849029456,31.181541345308855,Toilet
无障碍洗手间,生活服务,公厕,121.422955,31.178795,上海市,上海市,徐汇区,121.41831962034172,31.180677216407485,Toilet
无障碍洗手间,生活服务,公厕,121.422976,31.178794,上海市,上海市,徐汇区,121.41834064374306,31.18067623641898,Toilet
宜山路桂林路,交通设施,公交站,121.419208,31.175112,上海市,上海市,徐汇区,121.41456915520988,31.17699293372521,Transport
上海慈皓堂中医门诊部,医疗保健,诊所,121.418625,31.175209,上海市,上海市,徐汇区,121.41398562498642,31.177089449234884,Medical_Service
桂林路地铁站1号口,交通设施,地铁,121.419151,31.175411,上海市,上海市,徐汇区,121.41451207739756,31.177291737600065,Transport
桂林路地铁站5号口,交通设施,地铁,121.418283,31.175204,上海市,上海市,徐汇区,121.41364332776584,31.17708420385676,Transport
漕宝路,交通设施,地铁,121.433192,31.168299,上海市,上海市,徐汇区,121.42857162966231,31.17019842651453,Transport
徐汇日月光中心-男洗手间,生活服务,公厕,121.433223,31.169116,上海市,上海市,徐汇区,121.42860260966796,31.17101504739524,Toilet
无障碍洗手间,生活服务,公厕,121.433144,31.168785,上海市,上海市,徐汇区,121.42852350880952,31.170684109338158,Toilet
无障碍洗手间,生活服务,公厕,121.43319,31.168673,上海市,上海市,徐汇区,121.42856959393566,31.170572230563916,Toilet
无障碍洗手间,生活服务,公厕,121.433155,31.168716,上海市,上海市,徐汇区,121.4285345328186,31.17061516011768,Toilet
女洗手间,生活服务,公厕,121.433123,31.169271,上海市,上海市,徐汇区,121.42850243225568,31.171169829576776,Toilet
女洗手间,生活服务,公厕,121.43313,31.169242,上海市,上海市,徐汇区,121.42850944623272,31.17114085417477,Toilet
女洗手间,生活服务,公厕,121.433126,31.168795,上海市,上海市,徐汇区,121.42850547846297,31.170694079394185,Toilet
企鹅医生中医馆,医疗保健,诊所,121.433159,31.169112,上海市,上海市,徐汇区,121.42853850501908,31.171010961196924,Medical_Service
男洗手间,生活服务,公厕,121.433264,31.169288,上海市,上海市,徐汇区,121.42864366211803,31.17118701527408,Toilet
男洗手间,生活服务,公厕,121.433177,31.169285,上海市,上海市,徐汇区,121.42855651951956,31.171183896729836,Toilet
男洗手间,生活服务,公厕,121.433222,31.168662,上海市,上海市,徐汇区,121.42860164741192,31.17056128039652,Toilet
漕宝路地铁站6号口,交通设施,地铁,121.434142,31.168628,上海市,上海市,徐汇区,121.42952318245791,31.170528586068023,Transport
徐汇日月光中心-男洗手间,生活服务,公厕,121.433172,31.169502,上海市,上海市,徐汇区,121.42855149249486,31.171400777890675,Toilet
无障碍洗手间,生活服务,公厕,121.433096,31.169295,上海市,上海市,徐汇区,121.42847538598956,31.17119378005216,Toilet
男洗手间,生活服务,公厕,121.433076,31.169284,上海市,上海市,徐汇区,121.4284553542388,31.17118275823577,Toilet
爱建园社区卫生运营服务站,医疗保健,综合医院,121.43326,31.174902,上海市,上海市,徐汇区,121.42863916845202,31.17679812489357,Medical_Service
无障碍洗手间,生活服务,公厕,121.43362,31.174243,上海市,上海市,徐汇区,121.42899982079336,31.17613996262151,Toilet
男洗手间,生活服务,公厕,121.433615,31.174258,上海市,上海市,徐汇区,121.428994811181,31.176154947950938,Toilet
无障碍洗手间,生活服务,公厕,121.433173,31.185819,上海市,上海市,徐汇区,121.42855107810048,31.18770946382784,Toilet
无障碍洗手间,生活服务,公厕,121.433219,31.185854,上海市,上海市,徐汇区,121.42859715055204,31.187744509660718,Toilet
女洗手间,生活服务,公厕,121.433206,31.185751,上海市,上海市,徐汇区,121.42858413814837,31.18764154356161,Toilet
男洗手间,生活服务,公厕,121.433255,31.185852,上海市,上海市,徐汇区,121.42863320987932,31.187742560385363,Toilet
男洗手间,生活服务,公厕,121.433244,31.18582,上海市,上海市,徐汇区,121.42862219457548,31.18771056129292,Toilet
公厕,生活服务,公厕,121.443806,31.185499,上海市,上海市,徐汇区,121.439204328967,31.18740664270121,Toilet
上海体育场地铁站3号口,交通设施,地铁,121.443113,31.184572,上海市,上海市,徐汇区,121.43850992609752,31.186478860784707,Transport
上海体育场,交通设施,地铁,121.443504,31.18556,上海市,上海市,徐汇区,121.43890167459944,31.1874670653426,Transport
上海大慈中医诊所,医疗保健,诊所,121.442439,31.185916,上海市,上海市,徐汇区,121.43783438863264,31.18782098708873,Medical_Service
上海体育场地铁站4号口,交通设施,地铁,121.442568,31.185655,上海市,上海市,徐汇区,121.43796368158029,31.187560346096564,Transport
天钥桥路斜土路,交通设施,公交站,121.442267,31.187331,上海市,上海市,徐汇区,121.43766190679912,31.18923497332194,Transport
天钥桥路南丹东路,交通设施,公交站,121.441976,31.188824,上海市,上海市,徐汇区,121.43737017281006,31.19072671547757,Transport
公厕,生活服务,公厕,121.442314,31.188251,上海市,上海市,徐汇区,121.43770892511118,31.19015459425852,Toilet
公厕,生活服务,公厕,121.442323,31.188318,上海市,上海市,徐汇区,121.4377179380888,31.190221576483616,Toilet
公厕,生活服务,公厕,121.442354,31.188291,上海市,上海市,徐汇区,121.43774900515432,31.19019464451984,Toilet
偌望中医诊所,医疗保健,诊所,121.442852,31.188996,上海市,上海市,徐汇区,121.43824799004288,31.190900172019774,Medical_Service
海上中医医疗健康服务平台,医疗保健,诊所,121.442978,31.188804,上海市,上海市,徐汇区,121.43837427316,31.19070849258178,Medical_Service
天钥桥路辛耕路,交通设施,公交站,121.441667,31.19264,上海市,上海市,徐汇区,121.43706020442792,31.194540272954956,Transport
公厕,生活服务,公厕,121.437411,31.19275,上海市,上海市,徐汇区,121.4327958766664,31.194643217444938,Toilet
公厕,生活服务,公厕,121.437331,31.192783,上海市,上海市,徐汇区,121.43271572585856,31.19467607655677,Toilet
徐家汇地铁站11号口,交通设施,地铁,121.438083,31.19361,上海市,上海市,徐汇区,121.43346905717917,31.195503845662497,Transport
公厕,生活服务,公厕,121.438086,31.193128,上海市,上海市,徐汇区,121.43347210464428,31.195022090091932,Toilet
徐家汇地铁站13号口,交通设施,地铁,121.438613,31.194783,上海市,上海市,徐汇区,121.4339999608909,31.19667710920678,Transport
徐家汇地铁站12B号口,交通设施,地铁,121.438074,31.194442,上海市,上海市,徐汇区,121.4334599680476,31.1963354181314,Transport
徐家汇地铁站15号口,交通设施,地铁,121.438294,31.195949,上海市,上海市,徐汇区,121.43368025292192,31.197842020715623,Transport
徐家汇地铁站14号口,交通设施,地铁,121.439549,31.194497,上海市,上海市,徐汇区,121.43493779469244,31.196392773459028,Transport
公厕,生活服务,公厕,121.441611,31.195164,上海市,上海市,徐汇区,121.4370038705638,31.19706292210052,Toilet
上海交通大学医学院附属国际和平妇幼保健医院,医疗保健,综合医院,121.438615,31.196212,上海市,上海市,徐汇区,121.43400184075314,31.198105404336754,Medical_Service
爱婴医院,医疗保健,综合医院,121.438448,31.19654,上海市,上海市,徐汇区,121.43383449398458,31.198432974203765,Medical_Service
上海天平酒店-洗手间,生活服务,公厕,121.439323,31.197402,上海市,上海市,徐汇区,121.43471110206764,31.19929596421652,Toilet
徐家汇,交通设施,公交站,121.43731,31.197452,上海市,上海市,徐汇区,121.43269428195686,31.19934272895636,Transport
男洗手间,生活服务,公厕,121.436456,31.194802,上海市,上海市,徐汇区,121.43183895306356,31.19669272943121,Toilet
女洗手间,生活服务,公厕,121.436391,31.194783,上海市,上海市,徐汇区,121.4317738375392,31.19667364030345,Toilet
无障碍洗手间,生活服务,公厕,121.436639,31.195361,上海市,上海市,徐汇区,121.43202223556284,31.197251730668107,Toilet
公厕,生活服务,公厕,121.436566,31.19532,上海市,上海市,徐汇区,121.43194910687993,31.197210639758783,Toilet
港汇恒隆广场-无障碍洗手间,生活服务,公厕,121.436589,31.195357,上海市,上海市,徐汇区,121.43197214530556,31.19724765644129,Toilet
港汇恒隆广场-无障碍洗手间,生活服务,公厕,121.436631,31.195404,上海市,上海市,徐汇区,121.43201421732628,31.19729469715667,Toilet
无障碍洗手间,生活服务,公厕,121.436565,31.19537,上海市,上海市,徐汇区,121.43194810073112,31.19726061345497,Toilet
无障碍洗手间,生活服务,公厕,121.436642,31.195323,上海市,上海市,徐汇区,121.4320252443007,31.19721375407816,Toilet
无障碍洗手间,生活服务,公厕,121.436614,31.195307,上海市,上海市,徐汇区,121.4319971949314,31.19719771931506,Toilet
女洗手间,生活服务,公厕,121.436711,31.195357,上海市,上海市,徐汇区,121.43209436659713,31.19724784257582,Toilet
女洗手间,生活服务,公厕,121.436712,31.195363,上海市,上海市,徐汇区,121.43209536789335,31.19725384113036,Toilet
女洗手间,生活服务,公厕,121.436668,31.195337,上海市,上海市,徐汇区,121.43205129025267,31.197227786812576,Toilet
男洗手间,生活服务,公厕,121.436648,31.195327,上海市,上海市,徐汇区,121.4320312548353,31.19721776124846,Toilet
男洗手间,生活服务,公厕,121.43663,31.19528,上海市,上海市,徐汇区,121.43201322627418,31.19717075709064,Toilet
男洗手间,生活服务,公厕,121.436625,31.195369,上海市,上海市,徐汇区,121.43200820948694,31.197259705354018,Toilet
母婴室,生活服务,公厕,121.436661,31.195308,上海市,上海市,徐汇区,121.43204428006725,31.197198790502384,Toilet
母婴室,生活服务,公厕,121.436587,31.195322,上海市,上海市,徐汇区,121.43197014472132,31.19721267074242,Toilet
徐家汇地铁站18号口,交通设施,地铁,121.435369,31.19545,上海市,上海市,徐汇区,121.4307499648562,31.197338783380214,Transport
女洗手间,生活服务,公厕,121.427146,31.182785,上海市,上海市,徐汇区,121.4225153869369,31.1846694757319,Toilet
男洗手间,生活服务,公厕,121.427138,31.182771,上海市,上海市,徐汇区,121.42250737751507,31.184655473890484,Toilet
宜山路地铁站4号口,交通设施,地铁,121.427134,31.183025,上海市,上海市,徐汇区,121.42250335012776,31.18490934101152,Transport
宜山路中山西路,交通设施,公交站,121.427332,31.184292,上海市,上海市,徐汇区,121.42270150427788,31.18617592277727,Transport
公厕,生活服务,公厕,121.428021,31.183391,上海市,上海市,徐汇区,121.42339151797444,31.1852761622552,Toilet
光启城-洗手间,生活服务,公厕,121.427975,31.184642,上海市,上海市,徐汇区,121.42334534606668,31.18652647782331,Toilet
无障碍洗手间,生活服务,公厕,121.428301,31.184564,上海市,上海市,徐汇区,121.42367180326173,31.186448895034225,Toilet
女洗手间,生活服务,公厕,121.428409,31.184568,上海市,上海市,徐汇区,121.42377995334944,31.186453019237188,Toilet
男洗手间,生活服务,公厕,121.428346,31.184568,上海市,上海市,徐汇区,121.423716865522,31.186452945546357,Toilet
宜山路,交通设施,地铁,121.427226,31.186736,上海市,上海市,徐汇区,121.42259515019072,31.18861857330067,Transport
复旦大学附属华山医院7号楼,医疗保健,综合医院,121.44302,31.215699,上海市,上海市,静安区,121.43841403096,31.217590393518076,Medical_Service
复旦大学附属华山医院8号楼,医疗保健,综合医院,121.442561,31.215321,上海市,上海市,静安区,121.4379540953962,31.21721175923912,Medical_Service
复旦大学附属华山医院12号楼,医疗保健,综合医院,121.441836,31.215648,上海市,上海市,静安区,121.43722755764428,31.21753733221361,Medical_Service
复旦大学附属华山医院肝病门诊,医疗保健,综合医院,121.443884,31.21549,上海市,上海市,静安区,121.43927989847758,31.21738305049654,Medical_Service
复旦大学附属华山医院肠道门诊,医疗保健,综合医院,121.444104,31.215513,上海市,上海市,静安区,121.4395003729188,31.21740644061865,Medical_Service
华山医院健康管理中心,医疗保健,综合医院,121.443631,31.215506,上海市,上海市,静安区,121.4390263519562,31.21739858388276,Medical_Service
复旦大学附属华山医院住院部综合楼,医疗保健,综合医院,121.44328,31.215583,上海市,上海市,静安区,121.43867459390168,31.217474914462688,Medical_Service
无障碍洗手间,生活服务,公厕,121.443134,31.215474,上海市,上海市,静安区,121.43852829250166,31.2173657049287,Toilet
无障碍洗手间,生活服务,公厕,121.443095,31.21548,上海市,上海市,静安区,121.43848920911358,31.21737163229486,Toilet
无障碍洗手间,生活服务,公厕,121.443148,31.215521,上海市,上海市,静安区,121.4385423181906,31.21741270749388,Toilet
无障碍洗手间,生活服务,公厕,121.44316,31.215503,上海市,上海市,静安区,121.4385543452714,31.217394737591786,Toilet
无障碍洗手间,生活服务,公厕,121.44308,31.215439,上海市,上海市,静安区,121.43847418081572,31.21733062510151,Toilet
无障碍洗手间,生活服务,公厕,121.443082,31.215532,上海市,上海市,静安区,121.43847617699736,31.21742358416931,Toilet
复旦大学附属华山医院5号楼,医疗保健,综合医院,121.443684,31.215543,上海市,上海市,静安区,121.43907946270072,31.217435662114248,Medical_Service
无障碍洗手间,生活服务,公厕,121.443185,31.215476,上海市,上海市,静安区,121.43857940080068,31.217367795289764,Toilet
无障碍洗手间,生活服务,公厕,121.443092,31.215509,上海市,上海市,静安区,121.43848620022725,31.21740061305268,Toilet
无障碍洗手间,生活服务,公厕,121.443171,31.21552,上海市,上海市,静安区,121.43856536719632,31.217411749155158,Toilet
无障碍洗手间,生活服务,公厕,121.443127,31.215493,上海市,上海市,静安区,121.4385212759751,31.21738468330994,Toilet
无障碍洗手间,生活服务,公厕,121.443114,31.215529,上海市,上海市,静安区,121.438508245227,31.217420642824987,Toilet
无障碍洗手间,生活服务,公厕,121.443163,31.21555,上海市,上海市,静安区,121.4385573475767,31.21744172047252,Toilet
无障碍洗手间,生活服务,公厕,121.443199,31.215462,上海市,上海市,静安区,121.43859343181266,31.21735382707565,Toilet
无障碍洗手间,生活服务,公厕,121.443134,31.215514,上海市,上海市,静安区,121.43852828903294,31.217405685786147,Toilet
无障碍洗手间,生活服务,公厕,121.443043,31.215496,上海市,上海市,静安区,121.438437097346,31.217387531714643,Toilet
无障碍洗手间,生活服务,公厕,121.443134,31.215469,上海市,上海市,静安区,121.43852829293525,31.21736070732161,Toilet
复旦大学附属华山医院,医疗保健,综合医院,121.44297,31.216143,上海市,上海市,静安区,121.4383638864928,31.21803409199897,Medical_Service
公厕,生活服务,公厕,121.443005,31.216647,上海市,上海市,静安区,121.43839891694584,31.218537913632915,Toilet
公厕,生活服务,公厕,121.442742,31.216482,上海市,上海市,静安区,121.43813537538144,31.21837252449657,Toilet
无障碍洗手间,生活服务,公厕,121.442887,31.215963,上海市,上海市,静安区,121.43828072646268,31.217854030193298,Toilet
无障碍洗手间,生活服务,公厕,121.44287,31.21598,上海市,上海市,静安区,121.43826368905351,31.217870991814085,Toilet
无障碍洗手间,生活服务,公厕,121.442897,31.216546,上海市,上海市,静安区,121.43829069704624,31.218436769379466,Toilet
无障碍洗手间,生活服务,公厕,121.442892,31.216558,上海市,上海市,静安区,121.43828568543266,31.2184487547474,Toilet
无障碍洗手间,生活服务,公厕,121.442825,31.216506,上海市,上海市,静安区,121.4382185483788,31.21839666041486,Toilet
无障碍洗手间,生活服务,公厕,121.442837,31.215958,上海市,上海市,静安区,121.4382306212442,31.217848943643915,Toilet
无障碍洗手间,生活服务,公厕,121.44289,31.215944,上海市,上海市,静安区,121.43828373445328,31.217835044617907,Toilet
无障碍洗手间,生活服务,公厕,121.442781,31.21652,上海市,上海市,静安区,121.4381744543116,31.2184105755629,Toilet
无障碍洗手间,生活服务,公厕,121.442832,31.216526,上海市,上海市,静安区,121.43822556142467,31.218416663303863,Toilet
无障碍洗手间,生活服务,公厕,121.442884,31.215976,上海市,上海市,静安区,121.43827771899284,31.217867018638195,Toilet
无障碍洗手间,生活服务,公厕,121.442779,31.216504,上海市,上海市,静安区,121.43817245148082,31.21839457965451,Toilet
男洗手间,生活服务,公厕,121.442777,31.216553,上海市,上海市,静安区,121.43817044301288,31.218443552698417,Toilet
女洗手间,生活服务,公厕,121.442735,31.216524,上海市,上海市,静安区,121.43812835698786,31.21841449201668,Toilet
放射诊断质量控制中心,医疗保健,综合医院,121.442974,31.216112,上海市,上海市,静安区,121.43836789765396,31.21800311394983,Medical_Service
核医学质量控制中心,医疗保健,综合医院,121.442983,31.216096,上海市,上海市,静安区,121.43837691810788,31.21798713764897,Medical_Service
璞丽豪华酒店-洗手间,生活服务,公厕,121.448151,31.222288,上海市,上海市,静安区,121.44355594294612,31.224185929767348,Toilet
静安寺地铁站9号口,交通设施,地铁,121.448615,31.222262,上海市,上海市,静安区,121.4440210418492,31.2241608656571,Transport
无障碍洗手间,生活服务,公厕,121.448763,31.223638,上海市,上海市,静安区,121.44416927444522,31.22553651250717,Toilet
无障碍洗手间,生活服务,公厕,121.448802,31.22366,上海市,上海市,静安区,121.44420836539828,31.22555858034442,Toilet
无障碍洗手间,生活服务,公厕,121.449161,31.223079,上海市,上海市,静安区,121.44456827360456,31.22497857687112,Toilet
男洗手间,生活服务,公厕,121.448682,31.223632,上海市,上海市,静安区,121.44408808231697,31.225530353085304,Toilet
静安寺地铁站6号口,交通设施,地铁,121.448498,31.223891,上海市,上海市,静安区,121.4439036233274,31.225788863367946,Transport
婴儿换洗间,生活服务,公厕,121.448792,31.223607,上海市,上海市,静安区,121.44419834617268,31.22550558526774,Toilet
婴儿换洗间/哺乳室/母婴室,生活服务,公厕,121.449081,31.22306,上海市,上海市,静安区,121.4444880835928,31.224959424415857,Toilet
静安寺,交通设施,公交站,121.446717,31.223414,上海市,上海市,静安区,121.44211851626098,31.22530859464665,Transport
女洗手间,生活服务,公厕,121.447308,31.223375,上海市,上海市,静安区,121.44271088062844,31.22527075913749,Toilet
男洗手间,生活服务,公厕,121.447257,31.223338,上海市,上海市,静安区,121.44265976577508,31.225233677165612,Toilet
无障碍洗手间,生活服务,公厕,121.447267,31.223295,上海市,上海市,静安区,121.44266979264086,31.225190716932527,Toilet
无障碍洗手间,生活服务,公厕,121.447715,31.223037,上海市,上海市,静安区,121.4431188562113,31.22493371550096,Toilet
静安寺地铁站10号口,交通设施,地铁,121.447619,31.223567,上海市,上海市,静安区,121.4430225864242,31.22546327699724,Transport
静安寺地铁站3号口,交通设施,地铁,121.447248,31.223787,上海市,上海市,静安区,121.44265070604632,31.22568244796599,Transport
静安寺地铁站4号口,交通设施,地铁,121.447552,31.223528,上海市,上海市,静安区,121.44295543380414,31.225424164009077,Transport
婴儿换洗间,生活服务,公厕,121.447271,31.223321,上海市,上海市,静安区,121.4426737996451,31.22521671246552,Toilet
婴儿换洗间,生活服务,公厕,121.447713,31.22311,上海市,上海市,静安区,121.44311684521855,31.22500667712444,Toilet
静安寺地铁站8号口,交通设施,地铁,121.449343,31.222238,上海市,上海市,静安区,121.44475078348992,31.224138342120263,Transport
延安中路铜仁路,交通设施,公交站,121.450733,31.222053,上海市,上海市,静安区,121.44614418450328,31.22395628070364,Transport
无障碍洗手间,生活服务,公厕,121.449196,31.223061,上海市,上海市,静安区,121.44460335910094,31.224960656059935,Toilet
女洗手间,生活服务,公厕,121.449362,31.223875,上海市,上海市,静安区,121.44476968743456,31.225774608167427,Toilet
女洗手间,生活服务,公厕,121.449219,31.222963,上海市,上海市,静安区,121.44462642277594,31.22486274878856,Toilet
女洗手间,生活服务,公厕,121.450124,31.22295,上海市,上海市,静安区,121.44553361357308,31.22485159920315,Toilet
男洗手间,生活服务,公厕,121.450147,31.223168,上海市,上海市,静安区,121.44555665080688,31.225069543594905,Toilet
男洗手间,生活服务,公厕,121.449531,31.223658,上海市,上海市,静安区,121.44493911349072,31.22555805344116,Toilet
女洗手间,生活服务,公厕,121.449322,31.223851,上海市,上海市,静安区,121.44472959330008,31.225750538440607,Toilet
女洗手间,生活服务,公厕,121.449592,31.223727,上海市,上海市,静安区,121.44500025481928,31.225627144988245,Toilet
女洗手间,生活服务,公厕,121.450171,31.223196,上海市,上海市,静安区,121.44558070695489,31.22509757972006,Toilet
母婴室,生活服务,公厕,121.449529,31.223639,上海市,上海市,静安区,121.44493711030918,31.225539058331144,Toilet
女洗手间,生活服务,公厕,121.446783,31.223967,上海市,上海市,静安区,121.44218461955094,31.22586146135512,Toilet
女洗手间,生活服务,公厕,121.446773,31.224028,上海市,上海市,静安区,121.44217459134042,31.225922413318727,Toilet
女洗手间,生活服务,公厕,121.44675,31.223938,上海市,上海市,静安区,121.44215154643204,31.225832411327087,Toilet
女洗手间,生活服务,公厕,121.446734,31.223947,上海市,上海市,静安区,121.44213550899948,31.225841376222824,Toilet
无障碍洗手间,生活服务,公厕,121.447176,31.224685,上海市,上海市,静安区,121.44257846178232,31.226579885011684,Toilet
母婴室,生活服务,公厕,121.44716,31.224835,上海市,上海市,静安区,121.4425624118264,31.226729783339174,Toilet
公厕,生活服务,公厕,121.446887,31.22606,上海市,上海市,静安区,121.44228867683546,31.22795367840539,Toilet
女洗手间,生活服务,公厕,121.446697,31.225607,上海市,上海市,静安区,121.44209828041416,31.227500524152852,Toilet
女洗手间,生活服务,公厕,121.446758,31.225569,上海市,上海市,静安区,121.44215942340834,31.227462659634988,Toilet
女洗手间,生活服务,公厕,121.446727,31.225636,上海市,上海市,静安区,121.44212834658516,31.227529568372645,Toilet
女洗手间,生活服务,公厕,121.446759,31.225581,上海市,上海市,静安区,121.44216042465987,31.22747465592943,Toilet
公厕,生活服务,公厕,121.443437,31.223404,上海市,上海市,静安区,121.43883125101031,31.225292481578865,Toilet
北京西路乌鲁木齐北路,交通设施,公交站,121.442295,31.223941,上海市,上海市,静安区,121.4376867909613,31.22582719694748,Transport
公厕,生活服务,公厕,121.442304,31.223215,上海市,上海市,静安区,121.43769587273178,31.225101554987937,Toilet
清木口腔门诊部,医疗保健,诊所,121.442644,31.223602,上海市,上海市,静安区,121.4380365514672,31.225488972060056,Medical_Service
静安寺地铁站14号口,交通设施,地铁,121.445108,31.222091,上海市,上海市,静安区,121.4405060052389,31.223983166319258,Transport
母婴室,生活服务,公厕,121.444822,31.222737,上海市,上海市,静安区,121.44021931706465,31.224628328862856,Toilet
母婴室,生活服务,公厕,121.444867,31.222707,上海市,上海市,静安区,121.44026441888488,31.22459842656525,Toilet
静安寺地铁站15号口,交通设施,地铁,121.445665,31.222556,上海市,上海市,静安区,121.44106420680244,31.22444899225272,Transport
静安寺,交通设施,地铁,121.446206,31.22312,上海市,上海市,静安区,121.44160637758787,31.225013753019013,Transport
无障碍洗手间,生活服务,公厕,121.446495,31.223573,上海市,上海市,静安区,121.4418959952815,31.22546709257957,Toilet
母婴室,生活服务,公厕,121.446442,31.223532,上海市,上海市,静安区,121.44184287807371,31.225426010218488,Toilet
静安寺地铁站2号口,交通设施,地铁,121.446173,31.223601,上海市,上海市,静安区,121.44157326112015,31.22549446321654,Transport
静安寺地铁站1号口,交通设施,地铁,121.445354,31.223007,上海市,上海市,静安区,121.44075247256389,31.2248991940181,Transport
公厕,生活服务,公厕,121.445394,31.225822,上海市,上海市,静安区,121.44079231767248,31.22771294422497,Toilet
中山公园,交通设施,地铁,121.41576,31.217995,上海市,上海市,长宁区,121.41111460024244,31.219852384561484,Transport
中山生态公园地铁站出入口,交通设施,地铁,121.4156,31.216991,上海市,上海市,长宁区,121.4109545721137,31.218848767404868,Transport
中山生态公园地铁站2号口,交通设施,地铁,121.416033,31.217585,上海市,上海市,长宁区,121.41138783634275,31.2194427461466,Transport
中山生态公园地铁站3号口,交通设施,地铁,121.415916,31.217548,上海市,上海市,长宁区,121.41127075319876,31.21940569213606,Transport
中山生态公园地铁站8号口,交通设施,地铁,121.416434,31.217787,上海市,上海市,长宁区,121.41178912031114,31.21964490015465,Transport
公厕,生活服务,公厕,121.415612,31.218555,上海市,上海市,长宁区,121.4109664444907,31.22041202925911,Toilet
中山生态公园地铁站1号口,交通设施,地铁,121.415638,31.218379,上海市,上海市,长宁区,121.41099247852982,31.22023612852988,Transport
中山生态公园地铁站4号口,交通设施,地铁,121.415454,31.218358,上海市,上海市,长宁区,121.41080834874978,31.220215029428747,Transport
凯旋路汇川路,交通设施,公交站,121.414941,31.220202,上海市,上海市,长宁区,121.41029483072586,31.22205785711823,Transport
男洗手间,生活服务,公厕,121.418164,31.217624,上海市,上海市,长宁区,121.4135205340533,31.2194831412952,Toilet
男洗手间,生活服务,公厕,121.418249,31.217748,上海市,上海市,长宁区,121.41360559613844,31.219607142859484,Toilet
女洗手间,生活服务,公厕,121.418018,31.217703,上海市,上海市,长宁区,121.41337440288297,31.219562000206977,Toilet
女洗手间,生活服务,公厕,121.419114,31.217713,上海市,上海市,长宁区,121.41447136282844,31.219572795509325,Toilet
男洗手间,生活服务,公厕,121.418882,31.217611,上海市,上海市,长宁区,121.41423916297823,31.219470670225945,Toilet
中山公园,交通设施,公交站,121.419064,31.218749,上海市,上海市,长宁区,121.41442122737638,31.220608264554315,Transport
中山公园,交通设施,公交站,121.419063,31.218761,上海市,上海市,长宁区,121.41442022542807,31.22062025809378,Transport
男洗手间,生活服务,公厕,121.419068,31.2192,上海市,上海市,长宁区,121.41442519171174,31.221059053126822,Toilet
男洗手间,生活服务,公厕,121.419038,31.219209,上海市,上海市,长宁区,121.41439516384816,31.22106802628765,Toilet
男洗手间,生活服务,公厕,121.419021,31.219171,上海市,上海市,长宁区,121.41437815183376,31.221030031581456,Toilet
女洗手间,生活服务,公厕,121.419009,31.219239,上海市,上海市,长宁区,121.41436613510392,31.22109799025917,Toilet
女洗手间,生活服务,公厕,121.418966,31.219166,上海市,上海市,长宁区,121.41432310279758,31.221024992743,Toilet
中山生态公园地铁站6号口,交通设施,地铁,121.418651,31.218246,上海市,上海市,长宁区,121.41400790269532,31.22010519698688,Transport
中山生态公园地铁站3号口,交通设施,地铁,121.418773,31.218873,上海市,上海市,长宁区,121.41412995599234,31.220731988501907,Transport
女洗手间,生活服务,公厕,121.418274,31.218344,上海市,上海市,长宁区,121.41363056574028,31.220202876893875,Toilet
男洗手间,生活服务,公厕,121.418167,31.219234,上海市,上海市,长宁区,121.41352339639364,31.22109237714512,Toilet
男洗手间,生活服务,公厕,121.41818,31.219189,上海市,上海市,长宁区,121.41353641143743,31.22104740779043,Toilet
女洗手间,生活服务,公厕,121.418136,31.219184,上海市,上海市,长宁区,121.41349237425776,31.221042378861185,Toilet
女洗手间,生活服务,公厕,121.417119,31.219056,上海市,上海市,长宁区,121.4124745448036,31.22091374059237,Toilet
女洗手间,生活服务,公厕,121.417175,31.219015,上海市,上海市,长宁区,121.41253059322403,31.22087279735928,Toilet
女洗手间,生活服务,公厕,121.417219,31.219056,上海市,上海市,长宁区,121.41257462500889,31.22091380725443,Toilet
男洗手间,生活服务,公厕,121.417169,31.219011,上海市,上海市,长宁区,121.4125245887592,31.22086879526049,Toilet
男洗手间,生活服务,公厕,121.417175,31.21898,上海市,上海市,长宁区,121.41253059627276,31.22083781400004,Toilet
男洗手间,生活服务,公厕,121.417203,31.218995,上海市,上海市,长宁区,121.41255861745356,31.22085282555895,Toilet
曹家渡街道社区卫生中心,医疗保健,综合医院,121.428512,31.227743,上海市,上海市,静安区,121.4238793435491,31.229607140398457,Medical_Service
曹家渡,交通设施,公交站,121.427557,31.228362,上海市,上海市,长宁区,121.4229229747908,31.230224748552214,Transport
曹家渡,交通设施,公交站,121.427832,31.227637,上海市,上海市,静安区,121.42319841165572,31.229500400770853,Transport
莱医养中医理疗诊所,医疗保健,诊所,121.427402,31.227635,上海市,上海市,长宁区,121.4227678291263,31.22949791318804,Medical_Service
公厕,生活服务,公厕,121.428361,31.228785,上海市,上海市,静安区,121.4237280418177,31.23064847662685,Toilet
无障碍洗手间,生活服务,公厕,121.428785,31.229306,上海市,上海市,静安区,121.42415259213146,31.231169733196147,Toilet
无障碍洗手间,生活服务,公厕,121.428804,31.229389,上海市,上海市,静安区,121.4241716118193,31.23125271707724,Toilet
婴儿换洗间,生活服务,公厕,121.428823,31.2294,上海市,上海市,静安区,121.424190637791,31.23126373453783,Toilet
女洗手间,生活服务,公厕,121.42878,31.229465,上海市,上海市,静安区,121.42414757121738,31.23132865314565,Toilet
男洗手间,生活服务,公厕,121.428699,31.229454,上海市,上海市,静安区,121.42406645768304,31.23131756224028,Toilet
曹家渡,交通设施,公交站,121.427677,31.230683,上海市,上海市,普陀区,121.42304293540658,31.232544803312013,Transport
上海云健康眼科医院,医疗保健,诊所,121.428,31.229768,上海市,上海市,静安区,121.42336645648204,31.231630599225355,Medical_Service
男洗手间,生活服务,公厕,121.42704,31.230691,上海市,上海市,普陀区,121.42240508005358,31.23255208318968,Toilet
女洗手间,生活服务,公厕,121.426991,31.230639,上海市,上海市,普陀区,121.42235601971392,31.23250005300317,Toilet
女洗手间,生活服务,公厕,121.427026,31.230641,上海市,上海市,普陀区,121.42239106585984,31.23250209089366,Toilet
男洗手间,生活服务,公厕,121.427118,31.230744,上海市,上海市,普陀区,121.42248317895492,31.232605145307744,Toilet
金沙江路,交通设施,地铁,121.413177,31.232038,上海市,上海市,普陀区,121.40852867770272,31.233887378609428,Transport
白玉一委社区卫生运营服务站,医疗保健,综合医院,121.413896,31.232328,上海市,上海市,普陀区,121.4092480894843,31.234177604854143,Medical_Service
婴儿换洗间/哺乳室/母婴室,生活服务,公厕,121.413028,31.234855,上海市,上海市,普陀区,121.40837934500432,31.236703004297624,Toilet
打浦桥,交通设施,公交站,121.468929,31.205511,上海市,上海市,黄浦区,121.4643928402996,31.207465376441423,Transport
打浦桥地铁站4号口,交通设施,地铁,121.467486,31.206241,上海市,上海市,黄浦区,121.46294529726458,31.20819124765829,Transport
女洗手间,生活服务,公厕,121.457155,31.215242,上海市,上海市,徐汇区,121.45258345240414,31.217162572156383,Toilet
男洗手间,生活服务,公厕,121.457153,31.215687,上海市,上海市,徐汇区,121.45258140851826,31.21760735458496,Toilet
无障碍洗手间,生活服务,公厕,121.457136,31.215362,上海市,上海市,徐汇区,121.45256439027234,31.21728247109325,Toilet
男洗手间,生活服务,公厕,121.457221,31.215263,上海市,上海市,徐汇区,121.45264963052038,31.217183713691124,Toilet
哺乳室,生活服务,公厕,121.457222,31.215411,上海市,上海市,徐汇区,121.452650620465,31.21733164513868,Toilet
哺乳室,生活服务,公厕,121.457222,31.215338,上海市,上海市,徐汇区,121.45265062677008,31.217258680082733,Toilet
哺乳室,生活服务,公厕,121.457151,31.215363,上海市,上海市,徐汇区,121.45257943105356,31.217283505045096,Toilet
哺乳室,生活服务,公厕,121.457226,31.215612,上海市,上海市,徐汇区,121.45265461401476,31.217532558138863,Toilet
淮海中路陕西南路,交通设施,公交站,121.457961,31.216344,上海市,上海市,徐汇区,121.45339156596766,31.218265905873636,Transport
公厕,生活服务,公厕,121.458286,31.21669,上海市,上海市,徐汇区,121.4537174336948,31.21861249680325,Toilet
中心医院急诊科,医疗保健,综合医院,121.458326,31.216872,上海市,上海市,徐汇区,121.4537575287298,31.218794503210297,Medical_Service
中心医院结核病防治门诊,医疗保健,综合医院,121.457948,31.216845,上海市,上海市,徐汇区,121.45337848688284,31.21876663640931,Medical_Service
无障碍洗手间,生活服务,公厕,121.458212,31.216084,上海市,上海市,徐汇区,121.4536432812926,31.21800661387168,Toilet
无障碍洗手间,生活服务,公厕,121.45785,31.216826,上海市,上海市,徐汇区,121.45328021869253,31.2187474181545,Toilet
无障碍洗手间,生活服务,公厕,121.45785,31.216822,上海市,上海市,徐汇区,121.45328021903796,31.21874342006416,Toilet
无障碍洗手间,生活服务,公厕,121.457889,31.216809,上海市,上海市,徐汇区,121.45331932749872,31.2187305167002,Toilet
无障碍洗手间,生活服务,公厕,121.457875,31.216884,上海市,上海市,徐汇区,121.45330528248364,31.2188054484281,Toilet
无障碍洗手间,生活服务,公厕,121.457934,31.216869,上海市,上海市,徐汇区,121.45336444624073,31.21879059245822,Toilet
无障碍洗手间,生活服务,公厕,121.457819,31.216829,上海市,上海市,徐汇区,121.45324913315454,31.21875034487702,Toilet
中心医院3号楼,医疗保健,综合医院,121.457904,31.216809,上海市,上海市,徐汇区,121.453334368798,31.218730551493724,Medical_Service
中心医院发热门诊,医疗保健,综合医院,121.457949,31.216913,上海市,上海市,徐汇区,121.45337948376591,31.218834606269624,Medical_Service
中心医院儿科门急诊,医疗保健,综合医院,121.458351,31.216915,上海市,上海市,徐汇区,121.45378259426629,31.21883754102448,Medical_Service
陕西南路地铁站9号口,交通设施,地铁,121.458927,31.216115,上海市,上海市,徐汇区,121.45436026531604,31.2180392727954,Transport
陕西南路地铁站10号口,交通设施,地铁,121.458956,31.216482,上海市,上海市,徐汇区,121.45438931461696,31.21840616563944,Transport
中心医院儿科门急诊病房,医疗保健,综合医院,121.458364,31.216899,上海市,上海市,徐汇区,121.45379563166672,31.21882157900679,Medical_Service
哺乳室,生活服务,公厕,121.458185,31.215995,上海市,上海市,徐汇区,121.4536162143311,31.21791759353507,Toilet
哺乳室,生活服务,公厕,121.458346,31.216149,上海市,上海市,徐汇区,121.45377764655358,31.218071895251487,Toilet
鲁班路瞿溪路,交通设施,公交站,121.477029,31.198768,上海市,上海市,黄浦区,121.47251963851296,31.200747754700775,Transport
金致瑞瀛门诊部,医疗保健,诊所,121.477346,31.199075,上海市,上海市,黄浦区,121.47283767154312,31.201055494909557,Medical_Service
男洗手间,生活服务,公厕,121.477279,31.199181,上海市,上海市,黄浦区,121.47277043837256,31.20116125412198,Toilet
无障碍洗手间,生活服务,公厕,121.477761,31.198914,上海市,上海市,黄浦区,121.4732540755682,31.200895744113986,Toilet
上海丽铂医疗美容门诊部,医疗保健,诊所,121.477497,31.19849,上海市,上海市,黄浦区,121.47298922706916,31.200471208531155,Medical_Service
迦泌中医诊所,医疗保健,诊所,121.478097,31.198779,上海市,上海市,黄浦区,121.47359121549778,31.200761760120358,Medical_Service
女洗手间,生活服务,公厕,121.477804,31.198914,上海市,上海市,黄浦区,121.473297219834,31.200895865510724,Toilet
女洗手间,生活服务,公厕,121.477713,31.198889,上海市,上海市,黄浦区,121.4732059167174,31.200870620959908,Toilet
五里桥街道社区卫生中心,医疗保健,综合医院,121.477683,31.199722,上海市,上海市,黄浦区,121.47317574475076,31.201703126125405,Medical_Service
琛龙酒店公寓,生活服务,公厕,121.477978,31.199533,上海市,上海市,黄浦区,121.4734717509916,31.201515052235987,Toilet
公厕,生活服务,公厕,121.477396,31.199578,上海市,上海市,黄浦区,121.4728877957354,31.20155838801376,Toilet
五里桥社区卫生中心-预防接种门诊,医疗保健,诊所,121.477548,31.199603,上海市,上海市,黄浦区,121.47304030251416,31.20158380396972,Medical_Service
中山南一路西藏南路,交通设施,公交站,121.488557,31.201446,上海市,上海市,黄浦区,121.48408716852587,31.203457868309755,Transport
上海第九人民医院挂号处,医疗保健,综合医院,121.487535,31.201619,上海市,上海市,黄浦区,121.48306154313816,31.20362775022729,Medical_Service
公厕,生活服务,公厕,121.487574,31.201728,上海市,上海市,黄浦区,121.48310067137608,31.203736812322543,Toilet
上海交通大学医学院附属第九人民医院门诊医技综合楼,医疗保健,综合医院,121.487384,31.201627,上海市,上海市,黄浦区,121.48291001011631,31.203635299046542,Medical_Service
男洗手间,生活服务,公厕,121.487567,31.20167,上海市,上海市,黄浦区,121.48309365163767,31.203678820026063,Toilet
男洗手间,生活服务,公厕,121.487557,31.201768,上海市,上海市,黄浦区,121.48308360800664,31.20377674233453,Toilet
男洗手间,生活服务,公厕,121.487496,31.201803,上海市,上海市,黄浦区,121.48302238991494,31.20381154444926,Toilet
男洗手间,生活服务,公厕,121.487408,31.201773,上海市,上海市,黄浦区,121.48293408224602,31.20378129851408,Toilet
男洗手间,生活服务,公厕,121.487482,31.201766,上海市,上海市,黄浦区,121.4830083437112,31.203774521120952,Toilet
男洗手间,生活服务,公厕,121.487486,31.201792,上海市,上海市,黄浦区,121.48301235559528,31.203800520220216,Toilet
男洗手间,生活服务,公厕,121.487524,31.201789,上海市,上海市,黄浦区,121.48305048984032,31.20379763426403,Toilet
男洗手间,生活服务,公厕,121.487472,31.201766,上海市,上海市,黄浦区,121.4829983084546,31.20377449149947,Toilet
女洗手间,生活服务,公厕,121.487617,31.201608,上海市,上海市,黄浦区,121.4831438332864,31.20361699860345,Toilet
女洗手间,生活服务,公厕,121.487441,31.201755,上海市,上海市,黄浦区,121.48296720010627,31.203763405073744,Toilet
女洗手间,生活服务,公厕,121.487436,31.201773,上海市,上海市,黄浦区,121.4829621809443,31.203781381438127,Toilet
女洗手间,生活服务,公厕,121.48743,31.201805,上海市,上海市,黄浦区,121.48295615706274,31.20381334797642,Toilet
女洗手间,生活服务,公厕,121.48744,31.201821,上海市,上海市,黄浦区,121.48296619094832,31.20382936974805,Toilet
女洗手间,生活服务,公厕,121.48744,31.201816,上海市,上海市,黄浦区,121.48296619137506,31.203824372199733,Toilet
女洗手间,生活服务,公厕,121.487502,31.201804,上海市,上海市,黄浦区,121.48302841098533,31.203812561733177,Toilet
女洗手间,生活服务,公厕,121.487464,31.201834,上海市,上海市,黄浦区,121.48299027444688,31.20384243445906,Toilet
上海交通大学医学院附属第九人民医院2号楼,医疗保健,综合医院,121.486325,31.202098,上海市,上海市,黄浦区,121.48184724509886,31.20410293828797,Medical_Service
公厕,生活服务,公厕,121.486374,31.202433,上海市,上海市,黄浦区,121.48189638850042,31.204437918694325,Toilet
上海交通大学医学院附属第九人民医院南院6,医疗保健,综合医院,121.486688,31.202743,上海市,上海市,黄浦区,121.48221146507782,31.204748693788854,Medical_Service
上海九院口腔科,医疗保健,综合医院,121.486324,31.202969,上海市,上海市,黄浦区,121.4818461672163,31.20497350877841,Medical_Service
上海交通大学医学院附属第九人民医院5号楼,医疗保健,综合医院,121.486214,31.202252,上海市,上海市,黄浦区,121.48173584242964,31.204256535488756,Medical_Service
上海交通大学医学院附属第九人民医院南院2,医疗保健,综合医院,121.486334,31.202079,上海市,上海市,黄浦区,121.4818562783115,31.204083974146773,Medical_Service
上海交通大学医学院附属第九人民医院南院北区5号病房楼,医疗保健,综合医院,121.486292,31.202307,上海市,上海市,黄浦区,121.48181411143156,31.20431173854504,Medical_Service
上海交通大学医学院附属第九人民医院南院北区2号内科病房楼,医疗保健,综合医院,121.486397,31.202013,上海市,上海市,黄浦区,121.48191950511097,31.204018192349125,Medical_Service
上海九院24小时门诊自助服务,医疗保健,综合医院,121.486969,31.202127,上海市,上海市,黄浦区,121.48249350594097,31.204133825930317,Medical_Service
黄陂南路徐家汇路,交通设施,公交站,121.47834,31.210878,上海市,上海市,黄浦区,121.4738339964862,31.212855546483382,Transport
无障碍洗手间,生活服务,公厕,121.477713,31.210682,上海市,上海市,黄浦区,121.47320490609177,31.212657868214308,Toilet
无障碍洗手间,生活服务,公厕,121.477727,31.210723,上海市,上海市,黄浦区,121.47321894953406,31.21269888792904,Toilet
女洗手间,生活服务,公厕,121.477812,31.210798,上海市,上海市,黄浦区,121.47330422829218,31.21277409167372,Toilet
男洗手间,生活服务,公厕,121.477665,31.210717,上海市,上海市,黄浦区,121.4731567421304,31.212692715886966,Toilet
男洗手间,生活服务,公厕,121.477588,31.210761,上海市,上海市,黄浦区,121.47307948025642,31.212736477481585,Toilet
大韩民国临时政府旧址,交通设施,公交站,121.474878,31.217033,上海市,上海市,黄浦区,121.47035994481531,31.21899789555345,Transport
黄陂南路复兴中路,交通设施,公交站,121.476233,31.217607,上海市,上海市,黄浦区,121.47171937298,31.21957538968706,Transport
男洗手间,生活服务,公厕,121.475588,31.217296,上海市,上海市,黄浦区,121.47107226285512,31.21926273986238,Toilet
上海新天地时尚购物广场-女洗手间,生活服务,公厕,121.475267,31.218771,上海市,上海市,黄浦区,121.47075007653233,31.220736145390106,Toilet
上海新天地时尚购物广场-公共厕所,生活服务,公厕,121.47549,31.218225,上海市,上海市,黄浦区,121.47097385933824,31.22019102460082,Toilet
无障碍洗手间,生活服务,公厕,121.47525,31.218864,上海市,上海市,黄浦区,121.47073301249604,31.22082905397889,Toilet
女洗手间,生活服务,公厕,121.47542,31.218765,上海市,上海市,黄浦区,121.47090358185255,31.220730573062752,Toilet
女洗手间,生活服务,公厕,121.475355,31.218752,上海市,上海市,黄浦区,121.4708383684394,31.22071739871165,Toilet
女洗手间,生活服务,公厕,121.475279,31.218785,上海市,上海市,黄浦区,121.4707621149029,31.220750172032243,Toilet
男洗手间,生活服务,公厕,121.475391,31.218746,上海市,上海市,黄浦区,121.4708744877577,31.22071150154461,Toilet
女洗手间,生活服务,公厕,121.475233,31.218802,上海市,上海市,黄浦区,121.47071596176968,31.22076703630286,Toilet
女洗手间,生活服务,公厕,121.475325,31.218866,上海市,上海市,黄浦区,121.47080825967667,31.22083126118775,Toilet
女洗手间,生活服务,公厕,121.475261,31.218856,上海市,上海市,黄浦区,121.47074404945243,31.220821088307105,Toilet
女洗手间,生活服务,公厕,121.475252,31.218789,上海市,上海市,黄浦区,121.47073502552722,31.22075409520368,Toilet
男洗手间,生活服务,公厕,121.47534,31.218849,上海市,上海市,黄浦区,121.47082331062246,31.220814310919256,Toilet
男洗手间,生活服务,公厕,121.47532,31.218868,上海市,上海市,黄浦区,121.47080324301064,31.22083324635563,Toilet
男洗手间,生活服务,公厕,121.475272,31.218852,上海市,上海市,黄浦区,121.4707550860685,31.22081712073521,Toilet
男洗手间,生活服务,公厕,121.475329,31.218817,上海市,上海市,黄浦区,121.47081227707795,31.220782295600028,Toilet
女洗手间,生活服务,公厕,121.477864,31.220219,上海市,上海市,黄浦区,121.47335559521328,31.222190729779285,Toilet
女洗手间,生活服务,公厕,121.477871,31.220186,上海市,上海市,黄浦区,121.47336262154604,31.22215776520912,Toilet
哺乳室,生活服务,公厕,121.477861,31.220239,上海市,上海市,黄浦区,121.47335258342596,31.222210711816864,Toilet
女洗手间,生活服务,公厕,121.477653,31.220639,上海市,上海市,黄浦区,121.4731438512478,31.222609935000506,Toilet
男洗手间,生活服务,公厕,121.477645,31.220692,上海市,上海市,黄浦区,121.47313581988053,31.222662887310506,Toilet
男洗手间,生活服务,公厕,121.477815,31.220589,上海市,上海市,黄浦区,121.47330639899523,31.222560415912408,Toilet
公厕,生活服务,公厕,121.479283,31.224658,上海市,上海市,黄浦区,121.47477900080564,31.226631658524628,Toilet
无障碍洗手间,生活服务,公厕,121.47917,31.224594,上海市,上海市,黄浦区,121.47466562358778,31.22656736674952,Toilet
公厕,生活服务,公厕,121.480994,31.224819,上海市,上海市,黄浦区,121.47649581325553,31.226797482541464,Toilet
淮海中路西藏南路,交通设施,公交站,121.479913,31.225376,上海市,上海市,黄浦区,121.4754110777401,31.22735111949606,Transport
淮海中路商业街,交通设施,公交站,121.477196,31.224223,上海市,上海市,黄浦区,121.47268501389254,31.22619095450201,Transport
淮海中路嵩山路,交通设施,公交站,121.477079,31.224225,上海市,上海市,黄浦区,121.47256762276528,31.226192624641243,Transport
金陵中路普安路,交通设施,公交站,121.476364,31.225032,上海市,上海市,黄浦区,121.47185017113166,31.22699724049941,Transport
男洗手间,生活服务,公厕,121.477761,31.225119,上海市,上海市,黄浦区,121.47325182931718,31.227088124905823,Toilet
男洗手间,生活服务,公厕,121.477745,31.225117,上海市,上海市,黄浦区,121.47323577580444,31.22708608068419,Toilet
龙门路淮海中路,交通设施,公交站,121.478524,31.2255,上海市,上海市,黄浦区,121.47401736320226,31.227471104875256,Transport
金陵中路龙门路,交通设施,公交站,121.47825,31.226085,上海市,上海市,黄浦区,121.47374238991593,31.228055053739947,Transport
女洗手间,生活服务,公厕,121.478081,31.225593,上海市,上海市,黄浦区,121.47357286353656,31.22756280640955,Toilet
普安路延安东路,交通设施,公交站,121.476527,31.226225,上海市,上海市,黄浦区,121.47201361085484,31.22819013638065,Transport
公厕,生活服务,公厕,121.476642,31.225549,上海市,上海市,黄浦区,121.47212905168476,31.227514775763108,Toilet
淡水路金陵中路,交通设施,公交站,121.472106,31.222656,上海市,上海市,黄浦区,121.46757844476566,31.224610636214557,Transport
一大会址·黄陂南路地铁站1号口,交通设施,地铁,121.472563,31.222253,上海市,上海市,黄浦区,121.46803695225648,31.22420906643186,Transport
马当路淮海中路,交通设施,公交站,121.473551,31.222339,上海市,上海市,黄浦区,121.46902814792284,31.224297721871974,Transport
男洗手间,生活服务,公厕,121.472882,31.221924,上海市,上海市,黄浦区,121.46835701191272,31.22388109014572,Toilet
淡水路长乐路,交通设施,公交站,121.47208,31.222847,上海市,上海市,黄浦区,121.46755234472369,31.22480147563263,Transport
长乐路淡水路,交通设施,公交站,121.471842,31.222863,上海市,上海市,黄浦区,121.46731357868865,31.22481682438351,Transport
淡水路金陵东路,交通设施,公交站,121.472085,31.222779,上海市,上海市,黄浦区,121.46755736664852,31.224733521273325,Transport
一大会址·黄陂南路地铁站7号口,交通设施,地铁,121.471475,31.223282,上海市,上海市,黄浦区,121.46694536657084,31.225234636588308,Transport
黄陂南路淮海中路,交通设施,公交站,121.474999,31.222014,上海市,上海市,黄浦区,121.47048091529165,31.223976864306582,Transport
一大会址·黄陂南路地铁站2号口,交通设施,地铁,121.474071,31.222805,上海市,上海市,黄浦区,121.46954980385622,31.224764929173364,Transport
嵩山路淮海中路,交通设施,公交站,121.475627,31.222918,上海市,上海市,黄浦区,121.47111090931509,31.224882180532152,Transport
公厕,生活服务,公厕,121.47523,31.22306,上海市,上海市,黄浦区,121.47071258640392,31.22502301053636,Toilet
男洗手间,生活服务,公厕,121.475077,31.223019,上海市,上海市,黄浦区,121.47055908580091,31.22498160565159,Toilet
宜糖诊所,医疗保健,诊所,121.47539,31.223179,上海市,上海市,黄浦区,121.47087310398418,31.225142398532657,Medical_Service
女洗手间,生活服务,公厕,121.475101,31.222936,上海市,上海市,黄浦区,121.47058317196628,31.224898711340657,Toilet
残障洗手间,生活服务,公厕,121.473967,31.223496,上海市,上海市,黄浦区,121.4694454047693,31.22545531720833,Toilet
上海天麦宜糖内科诊所,医疗保健,诊所,121.474823,31.223008,上海市,上海市,黄浦区,121.47030425109855,31.224969907606333,Medical_Service
母婴室,生活服务,公厕,121.473852,31.223721,上海市,上海市,黄浦区,121.4693300100846,31.22567989522451,Toilet
豫园,交通设施,公交站,121.489293,31.222773,上海市,上海市,黄浦区,121.48482395718148,31.224776789566427,Transport
河南南路复兴东路,交通设施,公交站,121.489406,31.222659,上海市,上海市,黄浦区,121.48493736797712,31.22466318016546,Transport
公厕,生活服务,公厕,121.490132,31.222497,上海市,上海市,黄浦区,121.48566596192998,31.22450342297174,Toilet
无障碍洗手间,生活服务,公厕,121.490019,31.222339,上海市,上海市,黄浦区,121.48555257344474,31.22434516015562,Toilet
洗手间,生活服务,公厕,121.489939,31.223499,上海市,上海市,黄浦区,121.48547218997754,31.225504373728523,Toilet
男洗手间,生活服务,公厕,121.489471,31.227419,上海市,上海市,黄浦区,121.48500219250172,31.22942113607228,Toilet
公厕,生活服务,公厕,121.490776,31.226826,上海市,上海市,黄浦区,121.4863118860626,31.22883231151865,Toilet
公厕,生活服务,公厕,121.490788,31.228349,上海市,上海市,黄浦区,121.48632379891848,31.23035463490968,Toilet
女洗手间,生活服务,公厕,121.489882,31.22852,上海市,上海市,黄浦区,121.48541455885686,31.230522847412136,Toilet
女洗手间,生活服务,公厕,121.489408,31.227442,上海市,上海市,黄浦区,121.48493896686035,31.229443937504996,Toilet
女洗手间,生活服务,公厕,121.489435,31.227459,上海市,上海市,黄浦区,121.484966061266,31.22946101003275,Toilet
外滩街道社区卫生中心金陵分中心,医疗保健,综合医院,121.478022,31.232982,上海市,上海市,黄浦区,121.4735130314762,31.2349481943267,Medical_Service
外滩街道社区卫生中心,医疗保健,综合医院,121.478032,31.233032,上海市,上海市,黄浦区,121.47352306080283,31.23499819945935,Medical_Service
上海鹏爱医疗美容门诊部,医疗保健,诊所,121.477369,31.233394,上海市,上海市,黄浦区,121.47285780580091,31.235358161234547,Medical_Service
九江路浙江中路,交通设施,公交站,121.478163,31.234426,上海市,上海市,黄浦区,121.47365438179747,31.23639192574089,Transport
公厕,生活服务,公厕,121.47795,31.233436,上海市,上海市,黄浦区,121.4734407505658,31.235401780743725,Toilet
南京路步行街,交通设施,公交站,121.478317,31.234474,上海市,上海市,黄浦区,121.4738088960773,31.23644033961685,Transport
公厕,生活服务,公厕,121.478261,31.235135,上海市,上海市,黄浦区,121.4737526508136,31.23710087616229,Toilet
无障碍洗手间,生活服务,公厕,121.478222,31.235412,上海市,上海市,黄浦区,121.47371349576896,31.237377638107933,Toilet
男洗手间,生活服务,公厕,121.478627,31.234844,上海市,上海市,黄浦区,121.4741199094181,31.23681104791888,Toilet
女洗手间,生活服务,公厕,121.478631,31.234793,上海市,上海市,黄浦区,121.47412392729017,31.23676008279208,Toilet
南新雅大豪华酒店-洗手间,生活服务,公厕,121.47705,31.234463,上海市,上海市,黄浦区,121.47253764751154,31.23642577013256,Toilet
母婴室,生活服务,公厕,121.47684,31.235443,上海市,上海市,黄浦区,121.4723268625332,31.237404728691267,Toilet
人民广场地铁站20号口,交通设施,地铁,121.474919,31.233314,上海市,上海市,黄浦区,121.47039968181056,31.235271357437792,Transport
人民广场地铁站19号口,交通设施,地铁,121.474313,31.234197,上海市,上海市,黄浦区,121.4697916170353,31.236152275700203,Transport
人民广场地铁站6号口,交通设施,地铁,121.473949,31.233797,上海市,上海市,黄浦区,121.46942646113712,31.23575145884068,Transport
人民广场地铁站5号口,交通设施,地铁,121.474051,31.233836,上海市,上海市,黄浦区,121.46952879098372,31.23579072121652,Transport
男洗手间,生活服务,公厕,121.47575,31.234203,上海市,上海市,黄浦区,121.47123334747666,31.236162253740847,Toilet
男洗手间,生活服务,公厕,121.475243,31.234332,上海市,上海市,黄浦区,121.47072466148391,31.2362897849177,Toilet
无障碍洗手间,生活服务,公厕,121.475513,31.234282,上海市,上海市,黄浦区,121.47099555697616,31.236240557859976,Toilet
无障碍洗手间,生活服务,公厕,121.47539,31.234272,上海市,上海市,黄浦区,121.47087215162628,31.23623022069332,Toilet
无障碍洗手间,生活服务,公厕,121.475796,31.234235,上海市,上海市,黄浦区,121.47127949699846,31.23619436707987,Toilet
无障碍洗手间,生活服务,公厕,121.475792,31.234306,上海市,上海市,黄浦区,121.47127547765989,31.2362653231581,Toilet
无障碍洗手间,生活服务,公厕,121.476193,31.234425,上海市,上海市,黄浦区,121.47167779691937,31.236385386776128,Toilet
女洗手间,生活服务,公厕,121.475818,31.234173,上海市,上海市,黄浦区,121.47130157516372,31.236132456995115,Toilet
男洗手间,生活服务,公厕,121.476183,31.234247,上海市,上海市,黄浦区,121.47166777899942,31.236207441013526,Toilet
男洗手间,生活服务,公厕,121.475743,31.23422,上海市,上海市,黄浦区,121.47122632285009,31.23617922639922,Toilet
女洗手间,生活服务,公厕,121.476198,31.23432,上海市,上海市,黄浦区,121.47168282253377,31.236280449210074,Toilet
母婴室,生活服务,公厕,121.476092,31.234397,上海市,上海市,黄浦区,121.47157646411036,31.23635711767517,Toilet
无障碍洗手间,生活服务,公厕,121.476117,31.234398,上海市,上海市,黄浦区,121.47160154697563,31.236358187003205,Toilet
男洗手间,生活服务,公厕,121.476173,31.234317,上海市,上海市,黄浦区,121.47165773979272,31.236277380766083,Toilet
无障碍洗手间,生活服务,公厕,121.476145,31.234291,上海市,上海市,黄浦区,121.47162964908368,31.23625131457513,Toilet
男洗手间,生活服务,公厕,121.476114,31.234256,上海市,上海市,黄浦区,121.47159854921078,31.23621624417989,Toilet
女洗手间,生活服务,公厕,121.475755,31.234148,上海市,上海市,黄浦区,121.47123836874736,31.23610729306189,Toilet
男洗手间,生活服务,公厕,121.475668,31.234179,上海市,上海市,黄浦区,121.47115107822589,31.23613803654852,Toilet
女洗手间,生活服务,公厕,121.475791,31.234222,上海市,上海市,黄浦区,121.47127448156115,31.236181359154788,Toilet
男洗手间,生活服务,公厕,121.475746,31.234143,上海市,上海市,黄浦区,121.47122933938968,31.236102270309008,Toilet
无障碍洗手间,生活服务,公厕,121.476169,31.234292,上海市,上海市,黄浦区,121.4716537286604,31.23625238113596,Toilet
女洗手间,生活服务,公厕,121.475751,31.234214,上海市,上海市,黄浦区,121.47123434984188,31.23617325144632,Toilet
女洗手间,生活服务,公厕,121.475823,31.234154,上海市,上海市,黄浦区,121.47130659335158,31.236113479699203,Toilet
国际餐馆-洗手间,生活服务,公厕,121.471736,31.233609,上海市,上海市,黄浦区,121.46720631476538,31.235557517488623,Toilet
人民广场地铁站8号口,交通设施,地铁,121.472512,31.233664,上海市,上海市,黄浦区,121.4679848068876,31.235614593654915,Transport
九江路黄河路,交通设施,公交站,121.472996,31.233476,上海市,上海市,黄浦区,121.46847038849636,31.2354279981273,Transport
杜莎夫人蜡像馆,交通设施,公交站,121.473518,31.234429,上海市,上海市,黄浦区,121.46899400183167,31.23638198457485,Transport
五卅运动纪念碑站,交通设施,公交站,121.472749,31.234145,上海市,上海市,黄浦区,121.46822253132308,31.23609601594648,Transport
人民广场地铁站7号口,交通设施,地铁,121.473775,31.234183,上海市,上海市,黄浦区,121.46925186018532,31.236136802710973,Transport
人民广场地铁站12号口,交通设施,地铁,121.473253,31.233284,上海市,上海市,黄浦区,121.46872823873606,31.23523678861713,Transport
母婴室,生活服务,公厕,121.473158,31.234042,上海市,上海市,黄浦区,121.4686328652,31.235994178689843,Toilet
威海路石门一路,交通设施,公交站,121.462446,31.226974,上海市,上海市,静安区,121.45788837877578,31.22890160048724,Transport
四季豪华酒店-洗手间,生活服务,公厕,121.462447,31.227184,上海市,上海市,静安区,121.45788936358016,31.229111504611076,Toilet
兴业太古汇-洗手间,生活服务,公厕,121.463687,31.227326,上海市,上海市,静安区,121.45913299696063,31.229256508751163,Toilet
石门一路南京西路,交通设施,公交站,121.462536,31.228394,上海市,上海市,静安区,121.45797851911207,31.23032115771219,Transport
南京西路地铁站10号口,交通设施,地铁,121.461973,31.229311,上海市,上海市,静安区,121.45741380049468,31.23123634886514,Transport
南京西路地铁站9号口,交通设施,地铁,121.462107,31.228767,上海市,上海市,静安区,121.4575482366496,31.230692930464336,Transport
母婴室,生活服务,公厕,121.462456,31.229646,上海市,上海市,静安区,121.45789817747144,31.231572376873117,Toilet
上海中医药大学附属岳阳中西医结合医院门诊部,医疗保健,综合医院,121.463897,31.230291,上海市,上海市,静安区,121.4593433638924,31.23222064938316,Medical_Service
岳阳医院,医疗保健,综合医院,121.463886,31.230128,上海市,上海市,静安区,121.45933234529826,31.232057697747464,Medical_Service
上海中医药大学附属岳阳中西医结合医院青海路门诊部-南楼,医疗保健,综合医院,121.46393,31.229915,上海市,上海市,静安区,121.45937649428367,31.23184490692637,Medical_Service
上海中医药大学附属岳阳中西医结合医院青海路门诊部-北楼,医疗保健,综合医院,121.463814,31.230393,上海市,上海市,静安区,121.45926010884656,31.232322394527497,Medical_Service
无障碍洗手间,生活服务,公厕,121.462689,31.230778,上海市,上海市,静安区,121.45813176091671,31.2327044236971,Toilet
女洗手间,生活服务,公厕,121.461542,31.229799,上海市,上海市,静安区,121.45698151075474,31.23172307058365,Toilet
女洗手间,生活服务,公厕,121.462719,31.230757,上海市,上海市,静安区,121.45816185055982,31.232683507436352,Toilet
男洗手间,生活服务,公厕,121.462672,31.230746,上海市,上海市,静安区,121.4581147139197,31.23267239666553,Toilet
男洗手间,生活服务,公厕,121.461602,31.229805,上海市,上海市,静安区,121.45704168353,31.23172921375289,Toilet
南京西路地铁站11号口,交通设施,地铁,121.461715,31.230294,上海市,上海市,静安区,121.4571549680474,31.232218261285716,Transport
南京西路地铁站5号口,交通设施,地铁,121.462149,31.230129,上海市,上海市,静安区,121.457590241266,31.232054398494867,Transport
女洗手间,生活服务,公厕,121.468778,31.231635,上海市,上海市,黄浦区,121.4642391209276,31.233576549101937,Toilet
仙乐斯广场-无障碍洗手间,生活服务,公厕,121.468851,31.231708,上海市,上海市,黄浦区,121.46431234268567,31.23364970722449,Toilet
无障碍洗手间,生活服务,公厕,121.468635,31.231294,上海市,上海市,黄浦区,121.46409570402894,31.233235331690004,Toilet
上海长征医院肝炎门诊,医疗保健,综合医院,121.468042,31.233045,上海市,上海市,黄浦区,121.4635007092574,31.234983967277216,Medical_Service
发热门诊,医疗保健,综合医院,121.468024,31.233054,上海市,上海市,黄浦区,121.46348265267406,31.23499291612204,Medical_Service
无障碍洗手间,生活服务,公厕,121.467931,31.232943,上海市,上海市,黄浦区,121.4633893740454,31.234881724848137,Toilet
无障碍洗手间,生活服务,公厕,121.46804,31.23293,上海市,上海市,黄浦区,121.46349871295818,31.23486901528481,Toilet
无障碍洗手间,生活服务,公厕,121.468013,31.232998,上海市,上海市,黄浦区,121.46347162339576,31.234936913328287,Toilet
上海长征医院,医疗保健,综合医院,121.467526,31.232173,上海市,上海市,黄浦区,121.46298318842572,31.23411102742172,Medical_Service
第二军医大学附属长征医院,医疗保健,综合医院,121.466994,31.233068,上海市,上海市,黄浦区,121.4624494744945,31.23500423457729,Medical_Service
公厕,生活服务,公厕,121.467082,31.232611,上海市,上海市,黄浦区,121.46253778401106,31.23454767364707,Toilet
男洗手间,生活服务,公厕,121.467526,31.232853,上海市,上海市,黄浦区,121.46298312986362,31.234790712378693,Toilet
女洗手间,生活服务,公厕,121.467513,31.232747,上海市,上海市,黄浦区,121.46297009889024,31.23468472769343,Toilet
无障碍洗手间,生活服务,公厕,121.467565,31.232689,上海市,上海市,黄浦区,121.46302226432536,31.23462688964733,Toilet
无障碍洗手间,生活服务,公厕,121.467511,31.232768,上海市,上海市,黄浦区,121.46296809091255,31.23470571277437,Toilet
无障碍洗手间,生活服务,公厕,121.46728,31.232888,上海市,上海市,黄浦区,121.4627363688724,31.23482505793947,Toilet
无障碍洗手间,生活服务,公厕,121.467545,31.232793,上海市,上海市,黄浦区,121.46300219365126,31.23473078951886,Toilet
无障碍洗手间,生活服务,公厕,121.467132,31.232669,上海市,上海市,黄浦区,121.46258793261757,31.234605776122383,Toilet
无障碍洗手间,生活服务,公厕,121.467238,31.232863,上海市,上海市,黄浦区,121.4626942418016,31.23479996070266,Toilet
无障碍洗手间,生活服务,公厕,121.467257,31.232848,上海市,上海市,黄浦区,121.4627133015453,31.23478501686573,Toilet
无障碍洗手间,生活服务,公厕,121.467543,31.232679,上海市,上海市,黄浦区,121.46300019729796,31.23461683711531,Toilet
无障碍洗手间,生活服务,公厕,121.467488,31.232774,上海市,上海市,黄浦区,121.4629450194598,31.234711650266437,Toilet
无障碍洗手间,生活服务,公厕,121.467115,31.232667,上海市,上海市,黄浦区,121.46257088055631,31.23460373306587,Toilet
无障碍洗手间,生活服务,公厕,121.467236,31.232899,上海市,上海市,黄浦区,121.46269223254872,31.2348359388558,Toilet
无障碍洗手间,生活服务,公厕,121.467198,31.232883,上海市,上海市,黄浦区,121.4626541170592,31.23481984785634,Toilet
海军军医大学第二附属医院,医疗保健,综合医院,121.467308,31.232752,上海市,上海市,黄浦区,121.4627644667656,31.23468919347551,Medical_Service
上海长征医院住院部,医疗保健,综合医院,121.467605,31.232689,上海市,上海市,黄浦区,121.46306238779728,31.23462699361266,Medical_Service
德真会齿科诊所,医疗保健,诊所,121.451671,31.227102,上海市,上海市,静安区,121.44708407829602,31.22900486841617,Medical_Service
南京西路陕西北路,交通设施,公交站,121.453563,31.227056,上海市,上海市,静安区,121.44898089560104,31.228962944367847,Transport
婴儿换洗间/哺乳室/母婴室,生活服务,公厕,121.453559,31.227386,上海市,上海市,静安区,121.44897685672188,31.22929278118542,Toilet
西康路南京西路,交通设施,公交站,121.452269,31.227758,上海市,上海市,静安区,121.44768352682752,31.22966182939188,Transport
女洗手间,生活服务,公厕,121.452827,31.227682,上海市,上海市,静安区,121.44824295144149,31.229587059381508,Toilet
女洗手间,生活服务,公厕,121.452777,31.227561,上海市,上海市,静安区,121.44819283432196,31.229466008507234,Toilet
男洗手间,生活服务,公厕,121.452828,31.22772,上海市,上海市,静安区,121.44824395070624,31.22962504375989,Toilet
金鹰国际购物广场,生活服务,公厕,121.45532,31.228354,上海市,上海市,静安区,121.45074238404708,31.23026421277548,Toilet
陕西北路南京西路,交通设施,公交站,121.454553,31.228139,上海市,上海市,静安区,121.4499733789793,31.23004760856352,Transport
洗手间,生活服务,公厕,121.454849,31.228554,上海市,上海市,静安区,121.45027012127716,31.230463070231988,Toilet
南京西路街道社区卫生中心陕北社区卫生服务站,医疗保健,综合医院,121.454983,31.229463,上海市,上海市,静安区,121.45040439611113,31.231371943912173,Medical_Service
江宁路南京西路,交通设施,公交站,121.456035,31.22888,上海市,上海市,静安区,121.4514592460509,31.230791574008567,Transport
公厕,生活服务,公厕,121.45658,31.229437,上海市,上海市,静安区,121.45200566532694,31.23134955035221,Toilet
无障碍洗手间,生活服务,公厕,121.45639,31.228839,上海市,上海市,静安区,121.4518152041224,31.230751397203395,Toilet
无障碍洗手间,生活服务,公厕,121.456328,31.229328,上海市,上海市,静安区,121.45175299479276,31.23124002839324,Toilet
女洗手间,生活服务,公厕,121.456391,31.229326,上海市,上海市,静安区,121.45181616472289,31.231238172323003,Toilet
男洗手间,生活服务,公厕,121.456373,31.229291,上海市,上海市,静安区,121.45179811923042,31.231203147771144,Toilet
母婴室,生活服务,公厕,121.456524,31.229054,上海市,上海市,静安区,121.45194954711674,31.230966601475885,Toilet
哺乳室,生活服务,公厕,121.45638,31.229071,上海市,上海市,静安区,121.45180515711344,31.23098326625838,Toilet
南京西路地铁站14号口,交通设施,地铁,121.458898,31.228797,上海市,上海市,静安区,121.45433008931452,31.23071521359331,Transport
男洗手间,生活服务,公厕,121.458259,31.240966,上海市,上海市,静安区,121.45368826188276,31.242877106690603,Toilet
汉中路地铁站9号口,交通设施,地铁,121.458909,31.240402,上海市,上海市,静安区,121.45434011751657,31.242314885552496,Transport
汉中路地铁站5号口,交通设施,地铁,121.458253,31.241377,上海市,上海市,静安区,121.45368220975676,31.24328790561272,Transport
汉中路地铁站10号口,交通设施,地铁,121.457986,31.240739,上海市,上海市,静安区,121.45341452733824,31.24264957489365,Transport
汉中路,交通设施,地铁,121.458689,31.241909,上海市,上海市,静安区,121.4541193739598,31.243820682943888,Transport
汉中路地铁站,交通设施,公交站,121.458578,31.241688,上海市,上海市,静安区,121.45400808428516,31.243599523353573,Transport
无障碍洗手间,生活服务,公厕,121.457736,31.241972,上海市,上海市,静安区,121.45316373260644,31.243881434231863,Toilet
无障碍公厕,生活服务,公厕,121.457472,31.241912,上海市,上海市,静安区,121.45289901367693,31.243820851614892,Toilet
女洗手间,生活服务,公厕,121.454992,31.247465,上海市,上海市,静安区,121.45041186259571,31.24936572407681,Toilet
男洗手间,生活服务,公厕,121.454933,31.247425,上海市,上海市,静安区,121.45035271029856,31.249325610867825,Toilet
环龙商场-洗手间,生活服务,公厕,121.456096,31.247261,上海市,上海市,静安区,121.45151882022353,31.24916429177776,Toilet
上海火车站地铁站1号口,交通设施,地铁,121.455576,31.247886,上海市,上海市,静安区,121.4509973753808,31.24978783977608,Transport
男洗手间,生活服务,公厕,121.455394,31.248741,上海市,上海市,静安区,121.450814817146,31.25064204855564,Toilet
无障碍洗手间,生活服务,公厕,121.45547,31.248715,上海市,上海市,静安区,121.45089102145424,31.25061623037424,Toilet
婴儿换洗间/哺乳室/母婴室,生活服务,公厕,121.45542,31.248734,上海市,上海市,静安区,121.45084088685128,31.25063510988614,Toilet
无障碍洗手间,生活服务,公厕,121.454958,31.249134,上海市,上海市,静安区,121.45037762838682,31.25103390006094,Toilet
无障碍洗手间,生活服务,公厕,121.45485,31.248931,上海市,上海市,静安区,121.45026936108506,31.250830751035725,Toilet
女洗手间,生活服务,公厕,121.454877,31.248998,上海市,上海市,静安区,121.45029642646044,31.25089778097553,Toilet
天目中路大统路,交通设施,公交站,121.458119,31.245951,上海市,上海市,静安区,121.45354744389546,31.247859522226975,Transport
天目西路大统路站,交通设施,公交站,121.458064,31.24593,上海市,上海市,静安区,121.45349229382953,31.24783840377541,Transport
不夜城商厦-男洗手间,生活服务,公厕,121.458102,31.245648,上海市,上海市,静安区,121.45353042313074,31.247556619276637,Toilet
男洗手间,生活服务,公厕,121.458089,31.245584,上海市,上海市,静安区,121.45351739276208,31.247492617903816,Toilet
男洗手间,生活服务,公厕,121.458077,31.245591,上海市,上海市,静安区,121.4535053590232,31.247499586840995,Toilet
男洗手间,生活服务,公厕,121.45808,31.245562,上海市,上海市,静安区,121.45350836981302,31.24747060689685,Toilet
女洗手间,生活服务,公厕,121.458139,31.245525,上海市,上海市,静安区,121.4535675359781,31.2474337608388,Toilet
女洗手间,生活服务,公厕,121.458085,31.245587,上海市,上海市,静安区,121.45351338145755,31.247495607248347,Toilet
女洗手间,生活服务,公厕,121.458141,31.245533,上海市,上海市,静安区,121.45356954081316,31.24744176188476,Toilet
女洗手间,生活服务,公厕,121.458127,31.24554,上海市,上海市,静安区,121.45355550152505,31.247448726147955,Toilet
卫生间,生活服务,公厕,121.457055,31.246981,上海市,上海市,静安区,121.45248043702088,31.248886601132053,Toilet
公厕,生活服务,公厕,121.456999,31.24701,上海市,上海市,静安区,121.45242428214264,31.24891545976451,Toilet
无障碍洗手间,生活服务,公厕,121.457562,31.246455,上海市,上海市,静安区,121.45298886747491,31.248362004231225,Toilet
母婴室,生活服务,公厕,121.456723,31.246442,上海市,上海市,静安区,121.45214758206563,31.248347084343624,Toilet
母婴室,生活服务,公厕,121.457544,31.246538,上海市,上海市,静安区,121.45297081095973,31.2484449253152,Toilet
无障碍洗手间,生活服务,公厕,121.456784,31.246398,上海市,上海市,静安区,121.4522087512008,31.24830324339589,Toilet
公厕,生活服务,公厕,121.471697,31.236129,上海市,上海市,黄浦区,121.46716697300324,31.238076250189085,Toilet
上海雅居乐万豪侯爵豪华酒店-洗手间,生活服务,公厕,121.473659,31.236529,上海市,上海市,黄浦区,121.46913528049444,31.23848140377457,Toilet
男洗手间,生活服务,公厕,121.473145,31.236241,上海市,上海市,黄浦区,121.46861963401815,31.238192129724798,Toilet
女洗手间,生活服务,公厕,121.473135,31.236201,上海市,上海市,黄浦区,121.46860960501,31.23815212081326,Toilet
无障碍公厕,生活服务,公厕,121.473054,31.236202,上海市,上海市,黄浦区,121.46852834220604,31.238152899251435,Toilet
无障碍洗手间,生活服务,公厕,121.473318,31.235867,上海市,上海市,黄浦区,121.4687932278927,31.23781877451797,Toilet
西藏中路北京东路,交通设施,公交站,121.473855,31.236854,上海市,上海市,黄浦区,121.46933189163516,31.23880679225568,Transport
长沙路北京西路,交通设施,公交站,121.471387,31.237695,上海市,上海市,黄浦区,121.46685584572845,31.23964069556703,Transport
医疗急救中心,医疗保健,急救中心,121.471435,31.236882,上海市,上海市,黄浦区,121.46690406917504,31.23882819785172,Medical_Service
第一百货商业广场-男洗手间,生活服务,公厕,121.47433,31.235905,上海市,上海市,黄浦区,121.46980852597538,31.23785953522694,Toilet
第一百货商业广场-无障碍洗手间,生活服务,公厕,121.474463,31.236005,上海市,上海市,黄浦区,121.46994195318382,31.237959855932235,Toilet
第一百货商业广场-无障碍洗手间,生活服务,公厕,121.474419,31.235939,上海市,上海市,黄浦区,121.46989781463054,31.23789376493856,Toilet
无障碍洗手间,生活服务,公厕,121.474835,31.235852,上海市,上海市,黄浦区,121.47031518758868,31.237807953977136,Toilet
无障碍洗手间,生活服务,公厕,121.474575,31.235902,上海市,上海市,黄浦区,121.47005432936297,31.23785721242329,Toilet
无障碍洗手间,生活服务,公厕,121.474601,31.235867,上海市,上海市,黄浦区,121.47008041768731,31.237822300321803,Toilet
无障碍洗手间,生活服务,公厕,121.474601,31.235912,上海市,上海市,黄浦区,121.47008041382176,31.237867279613607,Toilet
无障碍洗手间,生活服务,公厕,121.474478,31.235919,上海市,上海市,黄浦区,121.46995700974976,31.23787393688417,Toilet
母婴室,生活服务,公厕,121.474562,31.235846,上海市,上海市,黄浦区,121.4700412915209,31.23780120230352,Toilet
公厕,生活服务,公厕,121.477142,31.235842,上海市,上海市,黄浦区,121.4726298365392,31.237804393157287,Toilet
世纪广场,交通设施,公交站,121.478141,31.235844,上海市,上海市,黄浦区,121.47363218614824,31.23780920994673,Transport
母婴室,生活服务,公厕,121.478103,31.235613,上海市,上海市,黄浦区,121.47359407814308,31.237578208772963,Toilet
女洗手间,生活服务,公厕,121.472574,31.242997,上海市,上海市,静安区,121.46804620465424,31.244943488639567,Toilet
曲阜路地铁站5号口,交通设施,地铁,121.472609,31.242686,上海市,上海市,静安区,121.46808134446172,31.24463272487736,Transport
九江路山东中路,交通设施,公交站,121.483446,31.236169,上海市,上海市,黄浦区,121.47895528783172,31.238149303583743,Transport
公厕,生活服务,公厕,121.48315,31.2366,上海市,上海市,黄浦区,121.47865822559504,31.238579243667274,Toilet
悦荟mosaic-无障碍洗手间,生活服务,公厕,121.483361,31.236718,上海市,上海市,黄浦区,121.47886994624592,31.238697803628423,Toilet
悦荟mosaic-多功能洗手间,生活服务,公厕,121.483141,31.236621,上海市,上海市,黄浦区,121.47864919264468,31.238600207833823,Toilet
母婴室,生活服务,公厕,121.483688,31.236513,上海市,上海市,黄浦区,121.47919809777268,31.23849385087082,Toilet
母婴室,生活服务,公厕,121.483586,31.236548,上海市,上海市,黄浦区,121.47909574086636,31.23852853734968,Toilet
母婴室,生活服务,公厕,121.483575,31.236609,上海市,上海市,黄浦区,121.47908469748872,31.238589477249047,Toilet
母婴室,生活服务,公厕,121.483619,31.236634,上海市,上海市,黄浦区,121.47912884798696,31.23861459404275,Toilet
母婴室,生活服务,公厕,121.483684,31.236575,上海市,上海市,黄浦区,121.47919407858402,31.23855581070977,Toilet
南JD路地铁站1号口,交通设施,地铁,121.482745,31.236857,上海市,上海市,黄浦区,121.47825180310748,31.238834948468305,Transport
无障碍洗手间,生活服务,公厕,121.483825,31.236742,上海市,上海市,黄浦区,121.4793355537965,31.23872314536094,Toilet
河南中路南京东路,交通设施,公交站,121.485333,31.236312,上海市,上海市,黄浦区,121.4808488458653,31.23829775895917,Transport
雷氏汉光中医馆,医疗保健,诊所,121.48513,31.235788,上海市,上海市,黄浦区,121.48064518117468,31.23777340389179,Medical_Service
上海雷氏汉光中医门诊部,医疗保健,诊所,121.485261,31.235681,上海市,上海市,黄浦区,121.48077664811458,31.237666837786573,Medical_Service
外滩街道社区卫生中心汉光社区卫生服务站,医疗保健,综合医院,121.485246,31.235842,上海市,上海市,黄浦区,121.48076158191236,31.237827719622526,Medical_Service
南京东路,交通设施,地铁,121.484662,31.238124,上海市,上海市,黄浦区,121.48017534801812,31.240106958812067,Transport
天津路河南中路,交通设施,公交站,121.483828,31.238353,上海市,上海市,黄浦区,121.47933842633353,31.24033341523384,Transport
南京路步行街东侧,交通设施,公交站,121.48485,31.238014,上海市,上海市,黄浦区,121.48036401314684,31.23999756017892,Transport
南JD路地铁站7号口,交通设施,地铁,121.484909,31.238205,上海市,上海市,黄浦区,121.4804232027039,31.24018864567943,Transport
无障碍洗手间,生活服务,公厕,121.484145,31.238098,上海市,上海市,黄浦区,121.47965654990524,31.2400794578935,Toilet
母婴室,生活服务,公厕,121.484239,31.238156,上海市,上海市,黄浦区,121.47975087195732,31.240137706125243,Toilet
女洗手间,生活服务,公厕,121.484318,31.238168,上海市,上海市,黄浦区,121.47983014587298,31.24014993166824,Toilet
女洗手间,生活服务,公厕,121.484013,31.238083,上海市,上海市,黄浦区,121.47952409221791,31.24006407906964,Toilet
无障碍洗手间,生活服务,公厕,121.484308,31.238156,上海市,上海市,黄浦区,121.47982011209145,31.240137907915084,Toilet
女洗手间,生活服务,公厕,121.484393,31.238175,上海市,上海市,黄浦区,121.47990540638816,31.24015714787853,Toilet
无障碍洗手间,生活服务,公厕,121.484307,31.238071,上海市,上海市,黄浦区,121.47981911588434,31.24005294393037,Toilet
男洗手间,生活服务,公厕,121.484333,31.23822,上海市,上海市,黄浦区,121.47984519363888,31.24020195172741,Toilet
女洗手间,生活服务,公厕,121.484071,31.238023,上海市,上海市,黄浦区,121.47958229898688,31.240004276004385,Toilet
中医医院,医疗保健,综合医院,121.484815,31.239152,上海市,上海市,黄浦区,121.4803287936676,31.241134936730017,Medical_Service
上海交通大学医学院附属第九人民医院黄浦分院中医门诊部,医疗保健,综合医院,121.484588,31.239246,上海市,上海市,黄浦区,121.4801009940656,31.241228228653785,Medical_Service
南JD路地铁站6号口,交通设施,地铁,121.484554,31.239129,上海市,上海市,黄浦区,121.48006688558722,31.241111182572823,Transport
北京东路河南中路,交通设施,公交站,121.482558,31.240224,上海市,上海市,黄浦区,121.4780638690936,31.24219986460789,Transport
公厕,生活服务,公厕,121.482422,31.239962,上海市,上海市,黄浦区,121.47792742232036,31.24193758975353,Toilet
北京东路山东北路,交通设施,公交站,121.481932,31.240029,上海市,上海市,黄浦区,121.47743572878962,31.242003140439035,Transport
天潼路地铁站4号口,交通设施,地铁,121.48201,31.243543,上海市,上海市,静安区,121.47751369613998,31.245515768361532,Transport
无障碍洗手间,生活服务,公厕,121.482518,31.243761,上海市,上海市,虹口区,121.47802342811865,31.24573514113233,Toilet
天潼路地铁站3号口,交通设施,地铁,121.482958,31.243779,上海市,上海市,虹口区,121.47846494659356,31.24575441052743,Transport
天潼路,交通设施,地铁,121.482461,31.243851,上海市,上海市,虹口区,121.4779662237478,31.24582493508791,Transport
河南北路天潼路,交通设施,公交站,121.482162,31.244349,上海市,上海市,静安区,121.47766615042262,31.246321843448587,Transport
河南北路海宁路,交通设施,公交站,121.482257,31.244715,上海市,上海市,虹口区,121.47776144636514,31.2466879531026,Transport
女洗手间,生活服务,公厕,121.481415,31.244631,上海市,上海市,静安区,121.47691655841636,31.24660155743174,Toilet
女洗手间,生活服务,公厕,121.48187,31.243931,上海市,上海市,静安区,121.47737318125468,31.24590318780692,Toilet
女洗手间,生活服务,公厕,121.481478,31.244618,上海市,上海市,静安区,121.47697977569744,31.246588745026173,Toilet
女洗手间,生活服务,公厕,121.481875,31.243908,上海市,上海市,静安区,121.47737820042067,31.24588021267199,Toilet
男洗手间,生活服务,公厕,121.481904,31.243902,上海市,上海市,静安区,121.47740730067724,31.245874299230533,Toilet
男洗手间,生活服务,公厕,121.481908,31.243916,上海市,上海市,静安区,121.47741131323656,31.24588830445892,Toilet
男洗手间,生活服务,公厕,121.481451,31.244671,上海市,上海市,静安区,121.47695267850357,31.246641643185907,Toilet
公厕,生活服务,公厕,121.481582,31.245862,上海市,上海市,静安区,121.4770840261067,31.24783248361976,Toilet
天潼路地铁站1号口,交通设施,地铁,121.482279,31.245016,上海市,上海市,虹口区,121.47778349639808,31.2469888808567,Transport
女洗手间,生活服务,公厕,121.484039,31.248186,上海市,上海市,虹口区,121.4795493178043,31.250162574545943,Toilet
男洗手间,生活服务,公厕,121.483953,31.248121,上海市,上海市,虹口区,121.47946302442836,31.250097352513432,Toilet
四川北路武昌路,交通设施,公交站,121.485276,31.247454,上海市,上海市,虹口区,121.48079069338496,31.2494345267871,Transport
海宁路四川北路,交通设施,公交站,121.483778,31.248884,上海市,上海市,虹口区,121.47928735116248,31.25085949965073,Transport
男洗手间,生活服务,公厕,121.484654,31.248796,上海市,上海市,虹口区,121.48016640685069,31.250774100229712,Toilet
女洗手间,生活服务,公厕,121.477715,31.245704,上海市,上海市,静安区,121.47320390891278,31.247663513938413,Toilet
女洗手间,生活服务,公厕,121.479028,31.24487,上海市,上海市,静安区,121.47452140443882,31.24683361089679,Toilet
海宁路山西北路,交通设施,公交站,121.479231,31.246893,上海市,上海市,静安区,121.47472491815924,31.24885627691232,Transport
海宁路浙江北路,交通设施,公交站,121.479389,31.247202,上海市,上海市,静安区,121.47488342715693,31.249165588261928,Transport
公厕,生活服务,公厕,121.481309,31.256881,上海市,上海市,虹口区,121.4768091448233,31.25884578750769,Toilet
女洗手间,生活服务,公厕,121.482371,31.257453,上海市,上海市,虹口区,121.47787474791669,31.259420605455176,Toilet
女洗手间,生活服务,公厕,121.482449,31.257416,上海市,上海市,虹口区,121.47795302013112,31.25938384782369,Toilet
女洗手间,生活服务,公厕,121.48233,31.257557,上海市,上海市,虹口区,121.47783359762668,31.259524440933195,Toilet
男洗手间,生活服务,公厕,121.482347,31.257536,上海市,上海市,虹口区,121.4778506580425,31.259503499423275,Toilet
男洗手间,生活服务,公厕,121.482355,31.257515,上海市,上海市,虹口区,121.47785868742808,31.259482531835623,Toilet
男洗手间,生活服务,公厕,121.482311,31.257539,上海市,上海市,虹口区,121.4778145336634,31.25950639379138,Toilet
女洗手间,生活服务,公厕,121.482419,31.257512,上海市,上海市,虹口区,121.47792290841276,31.259479718654383,Toilet
男洗手间,生活服务,公厕,121.482334,31.257604,上海市,上海市,虹口区,121.47783760739011,31.25957143187092,Toilet
女洗手间,生活服务,公厕,121.482442,31.257507,上海市,上海市,虹口区,121.47794598818308,31.25947478753056,Toilet
男洗手间,生活服务,公厕,121.482383,31.25754,上海市,上海市,虹口区,121.47788678184484,31.259507601997807,Toilet
男洗手间,生活服务,公厕,121.482411,31.257583,上海市,上海市,虹口区,121.47791487473302,31.259550664262303,Toilet
婴儿换洗间,生活服务,公厕,121.482326,31.257527,上海市,上海市,虹口区,121.47782958640651,31.259494442526663,Toilet
婴儿换洗间,生活服务,公厕,121.482387,31.257501,上海市,上海市,虹口区,121.47789079898256,31.259468630731234,Toilet
四川北路东宝兴路,交通设施,公交站,121.483095,31.257051,上海市,上海市,虹口区,121.47860128375429,31.25902088430269,Transport
女洗手间,生活服务,公厕,121.482562,31.257077,上海市,上海市,虹口区,121.47806643914168,31.25904532461744,Toilet
男洗手间,生活服务,公厕,121.482634,31.257136,上海市,上海市,虹口区,121.47813868267292,31.25910450757161,Toilet
男洗手间,生活服务,公厕,121.482608,31.257216,上海市,上海市,虹口区,121.47811258603932,31.25918439693851,Toilet
上海ist艾尚天地-洗手间,生活服务,公厕,121.481708,31.257972,上海市,上海市,虹口区,121.47720942098624,31.25993745918884,Toilet
男洗手间,生活服务,公厕,121.482404,31.258831,上海市,上海市,虹口区,121.47790774363028,31.26079809634251,Toilet
女洗手间,生活服务,公厕,121.48208,31.258233,上海市,上海市,虹口区,121.47758267828296,31.26019942014858,Toilet
女洗手间,生活服务,公厕,121.482102,31.258235,上海市,上海市,虹口区,121.47760475387008,31.26020148294123,Toilet
男洗手间,生活服务,公厕,121.48217,31.258209,上海市,上海市,虹口区,121.47767299031676,31.26017569119377,Toilet
男洗手间,生活服务,公厕,121.482111,31.258258,上海市,上海市,虹口区,121.47761378289331,31.260224498898584,Toilet
男洗手间,生活服务,公厕,121.482074,31.258178,上海市,上海市,虹口区,121.4775766623374,31.26014442691956,Toilet
男洗手间,生活服务,公厕,121.482148,31.258209,上海市,上海市,虹口区,121.47765091453115,31.26017562750149,Toilet
中山北一路花园路,交通设施,公交站,121.477148,31.272579,上海市,上海市,虹口区,121.47263270185114,31.274525150899446,Transport
闸北中心医院,医疗保健,综合医院,121.461519,31.254361,上海市,上海市,静安区,121.45695632381896,31.25627385629368,Medical_Service
公厕,生活服务,公厕,121.461875,31.25434,上海市,上海市,静安区,121.45731335566212,31.2562537329451,Toilet
无障碍洗手间,生活服务,公厕,121.461822,31.254286,上海市,上海市,静安区,121.4572602066963,31.256199627479127,Toilet
无障碍洗手间,生活服务,公厕,121.46222,31.254506,上海市,上海市,静安区,121.45765934377168,31.25642050361065,Toilet
无障碍洗手间,生活服务,公厕,121.461825,31.254314,上海市,上海市,静安区,121.45726321297148,31.25622762240643,Toilet
无障碍洗手间,生活服务,公厕,121.461808,31.25429,上海市,上海市,静安区,121.45724616578596,31.25620359155024,Toilet
无障碍洗手间,生活服务,公厕,121.461593,31.254431,上海市,上海市,静安区,121.4570305315126,31.256344005302203,Toilet
无障碍洗手间,生活服务,公厕,121.461563,31.254315,上海市,上海市,静安区,121.45700045485724,31.256227983650422,Toilet
无障碍洗手间,生活服务,公厕,121.461576,31.254381,上海市,上海市,静安区,121.45701348671172,31.256293986065355,Toilet
无障碍洗手间,生活服务,公厕,121.46162,31.254396,上海市,上海市,静安区,121.45705761256988,31.25630908650021,Toilet
无障碍洗手间,生活服务,公厕,121.461779,31.254305,上海市,上海市,静安区,121.4572170804851,31.25621851417274,Toilet
无障碍洗手间,生活服务,公厕,121.461802,31.254402,上海市,上海市,静安区,121.4572401387302,31.256315527345297,Toilet
无障碍洗手间,生活服务,公厕,121.461961,31.254503,上海市,上海市,静安区,121.4573995910805,31.256416870909927,Toilet
无障碍洗手间,生活服务,公厕,121.461581,31.254815,上海市,上海市,静安区,121.45701846367189,31.256727806263136,Toilet
无障碍洗手间,生活服务,公厕,121.461737,31.254387,上海市,上海市,静安区,121.4571749517924,31.256300375477785,Toilet
无障碍洗手间,生活服务,公厕,121.46157,31.254436,上海市,上海市,静安区,121.4570074646274,31.25634894713122,Toilet
无障碍洗手间,生活服务,公厕,121.461833,31.254367,上海市,上海市,静安区,121.45727123157803,31.25628061847253,Toilet
无障碍洗手间,生活服务,公厕,121.461835,31.254339,上海市,上海市,静安区,121.45727323979256,31.256252635745085,Toilet
无障碍洗手间,生活服务,公厕,121.461612,31.254476,上海市,上海市,静安区,121.45704958253624,31.256389031629947,Toilet
无障碍洗手间,生活服务,公厕,121.461841,31.254292,上海市,上海市,静安区,121.45727926124148,31.25620567119047,Toilet
无障碍洗手间,生活服务,公厕,121.46179,31.254318,上海市,上海市,静安区,121.45722811122296,31.256231535247792,Toilet
无障碍洗手间,生活服务,公厕,121.461845,31.254342,上海市,上海市,静安区,121.45728326851716,31.2562556588236,Toilet
无障碍洗手间,生活服务,公厕,121.461705,31.254326,上海市,上海市,静安区,121.45714286444677,31.25623932448614,Toilet
无障碍洗手间,生活服务,公厕,121.461876,31.254438,上海市,上海市,静安区,121.45731435009814,31.256351692019408,Toilet
无障碍洗手间,生活服务,公厕,121.461558,31.254441,上海市,上海市,静安区,121.45699542953164,31.25635391572929,Toilet
无障碍洗手间,生活服务,公厕,121.461941,31.254306,上海市,上海市,静安区,121.45737955004832,31.256219909206404,Toilet
无障碍洗手间,生活服务,公厕,121.462246,31.254534,上海市,上海市,静安区,121.45768541706872,31.25644855497963,Toilet
无障碍洗手间,生活服务,公厕,121.461595,31.2544,上海市,上海市,静安区,121.45703253996956,31.256313023886342,Toilet
无障碍洗手间,生活服务,公厕,121.462319,31.254539,上海市,上海市,静安区,121.45775862934704,31.25645373188073,Toilet
无障碍洗手间,生活服务,公厕,121.461859,31.254285,上海市,上海市,静安区,121.457297314023,31.256198718225345,Toilet
无障碍洗手间,生活服务,公厕,121.46232,31.254513,上海市,上海市,静安区,121.4577596345073,31.256427745837573,Toilet
无障碍洗手间,生活服务,公厕,121.461834,31.254383,上海市,上海市,静安区,121.45727223309434,31.25629661383236,Toilet
无障碍洗手间,生活服务,公厕,121.46224,31.254486,上海市,上海市,静安区,121.4576794037389,31.25640056150044,Toilet
无障碍洗手间,生活服务,公厕,121.46181,31.254349,上海市,上海市,静安区,121.457248166485,31.25626257031673,Toilet
无障碍洗手间,生活服务,公厕,121.462175,31.254577,上海市,上海市,静安区,121.45761420665096,31.256491361901627,Toilet
无障碍洗手间,生活服务,公厕,121.461795,31.254319,上海市,上海市,静安区,121.45723312562012,31.256232547001307,Toilet
无障碍洗手间,生活服务,公厕,121.461903,31.254453,上海市,上海市,静安区,121.4573414271057,31.25636675131856,Toilet
无障碍洗手间,生活服务,公厕,121.461798,31.254382,上海市,上海市,静安区,121.45723612886964,31.256295526437945,Toilet
无障碍洗手间,生活服务,公厕,121.461809,31.254385,上海市,上海市,静安区,121.45724716047854,31.25629855194537,Toilet
无障碍洗手间,生活服务,公厕,121.461577,31.254414,上海市,上海市,静安区,121.45701448675057,31.25632697389518,Toilet
无障碍洗手间,生活服务,公厕,121.461564,31.254354,上海市,上海市,静安区,121.45700145437736,31.256266968822374,Toilet
无障碍洗手间,生活服务,公厕,121.461928,31.254439,上海市,上海市,静安区,121.45736650084032,31.25635281858428,Toilet
无障碍洗手间,生活服务,公厕,121.461948,31.254574,上海市,上海市,静安区,121.45738654721777,31.256487807729165,Toilet
无障碍洗手间,生活服务,公厕,121.462427,31.254393,上海市,上海市,静安区,121.45786695698764,31.256308061752488,Toilet
无障碍洗手间,生活服务,公厕,121.46239,31.254372,上海市,上海市,静安区,121.45782985082724,31.256286980126426,Toilet
无障碍洗手间,生活服务,公厕,121.462435,31.254386,上海市,上海市,静安区,121.45787498094396,31.25630108451361,Toilet
无障碍洗手间,生活服务,公厕,121.462247,31.254495,上海市,上海市,静安区,121.45768642334907,31.25640957468586,Toilet
女洗手间,生活服务,公厕,121.461685,31.254418,上海市,上海市,静安区,121.45712279863535,31.25633123504557,Toilet
男洗手间,生活服务,公厕,121.461741,31.254339,上海市,上海市,静安区,121.45717896751734,31.25625240647072,Toilet
女洗手间,生活服务,公厕,121.461708,31.254319,上海市,上海市,静安区,121.4571458737324,31.256232334894307,Toilet
男洗手间,生活服务,公厕,121.461698,31.254292,上海市,上海市,静安区,121.45713584712875,31.256205322478863,Toilet
男洗手间,生活服务,公厕,121.461754,31.254334,上海市,上海市,静安区,121.45719200558574,31.25624744037621,Toilet
女洗手间,生活服务,公厕,121.461668,31.254342,上海市,上海市,静安区,121.45710575602482,31.256255227269545,Toilet
共和新路中华新路,交通设施,公交站,121.46389,31.254768,上海市,上海市,静安区,121.45933423160731,31.25668652246056,Transport
睿宝儿科,医疗保健,诊所,121.417199,31.235794,上海市,上海市,普陀区,121.41255315048872,31.23764396280464,Medical_Service
男洗手间,生活服务,公厕,121.417475,31.23646,上海市,上海市,普陀区,121.41282931631967,31.23830984260309,Toilet
女洗手间,生活服务,公厕,121.417462,31.236408,上海市,上海市,普陀区,121.41281631021558,31.23825785766012,Toilet
女洗手间,生活服务,公厕,121.417472,31.236495,上海市,上海市,普陀区,121.4128263108137,31.238344824477,Toilet
女洗手间,生活服务,公厕,121.417491,31.236444,上海市,上海市,普陀区,121.41284533081767,31.238293860850195,Toilet
女洗手间,生活服务,公厕,121.417433,31.236456,上海市,上海市,普陀区,121.41278728233692,31.238305815900848,Toilet
曹杨路地铁站2号口,交通设施,地铁,121.418369,31.236702,上海市,上海市,普陀区,121.4137240483518,31.23855235789905,Transport
曹杨路白玉路,交通设施,公交站,121.41792,31.237614,上海市,上海市,普陀区,121.41327458527807,31.23946362017585,Transport
公厕,生活服务,公厕,121.437345,31.238862,上海市,上海市,普陀区,121.43272575050284,31.24073307134276,Toilet
公厕,生活服务,公厕,121.438069,31.238708,上海市,上海市,普陀区,121.43345111532422,31.24058027824182,Toilet
常德路长寿路,交通设施,公交站,121.439187,31.238951,上海市,上海市,普陀区,121.43457123133162,31.24082496456285,Transport
雷氏瑞福堂中医馆,医疗保健,诊所,121.438102,31.238963,上海市,上海市,普陀区,121.43348415537596,31.2408352139262,Medical_Service
长寿路地铁站6号口,交通设施,地铁,121.438235,31.239699,上海市,上海市,普陀区,121.4336173426861,31.241571088944973,Transport
长寿路地铁站5号口,交通设施,地铁,121.438917,31.239657,上海市,上海市,普陀区,121.43430064831288,31.24153020315552,Transport
长寿路地铁站出入口,交通设施,地铁,121.438877,31.23983,上海市,上海市,普陀区,121.434260556296,31.2417030594219,Transport
女洗手间,生活服务,公厕,121.437905,31.239333,上海市,上海市,普陀区,121.43328675263793,31.24120473315133,Toilet
长寿路地铁站7号口,交通设施,地铁,121.437598,31.239834,上海市,上海市,普陀区,121.43297913536888,31.24170502189067,Transport
男洗手间,生活服务,公厕,121.437924,31.239394,上海市,上海市,普陀区,121.43330578299629,31.241265735268783,Toilet
男洗手间,生活服务,公厕,121.437932,31.239407,上海市,上海市,普陀区,121.4333137968863,31.241278741960546,Toilet
女洗手间,生活服务,公厕,121.43792,31.239409,上海市,上海市,普陀区,121.43330177418412,31.24128072210154,Toilet
西康路长寿路,交通设施,公交站,121.441764,31.240681,上海市,上海市,普陀区,121.43715323654504,31.242558512288703,Transport
公共厕所,生活服务,公厕,121.441045,31.241977,上海市,上海市,普陀区,121.43643265368296,31.24385268538475,Toilet
公共厕所,生活服务,公厕,121.44101,31.241787,上海市,上海市,普陀区,121.4363975992366,31.24366271205005,Toilet
公共厕所,生活服务,公厕,121.441013,31.241942,上海市,上海市,普陀区,121.43640059185418,31.2438176467116,Toilet
公共厕所,生活服务,公厕,121.441009,31.241983,上海市,上海市,普陀区,121.43639658018829,31.24385862125997,Toilet
无障碍洗手间,生活服务,公厕,121.440938,31.241753,上海市,上海市,普陀区,121.4363254564242,31.243628604864647,Toilet
女洗手间,生活服务,公厕,121.441082,31.242401,上海市,上海市,普陀区,121.43646969192476,31.24427655594969,Toilet
女洗手间,生活服务,公厕,121.441092,31.242519,上海市,上海市,普陀区,121.43647970197584,31.244394519460126,Toilet
男洗手间,生活服务,公厕,121.441301,31.242434,上海市,上海市,普陀区,121.4366891346962,31.24430991592313,Toilet
眼病牙病防治所,医疗保健,综合医院,121.439718,31.241534,上海市,上海市,普陀区,121.43510304320571,31.24340765823745,Medical_Service
男洗手间,生活服务,公厕,121.37016,31.208705,上海市,上海市,长宁区,121.36553495555631,31.21058408506219,Toilet
剑河路仙霞西路,交通设施,公交站,121.368869,31.209351,上海市,上海市,长宁区,121.36424580836656,31.211231408614186,Transport
威宁路地铁站2号口,交通设施,地铁,121.38771,31.214458,上海市,上海市,长宁区,121.38306515678754,31.216317691874043,Transport
上海世贸商城有限责任公司-洗手间,生活服务,公厕,121.399845,31.201458,上海市,上海市,长宁区,121.39519620961102,31.20331950864503,Toilet
家友诊所,医疗保健,诊所,121.401027,31.201392,上海市,上海市,长宁区,121.39637811645088,31.203253439813096,Medical_Service
延安西路娄山关路,交通设施,公交站,121.401641,31.201278,上海市,上海市,长宁区,121.39699210350572,31.20313946737897,Transport
无障碍洗手间,生活服务,公厕,121.407503,31.205951,上海市,上海市,长宁区,121.40285447003588,31.20781075521082,Toilet
无障碍洗手间,生活服务,公厕,121.407698,31.205789,上海市,上海市,长宁区,121.40304954098798,31.20764887951485,Toilet
无障碍洗手间,生活服务,公厕,121.407455,31.205975,上海市,上海市,长宁区,121.40280645426272,31.207834732606564,Toilet
女洗手间,生活服务,公厕,121.407397,31.205999,上海市,上海市,长宁区,121.40274843580188,31.207858707865626,Toilet
女洗手间,生活服务,公厕,121.407548,31.20575,上海市,上海市,长宁区,121.4028995004829,31.20760986339991,Toilet
男洗手间,生活服务,公厕,121.407556,31.205961,上海市,上海市,长宁区,121.40290748441436,31.20782076252382,Toilet
仙霞路遵义路,交通设施,公交站,121.405078,31.205481,上海市,上海市,长宁区,121.40042897206484,31.20734056167314,Transport
金虹桥商场-女洗手间,生活服务,公厕,121.403063,31.208701,上海市,上海市,长宁区,121.3984134791288,31.21055884638827,Toilet
女洗手间,生活服务,公厕,121.402782,31.208779,上海市,上海市,长宁区,121.3981324595911,31.210636801877797,Toilet
女洗手间,生活服务,公厕,121.402693,31.208755,上海市,上海市,长宁区,121.39804345850511,31.210612812100283,Toilet
百盛优客城市广场西楼,生活服务,公厕,121.403539,31.210097,上海市,上海市,长宁区,121.3988893884987,31.211954190382706,Toilet
男洗手间,生活服务,公厕,121.402809,31.210585,上海市,上海市,长宁区,121.39815930329044,31.212441929055736,Toilet
男洗手间,生活服务,公厕,121.402986,31.210535,上海市,上海市,长宁区,121.39833631544188,31.212391957238506,Toilet
男洗手间,生活服务,公厕,121.402701,31.210616,上海市,上海市,长宁区,121.39805129663596,31.21247291230505,Toilet
男洗手间,生活服务,公厕,121.403496,31.21034,上海市,上海市,长宁区,121.39884636404052,31.212197070823635,Toilet
女洗手间,生活服务,公厕,121.403417,31.210156,上海市,上海市,长宁区,121.39876737428568,31.212013155946643,Toilet
女洗手间,生活服务,公厕,121.4035,31.210145,上海市,上海市,长宁区,121.39885038133175,31.21200216522271,Toilet
女洗手间,生活服务,公厕,121.403449,31.210109,上海市,上海市,长宁区,121.39879938068498,31.211966180146984,Toilet
无障碍洗手间,生活服务,公厕,121.40347,31.210173,上海市,上海市,长宁区,121.39882037665028,31.21203015022728,Toilet
女洗手间,生活服务,公厕,121.403543,31.210326,上海市,上海市,长宁区,121.39889336885749,31.212183079956183,Toilet
娄山关路,交通设施,地铁,121.404077,31.211151,上海市,上海市,长宁区,121.39942734596754,31.21300771559423,Transport
娄山关路天山路,交通设施,公交站,121.404258,31.210359,上海市,上海市,长宁区,121.3996084349687,31.212216112192174,Transport
百盛购物广场-洗手间,生活服务,公厕,121.403596,31.210449,上海市,上海市,长宁区,121.39894636233592,31.212306023343174,Toilet
百盛购物广场-女洗手间,生活服务,公厕,121.403632,31.21002,上海市,上海市,长宁区,121.39898240264635,31.211877232555548,Toilet
百盛购物广场-男洗手间,生活服务,公厕,121.403653,31.210063,上海市,上海市,长宁区,121.39900340064236,31.211920212949472,Toilet
天山二村社区卫生运营服务站,医疗保健,综合医院,121.404308,31.209978,上海市,上海市,长宁区,121.3996584739903,31.211835300491447,Medical_Service
无障碍洗手间,生活服务,公厕,121.403613,31.210141,上海市,上海市,长宁区,121.3989633905476,31.2119981730404,Toilet
女洗手间,生活服务,公厕,121.403627,31.210093,上海市,上海市,长宁区,121.39897739587474,31.211950197002185,Toilet
娄山关路地铁站2号口,交通设施,地铁,121.404569,31.210793,上海市,上海市,长宁区,121.3999194355266,31.21264993071681,Transport
娄山关路地铁站3号口,交通设施,地铁,121.404031,31.210877,上海市,上海市,长宁区,121.39938136503274,31.212733844363378,Transport
天山路娄山关路,交通设施,公交站,121.402686,31.211284,上海市,上海市,长宁区,121.3980362379334,31.213140589806702,Transport
娄山关路地铁站4号口,交通设施,地铁,121.403011,31.211503,上海市,上海市,长宁区,121.3983612323342,31.21335949094587,Transport
金虹桥商场-无障碍洗手间,生活服务,公厕,121.401957,31.208789,上海市,上海市,长宁区,121.39730744508508,31.210646797468872,Toilet
女洗手间,生活服务,公厕,121.402067,31.208738,上海市,上海市,长宁区,121.3974174492997,31.210595820374955,Toilet
百汇馨康上海瑞祥门诊部,医疗保健,诊所,121.400859,31.209093,上海市,上海市,长宁区,121.39620945529708,31.210950697423847,Medical_Service
KFC,生活服务,公厕,121.396132,31.222721,上海市,上海市,普陀区,121.39148213329835,31.22457298506717,Toilet
女洗手间,生活服务,公厕,121.395455,31.222,上海市,上海市,普陀区,121.3908054129671,31.223852519626195,Toilet
男洗手间,生活服务,公厕,121.39588,31.222642,上海市,上海市,普陀区,121.39123021820532,31.22449409227061,Toilet
女洗手间,生活服务,公厕,121.395431,31.222022,上海市,上海市,普陀区,121.3907814191591,31.223874516459052,Toilet
女洗手间,生活服务,公厕,121.395249,31.222032,上海市,上海市,普陀区,121.39059948072152,31.2238845673817,Toilet
男洗手间,生活服务,公厕,121.395485,31.221927,上海市,上海市,普陀区,121.3908354092328,31.223779545132786,Toilet
婴儿换洗间,生活服务,公厕,121.39576,31.222785,上海市,上海市,普陀区,121.3911102440188,31.22463705899716,Toilet
大渡河路光复西路,交通设施,公交站,121.396504,31.222439,上海市,上海市,普陀区,121.3918540485452,31.224291020009712,Transport
大渡河路云岭东路,交通设施,公交站,121.396261,31.222753,上海市,上海市,普陀区,121.39161109180672,31.224604935225887,Transport
无障碍洗手间,生活服务,公厕,121.395813,31.222814,上海市,上海市,普陀区,121.39116322449712,31.224666030109503,Toilet
女洗手间,生活服务,公厕,121.395187,31.223352,上海市,上海市,普陀区,121.3905373873365,31.225203963435785,Toilet
女洗手间,生活服务,公厕,121.39577,31.222809,上海市,上海市,普陀区,121.39112023870996,31.224661044791254,Toilet
男洗手间,生活服务,公厕,121.395732,31.222786,上海市,上海市,普陀区,121.39108225296678,31.224638066602772,Toilet
男洗手间,生活服务,公厕,121.395209,31.223328,上海市,上海市,普陀区,121.39055938172451,31.22517996789353,Toilet
公厕,生活服务,公厕,121.411087,31.231369,上海市,上海市,普陀区,121.40643762244768,31.23321777383001,Toilet
上海环球港-洗手间,生活服务,公厕,121.411434,31.231454,上海市,上海市,普陀区,121.40678478377272,31.2333028726004,Toilet
公厕,生活服务,公厕,121.411655,31.231571,上海市,上海市,普陀区,121.40700588438833,31.233419909177154,Toilet
金沙江路地铁站1号口,交通设施,地铁,121.41204,31.231354,上海市,上海市,普陀区,121.40739110258436,31.233203173523695,Transport
金沙江路地铁站6号口,交通设施,地铁,121.411583,31.231575,上海市,上海市,普陀区,121.4069338476504,31.23342387746869,Transport
公厕,生活服务,公厕,121.411786,31.232513,上海市,上海市,普陀区,121.40713686918268,31.234361527319287,Toilet
女洗手间,生活服务,公厕,121.41175,31.232428,上海市,上海市,普陀区,121.40710085811196,31.23427655152828,Toilet
女洗手间,生活服务,公厕,121.411763,31.232495,上海市,上海市,普陀区,121.40711385893654,31.23434352595942,Toilet
无障碍洗手间,生活服务,公厕,121.411687,31.232539,上海市,上海市,普陀区,121.40703781625928,31.234387473701556,Toilet
无障碍洗手间,生活服务,公厕,121.411677,31.23253,上海市,上海市,普陀区,121.4070278119562,31.23437847369581,Toilet
无障碍洗手间,生活服务,公厕,121.411746,31.232543,上海市,上海市,普陀区,121.40709684603686,31.23439149657161,Toilet
残疾人洗手间,生活服务,公厕,121.411707,31.232551,上海市,上海市,普陀区,121.4070578254046,31.234399476506056,Toilet
婴儿换洗间/哺乳室/母婴室,生活服务,公厕,121.411805,31.232532,上海市,上海市,普陀区,121.40715587730806,31.23438052654768,Toilet
婴儿换洗间/哺乳室/母婴室,生活服务,公厕,121.411808,31.232496,上海市,上海市,普陀区,121.40715888199286,31.234344544493418,Toilet
婴儿换洗间/哺乳室/母婴室,生活服务,公厕,121.411842,31.232481,上海市,上海市,普陀区,121.40719290085848,31.234329565856644,Toilet
公厕,生活服务,公厕,121.386193,31.226587,上海市,上海市,普陀区,121.38154823769544,31.228441929057954,Toilet
女洗手间,生活服务,公厕,121.38537,31.226516,上海市,上海市,普陀区,121.38072590553108,31.22837153566797,Toilet
女洗手间,生活服务,公厕,121.386112,31.226711,上海市,上海市,普陀区,121.38146729062863,31.22856592620774,Toilet
女洗手间,生活服务,公厕,121.380698,31.24365,上海市,上海市,普陀区,121.37605675060016,31.245501387034,Toilet
女洗手间,生活服务,公厕,121.380603,31.243611,上海市,上海市,普陀区,121.37596185222264,31.245462489365934,Toilet
男洗手间,生活服务,公厕,121.38046,31.24338,上海市,上海市,普陀区,121.37581902093392,31.245231722072354,Toilet
男洗手间,生活服务,公厕,121.380657,31.243569,上海市,上海市,普陀区,121.37601579999875,31.24542046021498,Toilet
女洗手间,生活服务,公厕,121.380472,31.243455,上海市,上海市,普陀区,121.37583100189886,31.24530667732018,Toilet
男洗手间,生活服务,公厕,121.380644,31.243576,上海市,上海市,普陀区,121.37600281283056,31.245427468631743,Toilet
mcdonalds,生活服务,公厕,121.381086,31.244013,上海市,上海市,普陀区,121.3764443218834,31.245863880363448,Toilet
摩尔口腔医院,医疗保健,诊所,121.38019,31.244025,上海市,上海市,普陀区,121.37554924773714,31.24587667392759,Medical_Service
男洗手间,生活服务,公厕,121.386234,31.239617,上海市,上海市,普陀区,121.38158807042284,31.24146587286119,Toilet
公共厕所,生活服务,公厕,121.384862,31.246163,上海市,上海市,普陀区,121.38021661794888,31.2480098724915,Toilet
上海百联中环购物中心-洗手间,生活服务,公厕,121.384091,31.247154,上海市,上海市,普陀区,121.3794461976594,31.2490010027764,Toilet
真光路曹安路,交通设施,公交站,121.383144,31.247122,上海市,上海市,普陀区,121.37850005536689,31.24896975600132,Transport
女洗手间,生活服务,公厕,121.383353,31.246155,上海市,上海市,普陀区,121.37870894747682,31.248003025093144,Toilet
女洗手间,生活服务,公厕,121.383317,31.246404,上海市,上海市,普陀区,121.3786729587384,31.248251941447805,Toilet
男洗手间,生活服务,公厕,121.383443,31.246119,上海市,上海市,普陀区,121.37879886847558,31.2479669703372,Toilet
小东门,交通设施,公交站,121.497624,31.224643,上海市,上海市,黄浦区,121.49318466374244,31.226670962590426,Transport
上海童溪春堂国药号中医门诊部,医疗保健,诊所,121.497036,31.225335,上海市,上海市,黄浦区,121.4925944827811,31.22736085866385,Medical_Service
公厕,生活服务,公厕,121.491104,31.226546,上海市,上海市,黄浦区,121.48664107965504,31.228553424550604,Toilet
无障碍洗手间,生活服务,公厕,121.497196,31.227308,上海市,上海市,黄浦区,121.49275489226584,31.229333417222485,Toilet
女洗手间,生活服务,公厕,121.497146,31.227248,上海市,上海市,黄浦区,121.49270471694363,31.229273294090703,Toilet
女洗手间,生活服务,公厕,121.497245,31.22709,上海市,上海市,黄浦区,121.49280408763738,31.229115667490312,Toilet
男洗手间,生活服务,公厕,121.497267,31.227148,上海市,上海市,黄浦区,121.492826162098,31.22917370687152,Toilet
男洗手间,生活服务,公厕,121.497194,31.22727,上海市,上海市,黄浦区,121.49275288828122,31.22929542896201,Toilet
母婴室,生活服务,公厕,121.497183,31.227335,上海市,上海市,黄浦区,121.4927418430572,31.229360365266544,Toilet
十六铺,交通设施,公交站,121.498187,31.227438,上海市,上海市,黄浦区,121.4937494590421,31.229466354624304,Transport
外滩·浦江游船码头,交通设施,公交站,121.498186,31.227153,上海市,上海市,黄浦区,121.4937484796644,31.22918148500976,Transport
男洗手间,生活服务,公厕,121.498319,31.226524,上海市,上海市,黄浦区,121.4938820135468,31.2285531822329,Toilet
老上海气象信号台,交通设施,公交站,121.497762,31.22775,上海市,上海市,黄浦区,121.49332289772669,31.22977692259977,Transport
公厕,生活服务,公厕,121.498539,31.227624,上海市,上海市,黄浦区,121.49410271477234,31.22965333296544,Toilet
无障碍洗手间,生活服务,公厕,121.496769,31.227856,上海市,上海市,黄浦区,121.49232630511176,31.229879869628142,Toilet
母婴室,生活服务,公厕,121.496683,31.227824,上海市,上海市,黄浦区,121.49223999765222,31.22984762459277,Toilet
上港邮轮城,交通设施,公交站,121.497427,31.247875,上海市,上海市,虹口区,121.4929849758567,31.249891684294152,Transport
上海港国际客运中心,交通设施,公交站,121.497687,31.248031,上海市,上海市,虹口区,121.49324590135345,31.25004840083528,Transport
公厕,生活服务,公厕,121.497609,31.248349,上海市,上海市,虹口区,121.49316759262862,31.2503660222062,Toilet
公厕,生活服务,公厕,121.497619,31.247268,上海市,上海市,虹口区,121.49317772074964,31.24928553776955,Toilet
北外滩滨江公厕,生活服务,公厕,121.498067,31.247335,上海市,上海市,虹口区,121.4936273330348,31.249353863198323,Toilet
女洗手间,生活服务,公厕,121.497685,31.248377,上海市,上海市,虹口区,121.49324386468092,31.25039423958062,Toilet
哺乳室,生活服务,公厕,121.49775,31.248312,上海市,上海市,虹口区,121.49330910494312,31.250329465388177,Toilet
女洗手间,生活服务,公厕,121.497068,31.249024,上海市,上海市,虹口区,121.49262458219518,31.25103908335705,Toilet
男洗手间,生活服务,公厕,121.497063,31.248999,上海市,上海市,虹口区,121.49261956627907,31.251014079431236,Toilet
哺乳室,生活服务,公厕,121.497103,31.249024,上海市,上海市,虹口区,121.49265970851036,31.25103918920232,Toilet
男洗手间,生活服务,公厕,121.498875,31.264317,上海市,上海市,虹口区,121.49443680750146,31.266330817362817,Toilet
无障碍洗手间,生活服务,公厕,121.498882,31.264261,上海市,上海市,虹口区,121.49444383757286,31.26627486278915,Toilet
男洗手间,生活服务,公厕,121.49884,31.264277,上海市,上海市,虹口区,121.49440168438537,31.266290728723728,Toilet
男洗手间,生活服务,公厕,121.49887,31.264274,上海市,上海市,虹口区,121.49443179308716,31.2662878208366,Toilet
瑞虹太阳宫-洗手间,生活服务,公厕,121.500272,31.263641,上海市,上海市,虹口区,121.49583891668894,31.265659339632887,Toilet
瑞虹太阳宫-洗手间,生活服务,公厕,121.500135,31.26364,上海市,上海市,虹口区,121.49570142126402,31.26565792527377,Toilet
瑞虹太阳宫-洗手间,生活服务,公厕,121.500418,31.263536,上海市,上海市,虹口区,121.4959854536981,31.26555482718629,Toilet
瑞虹太阳宫-洗手间,生活服务,公厕,121.500175,31.263675,上海市,上海市,虹口区,121.49574156295928,31.26569303121167,Toilet
公厕,生活服务,公厕,121.508645,31.273052,上海市,上海市,杨浦区,121.50424133512146,31.275091565507548,Toilet
女洗手间,生活服务,公厕,121.50929,31.273879,上海市,上海市,杨浦区,121.50488857877752,31.27592014634449,Toilet
鞍山新村地铁站4号口,交通设施,地铁,121.509183,31.272867,上海市,上海市,杨浦区,121.50478128095102,31.27490825491444,Transport
鞍山新村地铁站出入口,交通设施,地铁,121.509384,31.273472,上海市,上海市,杨浦区,121.50498295020758,31.275513599798256,Transport
女洗手间,生活服务,公厕,121.508959,31.272995,上海市,上海市,杨浦区,121.5045564667388,31.275035530162214,Toilet
女洗手间,生活服务,公厕,121.508967,31.273063,上海市,上海市,杨浦区,121.50456448967212,31.27510352528408,Toilet
小美医生,医疗保健,诊所,121.508851,31.273645,上海市,上海市,杨浦区,121.50444802415758,31.27568493137612,Medical_Service
无障碍洗手间,生活服务,公厕,121.509251,31.273702,上海市,上海市,杨浦区,121.50484945397028,31.27574310457575,Toilet
女洗手间,生活服务,公厕,121.509198,31.273771,上海市,上海市,杨浦区,121.50479625810212,31.27581191679555,Toilet
男洗手间,生活服务,公厕,121.509306,31.273614,上海市,上海市,杨浦区,121.50490465859568,31.275655306365763,Toilet
鞍山新村,交通设施,地铁,121.509683,31.27328,上海市,上海市,杨浦区,121.5052830377268,31.27532257501519,Transport
锦西路打虎山路,交通设施,公交站,121.50942,31.274578,上海市,上海市,杨浦区,121.50501898547756,31.27661923967273,Transport
上海交通大学医学院附属新华医院医疗保健综合楼,医疗保健,综合医院,121.516486,31.273735,上海市,上海市,杨浦区,121.51211012158876,31.27579748171259,Medical_Service
新华医院-心胸外科ICU,医疗保健,综合医院,121.516443,31.273827,上海市,上海市,杨浦区,121.51206696317664,31.27588931744904,Medical_Service
新华医院-老年医学科,医疗保健,综合医院,121.516475,31.273763,上海市,上海市,杨浦区,121.51209908069002,31.275825437803466,Medical_Service
新华医院-眼科病区,医疗保健,综合医院,121.516427,31.273806,上海市,上海市,杨浦区,121.51205090889316,31.275868279695704,Medical_Service
新华医院-心脏介入诊治部,医疗保健,综合医院,121.516453,31.273766,上海市,上海市,杨浦区,121.512077003366,31.275828372412377,Medical_Service
上海交通大学医学院附属新华医院动物实验楼,医疗保健,综合医院,121.515863,31.273183,上海市,上海市,杨浦区,121.51148498312762,31.27524389727716,Medical_Service
上海交通大学医学院附属新华医院体检中心,医疗保健,综合医院,121.516416,31.273829,上海市,上海市,杨浦区,121.51203986840734,31.275891237895586,Medical_Service
上海新华医院19号楼,医疗保健,综合医院,121.516348,31.27369,上海市,上海市,杨浦区,121.51197164185425,31.27575209845612,Medical_Service
上海交通大学医学院附属新华医院,医疗保健,综合医院,121.517649,31.273095,上海市,上海市,杨浦区,121.51327723927186,31.275161132711844,Medical_Service
上海交通大学医学院附属新华医院成人急诊、儿科门急诊楼2号楼,医疗保健,综合医院,121.5175,31.27398,上海市,上海市,杨浦区,121.51312764506662,31.27604532599824,Medical_Service
上海交通大学医学院附属新华医院成人急诊儿科门急诊楼,医疗保健,综合医院,121.517699,31.274006,上海市,上海市,杨浦区,121.51332733656118,31.276071891824696,Medical_Service
上海交通大学医学院附属新华医院口腔、皮肤楼,医疗保健,综合医院,121.51703,31.274064,上海市,上海市,杨浦区,121.51265599715089,31.276127925858106,Medical_Service
上海交通大学医学院附属新华医院门诊,医疗保健,综合医院,121.517969,31.274446,上海市,上海市,杨浦区,121.51359823958336,31.276512487509446,Medical_Service
女洗手间,生活服务,公厕,121.517006,31.274939,上海市,上海市,杨浦区,121.512631839345,31.277002486423903,Toilet
上海交通大学医学院附属新华医院门诊综合楼,医疗保健,综合医院,121.518194,31.274425,上海市,上海市,杨浦区,121.51382402394796,31.276492146973798,Medical_Service
新华医院-抢救室,医疗保健,综合医院,121.517417,31.274058,上海市,上海市,杨浦区,121.5130443489654,31.276123052251812,Medical_Service
上海交通大学医学院附属新华医院急诊,医疗保健,综合医院,121.517832,31.274153,上海市,上海市,杨浦区,121.5134607874182,31.276219214850368,Medical_Service
卫生间,生活服务,公厕,121.516806,31.299417,上海市,上海市,杨浦区,121.51242907074824,31.30146988663023,Toilet
女洗手间,生活服务,公厕,121.515968,31.298641,上海市,上海市,杨浦区,121.5115881990161,31.30069175120851,Toilet
婴儿换洗间,生活服务,公厕,121.516712,31.299363,上海市,上海市,杨浦区,121.51233474634006,31.301415634443085,Toilet
UMAX悠迈生活广场-洗手间,生活服务,公厕,121.515413,31.298764,上海市,上海市,杨浦区,121.5110312376664,31.30081307906861,Toilet
上海巴黎春天,生活服务,公厕,121.514679,31.300528,上海市,上海市,杨浦区,121.51029450169094,31.302574227565696,Toilet
宝大祥青少年儿童购物广场,生活服务,公厕,121.513283,31.300673,上海市,上海市,杨浦区,121.50889355061985,31.30271505786117,Toilet
mcdonalds,生活服务,公厕,121.513531,31.301108,上海市,上海市,杨浦区,121.50914239290375,31.303150618377263,Toilet
女洗手间,生活服务,公厕,121.514168,31.301,上海市,上海市,杨浦区,121.5097816567234,31.3030445385041,Toilet
男卫生间,生活服务,公厕,121.514174,31.300944,上海市,上海市,杨浦区,121.50978768267834,31.30298857826482,Toilet
江湾体育场地铁站4号口,交通设施,地铁,121.514277,31.30189,上海市,上海市,杨浦区,121.50989096666768,31.303934508548725,Transport
五角场,交通设施,公交站,121.514861,31.301908,上海市,上海市,杨浦区,121.51047702693351,31.30395421780572,Transport
女洗手间,生活服务,公厕,121.515628,31.302013,上海市,上海市,杨浦区,121.51124671902052,31.30406142423351,Toilet
女洗手间,生活服务,公厕,121.515596,31.301964,上海市,上海市,杨浦区,121.51121461064106,31.30401234988741,Toilet
女洗手间,生活服务,公厕,121.515568,31.301946,上海市,上海市,杨浦区,121.51118651369237,31.30399427503558,Toilet
江湾体育场地铁站3号口,交通设施,地铁,121.514788,31.302451,上海市,上海市,杨浦区,121.51040372348513,31.304496789921973,Transport
男洗手间,生活服务,公厕,121.515552,31.301996,上海市,上海市,杨浦区,121.5111704531864,31.30404420853369,Toilet
男洗手间,生活服务,公厕,121.515597,31.301934,上海市,上海市,杨浦区,121.51121561669648,31.303982364620342,Toilet
男洗手间,生活服务,公厕,121.515594,31.301995,上海市,上海市,杨浦区,121.51121260098432,31.304043331835807,Toilet
无障碍洗手间,生活服务,公厕,121.515823,31.301754,上海市,上海市,杨浦区,121.51144242633212,31.3038030964454,Toilet
公共厕所,生活服务,公厕,121.516087,31.301174,上海市,上海市,杨浦区,121.5117074024635,31.303224096265744,Toilet
百联又一城购物广场-女洗手间,生活服务,公厕,121.516118,31.301202,上海市,上海市,杨浦区,121.51173850888776,31.3032521757258,Toilet
男洗手间,生活服务,公厕,121.515954,31.301148,上海市,上海市,杨浦区,121.51157393774896,31.30319771808912,Toilet
男洗手间,生活服务,公厕,121.515954,31.30119,上海市,上海市,杨浦区,121.51157393419533,31.30323970152409,Toilet
女洗手间,生活服务,公厕,121.515993,31.301239,上海市,上海市,杨浦区,121.51161306699052,31.30328879612589,Toilet
女洗手间,生活服务,公厕,121.516037,31.301227,上海市,上海市,杨浦区,121.51165722247733,31.30327692936477,Toilet
男洗手间,生活服务,公厕,121.515967,31.301214,上海市,上海市,杨浦区,121.51158697781412,31.303263730036544,Toilet
男洗手间,生活服务,公厕,121.515994,31.301189,上海市,上海市,杨浦区,121.511614074732,31.303238818764623,Toilet
男洗手间,生活服务,公厕,121.515967,31.301215,上海市,上海市,杨浦区,121.51158697772952,31.303264729642184,Toilet
平凉路定海路,交通设施,公交站,121.553163,31.276692,上海市,上海市,杨浦区,121.54889837421956,31.278844848808035,Transport
中原路民星路,交通设施,公交站,121.531967,31.312881,上海市,上海市,杨浦区,121.52763973356988,31.31497071511489,Transport
嫩江路地铁站3号口,交通设施,地铁,121.531691,31.314227,上海市,上海市,杨浦区,121.52736274473818,31.316315480984493,Transport
无障碍洗手间,生活服务,公厕,121.428129,31.27981,上海市,上海市,静安区,121.42349127525908,31.281650637785923,Toilet
女洗手间,生活服务,公厕,121.428141,31.279861,上海市,上海市,静安区,121.42350328740584,31.281701630432384,Toilet
男洗手间,生活服务,公厕,121.428169,31.279818,上海市,上海市,静安区,121.423531329902,31.281658680831622,Toilet
晋城路高平路,交通设施,公交站,121.428819,31.280926,上海市,上海市,静安区,121.42418214423526,31.28276698312189,Transport
无障碍洗手间,生活服务,公厕,121.429098,31.280063,上海市,上海市,静安区,121.42446161719492,31.28190467573872,Toilet
女洗手间,生活服务,公厕,121.428491,31.280365,上海市,上海市,静安区,121.42385373073112,31.28220582888299,Toilet
女洗手间,生活服务,公厕,121.429154,31.280078,上海市,上海市,静安区,121.42451769620251,31.281919736829572,Toilet
女洗手间,生活服务,公厕,121.428454,31.280374,上海市,上海市,静安区,121.42381667813436,31.28221478170645,Toilet
男洗手间,生活服务,公厕,121.429122,31.280121,上海市,上海市,静安区,121.42448564653964,31.281962680418857,Toilet
男洗手间,生活服务,公厕,121.428505,31.280464,上海市,上海市,静安区,121.42386774172284,31.282304804120766,Toilet
男洗手间,生活服务,公厕,121.428442,31.280437,上海市,上海市,静安区,121.42380465585296,31.28227774140846,Toilet
高平路阳城路,交通设施,公交站,121.428964,31.282009,上海市,上海市,静安区,121.42432725601596,31.283849706353813,Transport
男洗手间,生活服务,公厕,121.425682,31.2805,上海市,上海市,静安区,121.42104098839258,31.282337647686152,Toilet
汶水路江场西路,交通设施,公交站,121.449148,31.296465,上海市,上海市,静安区,121.4445488781289,31.298332504313457,Transport
江场西路共和新路,交通设施,公交站,121.447076,31.298187,上海市,上海市,静安区,121.44247185260195,31.300049715029623,Transport
公厕,生活服务,公厕,121.452158,31.27364,上海市,上海市,静安区,121.44756827200789,31.275523135091667,Toilet
公厕,生活服务,公厕,121.452445,31.273298,上海市,上海市,静安区,121.4478560284076,31.27518189176651,Toilet
第十人民医院8号楼,医疗保健,综合医院,121.453657,31.272983,上海市,上海市,静安区,121.44907116229008,31.274869640772465,Medical_Service
第十人民医院9号楼,医疗保健,综合医院,121.453749,31.27295,上海市,上海市,静安区,121.44916340342,31.27483685537314,Medical_Service
医疗急救中心十院分站,医疗保健,综合医院,121.453942,31.273067,上海市,上海市,静安区,121.44935689425051,31.27495422756223,Medical_Service
公共厕所,生活服务,公厕,121.453188,31.273334,上海市,上海市,静安区,121.44860092257876,31.27521947388412,Toilet
第十人民医院7号楼,医疗保健,综合医院,121.453135,31.272881,上海市,上海市,静安区,121.44854782574691,31.274766551293524,Medical_Service
共和新路大宁路,交通设施,公交站,121.454021,31.274139,上海市,上海市,静安区,121.4494360068628,31.276025946788604,Transport
无障碍洗手间,生活服务,公厕,121.458371,31.297035,上海市,上海市,静安区,121.4537957214916,31.298922387601312,Toilet
女洗手间,生活服务,公厕,121.45812,31.296678,上海市,上海市,静安区,121.45354405746082,31.29856494506048,Toilet
哺乳室,生活服务,公厕,121.458383,31.296911,上海市,上海市,静安区,121.45380776551424,31.29879846507466,Toilet
无障碍洗手间,生活服务,公厕,121.457791,31.297599,上海市,上海市,静安区,121.45321407038476,31.29948481416712,Toilet
男洗手间,生活服务,公厕,121.457734,31.297568,上海市,上海市,静安区,121.45315691629412,31.29945369454545,Toilet
女洗手间,生活服务,公厕,121.4576,31.297533,上海市,上海市,静安区,121.45302255125227,31.299418398658467,Toilet
男洗手间,生活服务,公厕,121.457146,31.298035,上海市,上海市,静安区,121.45256726580524,31.29991915346377,Toilet
无障碍洗手间,生活服务,公厕,121.457102,31.298123,上海市,上海市,静安区,121.4525231382349,31.300007017506285,Toilet
女洗手间,生活服务,公厕,121.457133,31.297942,上海市,上海市,静安区,121.45255423841635,31.29982616061795,Toilet
男洗手间,生活服务,公厕,121.457103,31.297898,上海市,上海市,静安区,121.45252416045416,31.299782109289094,Toilet
女洗手间,生活服务,公厕,121.459376,31.296846,上海市,上海市,静安区,121.45480354404626,31.298735825076434,Toilet
平型关路云飞东路,交通设施,公交站,121.46036,31.297112,上海市,上海市,静安区,121.45579030468993,31.29900406207366,Transport
上海宝隆晟星中医诊所,医疗保健,诊所,121.460735,31.296878,上海市,上海市,静安区,121.45616639504996,31.298771056124373,Medical_Service
公厕,生活服务,公厕,121.40291,31.197629,上海市,上海市,长宁区,121.39826143608396,31.199492257524337,Toilet
公厕,生活服务,公厕,121.40289,31.19762,上海市,上海市,长宁区,121.39824143598416,31.19948326150865,Toilet
男洗手间,生活服务,公厕,121.402894,31.197629,上海市,上海市,长宁区,121.39824543537544,31.199492257155555,Toilet
男洗手间,生活服务,公厕,121.402886,31.197551,上海市,上海市,长宁区,121.3982374418188,31.19941429548815,Toilet
男洗手间,生活服务,公厕,121.402811,31.197625,上海市,上海市,长宁区,121.39816243226268,31.199488257399416,Toilet
女洗手间,生活服务,公厕,121.40285,31.197846,上海市,上海市,长宁区,121.39820141459838,31.19970914908192,Toilet
家乐福-男洗手间,生活服务,公厕,121.394195,31.196935,上海市,上海市,长宁区,121.38954806072576,31.1988000555448,Toilet
女洗手间,生活服务,公厕,121.45669,31.183234,上海市,上海市,徐汇区,121.4521199528431,31.18516926649833,Toilet
龙华中路地铁站5号口,交通设施,地铁,121.457512,31.183469,上海市,上海市,徐汇区,121.45294417002977,31.18540603344228,Transport
绿地缤纷城,生活服务,公厕,121.457701,31.184028,上海市,上海市,徐汇区,121.4531336399248,31.18596518782278,Toilet
无障碍洗手间,生活服务,公厕,121.457669,31.18407,上海市,上海市,徐汇区,121.45310154848308,31.18600709261335,Toilet
男洗手间,生活服务,公厕,121.457713,31.184025,上海市,上海市,徐汇区,121.45314567312566,31.18596221709961,Toilet
龙华中路,交通设施,地铁,121.45703,31.183793,上海市,上海市,徐汇区,121.45246082693436,31.18572876143497,Transport
无障碍洗手间,生活服务,公厕,121.456585,31.184152,上海市,上海市,徐汇区,121.45201458970136,31.18608656361725,Toilet
无障碍洗手间,生活服务,公厕,121.458061,31.186149,上海市,上海市,徐汇区,121.45349444762736,31.18808595392284,Toilet
无障碍洗手间,生活服务,公厕,121.458007,31.18615,上海市,上海市,徐汇区,121.453440298629,31.18808682792431,Toilet
无障碍洗手间,生活服务,公厕,121.458022,31.186107,上海市,上海市,徐汇区,121.4534553436914,31.1880438844074,Toilet
女洗手间,生活服务,公厕,121.458064,31.186105,上海市,上海市,徐汇区,121.45349745969864,31.18804198303321,Toilet
女洗手间,生活服务,公厕,121.457981,31.186137,上海市,上海市,徐汇区,121.45341422809123,31.1880737740736,Toilet
男洗手间,生活服务,公厕,121.458084,31.186119,上海市,上海市,徐汇区,121.45351751367392,31.188056022495136,Toilet
男洗手间,生活服务,公厕,121.458109,31.186149,上海市,上海市,徐汇区,121.45354258008614,31.18808606555225,Toilet
男洗手间,生活服务,公厕,121.458126,31.186108,上海市,上海市,徐汇区,121.45355963055582,31.188045125731623,Toilet
龙华中路地铁站2号口,交通设施,地铁,121.458012,31.185611,上海市,上海市,徐汇区,121.45344535890366,31.1875481108076,Transport
女洗手间,生活服务,公厕,121.45866,31.186459,上海市,上海市,徐汇区,121.45409508007866,31.18839719628141,Toilet
颈医卫,医疗保健,诊所,121.45855,31.186464,上海市,上海市,徐汇区,121.4539847739455,31.1884019361398,Medical_Service
无障碍洗手间,生活服务,公厕,121.458226,31.186638,上海市,上海市,徐汇区,121.45365986114231,31.18857509205087,Toilet
男洗手间,生活服务,公厕,121.458129,31.186577,上海市,上海市,徐汇区,121.45356259838682,31.188513896846285,Toilet
男洗手间,生活服务,公厕,121.458056,31.186502,上海市,上海市,徐汇区,121.45348940338668,31.188438764765948,Toilet
无障碍洗手间,生活服务,公厕,121.458265,31.186716,上海市,上海市,徐汇区,121.45369896227416,31.18865314374197,Toilet
龙华中路地铁站11号口,交通设施,地铁,121.456642,31.185691,上海市,上海市,徐汇区,121.45207161098428,31.18762491776467,Transport
无障碍洗手间,生活服务,公厕,121.457356,31.185945,上海市,上海市,徐汇区,121.45278752980629,31.187880425487705,Toilet
龙华中路地铁站1号口,交通设施,地铁,121.457195,31.18568,上海市,上海市,徐汇区,121.4526261133396,31.187615188623283,Transport
男洗手间,生活服务,公厕,121.457752,31.186738,上海市,上海市,徐汇区,121.45318454620173,31.18867394089793,Toilet
女洗手间,生活服务,公厕,121.457625,31.186715,上海市,上海市,徐汇区,121.45305719962836,31.188650658712653,Toilet
男洗手间,生活服务,公厕,121.457701,31.186644,上海市,上海市,徐汇区,121.45313341426508,31.18857987012295,Toilet
女洗手间,生活服务,公厕,121.457649,31.186703,上海市,上海市,徐汇区,121.45308126648568,31.188638720215422,Toilet
正大乐城-男洗手间,生活服务,公厕,121.457113,31.186504,上海市,上海市,徐汇区,121.4525438188694,31.188438585809305,Toilet
无障碍洗手间,生活服务,公厕,121.456909,31.186513,上海市,上海市,徐汇区,121.45233926349552,31.18844711389754,Toilet
男洗手间,生活服务,公厕,121.457029,31.186166,上海市,上海市,徐汇区,121.4524596194755,31.18810056317861,Toilet
男洗手间,生活服务,公厕,121.457053,31.18651,上海市,上海市,徐汇区,121.45248365506858,31.18844444518582,Toilet
第六人民医院干保楼,医疗保健,综合医院,121.423596,31.179108,上海市,上海市,徐汇区,121.4189613152877,31.18099066142204,Medical_Service
女洗手间,生活服务,公厕,121.423842,31.178962,上海市,上海市,徐汇区,121.41920761088592,31.180844972456505,Toilet
男洗手间,生活服务,公厕,121.42377,31.179181,上海市,上海市,徐汇区,121.41913550871833,31.181063791499927,Toilet
女洗手间,生活服务,公厕,121.423738,31.179168,上海市,上海市,徐汇区,121.41910347298791,31.18105076725912,Toilet
女洗手间,生活服务,公厕,121.423819,31.178907,上海市,上海市,徐汇区,121.41918458908007,31.180789978179885,Toilet
男洗手间,生活服务,公厕,121.423854,31.178908,上海市,上海市,徐汇区,121.41921962946144,31.18079101154396,Toilet
女洗手间,生活服务,公厕,121.423722,31.179155,上海市,上海市,徐汇区,121.41908745570797,31.18103775846116,Toilet
女洗手间,生活服务,公厕,121.42383,31.178973,上海市,上海市,徐汇区,121.41919559605536,31.18085595524825,Toilet
男洗手间,生活服务,公厕,121.423892,31.178992,上海市,上海市,徐汇区,121.41925766617082,31.18087500565561,Toilet
女洗手间,生活服务,公厕,121.423729,31.179164,上海市,上海市,徐汇区,121.41909446297838,31.18104676062448,Toilet
男洗手间,生活服务,公厕,121.423752,31.179163,上海市,上海市,徐汇区,121.41911748954224,31.181045783293207,Toilet
女洗手间,生活服务,公厕,121.423708,31.179208,上海市,上海市,徐汇区,121.41907343500384,31.18109071803931,Toilet
女洗手间,生活服务,公厕,121.42387,31.178967,上海市,上海市,徐汇区,121.4192356428548,31.180849997035985,Toilet
女洗手间,生活服务,公厕,121.423797,31.178963,上海市,上海市,徐汇区,121.41916255880876,31.18084592843148,Toilet
女洗手间,生活服务,公厕,121.423731,31.179154,上海市,上海市,徐汇区,121.41909646614876,31.181036767635405,Toilet
女洗手间,生活服务,公厕,121.423881,31.178981,上海市,上海市,徐汇区,121.41924665437924,31.180864000580087,Toilet
男洗手间,生活服务,公厕,121.423717,31.179179,上海市,上海市,徐汇区,121.41908244787166,31.181061741444832,Toilet
女洗手间,生活服务,公厕,121.423853,31.178936,上海市,上海市,徐汇区,121.4192186258707,31.180818996332587,Toilet
女洗手间,生活服务,公厕,121.423823,31.178925,上海市,上海市,徐汇区,121.4191885921373,31.1808079728921,Toilet
女洗手间,生活服务,公厕,121.423682,31.179108,上海市,上海市,徐汇区,121.4190474138275,31.180990743890643,Toilet
女洗手间,生活服务,公厕,121.423735,31.179149,上海市,上海市,徐汇区,121.41910047118644,31.18103177403049,Toilet
女洗手间,生活服务,公厕,121.423711,31.179119,上海市,上海市,徐汇区,121.419076446188,31.18100176618084,Toilet
女洗手间,生活服务,公厕,121.423859,31.178909,上海市,上海市,徐汇区,121.41922463516096,31.180792015878723,Toilet
第六人民医院门诊,医疗保健,综合医院,121.424123,31.178851,上海市,上海市,徐汇区,121.41948894760009,31.180734302708704,Medical_Service
无障碍洗手间,生活服务,公厕,121.424067,31.178844,上海市,上海市,徐汇区,121.4194328826956,31.18072725142478,Toilet
无障碍洗手间,生活服务,公厕,121.424057,31.178873,上海市,上海市,徐汇区,121.41942286849384,31.180756226892893,Toilet
无障碍洗手间,生活服务,公厕,121.424095,31.178818,上海市,上海市,徐汇区,121.41946091769104,31.18070129205704,Toilet
无障碍洗手间,生活服务,公厕,121.424031,31.178867,上海市,上海市,徐汇区,121.41939683866856,31.1807502045408,Toilet
无障碍洗手间,生活服务,公厕,121.424118,31.178797,上海市,上海市,徐汇区,121.4194839464372,31.180680325278495,Toilet
无障碍洗手间,生活服务,公厕,121.424026,31.178844,上海市,上海市,徐汇区,121.41939183483572,31.180727211359454,Toilet
无障碍洗手间,生活服务,公厕,121.4241,31.178797,上海市,上海市,徐汇区,121.4194659253662,31.18068030763845,Toilet
无障碍洗手间,生活服务,公厕,121.424068,31.178853,上海市,上海市,徐汇区,121.41943388308184,31.180736247824363,Toilet
无障碍洗手间,生活服务,公厕,121.424069,31.17884,上海市,上海市,徐汇区,121.41943488538016,31.18072325541605,Toilet
无障碍公厕,生活服务,公厕,121.42401,31.178769,上海市,上海市,徐汇区,121.41937582270111,31.18065223390172,Toilet
男洗手间,生活服务,公厕,121.423941,31.178875,上海市,上海市,徐汇区,121.41930673320212,31.180758112766764,Toilet
男洗手间,生活服务,公厕,121.423845,31.178906,上海市,上海市,徐汇区,121.41921061922297,31.180789003845945,Toilet
门诊楼,医疗保健,诊所,121.424063,31.178891,上海市,上海市,徐汇区,121.4194288739376,31.180774223603084,Medical_Service
无障碍洗手间,生活服务,公厕,121.424092,31.178931,上海市,上海市,徐汇区,121.4194579043607,31.180814231635008,Toilet
无障碍洗手间,生活服务,公厕,121.424059,31.178872,上海市,上海市,徐汇区,121.4194248709166,31.18075522935704,Toilet
无障碍洗手间,生活服务,公厕,121.424082,31.178832,上海市,上海市,徐汇区,121.41944790127042,31.180715272206484,Toilet
无障碍洗手间,生活服务,公厕,121.424107,31.178919,上海市,上海市,徐汇区,121.4194729229553,31.180802252432706,Toilet
无障碍洗手间,生活服务,公厕,121.424061,31.178871,上海市,上海市,徐汇区,121.41942687333956,31.180754231821368,Toilet
女洗手间,生活服务,公厕,121.424261,31.178936,上海市,上海市,徐汇区,121.41962710236098,31.180819395222937,Toilet
男洗手间,生活服务,公厕,121.423898,31.178965,上海市,上海市,徐汇区,121.41926367547345,31.18084802521108,Toilet
男洗手间,生活服务,公厕,121.423922,31.17894,上海市,上海市,徐汇区,121.41928770548904,31.180823061233383,Toilet
男洗手间,生活服务,公厕,121.424271,31.178963,上海市,上海市,徐汇区,121.41963711180333,31.180846391359676,Toilet
女洗手间,生活服务,公厕,121.424254,31.17894,上海市,上海市,徐汇区,121.41962009376424,31.18082338628173,Toilet
女洗手间,生活服务,公厕,121.424299,31.178973,上海市,上海市,徐汇区,121.41966514397116,31.180856413934016,Toilet
男洗手间,生活服务,公厕,121.42427,31.178943,上海市,上海市,徐汇区,121.41963611236238,31.18082640054541,Toilet
男洗手间,生活服务,公厕,121.423914,31.179165,上海市,上海市,徐汇区,121.41927967664913,31.18104793903322,Toilet
男洗手间,生活服务,公厕,121.423776,31.179185,上海市,上海市,徐汇区,121.41914151528798,31.18106779525572,Toilet
男洗手间,生活服务,公厕,121.423733,31.179206,上海市,上海市,徐汇区,121.41909846393057,31.18108874312102,Toilet
男洗手间,生活服务,公厕,121.423698,31.179194,上海市,上海市,徐汇区,121.41906342472876,31.181076715539632,Toilet
漕宝路地铁站8号口,交通设施,地铁,121.432105,31.168527,上海市,上海市,徐汇区,121.42748285647905,31.170424834992293,Transport
漕河泾,交通设施,公交站,121.432578,31.168208,上海市,上海市,徐汇区,121.4279566397709,31.170106634835644,Transport
漕河泾,交通设施,公交站,121.432543,31.168224,上海市,上海市,徐汇区,121.42792158208124,31.170122579247312,Transport
漕宝路地铁站7号口,交通设施,地铁,121.433113,31.16816,上海市,上海市,徐汇区,121.42849251227156,31.170059389523452,Transport
女洗手间,生活服务,公厕,121.433039,31.168684,上海市,上海市,徐汇区,121.42841834584186,31.170583017134145,Toilet
漕宝路地铁站9号口,交通设施,地铁,121.43297,31.16873,上海市,上海市,徐汇区,121.4283492293037,31.17062889877411,Transport
漕宝路地铁站10号口,交通设施,地铁,121.433075,31.168731,上海市,上海市,徐汇区,121.42845440058036,31.170630042304428,Transport
未来医生,医疗保健,诊所,121.432615,31.169119,上海市,上海市,徐汇区,121.4279936203164,31.17101721445377,Medical_Service
无障碍洗手间,生活服务,公厕,121.432379,31.168945,上海市,上海市,徐汇区,121.42775725653878,31.1708429858366,Toilet
无障碍洗手间,生活服务,公厕,121.432363,31.168919,上海市,上海市,徐汇区,121.4277412332107,31.170816977757045,Toilet
无障碍洗手间,生活服务,公厕,121.432438,31.16895,上海市,上海市,徐汇区,121.42781635055849,31.17084806263749,Toilet
无障碍洗手间,生活服务,公厕,121.432423,31.168914,上海市,上海市,徐汇区,121.4278013296517,31.170812061025565,Toilet
无障碍洗手间,生活服务,公厕,121.432266,31.168791,上海市,上海市,徐汇区,121.4276440894924,31.170688913725147,Toilet
无障碍洗手间,生活服务,公厕,121.432289,31.168705,上海市,上海市,徐汇区,121.42766713362217,31.17060298894792,Toilet
无障碍洗手间,生活服务,公厕,121.432308,31.168727,上海市,上海市,徐汇区,121.42768616202424,31.17062500306099,Toilet
无障碍洗手间,生活服务,公厕,121.432301,31.168783,上海市,上海市,徐汇区,121.4276791459959,31.17068096475816,Toilet
无障碍洗手间,生活服务,公厕,121.432131,31.168699,上海市,上海市,徐汇区,121.42750888279402,31.17059678081682,Toilet
无障碍洗手间,生活服务,公厕,121.432147,31.168729,上海市,上海市,徐汇区,121.42752490558618,31.170626786666485,Toilet
无障碍洗手间,生活服务,公厕,121.432083,31.168735,上海市,上海市,徐汇区,121.42746080356262,31.170632698269397,Toilet
无障碍洗手间,生活服务,公厕,121.432376,31.168905,上海市,上海市,徐汇区,121.42775425521148,31.170803002453507,Toilet
女洗手间,生活服务,公厕,121.431947,31.169275,上海市,上海市,徐汇区,121.42732454170304,31.17117223886392,Toilet
女洗手间,生活服务,公厕,121.432071,31.168806,上海市,上海市,徐汇区,121.42744877839324,31.170703645635008,Toilet
女洗手间,生活服务,公厕,121.432105,31.168776,上海市,上海市,徐汇区,121.42748283487316,31.170673706400294,Toilet
女洗手间,生活服务,公厕,121.432114,31.168792,上海市,上海市,徐汇区,121.42749184775614,31.17068971013193,Toilet
男洗手间,生活服务,公厕,121.432136,31.168716,上海市,上海市,徐汇区,121.42751388925356,31.17061377870612,Toilet
母婴室,生活服务,公厕,121.432367,31.168916,上海市,上海市,徐汇区,121.4277452398658,31.170813984680084,Toilet
母婴室,生活服务,公厕,121.432192,31.168872,上海市,上海市,徐汇区,121.42756996467212,31.170769772913843,Toilet
母婴室,生活服务,公厕,121.432293,31.168837,上海市,上海市,徐汇区,121.42767112854852,31.170734926151862,Toilet
母婴室,生活服务,公厕,121.43239,31.168903,上海市,上海市,徐汇区,121.42776827777956,31.17080102230701,Toilet
母婴室,生活服务,公厕,121.432312,31.168829,上海市,上海市,徐汇区,121.42769015955751,31.170726955759104,Toilet
母婴室,生活服务,公厕,121.432384,31.168939,上海市,上海市,徐汇区,121.42776226505704,31.17083699565538,Toilet
母婴室,生活服务,公厕,121.432384,31.169025,上海市,上海市,徐汇区,121.42776225759508,31.17092295126308,Toilet
母婴室,生活服务,公厕,121.432487,31.169031,上海市,上海市,徐汇区,121.42786542210928,31.170929086868057,Toilet
母婴室,生活服务,公厕,121.432322,31.168737,上海市,上海市,徐汇区,121.42770018350272,31.17063501667721,Toilet
母婴室,生活服务,公厕,121.432488,31.168943,上海市,上海市,徐汇区,121.4278664313496,31.17084113364129,Toilet
母婴室,生活服务,公厕,121.432435,31.168961,上海市,上海市,徐汇区,121.42781334479706,31.17085905291919,Toilet
母婴室,生活服务,公厕,121.432351,31.168724,上海市,上海市,徐汇区,121.42772923095085,31.170622062318326,Toilet
母婴室,生活服务,公厕,121.432376,31.168999,上海市,上海市,徐汇区,121.42775424705536,31.170896953929603,Toilet
母婴室,生活服务,公厕,121.432451,31.168931,上海市,上海市,徐汇区,121.4278293730426,31.170829089956783,Toilet
母婴室,生活服务,公厕,121.432352,31.168716,上海市,上海市,徐汇区,121.42773023324295,31.17061406779239,Toilet
母婴室,生活服务,公厕,121.432303,31.168723,上海市,上海市,徐汇区,121.42768115439296,31.170620998421427,Toilet
母婴室,生活服务,公厕,121.432251,31.168729,上海市,上海市,徐汇区,121.4276290709728,31.17062692565425,Toilet
女洗手间,生活服务,公厕,121.442251,31.185002,上海市,上海市,徐汇区,121.437646075241,31.18690711680581,Toilet
星游城-洗手间,生活服务,公厕,121.442873,31.185276,上海市,上海市,徐汇区,121.43826935667586,31.187182077793526,Toilet
女洗手间,生活服务,公厕,121.442487,31.185512,上海市,上海市,徐汇区,121.43788252413242,31.18741727508396,Toilet
女洗手间,生活服务,公厕,121.442218,31.185097,上海市,上海市,徐汇区,121.43761299827187,31.187002011053863,Toilet
无障碍洗手间,生活服务,公厕,121.442246,31.185045,上海市,上海市,徐汇区,121.43764106109737,31.186950086364064,Toilet
女洗手间,生活服务,公厕,121.442163,31.185146,上海市,上海市,徐汇区,121.43755787957612,31.187050889994595,Toilet
无障碍洗手间,生活服务,公厕,121.439628,31.193082,上海市,上海市,徐汇区,121.43501707202,31.19497860671179,Toilet
无障碍洗手间,生活服务,公厕,121.439546,31.193105,上海市,上海市,徐汇区,121.43493490954246,31.195001460203585,Toilet
男洗手间,生活服务,公厕,121.439581,31.193148,上海市,上海市,徐汇区,121.4349699742728,31.195044496430068,Toilet
男洗手间,生活服务,公厕,121.439627,31.19314,上海市,上海市,徐汇区,121.43501606503132,31.195036576210367,Toilet
美罗城-洗手间,生活服务,公厕,121.439941,31.192728,上海市,上海市,徐汇区,121.43533071826656,31.19462530095121,Toilet
无障碍洗手间,生活服务,公厕,121.440024,31.192738,上海市,上海市,徐汇区,121.43541388141804,31.19463543402509,Toilet
洗手间,生活服务,公厕,121.439985,31.193346,上海市,上海市,徐汇区,121.43537475158818,31.195243066633243,Toilet
洗手间,生活服务,公厕,121.439975,31.193362,上海市,上海市,徐汇区,121.4353647304406,31.19525904204536,Toilet
母婴室,生活服务,公厕,121.440035,31.193276,上海市,上海市,徐汇区,121.43542485653089,31.19517318466352,Toilet
无障碍洗手间,生活服务,公厕,121.439963,31.193291,上海市,上海市,徐汇区,121.43535271289122,31.19518805739988,Toilet
美罗城-亲子洗手间,生活服务,公厕,121.439586,31.193135,上海市,上海市,徐汇区,121.43497498518484,31.19503151113175,Toilet
女洗手间,生活服务,公厕,121.437261,31.194045,上海市,上海市,徐汇区,121.43264548716968,31.195937340391616,Toilet
男洗手间,生活服务,公厕,121.437286,31.193986,上海市,上海市,徐汇区,121.4326705384024,31.19587840849125,Toilet
男洗手间,生活服务,公厕,121.437229,31.194014,上海市,上海市,徐汇区,121.43261343087876,31.195906306172358,Toilet
男洗手间,生活服务,公厕,121.437303,31.194036,上海市,上海市,徐汇区,121.43268756543898,31.19592841004925,Toilet
婴儿换洗间/哺乳室/母婴室,生活服务,公厕,121.437189,31.194074,上海市,上海市,徐汇区,121.43257335201774,31.195966214408998,Toilet
婴儿换洗间/哺乳室/母婴室,生活服务,公厕,121.43717,31.19406,上海市,上海市,徐汇区,121.43255431827386,31.19595219195411,Toilet
徐家汇地铁站12A号口,交通设施,地铁,121.437897,31.19418,上海市,上海市,徐汇区,121.43328265811802,31.19607326832062,Transport
无障碍洗手间,生活服务,公厕,121.437726,31.194383,上海市,上海市,徐汇区,121.4331113205789,31.196275898362327,Toilet
无障碍洗手间,生活服务,公厕,121.437695,31.194463,上海市,上海市,徐汇区,121.4330802557928,31.196355809984592,Toilet
无障碍洗手间,生活服务,公厕,121.43771,31.194441,上海市,上海市,徐汇区,121.43309528568534,31.196333844448024,Toilet
无障碍洗手间,生活服务,公厕,121.437627,31.194456,上海市,上海市,徐汇区,121.43301212967803,31.19634870684613,Toilet
无障碍洗手间,生活服务,公厕,121.437768,31.194325,上海市,上海市,徐汇区,121.43315340405708,31.196217993155216,Toilet
女洗手间,生活服务,公厕,121.43772,31.194824,上海市,上海市,徐汇区,121.43310527111886,31.19671667009758,Toilet
女洗手间,生活服务,公厕,121.437735,31.19482,上海市,上海市,徐汇区,121.43312029946824,31.19671269564079,Toilet
母婴室,生活服务,公厕,121.437756,31.19436,上海市,上海市,徐汇区,121.43314137859856,31.196252956914968,Toilet
母婴室,生活服务,公厕,121.437753,31.194352,上海市,上海市,徐汇区,121.43313837368822,31.19624495617136,Toilet
母婴室,生活服务,公厕,121.437783,31.19445,上海市,上海市,徐汇区,121.43316842124996,31.196342954691875,Toilet
母婴室,生活服务,公厕,121.437546,31.194513,上海市,上海市,徐汇区,121.43293097407992,31.196405551810617,Toilet
母婴室,生活服务,公厕,121.437609,31.194385,上海市,上海市,徐汇区,121.43299410233182,31.196277713900905,Toilet
女洗手间,生活服务,公厕,121.436959,31.194573,上海市,上海市,徐汇区,121.4323428867292,31.19646461168688,Toilet
男洗手间,生活服务,公厕,121.437058,31.194501,上海市,上海市,徐汇区,121.43244207429748,31.1963927999471,Toilet
徐家汇,交通设施,地铁,121.436887,31.195387,上海市,上海市,徐汇区,121.43227068452784,31.197278097326272,Transport
男洗手间,生活服务,公厕,121.437243,31.19541,上海市,上海市,徐汇区,121.432627335549,31.197301635247,Toilet
男洗手间,生活服务,公厕,121.437329,31.19542,上海市,上海市,徐汇区,121.43271349336722,31.197311763784253,Toilet
男洗手间,生活服务,公厕,121.437257,31.195414,上海市,上海市,徐汇区,121.43264136100976,31.197305654975118,Toilet
男洗手间,生活服务,公厕,121.437296,31.195341,上海市,上海市,徐汇区,121.43268043928788,31.197232751676573,Toilet
男洗手间,生活服务,公厕,121.43693,31.195266,上海市,上海市,徐汇区,121.43231377357203,31.197157223369324,Toilet
徐家汇地铁站出口,交通设施,地铁,121.437396,31.195217,上海市,上海市,徐汇区,121.43278063485992,31.197108968616163,Transport
公厕,生活服务,公厕,121.437656,31.195069,上海市,上海市,徐汇区,121.4330411305096,31.1969614481739,Toilet
无障碍洗手间,生活服务,公厕,121.437765,31.195052,上海市,上海市,徐汇区,121.43315033537792,31.196944627721827,Toilet
女洗手间,生活服务,公厕,121.437638,31.194961,上海市,上海市,徐汇区,121.43302310634787,31.196853473521,Toilet
男洗手间,生活服务,公厕,121.43786,31.195053,上海市,上海市,徐汇区,121.43324551303483,31.19694577676761,Toilet
徐家汇地铁站16号口,交通设施,地铁,121.437756,31.195962,上海市,上海市,徐汇区,121.43314123960972,31.197854162667426,Transport
徐家汇地铁站17号口,交通设施,地铁,121.436908,31.195815,上海市,上海市,徐汇区,121.43229168573498,31.19770591754169,Transport
女洗手间,生活服务,公厕,121.439839,31.195264,上海市,上海市,徐汇区,121.43522829724311,31.19715987195317,Toilet
男洗手间,生活服务,公厕,121.439899,31.19533,上海市,上海市,徐汇区,121.43528840976312,31.19722593875742,Toilet
男洗手间,生活服务,公厕,121.439864,31.195327,上海市,上海市,徐汇区,121.43525334102686,31.197222882173865,Toilet
男洗手间,生活服务,公厕,121.439908,31.195321,上海市,上海市,徐汇区,121.43529742829509,31.197216958158776,Toilet
汇金百货,生活服务,公厕,121.440275,31.195501,上海市,上海市,徐汇区,121.43566513986364,31.19739748099941,Toilet
男洗手间,生活服务,公厕,121.440208,31.1955,上海市,上海市,徐汇区,121.43559800671385,31.19739636935072,Toilet
女洗手间,生活服务,公厕,121.440167,31.195468,上海市,上海市,徐汇区,121.43555692806198,31.197364316671813,Toilet
女洗手间,生活服务,公厕,121.428506,31.183588,上海市,上海市,徐汇区,121.42387717411415,31.185473627611096,Toilet
女洗手间,生活服务,公厕,121.428426,31.183593,上海市,上海市,徐汇区,121.42379706178664,31.185478531198296,Toilet
男洗手间,生活服务,公厕,121.428533,31.183625,上海市,上海市,徐汇区,121.42390420873878,31.18551064067544,Toilet
公厕,生活服务,公厕,121.428996,31.183592,上海市,上海市,徐汇区,121.42436786634975,31.185478206796247,Toilet
无障碍洗手间,生活服务,公厕,121.428936,31.183693,上海市,上海市,徐汇区,121.4243077721022,31.185579084055405,Toilet
女洗手间,生活服务,公厕,121.428858,31.183664,上海市,上海市,徐汇区,121.42422966378344,31.185550005680653,Toilet
男洗手间,生活服务,公厕,121.428916,31.183608,上海市,上海市,徐汇区,121.42428775103582,31.185494103103952,Toilet
无障碍洗手间,生活服务,公厕,121.428678,31.184198,上海市,上海市,徐汇区,121.42404936281731,31.18608352248889,Toilet
无障碍洗手间,生活服务,公厕,121.428737,31.184215,上海市,上海市,徐汇区,121.42410844460083,31.186100583780373,Toilet
女洗手间,生活服务,公厕,121.42858,31.184257,上海市,上海市,徐汇区,121.42395121979364,31.18614237700527,Toilet
上海长宁来福士-女洗手间,生活服务,公厕,121.415557,31.216261,上海市,上海市,长宁区,121.41091160487278,31.21811909045025,Toilet
上海长宁来福士-女洗手间,生活服务,公厕,121.415549,31.216183,上海市,上海市,长宁区,121.41090360594218,31.218041122980164,Toilet
上海长宁来福士-男洗手间,生活服务,公厕,121.415501,31.216163,上海市,上海市,长宁区,121.41085557340604,31.218021104124464,Toilet
上海长宁来福士-男洗手间,生活服务,公厕,121.415497,31.21618,上海市,上海市,长宁区,121.41085156907424,31.218038093636345,Toilet
上海长宁来福士-女洗手间,生活服务,公厕,121.415532,31.216229,上海市,上海市,长宁区,121.41088658978089,31.218087090920907,Toilet
上海长宁来福士-无障碍洗手间,生活服务,公厕,121.415466,31.216171,上海市,上海市,长宁区,121.41082054779226,31.21802907964801,Toilet
上海长宁来福士-无障碍洗手间,生活服务,公厕,121.415521,31.216148,上海市,上海市,长宁区,121.41087558898032,31.218006123120407,Toilet
上海长宁来福士-无障碍洗手间,生活服务,公厕,121.415548,31.216144,上海市,上海市,长宁区,121.410902608624,31.218002141027043,Toilet
无障碍洗手间,生活服务,公厕,121.41554,31.21618,上海市,上海市,长宁区,121.41089459976692,31.218038119078276,Toilet
无障碍洗手间,生活服务,公厕,121.415549,31.216131,上海市,上海市,长宁区,121.4109036104718,31.21798914783368,Toilet
无障碍洗手间,生活服务,公厕,121.415512,31.21622,上海市,上海市,长宁区,121.41086657628544,31.21807808338531,Toilet
无障碍洗手间,生活服务,公厕,121.415508,31.216131,上海市,上海市,长宁区,121.41086258118474,31.217989123556475,Toilet
无障碍洗手间,生活服务,公厕,121.415548,31.216213,上海市,上海市,长宁区,121.41090260261356,31.218071108049635,Toilet
女洗手间,生活服务,公厕,121.415549,31.216268,上海市,上海市,长宁区,121.41090359853796,31.218126082359326,Toilet
女洗手间,生活服务,公厕,121.41541,31.216279,上海市,上海市,长宁区,121.41076449865366,31.218136995106725,Toilet
女洗手间,生活服务,公厕,121.415519,31.21628,上海市,上海市,长宁区,121.41087357605429,31.21813805885383,Toilet
男洗手间,生活服务,公厕,121.415535,31.216209,上海市,上海市,长宁区,121.4108895936668,31.21806710225593,Toilet
男洗手间,生活服务,公厕,121.415523,31.216182,上海市,上海市,长宁区,121.41087758744656,31.21804010805393,Toilet
男洗手间,生活服务,公厕,121.415561,31.216188,上海市,上海市,长宁区,121.41091561409549,31.21804612771049,Toilet
男洗手间,生活服务,公厕,121.415595,31.216175,上海市,上海市,长宁区,121.41094963960472,31.218033154132364,Toilet
男洗手间,生活服务,公厕,121.415568,31.216202,上海市,上海市,长宁区,121.41092261788964,31.218060125175963,Toilet
复旦大学附属华山医院门诊楼,医疗保健,综合医院,121.443486,31.21636,上海市,上海市,静安区,121.43888096681276,31.218251913610803,Medical_Service
复旦大学附属华山医院病房大楼,医疗保健,综合医院,121.443557,31.216071,上海市,上海市,静安区,121.43895214407934,31.21796317987384,Medical_Service
无障碍洗手间,生活服务,公厕,121.443257,31.215962,上海市,上海市,静安区,121.43865151200052,31.217853691897933,Toilet
复旦大学附属华山医院住院病房楼,医疗保健,综合医院,121.443558,31.215967,上海市,上海市,静安区,121.43895315524266,31.217859231402883,Medical_Service
无障碍洗手间,生活服务,公厕,121.443349,31.216009,上海市,上海市,静安区,121.43874370421622,31.21790083467673,Toilet
无障碍洗手间,生活服务,公厕,121.443403,31.215975,上海市,上海市,静安区,121.4387978225623,31.217866948083408,Toilet
无障碍洗手间,生活服务,公厕,121.443272,31.216006,上海市,上海市,静安区,121.43866654016216,31.21789769778038,Toilet
无障碍洗手间,生活服务,公厕,121.44329,31.216068,上海市,上海市,静安区,121.43868457317215,31.21795970045506,Toilet
无障碍洗手间,生活服务,公厕,121.443312,31.216012,上海市,上海市,静安区,121.43870662496548,31.21790376674267,Toilet
无障碍洗手间,生活服务,公厕,121.443317,31.216006,上海市,上海市,静安区,121.43871163615646,31.217897778594647,Toilet
无障碍洗手间,生活服务,公厕,121.443329,31.216042,上海市,上海市,静安区,121.4387236586491,31.217933782947004,Toilet
无障碍洗手间,生活服务,公厕,121.443287,31.215992,上海市,上海市,静安区,121.4386815733638,31.217883731403308,Toilet
复旦大学附属华山医院磁共振室,医疗保健,综合医院,121.443233,31.21584,上海市,上海市,静安区,121.43862747143837,31.217731707185056,Medical_Service
上海华山牛皮癣专科门诊,医疗保健,诊所,121.443319,31.216355,上海市,上海市,静安区,121.43871361016112,31.21824661537947,Medical_Service
复旦大学附属华山医院2号楼,医疗保健,综合医院,121.443574,31.215834,上海市,上海市,静安区,121.43896920110814,31.21772632390932,Medical_Service
复旦大学附属华山医院临床医学中心,医疗保健,综合医院,121.443304,31.21607,上海市,上海市,静安区,121.43869860286529,31.21796172464253,Medical_Service
无障碍洗手间,生活服务,公厕,121.44331,31.216036,上海市,上海市,静安区,121.43870461861634,31.21792775167524,Toilet
无障碍洗手间,生活服务,公厕,121.443263,31.216043,上海市,上海市,静安区,121.43865751776607,31.21793466393744,Toilet
无障碍洗手间,生活服务,公厕,121.443181,31.215992,上海市,上海市,静安区,121.43857534754235,31.217883541293435,Toilet
无障碍洗手间,生活服务,公厕,121.443262,31.215997,上海市,上海市,静安区,121.43865651962334,31.21788868413556,Toilet
无障碍洗手间,生活服务,公厕,121.443279,31.215996,上海市,上海市,静安区,121.4386735559556,31.217887715127446,Toilet
无障碍洗手间,生活服务,公厕,121.443143,31.216073,上海市,上海市,静安区,121.43853725969063,31.21796443452325,Toilet
无障碍洗手间,生活服务,公厕,121.443269,31.216049,上海市,上海市,静安区,121.43866353003708,31.21794067183746,Toilet
无障碍洗手间,生活服务,公厕,121.443112,31.216047,上海市,上海市,静安区,121.43850619605692,31.217938391484992,Toilet
无障碍洗手间,生活服务,公厕,121.443268,31.215986,上海市,上海市,静安区,121.43866253336824,31.21787770016323,Toilet
无障碍洗手间,生活服务,公厕,121.443229,31.215996,上海市,上海市,静安区,121.43862344938948,31.21788762541357,Toilet
无障碍洗手间,生活服务,公厕,121.443505,31.216077,上海市,上海市,静安区,121.43890003206089,31.21796908313649,Toilet
复旦大学附属华山医院放射科,医疗保健,综合医院,121.443689,31.215916,上海市,上海市,静安区,121.43908444111612,31.21780849274307,Medical_Service
复旦大学附属华山医院供应室,医疗保健,综合医院,121.443952,31.216055,上海市,上海市,静安区,121.43934799651456,31.21794790402867,Medical_Service
神经内科质量控制中心,医疗保健,综合医院,121.443937,31.216152,上海市,上海市,静安区,121.43933295565432,31.218044830339043,Medical_Service
复旦大学附属华山医院-肌电图室,医疗保健,综合医院,121.443924,31.216053,上海市,上海市,静安区,121.4393199361228,31.21794585399333,Medical_Service
上海博医堂中医门诊部,医疗保健,诊所,121.444041,31.216782,上海市,上海市,静安区,121.4394371262339,31.21867471898513,Medical_Service
公厕,生活服务,公厕,121.44298,31.216706,上海市,上海市,静安区,121.43837385885033,31.218596840859853,Toilet
公厕,生活服务,公厕,121.443343,31.216486,上海市,上海市,静安区,121.43873765003916,31.21837759592945,Toilet
无障碍洗手间,生活服务,公厕,121.443356,31.216514,上海市,上海市,静安区,121.43875067537618,31.218405605928847,Toilet
无障碍洗手间,生活服务,公厕,121.443334,31.216524,上海市,上海市,静安区,121.43872862752656,31.21841556159928,Toilet
无障碍洗手间,生活服务,公厕,121.443278,31.21659,上海市,上海市,静安区,121.43867250231304,31.218481429481415,Toilet
无障碍洗手间,生活服务,公厕,121.443345,31.216512,上海市,上海市,静安区,121.43873965205556,31.21840358710535,Toilet
复旦大学附属华山医院皮肤病门诊,医疗保健,综合医院,121.443271,31.216427,上海市,上海市,静安区,121.43866550152204,31.2183184947767,Medical_Service
复旦大学附属华山医院综合大楼,医疗保健,综合医院,121.443336,31.216646,上海市,上海市,静安区,121.43873062121727,31.218537506926168,Medical_Service
复旦大学附属华山医院挂号咨询中心,医疗保健,综合医院,121.443164,31.2164,上海市,上海市,静安区,121.43855827599285,31.21829131584241,Medical_Service
无障碍洗手间,生活服务,公厕,121.44332,31.21654,上海市,上海市,静安区,121.43871459625288,31.2184315287967,Toilet
无障碍洗手间,生活服务,公厕,121.443345,31.216526,上海市,上海市,静安区,121.43873965084154,31.21841758041804,Toilet
无障碍洗手间,生活服务,公厕,121.443305,31.216556,上海市,上海市,静安区,121.43869956285457,31.21844749420576,Toilet
男洗手间,生活服务,公厕,121.44336,31.216539,上海市,上海市,静安区,121.43875468175295,31.21843060118088,Toilet
男洗手间,生活服务,公厕,121.443271,31.21659,上海市,上海市,静安区,121.43866548738698,31.21848141691583,Toilet
男洗手间,生活服务,公厕,121.443286,31.216514,上海市,上海市,静安区,121.43868052596468,31.21840548014478,Toilet
男洗手间,生活服务,公厕,121.443062,31.21669,上海市,上海市,静安区,121.43845603411732,31.21858099487706,Toilet
男洗手间,生活服务,公厕,121.443061,31.216678,上海市,上海市,静安区,121.43845503303564,31.21856899882061,Toilet
男洗手间,生活服务,公厕,121.443017,31.216673,上海市,上海市,静安区,121.43841094013118,31.21856392263316,Toilet
男洗手间,生活服务,公厕,121.443353,31.216529,上海市,上海市,静安区,121.4387476676674,31.218420593369206,Toilet
男洗手间,生活服务,公厕,121.443336,31.216508,上海市,上海市,静安区,121.43873063318424,31.21839957283689,Toilet
男洗手间,生活服务,公厕,121.442976,31.216631,上海市,上海市,静安区,121.4383698568808,31.218521869541284,Toilet
男洗手间,生活服务,公厕,121.443037,31.21665,上海市,上海市,静安区,121.43843098454104,31.21854096932304,Toilet
女洗手间,生活服务,公厕,121.443323,31.216474,上海市,上海市,静安区,121.43871760837963,31.218365565714087,Toilet
女洗手间,生活服务,公厕,121.443043,31.216633,上海市,上海市,静安区,121.43843699874353,31.218523988156527,Toilet
女洗手间,生活服务,公厕,121.443371,31.216564,上海市,上海市,静安区,121.43876570308676,31.218455609025305,Toilet
女洗手间,生活服务,公厕,121.443336,31.216477,上海市,上海市,静安区,121.43873063587246,31.218368587645227,Toilet
女洗手间,生活服务,公厕,121.443024,31.216623,上海市,上海市,静安区,121.43841795931056,31.218513959006188,Toilet
女洗手间,生活服务,公厕,121.443049,31.216684,上海市,上海市,静安区,121.43844300705052,31.21857497451833,Toilet
女洗手间,生活服务,公厕,121.443295,31.216536,上海市,上海市,静安区,121.43868954325418,31.2184274857977,Toilet
女洗手间,生活服务,公厕,121.44337,31.216483,上海市,上海市,静安区,121.43876470797404,31.218374645916978,Toilet
女洗手间,生活服务,公厕,121.443035,31.216624,上海市,上海市,静安区,121.43842898255348,31.218514978168265,Toilet
女洗手间,生活服务,公厕,121.443034,31.216701,上海市,上海市,静安区,121.43842797375464,31.218591939612185,Toilet
无障碍公厕,生活服务,公厕,121.450473,31.223032,上海市,上海市,静安区,121.44588346029346,31.224934279669014,Toilet
母婴室,生活服务,公厕,121.450437,31.223089,上海市,上海市,静安区,121.44584736704482,31.22499117838601,Toilet
南京西路华山路,交通设施,公交站,121.443748,31.221767,上海市,上海市,静安区,121.4391430607641,31.223656816866534,Transport
残障洗手间,生活服务,公厕,121.443828,31.222451,上海市,上海市,静安区,121.439223173943,31.22434063875143,Toilet
无障碍洗手间,生活服务,公厕,121.443902,31.2225,上海市,上海市,静安区,121.43929732951916,31.224389750155908,Toilet
男洗手间,生活服务,公厕,121.44397,31.22245,上海市,上海市,静安区,121.43936548094533,31.22433989760576,Toilet
女洗手间,生活服务,公厕,121.443818,31.222448,上海市,上海市,静安区,121.43921315262452,31.224337622002484,Toilet
男洗手间,生活服务,公厕,121.443804,31.222525,上海市,上海市,静安区,121.43919911574432,31.22441456020361,Toilet
女洗手间,生活服务,公厕,121.443799,31.222521,上海市,上海市,静安区,121.43919410530688,31.224410553014103,Toilet
男洗手间,生活服务,公厕,121.443908,31.222528,上海市,上海市,静安区,121.43930334006082,31.22441774784907,Toilet
女洗手间,生活服务,公厕,121.443792,31.222542,上海市,上海市,静安区,121.43918708838947,31.22443153038631,Toilet
女洗手间,生活服务,公厕,121.443278,31.222742,上海市,上海市,静安区,121.43867196876089,31.22463050800587,Toilet
女洗手间,生活服务,公厕,121.443284,31.22275,上海市,上海市,静安区,121.4386779808633,31.224638515000738,Toilet
女洗手间,生活服务,公厕,121.445567,31.224199,上海市,上海市,静安区,121.44096584484956,31.22609103261044,Toilet
公厕,生活服务,公厕,121.445603,31.224047,上海市,上海市,静安区,121.44100193861786,31.22593917204607,Toilet
男洗手间,生活服务,公厕,121.445763,31.224465,上海市,上海市,静安区,121.44116226127554,31.22635727744677,Toilet
女洗手间,生活服务,公厕,121.445627,31.224066,上海市,上海市,静安区,121.44102599073076,31.225958208363668,Toilet
女洗手间,生活服务,公厕,121.445641,31.224104,上海市,上海市,静安区,121.4410400188086,31.22599621688321,Toilet
曼朗心理门诊中心,医疗保健,诊所,121.446141,31.225142,上海市,上海市,静安区,121.44154105508204,31.22703467687235,Medical_Service
愚园路胶州路,交通设施,公交站,121.445613,31.225342,上海市,上海市,静安区,121.44101184874702,31.22723358174396,Transport
女洗手间,生活服务,公厕,121.446055,31.225372,上海市,上海市,静安区,121.44145484062332,31.22726440500586,Toilet
女洗手间,生活服务,公厕,121.446083,31.225434,上海市,上海市,静安区,121.44148289854483,31.227326429177733,Toilet
女洗手间,生活服务,公厕,121.446097,31.225419,上海市,上海市,静安区,121.44149693150638,31.227311462883343,Toilet
男洗手间,生活服务,公厕,121.446066,31.225352,上海市,上海市,静安区,121.44146586721908,31.22724443533616,Toilet
睿历门诊部,医疗保健,诊所,121.446063,31.22526,上海市,上海市,静安区,121.44146286841298,31.227152472851905,Medical_Service
公厕,生活服务,公厕,121.44616,31.225464,上海市,上海市,静安区,121.44156007019076,31.22735656180657,Toilet
无障碍洗手间,生活服务,公厕,121.446109,31.225386,上海市,上海市,静安区,121.44150896151224,31.22727850124234,Toilet
无障碍洗手间,生活服务,公厕,121.446134,31.225348,上海市,上海市,静安区,121.44153402137972,31.22724056673076,Toilet
无障碍洗手间,生活服务,公厕,121.44662,31.225617,上海市,上海市,静安区,121.44202110344186,31.227510371164907,Toilet
无障碍洗手间,生活服务,公厕,121.446136,31.225389,上海市,上海市,静安区,121.44153602235278,31.22728155128143,Toilet
无障碍洗手间,生活服务,公厕,121.446062,31.225421,上海市,上海市,静安区,121.4414618521964,31.227313395308915,Toilet
无障碍洗手间,生活服务,公厕,121.44615,31.225428,上海市,上海市,静安区,121.44155005066686,31.227320559649037,Toilet
无障碍洗手间,生活服务,公厕,121.446669,31.225642,上海市,上海市,静安区,121.4420702133115,31.22753545376792,Toilet
无障碍洗手间,生活服务,公厕,121.446139,31.225416,上海市,上海市,静安区,121.44153902680333,31.22730854431621,Toilet
男洗手间,生活服务,公厕,121.446099,31.225316,上海市,上海市,静安区,121.44149894495864,31.22720851508064,Toilet
女洗手间,生活服务,公厕,121.446071,31.225394,上海市,上海市,静安区,121.44147087488103,31.22728642512245,Toilet
男洗手间,生活服务,公厕,121.446644,31.225623,上海市,上海市,静安区,121.44204515778338,31.227516414544407,Toilet
婴儿换洗间,生活服务,公厕,121.446138,31.22536,上海市,上海市,静安区,121.44153802939388,31.2272525687172,Toilet
婴儿换洗间,生活服务,公厕,121.446697,31.225647,上海市,上海市,静安区,121.44209827694728,31.22754050537068,Toilet
男洗手间,生活服务,公厕,121.446105,31.22539,上海市,上海市,静安区,121.44150495211636,31.22728249174364,Toilet
婴儿换洗间,生活服务,公厕,121.44612,31.225369,上海市,上海市,静安区,121.44151998787471,31.22726153018569,Toilet
男洗手间,生活服务,公厕,121.44664,31.225569,上海市,上海市,静安区,121.44204115331831,31.227462432200863,Toilet
婴儿换洗间,生活服务,公厕,121.446713,31.225677,上海市,上海市,静安区,121.44211431097386,31.22757052212716,Toilet
婴儿换洗间,生活服务,公厕,121.44611,31.225384,上海市,上海市,静安区,121.441509963948,31.227276504086884,Toilet
婴儿换洗间,生活服务,公厕,121.446155,31.225416,上海市,上海市,静安区,121.44155506302876,31.227308574819094,Toilet
婴儿换洗间,生活服务,公厕,121.446072,31.225438,上海市,上海市,静安区,121.4414718733276,31.227330406357257,Toilet
婴儿换洗间,生活服务,公厕,121.446702,31.22563,上海市,上海市,静安区,121.44210328986532,31.227523522990055,Toilet
男洗手间,生活服务,公厕,121.446068,31.225394,上海市,上海市,静安区,121.44146786809924,31.227286419412028,Toilet
婴儿换洗间,生活服务,公厕,121.446661,31.22568,上海市,上海市,静安区,121.44206219171892,31.227573420517057,Toilet
女洗手间,生活服务,公厕,121.446057,31.225369,上海市,上海市,静安区,121.44145684540332,31.227261410221136,Toilet
男洗手间,生活服务,公厕,121.446722,31.225527,上海市,上海市,静安区,121.44212334458206,31.22742060991669,Toilet
男洗手间,生活服务,公厕,121.446047,31.225356,上海市,上海市,静安区,121.4414468239322,31.22724839730037,Toilet
女洗手间,生活服务,公厕,121.446062,31.225371,上海市,上海市,静安区,121.44146185653068,31.227263418797023,Toilet
女洗手间,生活服务,公厕,121.446707,31.225517,上海市,上海市,静安区,121.44210831110487,31.227410585693256,Toilet
婴儿换洗间,生活服务,公厕,121.446668,31.225628,上海市,上海市,静安区,121.4420692122374,31.227521458415325,Toilet
静安门诊部,医疗保健,诊所,121.446309,31.225284,上海市,上海市,静安区,121.44170942373007,31.227176930922344,Medical_Service
无障碍洗手间,生活服务,公厕,121.446181,31.225812,上海市,上海市,静安区,121.44158108759312,31.227704438459156,Toilet
女洗手间,生活服务,公厕,121.446604,31.225947,上海市,上海市,静安区,121.44200503827938,31.22784018547241,Toilet
男洗手间,生活服务,公厕,121.446166,31.225886,上海市,上海市,静安区,121.44156604719907,31.227778375115403,Toilet
男洗手间,生活服务,公厕,121.446547,31.226055,上海市,上海市,静安区,121.44194789876616,31.22794802520164,Toilet
中山生态公园地铁站2号口,交通设施,地铁,121.416563,31.218394,上海市,上海市,长宁区,121.41191816627682,31.2202516931374,Transport
中山公园地铁站,交通设施,公交站,121.416626,31.219866,上海市,上海市,长宁区,121.41198108664452,31.22172303380257,Transport
龙之梦购物生态公园-男洗手间,生活服务,公厕,121.417029,31.219469,上海市,上海市,长宁区,121.4123844371002,31.22132648472068,Toilet
男洗手间,生活服务,公厕,121.41685,31.219413,上海市,上海市,长宁区,121.41220530060612,31.22127039386366,Toilet
女洗手间,生活服务,公厕,121.416875,31.219344,上海市,上海市,长宁区,121.4122303262585,31.22120144296408,Toilet
男洗手间,生活服务,公厕,121.416875,31.21936,上海市,上海市,长宁区,121.41223032486474,31.221217435361908,Toilet
女洗手间,生活服务,公厕,121.416891,31.21942,上海市,上海市,长宁区,121.41224633222647,31.22127741731397,Toilet
男洗手间,生活服务,公厕,121.416813,31.219427,上海市,上海市,长宁区,121.412168270378,31.221284363114528,Toilet
男洗手间,生活服务,公厕,121.416886,31.219387,上海市,上海市,长宁区,121.41224133116576,31.22124442972252,Toilet
男洗手间,生活服务,公厕,121.416875,31.219351,上海市,上海市,长宁区,121.41223032564872,31.2212084396381,Toilet
女洗手间,生活服务,公厕,121.416845,31.21936,上海市,上海市,长宁区,121.41220030129855,31.22121741578411,Toilet
女洗手间,生活服务,公厕,121.416942,31.219418,上海市,上海市,长宁区,121.41229737261722,31.2212754516772,Toilet
龙之梦购物公园,生活服务,公厕,121.416777,31.219387,上海市,上海市,长宁区,121.4121322457081,31.221244358730893,Toilet
女洗手间,生活服务,公厕,121.416852,31.219388,上海市,上海市,长宁区,121.41220730435398,31.22124540704535,Toilet
金沙江路地铁站3号口,交通设施,地铁,121.413353,31.232234,上海市,上海市,普陀区,121.40870476504745,31.234083373864078,Transport
金沙江路地铁站2号口,交通设施,地铁,121.413089,31.232245,上海市,上海市,普陀区,121.40844060806336,31.23409424011785,Transport
女洗手间,生活服务,公厕,121.412779,31.232938,上海市,上海市,普陀区,121.40813036919434,31.23478677212149,Toilet
女洗手间,生活服务,公厕,121.412922,31.233148,上海市,上海市,普陀区,121.4082734325688,31.234996742223625,Toilet
无障碍洗手间,生活服务,公厕,121.412869,31.232907,上海市,上海市,普陀区,121.40822042317754,31.234755828705183,Toilet
无障碍洗手间,生活服务,公厕,121.412909,31.233079,上海市,上海市,普陀区,121.4082604311133,31.234927767994023,Toilet
无障碍洗手间,生活服务,公厕,121.412915,31.232867,上海市,上海市,普陀区,121.40826645304196,31.234715868949618,Toilet
无障碍洗手间,生活服务,公厕,121.412942,31.233039,上海市,上海市,普陀区,121.4082934535824,31.234887802141543,Toilet
婴儿换洗间/哺乳室/母婴室,生活服务,公厕,121.412856,31.233158,上海市,上海市,普陀区,121.40820739386182,31.23500670643005,Toilet
婴儿换洗间/哺乳室/母婴室,生活服务,公厕,121.412876,31.233158,上海市,上海市,普陀区,121.40822740530244,31.23500671585375,Toilet
公厕,生活服务,公厕,121.412476,31.23401,上海市,上海市,普陀区,121.4078271062728,31.23585813699527,Toilet
无障碍洗手间,生活服务,公厕,121.412421,31.234029,上海市,上海市,普陀区,121.40777207438155,31.235877103347264,Toilet
无障碍洗手间,生活服务,公厕,121.412542,31.234016,上海市,上海市,普陀区,121.40789314224476,31.23586416425293,Toilet
无障碍洗手间,生活服务,公厕,121.412493,31.234003,上海市,上海市,普陀区,121.40784411626106,31.23585114794404,Toilet
无障碍洗手间,生活服务,公厕,121.412475,31.234057,上海市,上海市,普陀区,121.407826101624,31.23590511483576,Toilet
母婴室,生活服务,公厕,121.412538,31.234019,上海市,上海市,普陀区,121.40788913976476,31.23586716104184,Toilet
母婴室,生活服务,公厕,121.412551,31.234053,上海市,上海市,普陀区,121.40790214401362,31.23590115127537,Toilet
母婴室,生活服务,公厕,121.412544,31.234081,上海市,上海市,普陀区,121.4078951376874,31.235929135147877,Toilet
婴儿换洗间/哺乳室/母婴室,生活服务,公厕,121.412568,31.23405,上海市,上海市,普陀区,121.4079191537213,31.235898160434456,Toilet
打浦桥地铁站3号口,交通设施,地铁,121.468386,31.205733,上海市,上海市,黄浦区,121.46384812794196,31.207685842243063,Transport
打浦桥,交通设施,地铁,121.468637,31.206319,上海市,上海市,黄浦区,121.46409985916095,31.208272215279468,Transport
女洗手间,生活服务,公厕,121.468404,31.206006,上海市,上海市,黄浦区,121.46386616045116,31.2079587564754,Toilet
男洗手间,生活服务,公厕,121.468402,31.206017,上海市,上海市,黄浦区,121.46386415328352,31.207969745881044,Toilet
日月光中心-洗手间,生活服务,公厕,121.467989,31.206353,上海市,上海市,黄浦区,121.46344984221354,31.208304502507566,Toilet
日月光中心-男洗手间,生活服务,公厕,121.467779,31.206475,上海市,上海市,黄浦区,121.46323918174728,31.208425895734194,Toilet
日月光中心-无障碍洗手间,生活服务,公厕,121.467977,31.206365,上海市,上海市,黄浦区,121.46343780400396,31.208316465357985,Toilet
无障碍洗手间,生活服务,公厕,121.467809,31.206327,上海市,上海市,黄浦区,121.46326928725036,31.20827804586315,Toilet
无障碍洗手间,生活服务,公厕,121.467778,31.20636,上海市,上海市,黄浦区,121.46323818854876,31.208310949069425,Toilet
无障碍洗手间,生活服务,公厕,121.467812,31.206382,上海市,上海市,黄浦区,121.4632722917974,31.2083330269214,Toilet
婴儿换洗间/哺乳室/母婴室,生活服务,公厕,121.467705,31.206375,上海市,上海市,黄浦区,121.463164961633,31.20832575174076,Toilet
公厕,生活服务,公厕,121.467898,31.206557,上海市,上海市,黄浦区,121.46335854284564,31.208508165925707,Toilet
女洗手间,生活服务,公厕,121.467958,31.206878,上海市,上海市,黄浦区,121.46341870101834,31.208829166339186,Toilet
打浦桥地铁站出入口,交通设施,地铁,121.468628,31.20671,上海市,上海市,黄浦区,121.46409079747508,31.20866300148668,Transport
无障碍洗手间,生活服务,公厕,121.468771,31.207191,上海市,上海市,黄浦区,121.46423420221883,31.20914414343789,Toilet
无障碍洗手间,生活服务,公厕,121.468696,31.207089,上海市,上海市,黄浦区,121.4641589769405,31.20904199587907,Toilet
打浦桥地铁站1号口,交通设施,地铁,121.468738,31.207552,上海市,上海市,黄浦区,121.4642010681692,31.209504881383413,Transport
陕西南路,交通设施,地铁,121.458701,31.215152,上海市,上海市,徐汇区,121.45413371842145,31.21707620276989,Transport
无障碍洗手间,生活服务,公厕,121.458741,31.215603,上海市,上海市,徐汇区,121.45417379085735,31.21752708071022,Toilet
陕西南路地铁站出入口,交通设施,地铁,121.458931,31.215731,上海市,上海市,徐汇区,121.45436430963296,31.217655465835787,Transport
哺乳室,生活服务,公厕,121.45877,31.2156,上海市,上海市,徐汇区,121.4542028718974,31.217524150201832,Toilet
哺乳室,生活服务,公厕,121.458788,31.21552,上海市,上海市,徐汇区,121.45422092895934,31.21744423073888,Toilet
无障碍洗手间,生活服务,公厕,121.458331,31.215618,上海市,上海市,徐汇区,121.45376265085176,31.21754111419324,Toilet
哺乳室,生活服务,公厕,121.458298,31.215593,上海市,上海市,徐汇区,121.4537295616322,31.217516049171035,Toilet
无障碍洗手间,生活服务,公厕,121.458242,31.21558,上海市,上海市,徐汇区,121.4536734077826,31.21750292483043,Toilet
哺乳室,生活服务,公厕,121.458369,31.215548,上海市,上海市,徐汇区,121.45380076216954,31.217471236379875,Toilet
哺乳室,生活服务,公厕,121.458297,31.215558,上海市,上海市,徐汇区,121.45372856188575,31.217481063586604,Toilet
无障碍洗手间,生活服务,公厕,121.458325,31.215551,上海市,上海市,徐汇区,121.45375664001936,31.217474132253244,Toilet
哺乳室,生活服务,公厕,121.458246,31.21552,上海市,上海市,徐汇区,121.4536774240287,31.21744296286493,Toilet
女洗手间,生活服务,公厕,121.458315,31.215506,上海市,上海市,徐汇区,121.45374661621231,31.217429130457766,Toilet
上海第九人民医院南部门,医疗保健,综合医院,121.486772,31.201736,上海市,上海市,黄浦区,121.48229584636104,31.203742435348296,Medical_Service
无障碍洗手间,生活服务,公厕,121.476599,31.210341,上海市,上海市,黄浦区,121.47208721300068,31.21231390077519,Toilet
无障碍洗手间,生活服务,公厕,121.476619,31.210485,上海市,上海市,黄浦区,121.47210726723178,31.212457887246813,Toilet
无障碍洗手间,生活服务,公厕,121.476712,31.210303,上海市,上海市,黄浦区,121.47220059255376,31.21227623578301,Toilet
无障碍洗手间,生活服务,公厕,121.476717,31.210296,上海市,上海市,黄浦区,121.47220560981096,31.21226925318151,Toilet
无障碍洗手间,生活服务,公厕,121.476785,31.210398,上海市,上海市,黄浦区,121.47227382765664,31.212371394581407,Toilet
无障碍洗手间,生活服务,公厕,121.476589,31.210444,上海市,上海市,黄浦区,121.47207717088187,31.212416823011853,Toilet
无障碍洗手间,生活服务,公厕,121.476762,31.210374,上海市,上海市,黄浦区,121.47225075306127,31.21234734167205,Toilet
无障碍洗手间,生活服务,公厕,121.476526,31.210319,上海市,上海市,黄浦区,121.47201397195082,31.212291706971023,Toilet
女洗手间,生活服务,公厕,121.476462,31.210057,上海市,上海市,黄浦区,121.47194978153507,31.21202965442868,Toilet
女洗手间,生活服务,公厕,121.476481,31.210016,上海市,上海市,黄浦区,121.47196884824096,31.21198872742111,Toilet
男洗手间,生活服务,公厕,121.476473,31.21008,上海市,上海市,黄浦区,121.47196081614528,31.212052674097254,Toilet
马当路地铁站出口,交通设施,地铁,121.476413,31.210494,上海市,上海市,黄浦区,121.47190058113372,31.21246630619276,Transport
母婴室,生活服务,公厕,121.476692,31.210468,上海市,上海市,黄浦区,121.47218051178288,31.212441100018783,Toilet
母婴室,生活服务,公厕,121.476621,31.210418,上海市,上海市,黄浦区,121.47210927963565,31.212390925210038,Toilet
母婴室,生活服务,公厕,121.476779,31.210427,上海市,上海市,黄浦区,121.47226780517232,31.212400363746116,Toilet
母婴室,生活服务,公厕,121.476797,31.210401,上海市,上海市,黄浦区,121.47228586739725,31.21237442678971,Toilet
母婴室,生活服务,公厕,121.476854,31.210475,上海市,上海市,黄浦区,121.47234305108684,31.212448550957617,Toilet
母婴室,生活服务,公厕,121.476898,31.210409,上海市,上海市,黄浦区,121.47238720349016,31.212382706316447,Toilet
母婴室,生活服务,公厕,121.47682,31.210411,上海市,上海市,黄浦区,121.47230894321152,31.21238448647708,Toilet
母婴室,生活服务,公厕,121.47673,31.210339,上海市,上海市,黄浦区,121.47221864943462,31.21231226885366,Toilet
无障碍洗手间,生活服务,公厕,121.47724,31.210083,上海市,上海市,黄浦区,121.47273037353963,31.212057824851577,Toilet
无障碍洗手间,生活服务,公厕,121.477247,31.210036,上海市,上海市,黄浦区,121.47273740097282,31.212010867260744,Toilet
无障碍洗手间,生活服务,公厕,121.477254,31.210041,上海市,上海市,黄浦区,121.47274442394912,31.2120158845378,Toilet
女洗手间,生活服务,公厕,121.477395,31.209973,上海市,上海市,黄浦区,121.4728859014551,31.211948314289263,Toilet
女洗手间,生活服务,公厕,121.477399,31.209981,上海市,上海市,黄浦区,121.4728899141567,31.21195632168652,Toilet
女洗手间,生活服务,公厕,121.476683,31.211102,上海市,上海市,黄浦区,121.47217142743952,31.2130747687618,Toilet
男洗手间,生活服务,公厕,121.47667,31.21107,上海市,上海市,黄浦区,121.47215838688646,31.213042747765925,Toilet
女洗手间,生活服务,公厕,121.476782,31.210635,上海市,上海市,黄浦区,121.47227079733564,31.212608271712742,Toilet
女洗手间,生活服务,公厕,121.476874,31.210685,上海市,上海市,黄浦区,121.47236309977704,31.212658505676757,Toilet
男洗手间,生活服务,公厕,121.476766,31.210653,上海市,上海市,黄浦区,121.47225474246784,31.212626218150568,Toilet
女洗手间,生活服务,公厕,121.476506,31.21142,上海市,上海市,黄浦区,121.47199381099529,31.21339211960828,Toilet
男洗手间,生活服务,公厕,121.476464,31.21136,上海市,上海市,黄浦区,121.47195167644296,31.21333203098268,Toilet
男洗手间,生活服务,公厕,121.476506,31.211496,上海市,上海市,黄浦区,121.47199380447756,31.21346808296729,Toilet
女洗手间,生活服务,公厕,121.47649,31.211444,上海市,上海市,黄浦区,121.47197775571397,31.2134160632496,Toilet
男洗手间,生活服务,公厕,121.476741,31.211523,上海市,上海市,黄浦区,121.47222958455755,31.21349572832752,Toilet
女洗手间,生活服务,公厕,121.476751,31.211503,上海市,上海市,黄浦区,121.47223961959416,31.21347576600824,Toilet
女洗手间,生活服务,公厕,121.476833,31.211817,上海市,上海市,黄浦区,121.47232186599246,31.213789844671517,Toilet
男洗手间,生活服务,公厕,121.476877,31.211871,上海市,上海市,黄浦区,121.47236600808726,31.213843942118736,Toilet
男洗手间,生活服务,公厕,121.476821,31.211885,上海市,上海市,黄浦区,121.47230982015316,31.21385777824501,Toilet
一大会址·黄陂南路地铁站3号口,交通设施,地铁,121.473111,31.222997,上海市,上海市,黄浦区,121.46858666178376,31.224954207830425,Transport
上海怡合览海门诊部,医疗保健,诊所,121.473624,31.223351,上海市,上海市,黄浦区,121.46910129866843,31.225309444156185,Medical_Service
一大会址·黄陂南路,交通设施,地铁,121.472905,31.223912,上海市,上海市,黄浦区,121.46837991557754,31.22586821444315,Transport
男洗手间,生活服务,公厕,121.473261,31.223363,上海市,上海市,黄浦区,121.4687371171492,31.22532044490304,Toilet
男洗手间,生活服务,公厕,121.476722,31.232425,上海市,上海市,黄浦区,121.47220872816332,31.234387792062943,Toilet
母婴室,生活服务,公厕,121.476895,31.2324,上海市,上海市,黄浦区,121.47238230714284,31.234363288927582,Toilet
母婴室,生活服务,公厕,121.476755,31.232362,上海市,上海市,黄浦区,121.47224184354889,31.23432491378254,Toilet
公厕,生活服务,公厕,121.476311,31.232713,上海市,上海市,黄浦区,121.47179633580852,31.23467450803888,Toilet
女洗手间,生活服务,公厕,121.476876,31.232988,上海市,上海市,黄浦区,121.47236319329882,31.234950963274567,Toilet
无障碍洗手间,生活服务,公厕,121.475249,31.234584,上海市,上海市,黄浦区,121.47073065962864,31.23654168526441,Toilet
无障碍洗手间,生活服务,公厕,121.475957,31.234479,上海市,上海市,黄浦区,121.47144100938876,31.23643870317608,Toilet
无障碍洗手间,生活服务,公厕,121.47607,31.234522,上海市,上海市,黄浦区,121.4715543803946,31.236481998581414,Toilet
无障碍洗手间,生活服务,公厕,121.476124,31.234843,上海市,上海市,黄浦区,121.47160853200306,31.236803001240197,Toilet
无障碍洗手间,生活服务,公厕,121.47593,31.234449,上海市,上海市,黄浦区,121.4714139224795,31.2364086417333,Toilet
无障碍洗手间,生活服务,公厕,121.4759,31.234435,上海市,上海市,黄浦区,121.4713838242741,31.23639456455809,Toilet
无障碍洗手间,生活服务,公厕,121.475013,31.235394,上海市,上海市,黄浦区,121.47049381249904,31.23735065757671,Toilet
男洗手间,生活服务,公厕,121.475015,31.235397,上海市,上海市,黄浦区,121.47049581882524,31.237353661734645,Toilet
男洗手间,生活服务,公厕,121.475013,31.235462,上海市,上海市,黄浦区,121.47049380665877,31.237418626255117,Toilet
男洗手间,生活服务,公厕,121.474995,31.235429,上海市,上海市,黄浦区,121.4704757502426,31.23738559159964,Toilet
女洗手间,生活服务,公厕,121.475041,31.235348,上海市,上海市,黄浦区,121.47052190863276,31.237304756332755,Toilet
上海新世界丽笙大豪华酒店城景楼-洗手间,生活服务,公厕,121.473132,31.234458,上海市,上海市,黄浦区,121.46860674508515,31.236409915622424,Toilet
无障碍洗手间,生活服务,公厕,121.473003,31.234564,上海市,上海市,黄浦区,121.46847731767014,31.23651551465773,Toilet
无障碍洗手间,生活服务,公厕,121.473108,31.234699,上海市,上海市,黄浦区,121.46858264651496,31.236650738900646,Toilet
无障碍洗手间,生活服务,公厕,121.473454,31.234869,上海市,上海市,黄浦区,121.46892975579414,31.236821606350603,Toilet
男洗手间,生活服务,公厕,121.4732,31.235093,上海市,上海市,黄浦区,121.46867491118655,31.237044808472984,Toilet
无障碍洗手间,生活服务,公厕,121.473101,31.235152,上海市,上海市,黄浦区,121.46857558487484,31.237103510924307,Toilet
无障碍洗手间,生活服务,公厕,121.473131,31.235147,上海市,上海市,黄浦区,121.46860568262332,31.237098595132288,Toilet
无障碍洗手间,生活服务,公厕,121.473214,31.235057,上海市,上海市,黄浦区,121.46868895972916,31.237008863316,Toilet
无障碍洗手间,生活服务,公厕,121.473206,31.235114,上海市,上海市,黄浦区,121.46868092885904,31.23706581518589,Toilet
无障碍洗手间,生活服务,公厕,121.473191,31.235074,上海市,上海市,黄浦区,121.46866588360528,31.23702579264405,Toilet
无障碍洗手间,生活服务,公厕,121.473163,31.235075,上海市,上海市,黄浦区,121.46863779264405,31.23702671570272,Toilet
男洗手间,生活服务,公厕,121.463191,31.22775,上海市,上海市,静安区,121.45863549584398,31.22967907685351,Toilet
无障碍洗手间,生活服务,公厕,121.46304,31.227955,上海市,上海市,静安区,121.45848403396128,31.22988360686689,Toilet
无障碍洗手间,生活服务,公厕,121.463335,31.227966,上海市,上海市,静安区,121.45877990155188,31.229895333262547,Toilet
女洗手间,生活服务,公厕,121.463186,31.227779,上海市,上海市,静安区,121.4586304786219,31.229708050892896,Toilet
南京西路地铁站8号口,交通设施,地铁,121.463016,31.227515,上海市,上海市,静安区,121.45846000137836,31.22944375323422,Transport
无障碍洗手间,生活服务,公厕,121.463714,31.227911,上海市,上海市,静安区,121.4591600264829,31.229841302452936,Toilet
无障碍洗手间,生活服务,公厕,121.463593,31.2278,上海市,上海市,静安区,121.45903867789367,31.229730052692616,Toilet
母婴室,生活服务,公厕,121.463433,31.227887,上海市,上海市,静安区,121.45887819755109,31.22981661376352,Toilet
婴儿换洗间,生活服务,公厕,121.463401,31.227814,上海市,上海市,静安区,121.45884610938197,31.22974356833259,Toilet
无障碍洗手间,生活服务,公厕,121.46361,31.228076,上海市,上海市,静安区,121.45905570438528,31.23000596602461,Toilet
无障碍洗手间,生活服务,公厕,121.463181,31.228024,上海市,上海市,静安区,121.45862544277294,31.2299529239536,Toilet
无障碍洗手间,生活服务,公厕,121.463343,31.228507,上海市,上海市,静安区,121.45878787849324,31.23043610037522,Toilet
南京西路地铁站7号口,交通设施,地铁,121.462846,31.228157,上海市,上海市,静安区,121.45828944698468,31.23008503273886,Transport
南京西路地铁站6号口,交通设施,地铁,121.462826,31.228851,上海市,上海市,静安区,121.45826932848216,31.23077865927114,Transport
女洗手间,生活服务,公厕,121.462794,31.228923,上海市,上海市,静安区,121.45823722846998,31.23085054666854,Toilet
男洗手间,生活服务,公厕,121.462788,31.228894,上海市,上海市,静安区,121.4582312133874,31.23082154538946,Toilet
男洗手间,生活服务,公厕,121.462782,31.228928,上海市,上海市,静安区,121.45822519287204,31.230855514715916,Toilet
婴儿换洗间,生活服务,公厕,121.462766,31.22889,上海市,上海市,静安区,121.45820914926855,31.230817492960067,Toilet
女洗手间,生活服务,公厕,121.462807,31.228946,上海市,上海市,静安区,121.45825026458894,31.230873568030088,Toilet
无障碍洗手间,生活服务,公厕,121.4628,31.228891,上海市,上海市,静安区,121.4582432488153,31.23081857641109,Toilet
公厕,生活服务,公厕,121.467559,31.231445,上海市,上海市,黄浦区,121.46301635293996,31.23338345091028,Toilet
无障碍洗手间,生活服务,公厕,121.467475,31.231501,上海市,上海市,黄浦区,121.46293208900497,31.233439206731283,Toilet
无障碍洗手间,生活服务,公厕,121.46746,31.231438,上海市,上海市,黄浦区,121.46291704818324,31.23337619703782,Toilet
无障碍洗手间,生活服务,公厕,121.467464,31.231443,上海市,上海市,黄浦区,121.46292106008455,31.233381205100294,Toilet
无障碍洗手间,生活服务,公厕,121.467508,31.231474,上海市,上海市,黄浦区,121.4629651930985,31.23341230495804,Toilet
无障碍洗手间,生活服务,公厕,121.467413,31.231448,上海市,上海市,黄浦区,121.46286990245883,31.233386070415,Toilet
整形门诊,医疗保健,诊所,121.467481,31.231023,上海市,上海市,黄浦区,121.46293814867032,31.232961444316285,Medical_Service
男洗手间,生活服务,公厕,121.467562,31.231396,上海市,上海市,黄浦区,121.4630193664177,31.23333448145668,Toilet
男洗手间,生活服务,公厕,121.467475,31.231378,上海市,上海市,黄浦区,121.4629320995976,31.233316263838475,Toilet
男洗手间,生活服务,公厕,121.46731,31.231101,上海市,上海市,黄浦区,121.46276661511568,31.23303896445606,Toilet
男洗手间,生活服务,公厕,121.467615,31.231488,上海市,上海市,黄浦区,121.46307252209893,31.233426576501447,Toilet
男洗手间,生活服务,公厕,121.46738,31.231446,上海市,上海市,黄浦区,121.46283680095932,31.23338398573204,Toilet
女洗手间,生活服务,公厕,121.467376,31.231381,上海市,上海市,黄浦区,121.46283279423568,31.23331900553693,Toilet
女洗手间,生活服务,公厕,121.467416,31.231436,上海市,上海市,黄浦区,121.46287291273686,31.233374083770663,Toilet
女洗手间,生活服务,公厕,121.467362,31.231094,上海市,上海市,黄浦区,121.46281877583102,31.23303210253013,Toilet
女洗手间,生活服务,公厕,121.467506,31.231501,上海市,上海市,黄浦区,121.4629631846046,31.23343928722924,Toilet
女洗手间,生活服务,公厕,121.467542,31.231468,上海市,上海市,黄浦区,121.4629992985024,31.23340639606181,Toilet
无障碍洗手间,生活服务,公厕,121.467526,31.231465,上海市,上海市,黄浦区,121.46298324939764,31.233403355889376,Toilet
上海长征医院门诊部,医疗保健,综合医院,121.46744,31.231709,上海市,上海市,黄浦区,121.46289696319238,31.23364701933632,Medical_Service
上海长征医院-门诊处,医疗保健,综合医院,121.467208,31.231763,上海市,上海市,黄浦区,121.46266424427525,31.23370039283905,Medical_Service
无障碍洗手间,生活服务,公厕,121.467141,31.232143,上海市,上海市,黄浦区,121.46259700557992,31.23408004315708,Toilet
无障碍洗手间,生活服务,公厕,121.46736,31.231756,上海市,上海市,黄浦区,121.46281671265822,31.23369378997728,Toilet
无障碍洗手间,生活服务,公厕,121.467332,31.231768,上海市,上海市,黄浦区,121.46278862540107,31.233705711805804,Toilet
无障碍洗手间,生活服务,公厕,121.467231,31.231779,上海市,上海市,黄浦区,121.46268731363384,31.2337164449788,Toilet
无障碍洗手间,生活服务,公厕,121.467312,31.231806,上海市,上海市,黄浦区,121.46276856055482,31.233743642327752,Toilet
无障碍洗手间,生活服务,公厕,121.467296,31.231657,上海市,上海市,黄浦区,121.46275252413758,31.23359466999596,Toilet
无障碍洗手间,生活服务,公厕,121.467286,31.231958,上海市,上海市,黄浦区,121.4627424674365,31.233895504432056,Toilet
母婴室,生活服务,公厕,121.467282,31.2317,上海市,上海市,黄浦区,121.46273847734705,31.23363761375992,Toilet
女洗手间,生活服务,公厕,121.467538,31.231606,上海市,上海市,黄浦区,121.46299527427672,31.23354432161075,Toilet
女洗手间,生活服务,公厕,121.467213,31.231887,上海市,上海市,黄浦区,121.46266924897148,31.23382434825896,Toilet
公厕,生活服务,公厕,121.453089,31.227742,上海市,上海市,静安区,121.44850561650328,31.229647595898587,Toilet
女洗手间,生活服务,公厕,121.453143,31.227697,上海市,上海市,静安区,121.44855975889134,31.229602733602903,Toilet
无障碍洗手间,生活服务,公厕,121.453281,31.227788,上海市,上海市,静安区,121.44869810549253,31.22969398963507,Toilet
无障碍洗手间,生活服务,公厕,121.453492,31.227775,上海市,上海市,静安区,121.44890965011092,31.22968145352238,Toilet
女洗手间,生活服务,公厕,121.453036,31.227735,上海市,上海市,静安区,121.44845248129543,31.229640484771444,Toilet
男洗手间,生活服务,公厕,121.4531,31.227742,上海市,上海市,静安区,121.44851664470544,31.22964761965433,Toilet
男洗手间,生活服务,公厕,121.453129,31.227837,上海市,上海市,静安区,121.44854571086096,31.229742637880918,Toilet
母婴室,生活服务,公厕,121.453404,31.227842,上海市,上海市,静安区,121.44882141742288,31.22974823107314,Toilet
母婴室,生活服务,公厕,121.453448,31.227783,上海市,上海市,静安区,121.44886553593346,31.229689354187627,Toilet
婴儿换洗间,生活服务,公厕,121.452902,31.227689,上海市,上海市,静安区,121.44831814241344,31.229594217479708,Toilet
无障碍洗手间,生活服务,公厕,121.45378,31.227897,上海市,上海市,静安区,121.44919838431989,31.229804023829363,Toilet
男洗手间,生活服务,公厕,121.453862,31.227896,上海市,上海市,静安区,121.44928059707422,31.229803203437807,Toilet
女洗手间,生活服务,公厕,121.453837,31.227974,上海市,上海市,静安区,121.44925552546032,31.22988111233448,Toilet
男洗手间,生活服务,公厕,121.453807,31.227892,上海市,上海市,静安区,121.449225454747,31.2297990851269,Toilet
无障碍洗手间,生活服务,公厕,121.453973,31.227548,上海市,上海市,静安区,121.44939191549,31.229455609047665,Toilet
梅陇镇伊势丹-洗手间,生活服务,公厕,121.457408,31.228954,上海市,上海市,静安区,121.45283595849806,31.230868672114145,Toilet
梅龙镇商厦-女洗手间,生活服务,公厕,121.45692,31.229201,上海市,上海市,静安区,121.45234660702776,31.231114436452103,Toilet
无障碍洗手间,生活服务,公厕,121.456923,31.229348,上海市,上海市,静安区,121.45234960247248,31.231261374777077,Toilet
无障碍洗手间,生活服务,公厕,121.456619,31.229269,上海市,上海市,静安区,121.4520447852994,31.231181717499663,Toilet
无障碍洗手间,生活服务,公厕,121.456955,31.229405,上海市,上海市,静安区,121.452381684491,31.231318421444914,Toilet
颜术上海门诊部,医疗保健,诊所,121.457071,31.229485,上海市,上海市,静安区,121.4524979930828,31.2313986499272,Medical_Service
无障碍洗手间,生活服务,公厕,121.456971,31.229347,上海市,上海市,静安区,121.4523977329907,31.231260485114344,Toilet
男洗手间,生活服务,公厕,121.456849,31.229264,上海市,上海市,静安区,121.452275408824,31.231177244702177,Toilet
女洗手间,生活服务,公厕,121.456894,31.229373,上海市,上海市,静安区,121.45232052155234,31.231286296778485,Toilet
女洗手间,生活服务,公厕,121.4569,31.229304,上海市,上海市,静安区,121.45232654380806,31.23121734267019,Toilet
西藏北路海宁路,交通设施,公交站,121.471501,31.242867,上海市,上海市,静安区,121.46696976555592,31.24481064377989,Transport
曲阜路地铁站1号口,交通设施,地铁,121.471768,31.242884,上海市,上海市,静安区,121.46723761972969,31.24482835621624,Transport
无障碍洗手间,生活服务,公厕,121.472574,31.242881,上海市,上海市,静安区,121.46804621462924,31.24482754125236,Toilet
无障碍洗手间,生活服务,公厕,121.472071,31.242947,上海市,上海市,静安区,121.46754158766475,31.244892146843952,Toilet
无障碍洗手间,生活服务,公厕,121.472075,31.243023,上海市,上海市,静安区,121.46754559399434,31.24496812320526,Toilet
无障碍洗手间,生活服务,公厕,121.472166,31.242953,上海市,上海市,静安区,121.46763689283688,31.244898401393904,Toilet
无障碍洗手间,生活服务,公厕,121.472079,31.242913,上海市,上海市,静安区,121.4675496163218,31.244858183922357,Toilet
无障碍洗手间,生活服务,公厕,121.472127,31.242996,上海市,上海市,静安区,121.46759776361615,31.244941276251275,Toilet
无障碍洗手间,生活服务,公厕,121.4721,31.24298,上海市,上海市,静安区,121.46757067811608,31.244925210391283,Toilet
无障碍洗手间,生活服务,公厕,121.472168,31.243,上海市,上海市,静安区,121.4676388952328,31.24494538549676,Toilet
无障碍洗手间,生活服务,公厕,121.472606,31.242985,上海市,上海市,静安区,121.4680783090582,31.24493158107704,Toilet
无障碍洗手间,生活服务,公厕,121.472538,31.242961,上海市,上海市,静安区,121.46801009148886,31.24490740712356,Toilet
婴儿换洗间/哺乳室/母婴室,生活服务,公厕,121.472461,31.243093,上海市,上海市,静安区,121.46793283158364,31.2450391380863,Toilet
女洗手间,生活服务,公厕,121.472605,31.243048,上海市,上海市,静安区,121.46807730041002,31.244994549788537,Toilet
男洗手间,生活服务,公厕,121.472586,31.243052,上海市,上海市,静安区,121.46805823868608,31.24499849631892,Toilet
女洗手间,生活服务,公厕,121.47258,31.243055,上海市,上海市,静安区,121.46805221904692,31.24500147864787,Toilet
女洗手间,生活服务,公厕,121.472575,31.243037,上海市,上海市,静安区,121.46804720444456,31.24498347321845,Toilet
婴儿换洗间/哺乳室/母婴室,生活服务,公厕,121.472594,31.242909,上海市,上海市,静安区,121.4680662768258,31.244855582921005,Toilet
无障碍洗手间,生活服务,公厕,121.472564,31.242946,上海市,上海市,静安区,121.46803617674162,31.244892484588068,Toilet
无障碍洗手间,生活服务,公厕,121.472127,31.24376,上海市,上海市,静安区,121.46759769790644,31.24570493005128,Toilet
无障碍洗手间,生活服务,公厕,121.472109,31.243729,上海市,上海市,静安区,121.46757964265262,31.24567389534196,Toilet
无障碍洗手间,生活服务,公厕,121.47216,31.243726,上海市,上海市,静安区,121.4676308070402,31.24567103483266,Toilet
无障碍洗手间,生活服务,公厕,121.472164,31.243636,上海市,上海市,静安区,121.46763482765674,31.24558108642586,Toilet
无障碍洗手间,生活服务,公厕,121.47214,31.243707,上海市,上海市,静安区,121.46761074430148,31.245651989259777,Toilet
无障碍洗手间,生活服务,公厕,121.471812,31.243755,上海市,上海市,静安区,121.46728168599876,31.245699080313653,Toilet
无障碍洗手间,生活服务,公厕,121.471876,31.243707,上海市,上海市,静安区,121.46734589559132,31.245651274972325,Toilet
无障碍洗手间,生活服务,公厕,121.471899,31.243673,上海市,上海市,静安区,121.46736897238152,31.24561735253622,Toilet
无障碍洗手间,生活服务,公厕,121.471797,31.243692,上海市,上海市,静安区,121.46726664327852,31.245636068325208,Toilet
无障碍洗手间,生活服务,公厕,121.471882,31.24364,上海市,上海市,静安区,121.46735192062232,31.245584321530348,Toilet
女洗手间,生活服务,公厕,121.471784,31.24368,上海市,上海市,静安区,121.46725360259488,31.245624038649943,Toilet
女洗手间,生活服务,公厕,121.471809,31.243681,上海市,上海市,静安区,121.4672786827358,31.24562510571865,Toilet
女洗手间,生活服务,公厕,121.471849,31.243702,上海市,上海市,静安区,121.46731880932788,31.245646204272877,Toilet
女洗手间,生活服务,公厕,121.471822,31.243653,上海市,上海市,静安区,121.46729172686904,31.24559715351572,Toilet
女洗手间,生活服务,公厕,121.471852,31.243657,上海市,上海市,静安区,121.46732182283029,31.24560123275759,Toilet
女洗手间,生活服务,公厕,121.471807,31.24368,上海市,上海市,静安区,121.46727667640305,31.245624100769263,Toilet
无障碍洗手间,生活服务,公厕,121.471669,31.243795,上海市,上海市,静安区,121.4671382238776,31.245738676161384,Toilet
无障碍洗手间,生活服务,公厕,121.471642,31.243803,上海市,上海市,静安区,121.467111136648,31.24574659970259,Toilet
女洗手间,生活服务,公厕,121.471748,31.243719,上海市,上海市,静安区,121.46721748374318,31.24566292378318,Toilet
女洗手间,生活服务,公厕,121.471804,31.24378,上海市,上海市,静安区,121.46727365817316,31.245724047385394,Toilet
女洗手间,生活服务,公厕,121.472381,31.243782,上海市,上海市,静安区,121.46785251425936,31.24572760872141,Toilet
女洗手间,生活服务,公厕,121.472462,31.244229,上海市,上海市,静安区,121.46793373711758,31.24617462633837,Toilet
男洗手间,生活服务,公厕,121.4725,31.244236,上海市,上海市,静安区,121.4679718591614,31.246181726387416,Toilet
男洗手间,生活服务,公厕,121.472514,31.244255,上海市,上海市,静安区,121.46798590272245,31.24620075582815,Toilet
男洗手间,生活服务,公厕,121.472473,31.244222,上海市,上海市,静安区,121.46794477321836,31.24616765937956,Toilet
哺乳室,生活服务,公厕,121.472503,31.244291,上海市,上海市,静安区,121.46797486411572,31.24623670966084,Toilet
男洗手间,生活服务,公厕,121.472324,31.243774,上海市,上海市,静安区,121.46779533117495,31.24571945768301,Toilet
无障碍洗手间,生活服务,公厕,121.472304,31.243802,上海市,上海市,静安区,121.46777526430594,31.24574739075624,Toilet
女洗手间,生活服务,公厕,121.472401,31.244375,上海市,上海市,静安区,121.46787252776308,31.24632039468701,Toilet
女洗手间,生活服务,公厕,121.472526,31.244379,上海市,上海市,静安区,121.46799793080147,31.2463247323539,Toilet
男洗手间,生活服务,公厕,121.47252,31.244284,上海市,上海市,静安区,121.4679919195994,31.24622975901355,Toilet
男洗手间,生活服务,公厕,121.472307,31.244424,上海市,上海市,静安区,121.46777822047996,31.246369117473453,Toilet
九江路福建中路,交通设施,公交站,121.482468,31.235901,上海市,上海市,黄浦区,121.47797392875904,31.23787858422208,Transport
男洗手间,生活服务,公厕,121.481998,31.236021,上海市,上海市,黄浦区,121.4775022991723,31.237997167786148,Toilet
女洗手间,生活服务,公厕,121.482253,31.23617,上海市,上海市,黄浦区,121.47775816448164,31.238146837378704,Toilet
男洗手间,生活服务,公厕,121.481945,31.236091,上海市,上海市,黄浦区,121.47744911082415,31.23806698228856,Toilet
无障碍洗手间,生活服务,公厕,121.482238,31.236289,上海市,上海市,黄浦区,121.4777431026068,31.23826573920738,Toilet
无障碍洗手间,生活服务,公厕,121.482144,31.236172,上海市,上海市,黄浦区,121.47764878883426,31.23814852082596,Toilet
无障碍洗手间,生活服务,公厕,121.482147,31.236197,上海市,上海市,黄浦区,121.47765179702452,31.23817351801281,Toilet
蔡同德堂中医门诊部,医疗保健,诊所,121.481717,31.236468,上海市,上海市,黄浦区,121.47722029465628,31.238443149954257,Medical_Service
男洗手间,生活服务,公厕,121.484284,31.236798,上海市,上海市,黄浦区,121.47979614476344,31.238780460655445,Toilet
公厕,生活服务,公厕,121.484316,31.23676,上海市,上海市,黄浦区,121.47982825939368,31.23874257170619,Toilet
公厕,生活服务,公厕,121.484236,31.236797,上海市,上海市,黄浦区,121.47974797781193,31.238779320747607,Toilet
公厕,生活服务,公厕,121.484218,31.236778,上海市,上海市,黄浦区,121.47972991680848,31.23876027684549,Toilet
南JD路地铁站3号口,交通设施,地铁,121.484128,31.237098,上海市,上海市,黄浦区,121.4796395763565,31.23907986680961,Transport
无障碍洗手间,生活服务,公厕,121.484611,31.237709,上海市,上海市,黄浦区,121.48012420574058,31.23969199962094,Toilet
无障碍洗手间,生活服务,公厕,121.484516,31.237717,上海市,上海市,黄浦区,121.48002887399836,31.239699717770392,Toilet
南JD路地铁站2号口,交通设施,地铁,121.484605,31.237803,上海市,上海市,黄浦区,121.48011817678476,31.23978593895333,Transport
公共厕所,生活服务,公厕,121.484161,31.237578,上海市,上海市,黄浦区,121.4796726500572,31.23955974301653,Toilet
无障碍洗手间,生活服务,公厕,121.484133,31.237767,上海市,上海市,黄浦区,121.4796445364952,31.239748574514504,Toilet
女洗手间,生活服务,公厕,121.484079,31.237871,上海市,上海市,黄浦区,121.47959033981093,31.239852369037383,Toilet
母婴室,生活服务,公厕,121.485233,31.238187,上海市,上海市,黄浦区,121.4807483358928,31.24017160474354,Toilet
无障碍洗手间,生活服务,公厕,121.485974,31.238437,上海市,上海市,黄浦区,121.48149190858504,31.24042366961236,Toilet
无障碍洗手间,生活服务,公厕,121.485663,31.238429,上海市,上海市,黄浦区,121.4811798195349,31.240414757795083,Toilet
无障碍洗手间,生活服务,公厕,121.485597,31.238451,上海市,上海市,黄浦区,121.48111358657454,31.24043655358862,Toilet
无障碍洗手间,生活服务,公厕,121.486142,31.238579,上海市,上海市,黄浦区,121.48166048569522,31.240566099617894,Toilet
无障碍洗手间,生活服务,公厕,121.485842,31.238625,上海市,上海市,黄浦区,121.48135942981057,31.240611194855887,Toilet
无障碍洗手间,生活服务,公厕,121.48611,31.238548,上海市,上海市,黄浦区,121.48162837607596,31.24053501949449,Toilet
无障碍洗手间,生活服务,公厕,121.4859,31.238627,上海市,上海市,黄浦区,121.48141763291488,31.240613364709176,Toilet
无障碍洗手间,生活服务,公厕,121.485876,31.238637,上海市,上海市,黄浦区,121.4813935479398,31.24062328946516,Toilet
无障碍洗手间,生活服务,公厕,121.485877,31.238669,上海市,上海市,黄浦区,121.48139454870804,31.240655277765764,Toilet
无障碍洗手间,生活服务,公厕,121.485832,31.238639,上海市,上海市,黄浦区,121.48134939357078,31.24062515901011,Toilet
女洗手间,生活服务,公厕,121.486183,31.23861,上海市,上海市,黄浦区,121.481701626912,31.24059720628473,Toilet
男洗手间,生活服务,公厕,121.486099,31.238523,上海市,上海市,黄浦区,121.48161733962424,31.240509998520608,Toilet
男洗手间,生活服务,公厕,121.485635,31.238739,上海市,上海市,黄浦区,121.4811516949804,31.240724533547404,Toilet
男洗手间,生活服务,公厕,121.486059,31.23853,上海市,上海市,黄浦区,121.48157719871524,31.240516877448005,Toilet
男洗手间,生活服务,公厕,121.485909,31.238625,上海市,上海市,黄浦区,121.48142666463303,31.24061139212657,Toilet
男洗手间,生活服务,公厕,121.486083,31.238523,上海市,上海市,黄浦区,121.48160128349733,31.240509951371006,Toilet
无障碍洗手间,生活服务,公厕,121.485445,31.238732,上海市,上海市,黄浦区,121.48096103060487,31.240716978083203,Toilet
公厕,生活服务,公厕,121.480923,31.244904,上海市,上海市,静安区,121.47642284943088,31.24687301705112,Toilet
男洗手间,生活服务,公厕,121.480948,31.244943,上海市,上海市,静安区,121.47644793162694,31.246912071348152,Toilet
山西北路七浦路,交通设施,公交站,121.480012,31.24576,上海市,上海市,静安区,121.47550866729148,31.24772601704355,Transport
KFC,生活服务,公厕,121.480598,31.245704,上海市,上海市,静安区,121.4760966699416,31.247671722028493,Toilet
男洗手间,生活服务,公厕,121.480927,31.246517,上海市,上海市,静安区,121.47642672485668,31.24848530120336,Toilet
虹口足球场地铁站2号口,交通设施,地铁,121.478618,31.269693,上海市,上海市,虹口区,121.47410788841276,31.27164453242481,Transport
女洗手间,生活服务,公厕,121.478633,31.270145,上海市,上海市,虹口区,121.47412290023372,31.27209638195089,Toilet
男洗手间,生活服务,公厕,121.478609,31.270138,上海市,上海市,虹口区,121.4740988198201,31.27208931682606,Toilet
母婴室,生活服务,公厕,121.478683,31.270252,上海市,上海市,虹口区,121.47417305986548,31.27220347821657,Toilet
母婴室,生活服务,公厕,121.478575,31.270231,上海市,上海市,虹口区,121.4740646970838,31.272182180655523,Toilet
花园路西江湾路,交通设施,公交站,121.477888,31.270117,上海市,上海市,虹口区,121.4733753935786,31.272066284318797,Transport
女洗手间,生活服务,公厕,121.476823,31.270812,上海市,上海市,虹口区,121.4723067683036,31.272757989661766,Toilet
女洗手间,生活服务,公厕,121.476876,31.270836,上海市,上海市,虹口区,121.47235994307827,31.272782128141458,Toilet
男洗手间,生活服务,公厕,121.476919,31.270776,上海市,上海市,虹口区,121.47240309175312,31.272722274401524,Toilet
男洗手间,生活服务,公厕,121.47687,31.270797,上海市,上海市,虹口区,121.47235392640728,31.27274312792495,Toilet
女洗手间,生活服务,公厕,121.477162,31.270473,上海市,上海市,虹口区,121.47264692962597,31.27242008627653,Toilet
无障碍洗手间,生活服务,公厕,121.477133,31.270944,上海市,上海市,虹口区,121.4726177921985,31.27289080396364,Toilet
无障碍洗手间,生活服务,公厕,121.477139,31.270884,上海市,上海市,虹口区,121.47262381741253,31.272830846395586,Toilet
男洗手间,生活服务,公厕,121.477381,31.270567,上海市,上海市,虹口区,121.47286665434576,31.272514662388318,Toilet
女洗手间,生活服务,公厕,121.478495,31.271197,上海市,上海市,虹口区,121.473984344221,31.27314754194132,Toilet
女洗手间,生活服务,公厕,121.478542,31.271248,上海市,上海市,虹口区,121.474031498394,31.273198653530237,Toilet
男洗手间,生活服务,公厕,121.478477,31.271222,上海市,上海市,虹口区,121.4739662813641,31.273172480254782,Toilet
男洗手间,生活服务,公厕,121.47852,31.271202,上海市,上海市,虹口区,121.47400942812236,31.27315261071345,Toilet
无障碍洗手间,生活服务,公厕,121.477737,31.271381,上海市,上海市,虹口区,121.4732237779171,31.273329319172245,Toilet
无障碍洗手间,生活服务,公厕,121.477661,31.271487,上海市,上海市,虹口区,121.47314751378023,31.27343505962479,Toilet
女洗手间,生活服务,公厕,121.477632,31.271491,上海市,上海市,虹口区,121.47311841615598,31.27343897612524,Toilet
女洗手间,生活服务,公厕,121.477622,31.271434,上海市,上海市,虹口区,121.47310838751226,31.273381972177617,Toilet
女洗手间,生活服务,公厕,121.477658,31.271483,上海市,上海市,虹口区,121.47314450405952,31.273431052864268,Toilet
男洗手间,生活服务,公厕,121.369101,31.208998,上海市,上海市,长宁区,121.36447749152477,31.210878281658182,Toilet
无障碍洗手间,生活服务,公厕,121.370019,31.209249,上海市,上海市,长宁区,121.3653941138546,31.21112799790902,Toilet
洗手间,生活服务,公厕,121.408372,31.20702,上海市,上海市,长宁区,121.40372364574912,31.208879451034225,Toilet
无障碍洗手间,生活服务,公厕,121.407615,31.207248,上海市,上海市,长宁区,121.40296638945384,31.209107150491292,Toilet
遵义路仙霞路,交通设施,公交站,121.406337,31.205788,上海市,上海市,长宁区,121.40168818635594,31.207647598540365,Transport
女洗手间,生活服务,公厕,121.402536,31.209343,上海市,上海市,长宁区,121.39788640268004,31.211200525826825,Toilet
女洗手间,生活服务,公厕,121.40277,31.209166,上海市,上海市,长宁区,121.39812042542252,31.21102361429313,Toilet
仁吉金虹诊所,医疗保健,诊所,121.403231,31.209191,上海市,上海市,长宁区,121.3985814460262,31.21104861482732,Medical_Service
上海安法门诊部,医疗保健,诊所,121.403158,31.209069,上海市,上海市,长宁区,121.3985084523082,31.210926671251467,Medical_Service
茅台路娄山关路,交通设施,公交站,121.40256,31.209734,上海市,上海市,长宁区,121.39791036923437,31.211591336881703,Transport
无障碍洗手间,生活服务,公厕,121.407753,31.207768,上海市,上海市,长宁区,121.40310438499152,31.2096269307419,Toilet
女洗手间,生活服务,公厕,121.407609,31.207795,上海市,上海市,长宁区,121.40296034005,31.209653883565583,Toilet
女洗手间,生活服务,公厕,121.407754,31.208167,上海市,上海市,长宁区,121.40310535053229,31.21002573745134,Toilet
女洗手间,生活服务,公厕,121.407528,31.207861,上海市,上海市,长宁区,121.40287931082678,31.209719832787624,Toilet
女洗手间,生活服务,公厕,121.407603,31.207737,上海市,上海市,长宁区,121.40295434335194,31.20959591030824,Toilet
男洗手间,生活服务,公厕,121.407809,31.208137,上海市,上海市,长宁区,121.40316036970556,31.209995765261752,Toilet
男洗手间,生活服务,公厕,121.407583,31.207777,上海市,上海市,长宁区,121.40293433404544,31.20963588624595,Toilet
男洗手间,生活服务,公厕,121.407612,31.207819,上海市,上海市,长宁区,121.40296333883532,31.209677872621764,Toilet
男洗手间,生活服务,公厕,121.40756,31.207782,上海市,上海市,长宁区,121.40291132694084,31.209640878490635,Toilet
男洗手间,生活服务,公厕,121.407579,31.207841,上海市,上海市,长宁区,121.40293032730824,31.209699854266265,Toilet
哺乳室,生活服务,公厕,121.407796,31.207819,上海市,上海市,长宁区,121.40314739347949,31.209677916353822,Toilet
金虹桥商场-洗手间,生活服务,公厕,121.401642,31.209345,上海市,上海市,长宁区,121.39699240077796,31.211202536410045,Toilet
女洗手间,生活服务,公厕,121.40166,31.209419,上海市,上海市,长宁区,121.397010393956,31.211276500026777,Toilet
女洗手间,生活服务,公厕,121.401909,31.208946,上海市,上海市,长宁区,121.39725943170394,31.210803722390622,Toilet
上海颈医卫脊虹中医诊所,医疗保健,诊所,121.402119,31.209272,上海市,上海市,长宁区,121.39746940288786,31.211129561178467,Medical_Service
茅台路古北路,交通设施,公交站,121.40172,31.209799,上海市,上海市,长宁区,121.397070359721,31.21165631441696,Transport
男洗手间,生活服务,公厕,121.401567,31.209408,上海市,上海市,长宁区,121.39691739703242,31.211265508501462,Toilet
女洗手间,生活服务,公厕,121.401463,31.209462,上海市,上海市,长宁区,121.39681339522792,31.21131948635477,Toilet
儿童医院,医疗保健,综合医院,121.386434,31.226785,上海市,上海市,普陀区,121.3817890326228,31.228639673418712,Medical_Service
公厕,生活服务,公厕,121.386725,31.226647,上海市,上海市,普陀区,121.3820798214406,31.22850154445959,Toilet
女洗手间,生活服务,公厕,121.386448,31.226663,上海市,上海市,普陀区,121.38180303242038,31.228517721184776,Toilet
男洗手间,生活服务,公厕,121.386543,31.226632,上海市,上海市,普陀区,121.38189796188288,31.22848667218893,Toilet
儿童医院门诊,医疗保健,综合医院,121.386847,31.226659,上海市,上海市,普陀区,121.38220172799184,31.228513458659265,Medical_Service
儿童保健科教室,医疗保健,综合医院,121.386958,31.226465,上海市,上海市,普陀区,121.38231266142036,31.228319477139653,Medical_Service
儿童保健科测量室,医疗保健,综合医院,121.386956,31.226539,上海市,上海市,普陀区,121.3823106564737,31.228393443756502,Medical_Service
公厕,生活服务,公厕,121.386939,31.226637,上海市,上海市,普陀区,121.3822936606856,31.228491408895025,Toilet
儿童医院特需门诊,医疗保健,综合医院,121.387078,31.226802,上海市,上海市,普陀区,121.3824325424767,31.228656241464503,Medical_Service
病房,医疗保健,综合医院,121.387063,31.22733,上海市,上海市,普陀区,121.38241750764756,31.229184003948344,Medical_Service
诊室8,医疗保健,综合医院,121.386965,31.226975,上海市,上海市,普陀区,121.38231961175356,31.2288292336501,Medical_Service
诊室6,医疗保健,综合医院,121.386899,31.227014,上海市,上海市,普陀区,121.38225365789629,31.228868258382036,Medical_Service
抢救室,医疗保健,综合医院,121.387297,31.227264,上海市,上海市,普陀区,121.3826513404666,31.22911788470041,Medical_Service
中医诊室6,医疗保健,综合医院,121.386875,31.226912,上海市,上海市,普陀区,121.38222968484556,31.22876632182398,Medical_Service
神经科诊室7,医疗保健,综合医院,121.386929,31.226944,上海市,上海市,普陀区,121.3822836414502,31.22879827159692,Medical_Service
急诊挂号收费,医疗保健,综合医院,121.386978,31.22697,上海市,上海市,普陀区,121.38233260245522,31.228824227543296,Medical_Service
公厕,生活服务,公厕,121.387325,31.227282,上海市,上海市,普陀区,121.38267931837788,31.229135858457006,Toilet
公厕,生活服务,公厕,121.387276,31.227262,上海市,上海市,普陀区,121.38263035605551,31.22911589902136,Toilet
公厕,生活服务,公厕,121.387258,31.227261,上海市,上海市,普陀区,121.38261236937166,31.229114910976097,Toilet
公厕,生活服务,公厕,121.386929,31.226888,上海市,上海市,普陀区,121.38228364632798,31.228742297823278,Toilet
公厕,生活服务,公厕,121.387073,31.227293,上海市,上海市,普陀区,121.3824275034279,31.229147014802795,Toilet
公厕,生活服务,公厕,121.387251,31.227275,上海市,上海市,普陀区,121.38260537330088,31.229128908894506,Toilet
公厕,生活服务,公厕,121.38725,31.227194,上海市,上海市,普陀区,121.38260438109224,31.229047947444485,Toilet
公厕,生活服务,公厕,121.38727,31.227254,上海市,上海市,普陀区,121.38262436116035,31.229107906592983,Toilet
儿童医院急诊,医疗保健,综合医院,121.386907,31.226999,上海市,上海市,普陀区,121.38226165318716,31.228853260185154,Medical_Service
儿童医院普内科诊室13号楼,医疗保健,综合医院,121.387027,31.227091,上海市,上海市,普陀区,121.3823815552974,31.228945139105125,Medical_Service
儿童医院特需部,医疗保健,综合医院,121.38711,31.226908,上海市,上海市,普陀区,121.38246450946656,31.228762171175543,Medical_Service
男洗手间,生活服务,公厕,121.386933,31.227009,上海市,上海市,普陀区,121.38228763278592,31.22886323855333,Toilet
ECT,医疗保健,综合医院,121.386295,31.227119,上海市,上海市,普陀区,121.38165011153588,31.228973610666767,Medical_Service
8床病房,医疗保健,综合医院,121.386619,31.227133,上海市,上海市,普陀区,121.38197385995782,31.22898738698036,Medical_Service
微生物室,医疗保健,综合医院,121.386311,31.227179,上海市,上海市,普陀区,121.38166609383228,31.229033571760297,Medical_Service
标本接收,医疗保健,综合医院,121.386411,31.227213,上海市,上海市,普陀区,121.3817660131539,31.22906748845181,Medical_Service
挂号取药,医疗保健,综合医院,121.386624,31.227383,上海市,上海市,普陀区,121.3819788343572,31.229237266657613,Medical_Service
流式细胞室,医疗保健,综合医院,121.386244,31.227103,上海市,上海市,普陀区,121.38159915278146,31.22895765271149,Medical_Service
静脉采血处,医疗保健,综合医院,121.386455,31.227304,上海市,上海市,普陀区,121.38180997117936,31.22915841633353,Medical_Service
住院部婴儿室,医疗保健,综合医院,121.386676,31.227342,上海市,上海市,普陀区,121.3820307982136,31.22919625138928,Medical_Service
普内科诊室1,医疗保健,综合医院,121.386852,31.227159,上海市,上海市,普陀区,121.38220668066856,31.229013221218832,Medical_Service
放射科磁共振室,医疗保健,综合医院,121.386282,31.22688,上海市,上海市,普陀区,121.38163714249902,31.228734731377145,Medical_Service
心脏科食管调搏室,医疗保健,综合医院,121.386249,31.22691,上海市,上海市,普陀区,121.38160416567878,31.22876473969061,Medical_Service
公厕,生活服务,公厕,121.386288,31.227298,上海市,上海市,普陀区,121.3816431014081,31.229152531620382,Toilet
公厕,生活服务,公厕,121.386478,31.22713,上海市,上海市,普陀区,121.38183296857238,31.228984482369817,Toilet
公厕,生活服务,公厕,121.386313,31.227028,上海市,上海市,普陀区,121.38166810542516,31.228882641100306,Toilet
公厕,生活服务,公厕,121.386579,31.227262,上海市,上海市,普陀区,121.38193387936649,31.22911635318189,Toilet
公厕,生活服务,公厕,121.386607,31.227343,上海市,上海市,普陀区,121.3819618508522,31.22919729666115,Toilet
公厕,生活服务,公厕,121.386426,31.227254,上海市,上海市,普陀区,121.3817809979653,31.22910845918701,Toilet
公厕,生活服务,公厕,121.386307,31.227279,上海市,上海市,普陀区,121.38166208824076,31.229133527659897,Toilet
公厕,生活服务,公厕,121.386285,31.227301,上海市,上海市,普陀区,121.38164010348868,31.22915553224705,Toilet
公厕,生活服务,公厕,121.386831,31.227316,上海市,上海市,普陀区,121.38218568284472,31.229170161492192,Toilet
男洗手间,生活服务,公厕,121.386836,31.227332,上海市,上海市,普陀区,121.38219067767508,31.229186150728285,Toilet
女洗手间,生活服务,公厕,121.386748,31.227278,上海市,上海市,普陀区,121.38210274900632,31.229132233811104,Toilet
儿童医院心脏科诊室2号楼,医疗保健,综合医院,121.386466,31.226848,上海市,上海市,普陀区,121.38182100239844,31.22870262245436,Medical_Service
儿童医院普内科诊室2号楼,医疗保健,综合医院,121.386908,31.227083,上海市,上海市,普陀区,121.3822626451188,31.22893722020276,Medical_Service
儿童医院住院部,医疗保健,综合医院,121.386528,31.227358,上海市,上海市,普陀区,121.38188291018466,31.229212342241343,Medical_Service
儿童医院发热门诊,医疗保健,综合医院,121.386375,31.227403,上海市,上海市,普陀区,121.38173002452976,31.22925742375373,Medical_Service
住院部诊室2,医疗保健,综合医院,121.386657,31.227307,上海市,上海市,普陀区,121.38201181575874,31.229161280344066,Medical_Service
儿童医院肠道门诊,医疗保健,综合医院,121.386545,31.227313,上海市,上海市,普陀区,121.3818999010308,31.22916735195938,Medical_Service
女洗手间,生活服务,公厕,121.386377,31.227054,上海市,上海市,普陀区,121.3817320533743,31.228908585754333,Toilet
女洗手间,生活服务,公厕,121.38654,31.227327,上海市,上海市,普陀区,121.38189490365512,31.229181348741918,Toilet
女洗手间,生活服务,公厕,121.386836,31.227311,上海市,上海市,普陀区,121.38219067950423,31.229165160555443,Toilet
女洗手间,生活服务,公厕,121.386287,31.227219,上海市,上海市,普陀区,121.38164210906945,31.22907356927052,Toilet
男洗手间,生活服务,公厕,121.386795,31.227344,上海市,上海市,普陀区,121.3821497076274,31.229198172010115,Toilet
男洗手间,生活服务,公厕,121.38656,31.227285,上海市,上海市,普陀区,121.38191489194544,31.229139355066764,Toilet
女洗手间,生活服务,公厕,121.382674,31.244872,上海市,上海市,普陀区,121.37803069062834,31.24672114907764,Toilet
女洗手间,生活服务,公厕,121.382746,31.244872,上海市,上海市,普陀区,121.37810262270357,31.246721090424984,Toilet
无障碍洗手间,生活服务,公厕,121.382956,31.245738,上海市,上海市,普陀区,121.37831235046114,31.247586529723343,Toilet
女洗手间,生活服务,公厕,121.382927,31.245734,上海市,上海市,普陀区,121.37828337786908,31.24758255489701,Toilet
男洗手间,生活服务,公厕,121.383181,31.24603,上海市,上海市,普陀区,121.37853711635354,31.247878217890086,Toilet
男洗手间,生活服务,公厕,121.382903,31.245757,上海市,上海市,普陀区,121.37825939828764,31.247605563893945,Toilet
上海爱康国宾中环一品门诊部,医疗保健,诊所,121.384877,31.245713,上海市,上海市,普陀区,121.38023164447416,31.247560064283512,Medical_Service
女洗手间,生活服务,公厕,121.497847,31.225626,上海市,上海市,黄浦区,121.49340838527064,31.22765417522351,Toilet
男洗手间,生活服务,公厕,121.497777,31.225599,上海市,上海市,黄浦区,121.4933381348186,31.2276269761018,Toilet
无障碍洗手间,生活服务,公厕,121.498412,31.225336,上海市,上海市,黄浦区,121.49397545049554,31.22736602129562,Toilet
无障碍洗手间,生活服务,公厕,121.49835,31.225377,上海市,上海市,黄浦区,121.4939132230462,31.22740681437868,Toilet
无障碍洗手间,生活服务,公厕,121.498201,31.225403,上海市,上海市,黄浦区,121.4937636826422,31.227432351214027,Toilet
女洗手间,生活服务,公厕,121.498467,31.225271,上海市,上海市,黄浦区,121.49403065470716,31.227301218310224,Toilet
女洗手间,生活服务,公厕,121.497979,31.22565,上海市,上海市,黄浦区,121.49354085988196,31.227678563374496,Toilet
男洗手间,生活服务,公厕,121.497949,31.225615,上海市,上海市,黄浦区,121.49351075452348,31.22764348903077,Toilet
母婴室,生活服务,公厕,121.497882,31.225578,上海市,上海市,黄浦区,121.4934435157323,31.227606303670715,Toilet
无障碍洗手间,生活服务,公厕,121.49801,31.226154,上海市,上海市,黄浦区,121.49357192897337,31.22818242061815,Toilet
无障碍洗手间,生活服务,公厕,121.498515,31.226226,上海市,上海市,黄浦区,121.49407874692216,31.22825591521161,Toilet
无障碍洗手间,生活服务,公厕,121.498547,31.226136,上海市,上海市,黄浦区,121.49411087018082,31.22816605429165,Toilet
无障碍洗手间,生活服务,公厕,121.498546,31.225882,上海市,上海市,黄浦区,121.49410988816182,31.22791217046129,Toilet
女洗手间,生活服务,公厕,121.497879,31.226138,上海市,上海市,黄浦区,121.49344045727776,31.22816603172175,Toilet
女洗手间,生活服务,公厕,121.497972,31.226067,上海市,上海市,黄浦区,121.4935337991438,31.228095346447123,Toilet
男洗手间,生活服务,公厕,121.497873,31.226103,上海市,上海市,黄浦区,121.49343443858874,31.228131029987765,Toilet
男洗手间,生活服务,公厕,121.497922,31.226033,上海市,上海市,黄浦区,121.49348362147902,31.22806121110223,Toilet
母婴室,生活服务,公厕,121.497873,31.226172,上海市,上海市,黄浦区,121.49343443272096,31.228199997615693,Toilet
洗手间,生活服务,公厕,121.497885,31.225855,上海市,上海市,黄浦区,121.4934465030094,31.227883182685453,Toilet
无障碍洗手间,生活服务,公厕,121.497911,31.226113,上海市,上海市,黄浦区,121.49347257495464,31.22814114027951,Toilet
女洗手间,生活服务,公厕,121.497853,31.226249,上海市,上海市,黄浦区,121.49341435395546,31.228276900978766,Toilet
男洗手间,生活服务,公厕,121.497794,31.226136,上海市,上海市,黄浦区,121.49335515053124,31.228163775468367,Toilet
公厕,生活服务,公厕,121.497671,31.248731,上海市,上海市,虹口区,121.49322978399375,31.250748038551173,Toilet
无障碍洗手间,生活服务,公厕,121.497396,31.248628,上海市,上海市,虹口区,121.4929537998406,31.25064425278685,Toilet
女洗手间,生活服务,公厕,121.497361,31.248649,上海市,上海市,虹口区,121.4929186717001,31.250665137506605,Toilet
女洗手间,生活服务,公厕,121.49741,31.248625,上海市,上海市,虹口区,121.49296785063834,31.25064129647974,Toilet
男洗手间,生活服务,公厕,121.497386,31.248521,上海市,上海市,虹口区,121.49294377284814,31.250537270496597,Toilet
公厕,生活服务,公厕,121.498377,31.249373,上海市,上海市,虹口区,121.49393827955548,31.25139188749562,Toilet
公厕,生活服务,公厕,121.498166,31.249498,上海市,上海市,虹口区,121.49372650659323,31.25151619298936,Toilet
公厕,生活服务,公厕,121.498438,31.24933,上海市,上海市,虹口区,121.49399950362408,31.2513490913624,Toilet
无障碍洗手间,生活服务,公厕,121.498447,31.24925,上海市,上海市,虹口区,121.49400854295168,31.2512691544044,Toilet
女洗手间,生活服务,公厕,121.498367,31.249141,上海市,上海市,虹口区,121.4939282631656,31.251159961061827,Toilet
女洗手间,生活服务,公厕,121.497758,31.249487,上海市,上海市,虹口区,121.49331703382266,31.251503963314743,Toilet
新华医院,交通设施,公交站,121.515868,31.274264,上海市,上海市,杨浦区,121.51148990931247,31.27632445433366,Transport
上海交通大学医学院附属新华医院口腔·皮肤楼3号楼,医疗保健,综合医院,121.516664,31.274037,上海市,上海市,杨浦区,121.5122887193478,31.27609987246441,Medical_Service
上海交通大学医学院附属新华医院口腔门诊部,医疗保健,综合医院,121.516973,31.274123,上海市,上海市,杨浦区,121.5125987929418,31.27618673519879,Medical_Service
上海交通大学医学院附属新华医院急救中心,医疗保健,急救中心,121.516974,31.274368,上海市,上海市,杨浦区,121.51259977573748,31.276431634535182,Medical_Service
上海交通大学医学院附属新华医院皮肤科普通门诊,医疗保健,综合医院,121.516665,31.273999,上海市,上海市,杨浦区,121.51228972605904,31.2760618914492,Medical_Service
男洗手间,生活服务,公厕,121.516481,31.274967,上海市,上海市,杨浦区,121.5121049999609,31.27702894645985,Toilet
无障碍洗手间,生活服务,公厕,121.516038,31.274974,上海市,上海市,杨浦区,121.51166044610736,31.27703465111043,Toilet
男洗手间,生活服务,公厕,121.515973,31.274823,上海市,上海市,杨浦区,121.51159523072708,31.27688352499275,Toilet
男卫生间,生活服务,公厕,121.518918,31.300502,上海市,上海市,杨浦区,121.51454833399086,31.30256057065573,Toilet
男卫生间,生活服务,公厕,121.518099,31.299178,上海市,上海市,杨浦区,121.513726602279,31.301234731922804,Toilet
无障碍洗手间,生活服务,公厕,121.517823,31.299505,上海市,上海市,杨浦区,121.5134496138755,31.30156080376364,Toilet
女洗手间,生活服务,公厕,121.517952,31.29952,上海市,上海市,杨浦区,121.5135790618126,31.301576171193364,Toilet
女洗手间,生活服务,公厕,121.517953,31.29954,上海市,上海市,杨浦区,121.5135800636031,31.30159616616324,Toilet
女卫生间,生活服务,公厕,121.518186,31.299248,上海市,上海市,杨浦区,121.51381389895484,31.301304955646245,Toilet
男卫生间,生活服务,公厕,121.517976,31.299481,上海市,上海市,杨浦区,121.5136031486529,31.301537256083,Toilet
男卫生间,生活服务,公厕,121.517938,31.299492,上海市,上海市,杨浦区,121.51356501544151,31.30154814177785,Toilet
男卫生间,生活服务,公厕,121.518257,31.299336,上海市,上海市,杨浦区,121.51388513836888,31.30139312590657,Toilet
女卫生间,生活服务,公厕,121.518127,31.29911,上海市,上海市,杨浦区,121.51375470542632,31.30116683983941,Toilet
哺乳室,生活服务,公厕,121.518071,31.299133,上海市,上海市,杨浦区,121.51369850867046,31.30118966880882,Toilet
女卫生间,生活服务,公厕,121.517239,31.299395,上海市,上海市,杨浦区,121.51286358626515,31.30144915400676,Toilet
女卫生间,生活服务,公厕,121.517311,31.2994,上海市,上海市,杨浦区,121.51293583725683,31.30145436105968,Toilet
男卫生间,生活服务,公厕,121.517131,31.299365,上海市,上海市,杨浦区,121.51275521153023,31.30141885220668,Toilet
男卫生间,生活服务,公厕,121.51715,31.299396,上海市,上海市,杨浦区,121.51277427529372,31.301449895118505,Toilet
男卫生间,生活服务,公厕,121.517601,31.300032,上海市,上海市,杨浦区,121.51322679564667,31.302086951993875,Toilet
五角场翔殷路,交通设施,公交站,121.517816,31.300509,上海市,上海市,杨浦区,121.51344250461456,31.302564386251607,Transport
无障碍洗手间,生活服务,公厕,121.51815,31.300274,上海市,上海市,杨浦区,121.51377768703432,31.302330445377883,Toilet
男卫生间,生活服务,公厕,121.518079,31.300334,上海市,上海市,杨浦区,121.51370643498396,31.30239021639717,Toilet
无障碍洗手间,生活服务,公厕,121.518127,31.300305,上海市,上海市,杨浦区,121.51375460441577,31.30236136663731,Toilet
男卫生间,生活服务,公厕,121.518107,31.300247,上海市,上海市,杨浦区,121.5137345397479,31.302303331749872,Toilet
五角场,交通设施,公交站,121.517397,31.3007,上海市,上海市,杨浦区,121.5130220275307,31.30275409634326,Transport
五角场,交通设施,公交站,121.517571,31.300439,上海市,上海市,杨浦区,121.51319665662434,31.30249370409658,Transport
女卫生间,生活服务,公厕,121.517508,31.300198,上海市,上海市,杨浦区,121.51313345727144,31.302252616704617,Toilet
万达广场,生活服务,公厕,121.514582,31.301269,上海市,上海市,杨浦区,121.51019709658505,31.30331465009001,Toilet
嫩江路地铁站2号口,交通设施,地铁,121.532223,31.314129,上海市,上海市,杨浦区,121.52789643887472,31.31621890713201,Transport
女洗手间,生活服务,公厕,121.532848,31.313703,上海市,上海市,杨浦区,121.52852344498604,31.31579469167378,Toilet
女洗手间,生活服务,公厕,121.532868,31.313673,上海市,上海市,杨浦区,121.52854351037138,31.31576475484822,Toilet
男洗手间,生活服务,公厕,121.53255,31.313911,上海市,上海市,杨浦区,121.52822448946448,31.316001840174764,Toilet
公厕,生活服务,公厕,121.426265,31.280054,上海市,上海市,静安区,121.42162476763156,31.281892453213644,Toilet
无障碍洗手间,生活服务,公厕,121.426131,31.280058,上海市,上海市,静安区,121.42149059554146,31.28189630774842,Toilet
女洗手间,生活服务,公厕,121.426279,31.280022,上海市,上海市,静安区,121.4216387884198,31.28186048161651,Toilet
女洗手间,生活服务,公厕,121.426308,31.2801,上海市,上海市,静安区,121.42166781893016,31.28193848036273,Toilet
女洗手间,生活服务,公厕,121.426285,31.280116,上海市,上海市,静安区,121.42164478793802,31.281954448914785,Toilet
男洗手间,生活服务,公厕,121.426183,31.28001,上海市,上海市,静安区,121.42154266626189,31.28184838345589,Toilet
哺乳室,生活服务,公厕,121.426277,31.280061,上海市,上海市,静安区,121.42163678244678,31.28189946321361,Toilet
晋城路沪太路,交通设施,公交站,121.426121,31.280743,上海市,上海市,静安区,121.42148052301904,31.282581011895648,Transport
女洗手间,生活服务,公厕,121.425742,31.28046,上海市,上海市,静安区,121.42110106725106,31.28229772742392,Toilet
大宁国际商场-无障碍洗手间,生活服务,公厕,121.452029,31.274942,上海市,上海市,静安区,121.44743883358409,31.27682431078635,Toilet
云飞东路寿阳路,交通设施,公交站,121.458642,31.297344,上海市,上海市,静安区,121.4540674477179,31.299231898251,Transport
协信星光广场-无障碍洗手间,生活服务,公厕,121.457939,31.298347,上海市,上海市,静安区,121.453362413239,31.300232859767483,Toilet
无障碍洗手间,生活服务,公厕,121.457946,31.298375,上海市,上海市,静安区,121.45336943011488,31.30026086488813,Toilet
男洗手间,生活服务,公厕,121.45796,31.298365,上海市,上海市,静安区,121.45338346958896,31.300250901359306,Toilet
哺乳室,生活服务,公厕,121.45802,31.298344,上海市,上海市,静安区,121.4534436369545,31.30023004905064,Toilet
女洗手间,生活服务,公厕,121.403511,31.197362,上海市,上海市,长宁区,121.3988624956305,31.199225411452836,Toilet
男洗手间,生活服务,公厕,121.403545,31.197326,上海市,上海市,长宁区,121.39889650138298,31.19918943096333,Toilet
女洗手间,生活服务,公厕,121.416729,31.21908,上海市,上海市,长宁区,121.4120842350196,31.220937473538505,Toilet
男洗手间,生活服务,公厕,121.416639,31.219009,上海市,上海市,长宁区,121.4119941713529,31.22086644927823,Toilet
女洗手间,生活服务,公厕,121.416156,31.218797,上海市,上海市,长宁区,121.4115108223501,31.22065424503169,Toilet
男洗手间,生活服务,公厕,121.416156,31.218705,上海市,上海市,长宁区,121.41151083036443,31.22056228879309,Toilet
女洗手间,生活服务,公厕,121.416146,31.218816,上海市,上海市,长宁区,121.41150081321868,31.22067322979096,Toilet
男洗手间,生活服务,公厕,121.416078,31.218902,上海市,上海市,长宁区,121.41143275503012,31.220759146825102,Toilet
女洗手间,生活服务,公厕,121.41607,31.218753,上海市,上海市,长宁区,121.41142476206193,31.220610212754227,Toilet
中山生态公园地铁站出入口,交通设施,地铁,121.41605,31.218713,上海市,上海市,长宁区,121.41140475069125,31.22057021945623,Transport
男洗手间,生活服务,公厕,121.487143,31.201453,上海市,上海市,黄浦区,121.4826681759644,31.20346067106977,Toilet
男洗手间,生活服务,公厕,121.487055,31.201475,上海市,上海市,黄浦区,121.48257986427072,31.203482399959025,Toilet
男洗手间,生活服务,公厕,121.487079,31.201457,上海市,上海市,黄浦区,121.48260395029206,31.203464479777637,Toilet
男洗手间,生活服务,公厕,121.487125,31.201441,上海市,上海市,黄浦区,121.4826501136088,31.20344862370415,Toilet
男洗手间,生活服务,公厕,121.487088,31.201404,上海市,上海市,黄浦区,121.4826129864998,31.20341153240449,Toilet
上海九院美容整形外科,医疗保健,综合医院,121.487269,31.201534,上海市,上海市,黄浦区,121.48279461283144,31.20354200420103,Medical_Service
女洗手间,生活服务,公厕,121.487126,31.201421,上海市,上海市,黄浦区,121.48265111883688,31.2034286364758,Toilet
女洗手间,生活服务,公厕,121.487131,31.201384,上海市,上海市,黄浦区,121.48265613960017,31.20339166942345,Toilet
女洗手间,生活服务,公厕,121.487108,31.201424,上海市,上海市,黄浦区,121.48263305520508,31.20343158175369,Toilet
女洗手间,生活服务,公厕,121.487073,31.201366,上海市,上海市,黄浦区,121.48259793693762,31.20337350668186,Toilet
女洗手间,生活服务,公厕,121.487112,31.201397,上海市,上海市,黄浦区,121.4826370715928,31.203404606835058,Toilet
女洗手间,生活服务,公厕,121.487152,31.201422,上海市,上海市,黄浦区,121.48267721030194,31.203429712908083,Toilet
公厕,生活服务,公厕,121.487388,31.201706,上海市,上海市,黄浦区,121.48291401747178,31.20371427214465,Toilet
公厕,生活服务,公厕,121.487124,31.201656,上海市,上海市,黄浦区,121.48264909173632,31.203663515274773,Toilet
上海交通大学医学院附属第九人民医院南院南区,医疗保健,综合医院,121.487369,31.201585,上海市,上海市,黄浦区,121.48289496083588,31.203593275231736,Medical_Service
上海交通大学医学院附属第九人民医院-整复外科门诊手术室,医疗保健,综合医院,121.487315,31.201809,上海市,上海市,黄浦区,121.48284075142824,31.20381700549394,Medical_Service
女洗手间,生活服务,公厕,121.487179,31.201602,上海市,上海市,黄浦区,121.48270429001948,31.20360970449049,Toilet
女洗手间,生活服务,公厕,121.487177,31.201603,上海市,上海市,黄浦区,121.48270228289071,31.20361069808198,Toilet
女洗手间,生活服务,公厕,121.487161,31.201614,上海市,上海市,黄浦区,121.48268622560656,31.20362164534401,Toilet
男洗手间,生活服务,公厕,121.487151,31.201639,上海市,上海市,黄浦区,121.48267618825864,31.20364660349401,Toilet
男洗手间,生活服务,公厕,121.48706,31.201619,上海市,上海市,黄浦区,121.48258486957955,31.203626344106336,Toilet
男洗手间,生活服务,公厕,121.487139,31.20166,上海市,上海市,黄浦区,121.48266414421109,31.203667557690306,Toilet
女洗手间,生活服务,公厕,121.473271,31.223466,上海市,上海市,黄浦区,121.46874714077558,31.225423423664097,Toilet
一大会址·黄陂南路地铁站出入口,交通设施,地铁,121.473513,31.223364,上海市,上海市,黄浦区,121.46898993621537,31.22532213389924,Transport
优复门诊,医疗保健,诊所,121.473601,31.223571,上海市,上海市,黄浦区,121.46907820487398,31.225529277379003,Medical_Service
优复医疗中心,医疗保健,诊所,121.473549,31.223549,上海市,上海市,黄浦区,121.46902603747994,31.22550714527037,Medical_Service
男洗手间,生活服务,公厕,121.473709,31.223765,上海市,上海市,黄浦区,121.46918654002192,31.22572348204169,Toilet
母婴室,生活服务,公厕,121.475288,31.235241,上海市,上海市,黄浦区,121.47076973183448,31.23719849055552,Toilet
男洗手间,生活服务,公厕,121.475536,31.235529,上海市,上海市,黄浦区,121.4710185258982,31.23748704681589,Toilet
男洗手间,生活服务,公厕,121.475512,31.23557,上海市,上海市,黄浦区,121.47099444307447,31.237527961211345,Toilet
第一百货商业广场-女洗手间,生活服务,公厕,121.475081,31.23546,上海市,上海市,黄浦区,121.47056203073691,31.23741681557709,Toilet
无障碍洗手间,生活服务,公厕,121.475219,31.235828,上海市,上海市,黄浦区,121.4707004538778,31.237785028775683,Toilet
女洗手间,生活服务,公厕,121.475079,31.235871,上海市,上海市,黄浦区,121.4705599888512,31.237827620813835,Toilet
男洗手间,生活服务,公厕,121.475165,31.235881,上海市,上海市,黄浦区,121.4706462713266,31.23783785461381,Toilet
男洗手间,生活服务,公厕,121.475093,31.236159,上海市,上海市,黄浦区,121.47057401022812,31.238115527114264,Toilet
男洗手间,生活服务,公厕,121.475117,31.236174,上海市,上海市,黄浦区,121.47059808800014,31.238130586737917,Toilet
女洗手间,生活服务,公厕,121.475169,31.236126,上海市,上海市,黄浦区,121.47065026346804,31.238082752987083,Toilet
无障碍洗手间,生活服务,公厕,121.477957,31.270649,上海市,上海市,虹口区,121.47344457975808,31.272598252324173,Toilet
无障碍洗手间,生活服务,公厕,121.477964,31.270552,上海市,上海市,虹口区,121.47345161161986,31.272501313469117,Toilet
无障碍洗手间,生活服务,公厕,121.478033,31.270647,上海市,上海市,虹口区,121.4735208354524,31.27259646802312,Toilet
虹口足球场,交通设施,公交站,121.477717,31.270964,上海市,上海市,虹口区,121.4732037466152,31.272912440297294,Transport
丰镇路丰镇新村,交通设施,公交站,121.479494,31.304684,上海市,上海市,虹口区,121.47498384779296,31.30662370851358,Transport
江湾镇街道社区卫生中心,医疗保健,综合医院,121.481015,31.304174,上海市,上海市,虹口区,121.47651007864322,31.306118266224686,Medical_Service
上海东华医院,医疗保健,综合医院,121.476504,31.303288,上海市,上海市,虹口区,121.4719839123582,31.305219803045503,Medical_Service
平型关路永和东路,交通设施,公交站,121.459698,31.291564,上海市,上海市,静安区,121.45512690824287,31.29345671085833,Transport
公厕,生活服务,公厕,121.354463,31.278314,上海市,上海市,普陀区,121.34985881495724,31.28018458567181,Toilet
联新国际医疗上海禾新医院,医疗保健,综合医院,121.409367,31.176767,上海市,上海市,徐汇区,121.40472163657776,31.178641814949632,Medical_Service
程家桥街道社区卫生中心,医疗保健,综合医院,121.379527,31.191711,上海市,上海市,长宁区,121.37489150692726,31.193588190941924,Medical_Service
凯旋路,交通设施,公交站,121.415591,31.208085,上海市,上海市,长宁区,121.41094634133005,31.209947046734133,Transport
普善路柳营路,交通设施,公交站,121.45246,31.263229,上海市,上海市,静安区,121.4478719391496,31.265117240633483,Transport
银川路社区卫生运营服务站,医疗保健,综合医院,121.414087,31.252767,上海市,上海市,普陀区,121.40943742789813,31.25460742905608,Medical_Service
施柏恩康复医疗中心·颈腰疼痛·运动损伤,医疗保健,综合医院,121.431355,31.254955,上海市,上海市,普陀区,121.4267241692439,31.25681027997141,Medical_Service
公厕,生活服务,公厕,121.366437,31.207958,上海市,上海市,长宁区,121.36181768622272,31.209842301556623,Toilet
男洗手间,生活服务,公厕,121.39162,31.199195,上海市,上海市,长宁区,121.38697405773313,31.201059991573253,Toilet
天山村卫生院,医疗保健,诊所,121.380818,31.214708,上海市,上海市,长宁区,121.37617914638356,31.21657277251252,Medical_Service
公厕,生活服务,公厕,121.400027,31.221664,上海市,上海市,普陀区,121.39537642921492,31.223515751916008,Toilet
公厕,生活服务,公厕,121.379231,31.270026,上海市,上海市,普陀区,121.37458901303036,31.27186712664149,Toilet
上海德杏堂中医,医疗保健,诊所,121.369612,31.240933,上海市,上海市,普陀区,121.3649849587276,31.24279762319461,Medical_Service
南浦大桥,交通设施,公交站,121.501561,31.208382,上海市,上海市,黄浦区,121.49713727258288,31.21042964860386,Transport
无障碍公厕,生活服务,公厕,121.493938,31.231675,上海市,上海市,黄浦区,121.4894847888268,31.23368854544252,Toilet
大桥社区卫生中心,医疗保健,综合医院,121.529712,31.274722,上海市,上海市,杨浦区,121.52538072743071,31.276821113165663,Medical_Service
长海医院-感染科,医疗保健,综合医院,121.525887,31.30732,上海市,上海市,杨浦区,121.52154044482128,31.309395541225907,Medical_Service
出租车司机专用公厕,生活服务,公厕,121.532709,31.274345,上海市,上海市,杨浦区,121.52838731434764,31.276452152140838,Toilet
军工社区卫生运营服务站,医疗保健,综合医院,121.555115,31.283066,上海市,上海市,杨浦区,121.55085445551912,31.28521989071126,Medical_Service
公厕,生活服务,公厕,121.555933,31.285587,上海市,上海市,杨浦区,121.55167412912476,31.28774135791009,Toilet
佰瑞福社区运营服务站,医疗保健,诊所,121.344942,31.283906,上海市,上海市,普陀区,121.34035679745824,31.28579083304004,Medical_Service
无障碍公厕,生活服务,公厕,121.354156,31.285735,上海市,上海市,普陀区,121.34955176804364,31.28760301824409,Toilet
凉城路,交通设施,地铁,121.469101,31.279924,上海市,上海市,虹口区,121.46455897125983,31.281845107165825,Transport
春满园社区卫生运营服务站,医疗保健,综合医院,121.467864,31.277988,上海市,上海市,虹口区,121.46331828445078,31.27990667296147,Medical_Service
都市医院,医疗保健,综合医院,121.48176,31.274654,上海市,上海市,虹口区,121.4772601691958,31.276612424328047,Medical_Service
上海都市医院中医科,医疗保健,综合医院,121.481853,31.274634,上海市,上海市,虹口区,121.4773534907342,31.27659270152881,Medical_Service
上海都市医院妇产科,医疗保健,综合医院,121.481806,31.274588,上海市,上海市,虹口区,121.47730633302918,31.2765465851167,Medical_Service
男洗手间,生活服务,公厕,121.490251,31.276378,上海市,上海市,虹口区,121.48578078428136,31.278360689974285,Toilet
万泰广场-女洗手间,生活服务,公厕,121.475172,31.283188,上海市,上海市,虹口区,121.47064922799488,31.28512418846467,Toilet
男洗手间,生活服务,公厕,121.475158,31.283219,上海市,上海市,虹口区,121.47063517916663,31.285155136827537,Toilet
场中路新市北路,交通设施,公交站,121.479202,31.307599,上海市,上海市,虹口区,121.47469060671928,31.30953674235384,Transport
方舱医院,医疗保健,综合医院,121.453222,31.29157,上海市,上海市,静安区,121.44863342898306,31.293447994958164,Medical_Service
凉城新村,交通设施,公交站,121.471133,31.30315,上海市,上海市,虹口区,121.46659539700126,31.30506711814381,Transport
上海海江医院-中医理疗科,医疗保健,综合医院,121.469789,31.304955,上海市,上海市,虹口区,121.46524697560191,31.30686782373457,Medical_Service
漕河泾印象城-女洗手间,生活服务,公厕,121.399163,31.161856,上海市,上海市,徐汇区,121.39451774585456,31.16373764669389,Toilet
漕河泾印象城-无障碍洗手间,生活服务,公厕,121.399146,31.161827,上海市,上海市,徐汇区,121.39450075091791,31.16370866422009,Toilet
漕河泾印象城-无障碍洗手间,生活服务,公厕,121.399142,31.161806,上海市,上海市,徐汇区,121.39449675334428,31.16368767573719,Toilet
上海和德医疗美容门诊部,医疗保健,综合医院,121.400728,31.19756,上海市,上海市,长宁区,121.39607946837911,31.199423345690956,Medical_Service
上海和德医疗美容门诊部,医疗保健,诊所,121.40073,31.19758,上海市,上海市,长宁区,121.39608146650036,31.199443335670026,Medical_Service
上海美兆门诊部有限责任公司,医疗保健,诊所,121.395816,31.198003,上海市,上海市,长宁区,121.3911683847944,31.199867009530237,Medical_Service
沪闵路柳州南路,交通设施,公交站,121.428167,31.156091,上海市,上海市,徐汇区,121.4235400898572,31.15799040509591,Transport
上海南站地铁站7号口,交通设施,地铁,121.429296,31.155528,上海市,上海市,徐汇区,121.42467073289689,31.157429039247067,Transport
斜土街道社区卫生中心,医疗保健,综合医院,121.464671,31.196562,上海市,上海市,徐汇区,121.46012257700978,31.19850979153342,Medical_Service
复旦大学附属中山医院,医疗保健,综合医院,121.453763,31.197631,上海市,上海市,徐汇区,121.44918395693637,31.19955254017117,Medical_Service
桂林路地铁站4号口,交通设施,地铁,121.416844,31.174829,上海市,上海市,徐汇区,121.41220317637357,31.17670841063628,Transport
第八人民医院核酸采样点,医疗保健,综合医院,121.432627,31.167622,上海市,上海市,徐汇区,121.42800576953869,31.169521004121616,Medical_Service
佛慈堂中医馆,医疗保健,诊所,121.450443,31.172593,上海市,上海市,徐汇区,121.44585774928215,31.17452010001834,Medical_Service
公厕,生活服务,公厕,121.449286,31.173566,上海市,上海市,徐汇区,121.44469785760457,31.17549023471308,Toilet
復旦大学上海医学院枫林街道社区卫生中心门诊楼,医疗保健,综合医院,121.449324,31.180044,上海市,上海市,徐汇区,121.44473538886264,31.18196500579293,Medical_Service
公厕,生活服务,公厕,121.449129,31.187347,上海市,上海市,徐汇区,121.44453928945153,31.18926392367666,Toilet
公厕,生活服务,公厕,121.429208,31.1811,上海市,上海市,徐汇区,121.42458038629955,31.182987722532157,Toilet
上海联合丽格医疗美容门诊部,医疗保健,诊所,121.417527,31.206982,上海市,上海市,长宁区,121.41288392685092,31.208845819127912,Medical_Service
新华儿科诊所,医疗保健,诊所,121.42637,31.208125,上海市,上海市,长宁区,121.42173616757974,31.20999606879387,Medical_Service
绅公馆-洗手间,生活服务,公厕,121.432397,31.213429,上海市,上海市,长宁区,121.42777142239474,31.21530482287332,Toilet
华东医院核酸检测采样点,医疗保健,综合医院,121.441375,31.219174,上海市,上海市,静安区,121.4367653048545,31.221060853781506,Medical_Service
公厕,生活服务,公厕,121.432699,31.222203,上海市,上海市,长宁区,121.42807314558172,31.224075050171805,Toilet
复旦大学附属华东医院药库,医疗保健,综合医院,121.442409,31.217893,上海市,上海市,静安区,121.43780155381164,31.219782262781663,Medical_Service
上海静安嘉里中心-洗手间,生活服务,公厕,121.450344,31.224588,上海市,上海市,静安区,121.4457540093752,31.22648928015377,Toilet
无障碍洗手间,生活服务,公厕,121.449333,31.223967,上海市,上海市,静安区,121.44474060970572,31.225866506070982,Toilet
上海国宝医疗中心,医疗保健,综合医院,121.450809,31.229948,上海市,上海市,静安区,121.44621968846296,31.23184773415304,Medical_Service
无障碍洗手间,生活服务,公厕,121.450088,31.230449,上海市,上海市,静安区,121.44549687642748,31.23234701137301,Toilet
无障碍洗手间,生活服务,公厕,121.450092,31.230454,上海市,上海市,静安区,121.44550088574536,31.232352017259537,Toilet
无障碍洗手间,生活服务,公厕,121.450064,31.230405,上海市,上海市,静安区,121.44547282174705,31.23230298257945,Toilet
无障碍洗手间,生活服务,公厕,121.450072,31.230442,上海市,上海市,静安区,121.4454808380369,31.232339981785564,Toilet
宝业静安紫园核酸采样点,医疗保健,综合医院,121.450203,31.230608,上海市,上海市,静安区,121.44561214327024,31.232506173758896,Medical_Service
第四康复医院,医疗保健,综合医院,121.438077,31.230535,上海市,上海市,静安区,121.43345984048052,31.232411061177697,Medical_Service
公厕,生活服务,公厕,121.430936,31.218432,上海市,上海市,长宁区,121.42630770272172,31.22030351184319,Toilet
女洗手间,生活服务,公厕,121.430832,31.218683,上海市,上海市,长宁区,121.4262035224143,31.220554259347324,Toilet
女洗手间,生活服务,公厕,121.43086,31.218725,上海市,上海市,长宁区,121.42623156137628,31.220596275143524,Toilet
女洗手间,生活服务,公厕,121.430849,31.218688,上海市,上海市,长宁区,121.42622054784748,31.22055927868608,Toilet
公厕,生活服务,公厕,121.46827,31.207842,上海市,上海市,黄浦区,121.46373158594947,31.209793513336383,Toilet
复旦大学附属眼耳鼻喉科医院8,医疗保健,综合医院,121.453729,31.20915,上海市,上海市,徐汇区,121.44914887333988,31.211065833684778,Medical_Service
公厕,生活服务,公厕,121.455134,31.215684,上海市,上海市,徐汇区,121.45055698646084,31.21759978779965,Toilet
上海瑞伯医疗,医疗保健,诊所,121.474161,31.20254,上海市,上海市,黄浦区,121.4696418376778,31.2045099245856,Medical_Service
瑞伯门诊部,医疗保健,诊所,121.474257,31.202602,上海市,上海市,黄浦区,121.46973814636138,31.20457215855313,Medical_Service
上海德馨医院,医疗保健,综合医院,121.484482,31.211825,上海市,上海市,黄浦区,121.479996969932,31.2138197952696,Medical_Service
顺昌路徐家汇路,交通设施,公交站,121.4797,31.211311,上海市,上海市,黄浦区,121.47519855880064,31.21329220676376,Transport
女洗手间,生活服务,公厕,121.474141,31.214626,上海市,上海市,黄浦区,121.46962073494952,31.21659001300188,Toilet
卫生间,生活服务,公厕,121.474341,31.214711,上海市,上海市,黄浦区,121.4698213820683,31.21667552307304,Toilet
淮海中路地段医院,医疗保健,综合医院,121.473815,31.214728,上海市,上海市,黄浦区,121.46929366165853,31.21669106808131,Medical_Service
公厕,生活服务,公厕,121.479372,31.220005,上海市,上海市,黄浦区,121.4748687011547,31.221981111002304,Toilet
力宝广场-女洗手间,生活服务,公厕,121.476213,31.224175,上海市,上海市,黄浦区,121.47169874304456,31.226140221661726,Toilet
人民广场地铁站9号口,交通设施,地铁,121.471757,31.232815,上海市,上海市,黄浦区,121.46722745039428,31.234763941534823,Transport
人民广场地铁站10号口,交通设施,地铁,121.471454,31.23247,上海市,上海市,黄浦区,121.4669235094001,31.23441828428331,Transport
成巨-洗手间,生活服务,公厕,121.467197,31.222914,上海市,上海市,黄浦区,121.46265397247804,31.224855505883543,Toilet
岳阳医院,医疗保健,综合医院,121.464027,31.230142,上海市,上海市,静安区,121.45947376289732,31.232072043955245,Medical_Service
公厕,生活服务,公厕,121.459053,31.236232,上海市,上海市,静安区,121.4544848802066,31.238147133918748,Toilet
公厕,生活服务,公厕,121.451953,31.250667,上海市,上海市,静安区,121.4473647458784,31.252559688583368,Toilet
母婴室,生活服务,公厕,121.48698,31.246451,上海市,上海市,虹口区,121.48250075792537,31.24843699986104,Toilet
母婴室,生活服务,公厕,121.486947,31.246456,上海市,上海市,虹口区,121.48246764132382,31.2484419000414,Toilet
母婴室,生活服务,公厕,121.486979,31.246429,上海市,上海市,虹口区,121.48249975628578,31.248415006809587,Toilet
第一人民医院北部接待办公室,医疗保健,综合医院,121.491106,31.253569,上海市,上海市,虹口区,121.48664078083894,31.255564101900028,Medical_Service
第一人民医院急诊,医疗保健,综合医院,121.488525,31.253172,上海市,上海市,虹口区,121.48405063857078,31.25515957626836,Medical_Service
女洗手间,生活服务,公厕,121.476984,31.251849,上海市,上海市,静安区,121.47246993464492,31.25380370319884,Toilet
溧阳社区卫生运营服务站,医疗保健,综合医院,121.488496,31.264239,上海市,上海市,虹口区,121.48402058981117,31.266221639296592,Medical_Service
公厕,生活服务,公厕,121.477847,31.267205,上海市,上海市,虹口区,121.47333450597448,31.26915541590285,Toilet
无障碍公厕,生活服务,公厕,121.461817,31.257674,上海市,上海市,静安区,121.45725489958632,31.25958612128601,Toilet
中医医院肝科病房,医疗保健,综合医院,121.471186,31.259129,上海市,上海市,静安区,121.46665235906494,31.2610645465548,Medical_Service
中医医院急诊,医疗保健,综合医院,121.47117,31.259467,上海市,上海市,静安区,121.46663627888516,31.261402355620653,Medical_Service
中医医院4,医疗保健,综合医院,121.470976,31.259331,上海市,上海市,静安区,121.46644167179522,31.261265894388742,Medical_Service
中医医院3,医疗保健,综合医院,121.471278,31.25947,上海市,上海市,静安区,121.46674462356567,31.261405644585665,Medical_Service
中医医院3号楼,医疗保健,综合医院,121.471119,31.259432,上海市,上海市,静安区,121.466585119123,31.261367233953425,Medical_Service
中医医院5号楼,医疗保健,综合医院,121.471115,31.259114,上海市,上海市,静安区,121.46658113373644,31.261049362412884,Medical_Service
中医医院4号楼,医疗保健,综合医院,121.471003,31.259275,上海市,上海市,静安区,121.4664687626752,31.26120999132325,Medical_Service
公厕,生活服务,公厕,121.468092,31.266124,上海市,上海市,静安区,121.46354801432706,31.26804830878024,Toilet
第十人民医院门诊大楼,医疗保健,综合医院,121.45382,31.271247,上海市,上海市,静安区,121.4492347350951,31.273134733902356,Medical_Service
第十人民医院儿科,医疗保健,综合医院,121.453725,31.271711,上海市,上海市,静安区,121.44913944858696,31.273598329103127,Medical_Service
第十人民医院5号楼,医疗保健,综合医院,121.452233,31.272106,上海市,上海市,静安区,121.4476435945764,31.273989945204875,Medical_Service
上海第十人民医院-门诊楼,医疗保健,综合医院,121.453533,31.271073,上海市,上海市,静安区,121.44894700719524,31.27296018243671,Medical_Service
第十人民医院1号楼,医疗保健,综合医院,121.453963,31.271721,上海市,上海市,静安区,121.4493780654722,31.273608844970617,Medical_Service
第十人民医院12号楼,医疗保健,综合医院,121.452029,31.272539,上海市,上海市,静安区,121.44743904191732,31.27442232765937,Medical_Service
武宁新村,交通设施,公交站,121.423598,31.239695,上海市,上海市,普陀区,121.41895804554616,31.24154837564926,Transport
瑞泰口腔,医疗保健,诊所,121.447342,31.23646,上海市,上海市,静安区,121.44274382531732,31.23834973261396,Medical_Service
上海美恒门诊部,医疗保健,诊所,121.451455,31.247713,上海市,上海市,静安区,121.44686575345564,31.249605959444583,Medical_Service
交通路泾惠路,交通设施,公交站,121.43709,31.256803,上海市,上海市,普陀区,121.43246872080428,31.25866562414685,Transport
男洗手间,生活服务,公厕,121.373379,31.216554,上海市,上海市,长宁区,121.36874878380864,31.21842545765093,Toilet
女洗手间,生活服务,公厕,121.373355,31.216509,上海市,上海市,长宁区,121.36872481973154,31.218380506626097,Toilet
无障碍洗手间,生活服务,公厕,121.373396,31.216555,上海市,上海市,长宁区,121.36876576105996,31.218426437717184,Toilet
上海交通大学医学院附属瑞金医院古北分院C,医疗保健,综合医院,121.401408,31.198484,上海市,上海市,长宁区,121.39675935321728,31.200346850425483,Medical_Service
公厕,生活服务,公厕,121.378808,31.231738,上海市,上海市,普陀区,121.37416981474335,31.2335965936176,Toilet
曹杨红十字地段医院,医疗保健,综合医院,121.406707,31.238046,上海市,上海市,普陀区,121.40205546141542,31.23989041760031,Medical_Service
明日星城核酸采样点,医疗保健,综合医院,121.494273,31.21506,上海市,上海市,黄浦区,121.48982240733424,31.217082390812337,Medical_Service
男洗手间,生活服务,公厕,121.53789,31.265628,上海市,上海市,杨浦区,121.53358493943816,31.26775193910427,Toilet
东长治路枢纽站,交通设施,公交站,121.507257,31.253742,上海市,上海市,虹口区,121.50284998371023,31.255785773858584,Transport
东长治路公平路枢纽站,交通设施,公交站,121.507387,31.253366,上海市,上海市,虹口区,121.50298048330129,31.255410331254275,Transport
公厕,生活服务,公厕,121.516982,31.251549,上海市,上海市,杨浦区,121.51260973085913,31.25362256330721,Toilet
公厕,生活服务,公厕,121.512065,31.261621,上海市,上海市,杨浦区,121.50767453000589,31.263675677420125,Toilet
虹镇老街飞虹路,交通设施,公交站,121.501404,31.263229,上海市,上海市,虹口区,121.49697504632424,31.26525094526701,Transport
无障碍公厕,生活服务,公厕,121.495176,31.274146,上海市,上海市,虹口区,121.49072362043692,31.276144428564564,Toilet
上海交通大学医学院附属新华医院,医疗保健,综合医院,121.519132,31.272984,上海市,上海市,杨浦区,121.51476539909228,31.27505446089385,Medical_Service
望春花社区卫生运营服务站家庭医生工作站,医疗保健,综合医院,121.527969,31.284525,上海市,上海市,杨浦区,121.5236312350054,31.286615341279244,Medical_Service
公厕,生活服务,公厕,121.512783,31.301697,上海市,上海市,杨浦区,121.50839168924291,31.303737175724223,Toilet
公厕,生活服务,公厕,121.512686,31.302271,上海市,上海市,杨浦区,121.50829429599708,31.30431066274473,Toilet
公厕,生活服务,公厕,121.512698,31.302312,上海市,上海市,杨浦区,121.50830633516124,31.304351682146898,Toilet
公厕,生活服务,公厕,121.512805,31.301766,上海市,上海市,杨浦区,121.50841376154108,31.303806213653893,Toilet
公厕,生活服务,公厕,121.515459,31.305102,上海市,上海市,杨浦区,121.51107686314226,31.307148719284136,Toilet
肺科医院门诊,医疗保健,综合医院,121.502613,31.301034,上海市,上海市,杨浦区,121.4981852039656,31.303043935280726,Medical_Service
肺科医院1号病房楼,医疗保健,综合医院,121.501699,31.301814,上海市,上海市,杨浦区,121.49726783072136,31.30382086241604,Medical_Service
肺科医院急诊,医疗保健,综合医院,121.503037,31.301134,上海市,上海市,杨浦区,121.49861072909938,31.30314517813116,Medical_Service
同济大学附属肺科医院1,医疗保健,综合医院,121.50166,31.301735,上海市,上海市,杨浦区,121.49722869632782,31.30374177548876,Medical_Service
同济大学附属肺科医院5,医疗保健,综合医院,121.501233,31.302936,上海市,上海市,杨浦区,121.49680004893516,31.304941010920185,Medical_Service
同济大学附属肺科医院2,医疗保健,综合医院,121.50212,31.302015,上海市,上海市,杨浦区,121.4976903369058,31.30402305729842,Medical_Service
肺科医院6号综合病房,医疗保健,综合医院,121.501468,31.30306,上海市,上海市,杨浦区,121.49703588875536,31.305065673578188,Medical_Service
同济大学附属肺科医院10,医疗保健,综合医院,121.502642,31.302832,上海市,上海市,杨浦区,121.49821415585772,31.30484131537625,Medical_Service
肺科医院放射科,医疗保健,综合医院,121.501728,31.301881,上海市,上海市,杨浦区,121.49729692995164,31.30388792380735,Medical_Service
同济大学附属肺科医院应急洗消,医疗保健,综合医院,121.502694,31.301663,上海市,上海市,杨浦区,121.49826644344586,31.303672932333136,Medical_Service
肺科医院病案统计室,医疗保健,综合医院,121.502629,31.302995,上海市,上海市,杨浦区,121.49820109495856,31.305004212077435,Medical_Service
肺科医院-职业病医院,医疗保健,综合医院,121.501659,31.303356,上海市,上海市,杨浦区,121.4972275546973,31.305362135577315,Medical_Service
临时站,交通设施,公交站,121.545166,31.282748,上海市,上海市,杨浦区,121.54088031759632,31.284881700596248,Transport
中原城市广场-女洗手间,生活服务,公厕,121.522803,31.315396,上海市,上海市,杨浦区,121.51844540231052,31.31745986487037,Toilet
男洗手间,生活服务,公厕,121.350196,31.281496,上海市,上海市,普陀区,121.34560003249356,31.283372494966,Toilet
大融城-女洗手间,生活服务,公厕,121.426584,31.279664,上海市,上海市,静安区,121.4219442142752,31.281502961320356,Toilet
大融城-男洗手间,生活服务,公厕,121.426915,31.279802,上海市,上海市,静安区,121.42227563602346,31.281641267089164,Toilet
公厕,生活服务,公厕,121.445439,31.308025,上海市,上海市,静安区,121.44083028008598,31.309880729005567,Toilet
上海久光中心-洗手间,生活服务,公厕,121.452045,31.276124,上海市,上海市,静安区,121.4474547714418,31.278005846732377,Toilet
上海久光中心-洗手间,生活服务,公厕,121.452085,31.27604,上海市,上海市,静安区,121.44749487962304,31.277921967020617,Toilet
上海久光中心-无障碍洗手间,生活服务,公厕,121.45213,31.275965,上海市,上海市,静安区,121.44753999971584,31.277847094213328,Toilet
上海久光中心-无障碍洗手间,生活服务,公厕,121.45207,31.27597,上海市,上海市,静安区,121.44747984784767,31.277851964619572,Toilet
上海中医药大学附属岳阳中西医结合医院病房A楼,医疗保健,综合医院,121.489982,31.288666,上海市,上海市,虹口区,121.48550977602004,31.29064279753758,Medical_Service
凉城购物广场-女洗手间,生活服务,公厕,121.475443,31.29547,上海市,上海市,虹口区,121.4709200656912,31.29740194210056,Toilet
凉城购物广场-女洗手间,生活服务,公厕,121.475501,31.295479,上海市,上海市,虹口区,121.47097825661072,31.29741109968147,Toilet
女洗手间,生活服务,公厕,121.474084,31.29543,上海市,上海市,虹口区,121.469556601107,31.29735820090146,Toilet
车站北路,交通设施,地铁,121.476339,31.299943,上海市,上海市,虹口区,121.47181865111789,31.301875658925564,Transport
太安堂国医馆,医疗保健,诊所,121.488283,31.292467,上海市,上海市,虹口区,121.4838044208039,31.29443719568389,Medical_Service
无障碍公厕,生活服务,公厕,121.448184,31.311608,上海市,上海市,静安区,121.44358127031924,31.31346765166918,Toilet
公厕,生活服务,公厕,121.43049,31.153425,上海市,上海市,徐汇区,121.42586667291188,31.15532862274085,Toilet
男洗手间,生活服务,公厕,121.432837,31.174177,上海市,上海市,徐汇区,121.42821554041883,31.1760729153438,Toilet
曜德中医儿科,医疗保健,诊所,121.443036,31.188403,上海市,上海市,徐汇区,121.43843243081552,31.19030779702577,Medical_Service
上海交通大学医学院附属国际和平妇幼保健医院核酸采样点,医疗保健,综合医院,121.438118,31.196114,上海市,上海市,徐汇区,121.43350390592862,31.19800665911642,Medical_Service
港汇恒隆广场-亲子洗手间,生活服务,公厕,121.436623,31.195357,上海市,上海市,徐汇区,121.43200620690313,31.197247708252235,Toilet
残疾人洗手间,生活服务,公厕,121.443014,31.21664,上海市,上海市,静安区,121.43840793663242,31.218530933037496,Toilet
残疾人洗手间,生活服务,公厕,121.443001,31.216669,上海市,上海市,静安区,121.43839490655937,31.21855989598948,Toilet
残疾人洗手间,生活服务,公厕,121.443042,31.216682,上海市,上海市,静安区,121.4384359923726,31.21857296297099,Toilet
残疾人洗手间,生活服务,公厕,121.443042,31.216659,上海市,上海市,静安区,121.43843599436724,31.21854997395421,Toilet
芮欧百货-男洗手间,生活服务,公厕,121.447317,31.223421,上海市,上海市,静安区,121.44271989748856,31.225316755000687,Toilet
公厕,生活服务,公厕,121.476393,31.198764,上海市,上海市,黄浦区,121.47188152039809,31.200741973792148,Toilet
顺昌路湖滨路,交通设施,公交站,121.47699,31.221035,上海市,上海市,黄浦区,121.47247859921252,31.22300388120481,Transport
男洗手间,生活服务,公厕,121.480887,31.225508,上海市,上海市,黄浦区,121.47638838820006,31.227485850902305,Toilet
女洗手间,生活服务,公厕,121.48087,31.225567,上海市,上海市,黄浦区,121.47637132501022,31.227544774305382,Toilet
女洗手间,生活服务,公厕,121.480938,31.225479,上海市,上海市,黄浦区,121.47643956512609,31.227457011208926,Toilet
男洗手间,生活服务,公厕,121.489485,31.227475,上海市,上海市,黄浦区,121.48501623743432,31.229477151605323,Toilet
上海中医药大学附属岳阳中西医结合医院,医疗保健,综合医院,121.463942,31.230395,上海市,上海市,静安区,121.45938848853103,31.23232471351814,Medical_Service
无障碍洗手间,生活服务,公厕,121.467209,31.232852,上海市,上海市,黄浦区,121.46266515355478,31.234788890690748,Toilet
无障碍洗手间,生活服务,公厕,121.467126,31.232712,上海市,上海市,黄浦区,121.46258191047744,31.23464874068339,Toilet
无障碍洗手间,生活服务,公厕,121.467188,31.232916,上海市,上海市,黄浦区,121.4626440834696,31.234852806688984,Toilet
无障碍洗手间,生活服务,公厕,121.467036,31.232958,上海市,上海市,黄浦区,121.46249161287604,31.23489439403428,Toilet
无障碍洗手间,生活服务,公厕,121.467594,31.232715,上海市,上海市,黄浦区,121.4630513515985,31.234652952976862,Toilet
无障碍洗手间,生活服务,公厕,121.467478,31.232701,上海市,上海市,黄浦区,121.46293499491011,31.234638658106988,Toilet
公共厕所,生活服务,公厕,121.45472,31.228658,上海市,上海市,静安区,121.4501407727085,31.23056673563449,Toilet
公共厕所,生活服务,公厕,121.454742,31.228677,上海市,上海市,静安区,121.45016282893027,31.23058577550815,Toilet
上海大悦城-女洗手间,生活服务,公厕,121.472628,31.242961,上海市,上海市,静安区,121.46810038220605,31.24490765178409,Toilet
男洗手间,生活服务,公厕,121.483158,31.23634,上海市,上海市,黄浦区,121.47866627554548,31.23831938645229,Toilet
女洗手间,生活服务,公厕,121.483229,31.236264,上海市,上海市,黄浦区,121.47873752786856,31.23824362800389,Toilet
女洗手间,生活服务,公厕,121.483145,31.244392,上海市,上海市,虹口区,121.47865254112776,31.246367676941578,Toilet
女洗手间,生活服务,公厕,121.478852,31.245786,上海市,上海市,静安区,121.47434473071772,31.24774869703458,Toilet
上海晟乐门诊部,医疗保健,诊所,121.400224,31.201272,上海市,上海市,长宁区,121.39557518624744,31.20313356078221,Medical_Service
红星美凯龙-洗手间,生活服务,公厕,121.386152,31.238602,上海市,上海市,普陀区,121.38150622324112,31.24045139259933,Toilet
红星美凯龙-无障碍洗手间,生活服务,公厕,121.386099,31.238608,上海市,上海市,普陀区,121.3814532644923,31.24045742606344,Toilet
红星美凯龙-洗手间,生活服务,公厕,121.38625,31.239524,上海市,上海市,普陀区,121.3816040660018,31.241372904471092,Toilet
上海百联中环购物中心-女洗手间,生活服务,公厕,121.384085,31.246922,上海市,上海市,普陀区,121.37944022316532,31.24876911164653,Toilet
瑞虹太阳宫-洗手间,生活服务,公厕,121.500386,31.263583,上海市,上海市,虹口区,121.49595333395594,31.265601709926624,Toilet
紫荆广场核酸采样点,医疗保健,综合医院,121.517994,31.274433,上海市,上海市,杨浦区,121.51362332767634,31.27649956532761,Medical_Service
公厕,生活服务,公厕,121.514551,31.300272,上海市,上海市,杨浦区,121.5101660715456,31.302317952630663,Toilet
公厕,生活服务,公厕,121.514561,31.300252,上海市,上海市,杨浦区,121.5101761085446,31.302297989929446,Toilet
公厕,生活服务,公厕,121.514635,31.300252,上海市,上海市,杨浦区,121.51025036976748,31.302298207386155,Toilet
公厕,生活服务,公厕,121.514559,31.300237,上海市,上海市,杨浦区,121.5101741027534,31.302282989982334,Toilet
女洗手间,生活服务,公厕,121.517684,31.301941,上海市,上海市,杨浦区,121.51330992359482,31.30399543922419,Toilet
大融城-女洗手间,生活服务,公厕,121.425616,31.279857,上海市,上海市,静安区,121.42097496178842,31.28169484628992,Toilet
大融城-男洗手间,生活服务,公厕,121.425685,31.279817,上海市,上海市,静安区,121.4210440517289,31.28165493532882,Toilet
大融城-女洗手间,生活服务,公厕,121.425696,31.279774,上海市,上海市,静安区,121.42105506928463,31.28161196481184,Toilet
大融城-男洗手间,生活服务,公厕,121.425693,31.279912,上海市,上海市,静安区,121.4210520534825,31.28174990413303,Toilet
大融城-女洗手间,生活服务,公厕,121.425458,31.280365,上海市,上海市,静安区,121.42081672045882,31.28220246976178,Toilet
第十人民医院11号楼,医疗保健,综合医院,121.453022,31.272816,上海市,上海市,静安区,121.44843454160906,31.27470133489155,Medical_Service
龙华中路地铁站6号口,交通设施,地铁,121.457186,31.184334,上海市,上海市,徐汇区,121.45261720493572,31.186269846291133,Transport
龙华中路地铁站2号口,交通设施,地铁,121.458,31.18564,上海市,上海市,徐汇区,121.4534333233236,31.18757706832948,Transport
龙华中路地铁站11号口,交通设施,地铁,121.456586,31.185764,上海市,上海市,徐汇区,121.45201545330252,31.18769775343807,Transport
龙华中路地铁站1号口,交通设施,地铁,121.457219,31.18566,上海市,上海市,徐汇区,121.4526501804921,31.18759525383122,Transport
洗手间,生活服务,公厕,121.440031,31.192726,上海市,上海市,徐汇区,121.43542089630655,31.194623451654017,Toilet
男洗手间,生活服务,公厕,121.428643,31.184296,上海市,上海市,徐汇区,121.42401430499736,31.18618143166931,Toilet
女洗手间,生活服务,公厕,121.428652,31.184296,上海市,上海市,徐汇区,121.42402331767012,31.186181442303557,Toilet
上海长宁来福士-男洗手间,生活服务,公厕,121.415595,31.2162,上海市,上海市,长宁区,121.41094963742702,31.218058142184223,Toilet
上海长宁来福士-无障碍洗手间,生活服务,公厕,121.415534,31.216155,上海市,上海市,长宁区,121.410888597656,31.218013127471767,Toilet
哺乳室,生活服务,公厕,121.476817,31.232409,上海市,上海市,黄浦区,121.47230404621028,31.23437206589029,Toilet
上海世茂皇家艾美豪华酒店-洗手间,生活服务,公厕,121.47621,31.234432,上海市,上海市,黄浦区,121.47169485276392,31.23639243103428,Toilet
男洗手间,生活服务,公厕,121.467436,31.231643,上海市,上海市,黄浦区,121.46289295654736,31.23358103958343,Toilet
无障碍洗手间,生活服务,公厕,121.45376,31.227949,上海市,上海市,静安区,121.44917832799288,31.229855955862323,Toilet
中信泰富广场-洗手间,生活服务,公厕,121.45658,31.229299,上海市,上海市,静安区,121.45200567725476,31.231211614683566,Toilet
男洗手间,生活服务,公厕,121.472468,31.243114,上海市,上海市,静安区,121.46793985236708,31.24506014757566,Toilet
会议室,医疗保健,综合医院,121.386405,31.227393,上海市,上海市,普陀区,121.38176000212596,31.229247408248632,Medical_Service
公厕,生活服务,公厕,121.497957,31.248521,上海市,上海市,虹口区,121.49351683476846,31.250538998017817,Toilet
大融城-男洗手间,生活服务,公厕,121.425995,31.280178,上海市,上海市,静安区,121.42135441173336,31.282016112630973,Toilet
公厕,生活服务,公厕,121.4518,31.274346,上海市,上海市,静安区,121.44720930906574,31.276228077356443,Toilet
术数堂中医诊所,医疗保健,诊所,121.453826,31.139522,上海市,上海市,徐汇区,121.44925213572928,31.141473666812647,Medical_Service
龙腾大道龙文路,交通设施,公交站,121.464853,31.159789,上海市,上海市,徐汇区,121.46030828585218,31.161755972982597,Transport
复兴岛地铁站2号口,交通设施,地铁,121.562009,31.280875,上海市,上海市,杨浦区,121.5577635711694,31.28304166559569,Transport
武威路地铁站4号口,交通设施,地铁,121.36513,31.276862,上海市,上海市,普陀区,121.36050680479114,31.27871685724295,Transport
公厕,生活服务,公厕,121.455825,31.119977,上海市,上海市,徐汇区,121.45125807964556,31.12194371090275,Toilet
上海禾新医院,医疗保健,综合医院,121.409419,31.176744,上海市,上海市,徐汇区,121.40477365868104,31.178618843009374,Medical_Service
嘉会医疗儿科,医疗保健,诊所,121.400529,31.175346,上海市,上海市,徐汇区,121.39588241668976,31.17722052807161,Medical_Service
龙溪路地铁站2号口,交通设施,地铁,121.38102,31.194707,上海市,上海市,长宁区,121.3763826794266,31.196581349772234,Transport
龙溪路地铁站3号口,交通设施,地铁,121.379616,31.193897,上海市,上海市,长宁区,121.37498022083004,31.19577302025546,Transport
龙溪路地铁站1号口,交通设施,地铁,121.38011,31.194706,上海市,上海市,长宁区,121.3754736232391,31.196581164149684,Transport
龙溪路地铁站4号口,交通设施,地铁,121.379176,31.194129,上海市,上海市,长宁区,121.3745406790934,31.19600531728464,Transport
中医馆,医疗保健,诊所,121.373124,31.197546,上海市,上海市,长宁区,121.36849577631564,31.199426983783987,Medical_Service
徐秀龙齿科诊所,医疗保健,诊所,121.367837,31.186987,上海市,上海市,长宁区,121.36321731753948,31.188879782529767,Medical_Service
上海动物园-公厕,生活服务,公厕,121.367446,31.191087,上海市,上海市,长宁区,121.36282656608611,31.19297824733584,Toilet
凌云街道社区卫生中心,医疗保健,综合医院,121.424934,31.129705,上海市,上海市,徐汇区,121.42030518184993,31.13161498380249,Medical_Service
公厕,生活服务,公厕,121.420032,31.13522,上海市,上海市,徐汇区,121.41539738923592,31.13712255375569,Toilet
洗手间,生活服务,公厕,121.413571,31.141373,上海市,上海市,徐汇区,121.40893080383198,31.14326804762604,Toilet
朱梅路地铁站2号口,交通设施,地铁,121.437989,31.124263,上海市,上海市,徐汇区,121.43338088839047,31.126192954842303,Transport
朱梅路地铁站1号口,交通设施,地铁,121.437939,31.124974,上海市,上海市,徐汇区,121.43333073301508,31.12690348766265,Transport
复旦大学附属徐汇医院,医疗保健,综合医院,121.437005,31.144545,上海市,上海市,徐汇区,121.43239330788272,31.146462469321744,Medical_Service
中心医院北楼,医疗保健,综合医院,121.437469,31.145141,上海市,上海市,徐汇区,121.43285811088262,31.147058870881622,Medical_Service
上海歧黄安康中医门诊部,医疗保健,诊所,121.44959,31.156066,上海市,上海市,徐汇区,121.44500410184004,31.157999938136943,Medical_Service
公厕,生活服务,公厕,121.420743,31.154108,上海市,上海市,徐汇区,121.41610744089785,31.15600106023688,Toilet
龙腾大道临江路,交通设施,公交站,121.460088,31.153374,上海市,上海市,徐汇区,121.45552993942546,31.15533262668717,Transport
龙耀路地铁站2号口,交通设施,地铁,121.460045,31.159273,上海市,上海市,徐汇区,121.45548630972937,31.161228425043344,Transport
龙耀路地铁站1号口,交通设施,地铁,121.459857,31.160355,上海市,上海市,徐汇区,121.45529768487896,31.162309411108627,Transport
龙耀路地铁站,交通设施,公交站,121.460551,31.158122,上海市,上海市,徐汇区,121.45599384618144,31.16007923942393,Transport
龙兰路丰谷路,交通设施,公交站,121.454637,31.165617,上海市,上海市,徐汇区,121.45006300021755,31.16755667557617,Transport
天钥桥南路龙兰路,交通设施,公交站,121.45282,31.16346,上海市,上海市,徐汇区,121.4482414839651,31.165396832334174,Transport
公厕,生活服务,公厕,121.457695,31.168233,上海市,上海市,徐汇区,121.45312898549057,31.17017824232969,Toilet
公厕,生活服务,公厕,121.44678,31.176365,上海市,上海市,徐汇区,121.44218573441093,31.178282846902714,Toilet
鼎瀚中医门诊部,医疗保健,诊所,121.42167,31.186894,上海市,上海市,徐汇区,121.41703253395792,31.18877096578638,Medical_Service
中国人民解放军海军第九〇五医院本部,医疗保健,综合医院,121.432355,31.209657,上海市,上海市,长宁区,121.42772968300385,31.21153458448441,Medical_Service
隆德路地铁站1号口,交通设施,地铁,121.423205,31.231009,上海市,上海市,普陀区,121.4185653565024,31.232866003869383,Transport
中医医院芷江中路院区门诊,医疗保健,综合医院,121.471562,31.259509,上海市,上海市,静安区,121.46702952880617,31.261445392124216,Medical_Service
松迈齿科·种植·矫正中心,医疗保健,诊所,121.474809,31.26241,上海市,上海市,静安区,121.4702868198126,31.26435399551197,Medical_Service
石泉街道社区卫生中心分中心,医疗保健,综合医院,121.418542,31.247939,上海市,上海市,普陀区,121.41389621947738,31.249784380970333,Medical_Service
公厕,生活服务,公厕,121.440383,31.2519,上海市,上海市,普陀区,121.4357684595856,31.25377010237808,Toilet
新泾镇外环路服务区公厕,生活服务,公厕,121.354715,31.207093,上海市,上海市,长宁区,121.35011649761834,31.20899544188776,Toilet
公厕,生活服务,公厕,121.368265,31.204984,上海市,上海市,长宁区,121.36364310107712,31.20686731252227,Toilet
公厕,生活服务,公厕,121.370984,31.222216,上海市,上海市,长宁区,121.36635659548,31.224087602544174,Toilet
博大中医门诊部,医疗保健,诊所,121.372143,31.232588,上海市,上海市,普陀区,121.36751306784284,31.234453355018516,Medical_Service
公厕,生活服务,公厕,121.396214,31.199872,上海市,上海市,长宁区,121.3915660990522,31.20173497855989,Toilet
苏州河景观步廊-公厕,生活服务,公厕,121.393838,31.217999,上海市,上海市,长宁区,121.3891893722496,31.219853960181783,Toilet
长风公园-公厕,生活服务,公厕,121.39762,31.222666,上海市,上海市,普陀区,121.39296974274706,31.224517653742232,Toilet
公厕,生活服务,公厕,121.374204,31.221647,上海市,上海市,普陀区,121.36957225437348,31.22351510366908,Toilet
上海固生堂长枫中医门诊部,医疗保健,诊所,121.387481,31.22243,上海市,上海市,普陀区,121.38283562733412,31.22428604109808,Medical_Service
真如地铁站7号口,交通设施,地铁,121.405794,31.250634,上海市,上海市,普陀区,121.4011411623077,31.252472568793223,Transport
真如地铁站5号口,交通设施,地铁,121.406686,31.250588,上海市,上海市,普陀区,121.4020333621955,31.252426742608677,Transport
真如地铁站6号口,交通设施,地铁,121.406155,31.250628,上海市,上海市,普陀区,121.4015022370412,31.252466629211423,Transport
富平路真南路,交通设施,公交站,121.397874,31.266309,上海市,上海市,普陀区,121.3932198796053,31.268140884210126,Transport
祁连山路地铁站1号口,交通设施,地铁,121.377833,31.271625,上海市,上海市,普陀区,121.37319244631756,31.273466798600847,Transport
上海泓医门诊部,医疗保健,诊所,121.375182,31.271169,上海市,上海市,普陀区,121.37054469104984,31.27301374707954,Medical_Service
老码头-公厕,生活服务,公厕,121.506379,31.218973,上海市,上海市,黄浦区,121.5019717692091,31.22103011460072,Toilet
波阳公园-公厕,生活服务,公厕,121.551147,31.272148,上海市,上海市,杨浦区,121.54687781873804,31.27429879686399,Toilet
上海长海医院本部急诊,医疗保健,综合医院,121.526497,31.30906,上海市,上海市,杨浦区,121.52215232220868,31.31113654257231,Medical_Service
海军军医大学第一附属医院5号医技楼,医疗保健,综合医院,121.526361,31.308353,上海市,上海市,杨浦区,121.52201593128302,31.31042944301524,Medical_Service
无障碍公厕,生活服务,公厕,121.50164,31.300338,上海市,上海市,杨浦区,121.49720874289363,31.30234526611513,Toilet
第一康复医院,医疗保健,综合医院,121.551266,31.289227,上海市,上海市,杨浦区,121.54699568973754,31.291370928620974,Medical_Service
上海慈安堂中医门诊部,医疗保健,综合医院,121.535702,31.300443,上海市,上海市,杨浦区,121.53138740854342,31.30254711405023,Medical_Service
海军军医大学第三附属医院,医疗保健,综合医院,121.531277,31.309967,上海市,上海市,杨浦区,121.52694778561111,31.31205602468154,Medical_Service
公厕,生活服务,公厕,121.538935,31.319854,上海市,上海市,杨浦区,121.5346284966477,31.32195861698724,Toilet
公厕,生活服务,公厕,121.496415,31.310579,上海市,上海市,杨浦区,121.49196397806487,31.31256646262324,Toilet
睿宝儿科,医疗保健,诊所,121.505877,31.320238,上海市,上海市,杨浦区,121.50145936506878,31.32225041638786,Medical_Service
殷高东路地铁站2号口,交通设施,地铁,121.506946,31.321472,上海市,上海市,杨浦区,121.50253211430176,31.323487174449447,Transport
殷高东路地铁站4号口,交通设施,地铁,121.506924,31.322121,上海市,上海市,杨浦区,121.50250997987628,31.324135867055706,Transport
殷高东路地铁站3号口,交通设施,地铁,121.506131,31.321511,上海市,上海市,杨浦区,121.50171417311192,31.323523707078262,Transport
新江湾城地铁站2号口,交通设施,地铁,121.507257,31.328529,上海市,上海市,杨浦区,121.50284363454269,31.33054251180107,Transport
新江湾城地铁站5号口,交通设施,地铁,121.506259,31.327407,上海市,上海市,杨浦区,121.50184213336496,31.329417918667517,Transport
新江湾城地铁站3号口,交通设施,地铁,121.507001,31.32776,上海市,上海市,杨浦区,121.50258677788187,31.3297730225361,Transport
睿达路清流环三路,交通设施,公交站,121.501395,31.327345,上海市,上海市,杨浦区,121.49696055576302,31.329341248971843,Transport
公厕,生活服务,公厕,121.513836,31.318953,上海市,上海市,杨浦区,121.50944696135016,31.32098965250325,Toilet
公厕,生活服务,公厕,121.511656,31.319182,上海市,上海市,杨浦区,121.50725919639638,31.32121211502137,Toilet
无障碍公厕,生活服务,公厕,121.522414,31.331103,上海市,上海市,杨浦区,121.51805375449568,31.333159956817035,Toilet
古浪路地铁站1号口,交通设施,地铁,121.393325,31.284849,上海市,上海市,普陀区,121.38867076182814,31.28667441506425,Transport
古浪路地铁站3号口,交通设施,地铁,121.393117,31.283475,上海市,上海市,普陀区,121.38846297516731,31.28530106381752,Transport
上海圣保堂中医门诊部,医疗保健,诊所,121.435054,31.275236,上海市,上海市,静安区,121.43042747953744,31.2770876239683,Medical_Service
大宁郁金香公园-公厕,生活服务,公厕,121.443493,31.274559,上海市,上海市,静安区,121.4388829297279,31.276424691870087,Toilet
上海马戏城地铁站3号口,交通设施,地铁,121.451522,31.27892,上海市,上海市,静安区,121.4469302158828,31.280799568966927,Transport
上海马戏城地铁站4号口,交通设施,地铁,121.45163,31.28048,上海市,上海市,静安区,121.44703835081027,31.282359145869272,Transport
泽仁堂中医门诊部,医疗保健,诊所,121.449362,31.304722,上海市,上海市,静安区,121.44476267531348,31.3065866761929,Medical_Service
中医医院,医疗保健,综合医院,121.459148,31.289121,上海市,上海市,静安区,121.4545755728508,31.291013400371497,Medical_Service
上海都市医院,医疗保健,综合医院,121.481793,31.274507,上海市,上海市,虹口区,121.47729329527236,31.27646558176309,Medical_Service
江湾公园-公厕,生活服务,公厕,121.48159,31.306243,上海市,上海市,虹口区,121.47708687354807,31.30818811658313,Toilet
公厕,生活服务,公厕,121.460699,31.302414,上海市,上海市,静安区,121.45612981299632,31.304304777374483,Toilet
无障碍公厕,生活服务,公厕,121.460605,31.302468,上海市,上海市,静安区,121.4560355397124,31.304358530075977,Toilet
上海太乙堂中医门诊部,医疗保健,诊所,121.457349,31.311376,上海市,上海市,静安区,121.45276966409114,31.313255410715037,Medical_Service
同济大学附属第四人民医院住院部,医疗保健,综合医院,121.469017,31.311786,上海市,上海市,虹口区,121.46447195918267,31.31369414197136,Medical_Service
同济大学附属第四人民医院门诊部,医疗保健,综合医院,121.469193,31.311121,上海市,上海市,虹口区,121.4646485683474,31.31302986089741,Medical_Service
虹湾路,交通设施,地铁,121.467861,31.312206,上海市,上海市,静安区,121.46331232178154,31.314110951854328,Transport
无障碍公厕,生活服务,公厕,121.471871,31.313818,上海市,上海市,虹口区,121.4673348409431,31.31573298446567,Toilet
公厕,生活服务,公厕,121.435672,31.313077,上海市,上海市,静安区,121.43104326527518,31.31491433247644,Toilet
无障碍公厕,生活服务,公厕,121.434959,31.315799,上海市,上海市,静安区,121.43032878038932,31.31763425099372,Toilet
皮肤病医院总院,医疗保健,综合医院,121.445215,31.316084,上海市,上海市,静安区,121.44060507982462,31.31793622703236,Medical_Service
皮肤病医院总院皮肤科大楼,医疗保健,综合医院,121.444512,31.316734,上海市,上海市,静安区,121.43990047117984,31.318584676107687,Medical_Service
华泾镇社区卫生中心,医疗保健,综合医院,121.453424,31.118345,上海市,上海市,徐汇区,121.4488509226382,31.120307296142236,Medical_Service
公厕,生活服务,公厕,121.404677,31.160547,上海市,上海市,徐汇区,121.40003182376935,31.16242921896971,Toilet
上海虹桥医院,医疗保健,综合医院,121.395274,31.174518,上海市,上海市,徐汇区,121.39062860894234,31.17639397977676,Medical_Service
上海唯儿诺古北儿科门诊部,医疗保健,诊所,121.405962,31.194829,上海市,上海市,长宁区,121.40131406027504,31.196693921810912,Medical_Service
城本口腔-洗手间,生活服务,公厕,121.406635,31.197262,上海市,上海市,长宁区,121.40198699822729,31.199125834866884,Toilet
民航上海医院航空体检中心,医疗保健,综合医院,121.400976,31.197544,上海市,上海市,长宁区,121.39632745434686,31.199407336879364,Medical_Service
樱华门诊部,医疗保健,诊所,121.396234,31.1982,上海市,上海市,长宁区,121.39158623866844,31.20006379674278,Medical_Service
上海藤和门诊部,医疗保健,诊所,121.397084,31.196118,上海市,上海市,长宁区,121.39243618485494,31.19798261345484,Medical_Service
公厕,生活服务,公厕,121.450894,31.127127,上海市,上海市,徐汇区,121.44631378414222,31.12907911072354,Toilet
上海南站地铁站10号口,交通设施,地铁,121.431214,31.156017,上海市,上海市,徐汇区,121.4265915494705,31.15792018355703,Transport
上海南站地铁站出入口,交通设施,地铁,121.429539,31.154882,上海市,上海市,徐汇区,121.42491414069218,31.156783674450043,Transport
上海南站地铁站6号口,交通设施,地铁,121.429627,31.155326,上海市,上海市,徐汇区,121.4250022303006,31.15722754843034,Transport
钦州南路柳州路,交通设施,公交站,121.424496,31.159694,上海市,上海市,徐汇区,121.41986405245756,31.16158755505662,Transport
天钥桥南路黄石路,交通设施,公交站,121.455121,31.156124,上海市,上海市,徐汇区,121.4505490940955,31.158069706739056,Transport
公厕,生活服务,公厕,121.473541,31.194113,上海市,上海市,黄浦区,121.46902053854214,31.19608537847213,Toilet
锦淮门诊·皮肤医学中心,医疗保健,诊所,121.459543,31.183242,上海市,上海市,徐汇区,121.45498082766292,31.18518389971619,Medical_Service
上海敦复医院,医疗保健,综合医院,121.461266,31.189034,上海市,上海市,徐汇区,121.4567082306924,31.190977117092352,Medical_Service
美年大健康体检中心,医疗保健,诊所,121.458358,31.197443,上海市,上海市,徐汇区,121.4537912943478,31.199375015382792,Medical_Service
复旦大学附属中山医院东院区特需门诊,医疗保健,综合医院,121.457641,31.197324,上海市,上海市,徐汇区,121.4530723281156,31.19925440867309,Medical_Service
复旦大学附属中山医院内镜中心,医疗保健,综合医院,121.454574,31.198195,上海市,上海市,徐汇区,121.44999702230388,31.200118043206757,Medical_Service
复旦大学附属中山医院东院区行政楼,医疗保健,综合医院,121.456472,31.196413,上海市,上海市,徐汇区,121.45190022635272,31.198341179097056,Medical_Service
第六人民医院骨科临床诊疗中心,医疗保健,综合医院,121.42157,31.178618,上海市,上海市,徐汇区,121.416933149662,31.180499064026275,Medical_Service
第八人民医院门诊,医疗保健,综合医院,121.432647,31.167529,上海市,上海市,徐汇区,121.42802580985692,31.169428079329837,Medical_Service
第八人民医院医学美容科,医疗保健,综合医院,121.434107,31.167677,上海市,上海市,徐汇区,121.42948820587851,31.16957802788312,Medical_Service
九〇五医院分院肺科,医疗保健,综合医院,121.435388,31.166599,上海市,上海市,徐汇区,121.43077150113244,31.168502437498525,Medical_Service
固生堂中医,医疗保健,诊所,121.436468,31.168778,上海市,上海市,徐汇区,121.43185323203744,31.17068192567375,Medical_Service
龙华,交通设施,公交站,121.444961,31.172117,上海市,上海市,徐汇区,121.44036300853548,31.17403357443009,Transport
漕溪公园-公厕,生活服务,公厕,121.435893,31.17156,上海市,上海市,徐汇区,121.43127696145464,31.17346162610705,Toilet
翡立思医疗美容,医疗保健,诊所,121.433664,31.186752,上海市,上海市,徐汇区,121.42904280840357,31.188642676512824,Medical_Service
上海中医药大学附属龙华医院总院门诊,医疗保健,综合医院,121.449443,31.188103,上海市,上海市,徐汇区,121.44485397830054,31.1900201798021,Medical_Service
上海中医药大学附属龙华医院急诊,医疗保健,综合医院,121.449337,31.188453,上海市,上海市,徐汇区,121.4447476929368,31.19036978939335,Medical_Service
上海中医药大学附属龙华医院总院住院部,医疗保健,综合医院,121.44972,31.187586,上海市,上海市,徐汇区,121.44513169191232,31.189504002784687,Medical_Service
公厕,生活服务,公厕,121.441822,31.195429,上海市,上海市,徐汇区,121.4372152819962,31.19732815646084,Toilet
徐家汇公园-公厕,生活服务,公厕,121.44202,31.197163,上海市,上海市,徐汇区,121.43741354124516,31.19906164317675,Toilet
徐家汇公园-公厕,生活服务,公厕,121.441933,31.197261,上海市,上海市,徐汇区,121.43732635256517,31.199159443057905,Toilet
益仁堂中医诊所,医疗保健,诊所,121.425766,31.186019,上海市,上海市,徐汇区,121.42113332025116,31.187900347623906,Medical_Service
宜山路地铁站5号口,交通设施,地铁,121.426117,31.18821,上海市,上海市,徐汇区,121.42148457455428,31.190090619864662,Transport
宜山路地铁站4号口,交通设施,地铁,121.426694,31.187455,上海市,上海市,徐汇区,121.42206238528937,31.18933662321145,Transport
复旦大学附属华山医院PET中心,医疗保健,综合医院,121.422166,31.189899,上海市,上海市,徐汇区,121.41752879581406,31.19177489682387,Medical_Service
男卫生间,生活服务,公厕,121.422177,31.193632,上海市,上海市,长宁区,121.4175394828924,31.195506045640165,Toilet
徐家汇街道社区卫生中心,医疗保健,综合医院,121.431665,31.194529,上海市,上海市,徐汇区,121.42703990633244,31.19641308088241,Medical_Service
雷允上五行中医门诊部,医疗保健,诊所,121.420722,31.18955,上海市,上海市,徐汇区,121.41608333934106,31.19142482928902,Medical_Service
上海蓝生万众医院,医疗保健,综合医院,121.420314,31.189189,上海市,上海市,徐汇区,121.41567497072086,31.19106367605627,Medical_Service
虹桥路地铁站6号口,交通设施,地铁,121.421839,31.196224,上海市,上海市,长宁区,121.41720089926298,31.198096460783898,Transport
虹桥路地铁站1号口,交通设施,地铁,121.42073,31.197939,上海市,上海市,长宁区,121.41609061747852,31.199809667296453,Transport
虹桥路地铁站2号口,交通设施,地铁,121.421097,31.196851,上海市,上海市,长宁区,121.41645807970914,31.1987225115919,Transport
虹桥路地铁站3号口,交通设施,地铁,121.420572,31.197842,上海市,上海市,长宁区,121.41593246987784,31.19971258491636,Transport
西法华社区卫生运营服务站,医疗保健,综合医院,121.419734,31.205379,上海市,上海市,长宁区,121.41509300854617,31.20724521664883,Medical_Service
海军军医大学海军特色医学中心,医疗保健,综合医院,121.428248,31.199514,上海市,上海市,长宁区,121.42361743046628,31.201391383873,Medical_Service
杏儒逸道中医诊所,医疗保健,诊所,121.426552,31.2048,上海市,上海市,长宁区,121.42191869236288,31.206672883323623,Medical_Service
公厕,生活服务,公厕,121.424922,31.216255,上海市,上海市,长宁区,121.42028564758516,31.21812063649752,Toilet
上海图书馆地铁站1号口,交通设施,地铁,121.444458,31.208365,上海市,上海市,徐汇区,121.43985576380258,31.210262532906874,Transport
上海博爱医院体检中心,医疗保健,综合医院,121.44451,31.208709,上海市,上海市,徐汇区,121.43990784776696,31.210606462013484,Medical_Service
联合医务上海怡东门诊部,医疗保健,诊所,121.449974,31.212289,上海市,上海市,徐汇区,121.44538417110276,31.214195373468808,Medical_Service
无障碍公厕,生活服务,公厕,121.447115,31.210376,上海市,上海市,徐汇区,121.44251856061425,31.21227758831368,Toilet
常熟路地铁站1号口,交通设施,地铁,121.450757,31.213463,上海市,上海市,徐汇区,121.44616898712871,31.21537042432317,Transport
常熟路地铁站7号口,交通设施,地铁,121.449232,31.212687,上海市,上海市,徐汇区,121.44464034374116,31.214591671688947,Transport
常熟路地铁站4号口,交通设施,地铁,121.450268,31.212926,上海市,上海市,徐汇区,121.44567883292584,31.214832670960696,Transport
KFC,生活服务,公厕,121.450655,31.213606,上海市,上海市,徐汇区,121.44606672346464,31.21551314395843,Toilet
上海万光堂中医诊所,医疗保健,诊所,121.438925,31.21444,上海市,上海市,长宁区,121.43431085357795,31.21632502241764,Medical_Service
永惠华,医疗保健,诊所,121.438802,31.214384,上海市,上海市,长宁区,121.43418762196576,31.216268850319025,Medical_Service
上海和德门诊部,医疗保健,诊所,121.436334,31.218369,上海市,上海市,长宁区,121.43171468716598,31.22024808674306,Medical_Service
唯儿诺,医疗保健,诊所,121.436432,31.217138,上海市,上海市,长宁区,121.43181297059292,31.21901782181985,Medical_Service
复旦大学附属华东医院总院门诊,医疗保健,综合医院,121.440125,31.21872,上海市,上海市,静安区,121.43551282756084,31.22060495175173,Medical_Service
静安寺地铁站12号口,交通设施,地铁,121.445571,31.220151,上海市,上海市,静安区,121.44097020470616,31.2220449534474,Transport
嘉会医疗,医疗保健,诊所,121.44743,31.217168,上海市,上海市,静安区,121.44283370127128,31.21906694165212,Medical_Service
儿童医院北京西路院区,医疗保健,综合医院,121.448194,31.229331,上海市,上海市,静安区,121.44359843399336,31.2312257091392,Medical_Service
儿童医院北京西路院区1号楼门诊,医疗保健,综合医院,121.448354,31.228891,上海市,上海市,静安区,121.44375884953412,31.230786232188315,Medical_Service
儿童医院北京西路院区门诊2,医疗保健,综合医院,121.448048,31.228692,上海市,上海市,静安区,121.44345214595204,31.23058671802741,Medical_Service
昌平路地铁站2号口,交通设施,地铁,121.443374,31.233066,上海市,上海市,静安区,121.43876727806732,31.234949854313367,Transport
中山生态公园地铁站8号口,交通设施,地铁,121.42086,31.218644,上海市,上海市,长宁区,121.41621894469444,31.220504739088124,Transport
中山生态公园地铁站7号口,交通设施,地铁,121.419998,31.219264,上海市,上海市,长宁区,121.41535604941262,31.22112374233768,Transport
公厕,生活服务,公厕,121.420004,31.220853,上海市,上海市,长宁区,121.41536191675164,31.222711993108,Toilet
公厕,生活服务,公厕,121.426513,31.219042,上海市,上海市,长宁区,121.4218784028263,31.22090798147389,Toilet
江苏路地铁站7号口,交通设施,地铁,121.43057,31.219865,上海市,上海市,长宁区,121.42594102283437,31.221735364524477,Transport
江苏路地铁站1号口,交通设施,地铁,121.43147,31.219762,上海市,上海市,长宁区,121.4268424095569,31.22163357018612,Transport
江苏路地铁站4号口,交通设施,地铁,121.431777,31.21953,上海市,上海市,长宁区,121.42714990917594,31.221402082985698,Transport
江苏路地铁站5号口,交通设施,地铁,121.430548,31.221369,上海市,上海市,长宁区,121.425918858884,31.22323862375289,Transport
江苏路地铁站6号口,交通设施,地铁,121.431183,31.219684,上海市,上海市,长宁区,121.42655497248002,31.221555234521677,Transport
江苏路地铁站8号口,交通设施,地铁,121.430256,31.22056,上海市,上海市,长宁区,121.42562649148282,31.22242963953877,Transport
隆德路地铁站5号口,交通设施,地铁,121.422687,31.230511,上海市,上海市,普陀区,121.41804682503512,31.232367754783628,Transport
隆德路地铁站3号口,交通设施,地铁,121.423903,31.229973,上海市,上海市,普陀区,121.4192642437563,31.231831152353884,Transport
隆德路地铁站4号口,交通设施,地铁,121.422983,31.229934,上海市,上海市,普陀区,121.4183432020256,31.231791296433187,Transport
隆德路地铁站2号口,交通设施,地铁,121.42403,31.230327,上海市,上海市,普陀区,121.41939136071623,31.2321851112392,Transport
妙可堂中医,医疗保健,诊所,121.430334,31.228089,上海市,上海市,静安区,121.42570395313352,31.22995519340436,Medical_Service
公厕,生活服务,公厕,121.456998,31.201438,上海市,上海市,徐汇区,121.4524272171006,31.203364903650687,Toilet
公厕,生活服务,公厕,121.452966,31.203776,上海市,上海市,徐汇区,121.44838437421905,31.20569279295807,Toilet
怡康时代中医门诊部,医疗保健,诊所,121.464618,31.200256,上海市,上海市,徐汇区,121.46006910036878,31.202201836258084,Medical_Service
无障碍公厕,生活服务,公厕,121.471336,31.199888,上海市,上海市,黄浦区,121.46680793238112,31.201851536865384,Toilet
上海上工坊善健中医门诊部,医疗保健,诊所,121.462205,31.206338,上海市,上海市,黄浦区,121.45764845587112,31.208274862947512,Medical_Service
上海交通大学医学院附属瑞金医院转化医学大楼,医疗保健,综合医院,121.46844,31.211471,上海市,上海市,黄浦区,121.4639018023822,31.21342120331767,Medical_Service
上海交通大学医学院附属瑞金医院发热门急诊,医疗保健,综合医院,121.466509,31.210983,上海市,上海市,黄浦区,121.4619648918656,31.21292842539015,Medical_Service
上海交通大学医学院附属瑞金医院门诊皮肤科,医疗保健,综合医院,121.466454,31.210355,上海市,上海市,黄浦区,121.46190977807775,31.2123005872055,Medical_Service
上海交通大学医学院附属瑞金医院科研实验楼,医疗保健,综合医院,121.468264,31.213444,上海市,上海市,黄浦区,121.4637250853825,31.21539279295064,Medical_Service
复兴公园-公厕,生活服务,公厕,121.469346,31.215761,上海市,上海市,黄浦区,121.46481026514752,31.21771152777969,Toilet
上海佰龄天寿中医门诊部,医疗保健,诊所,121.459166,31.212067,上海市,上海市,徐汇区,121.45460028304632,31.213993778110005,Medical_Service
瑞金康复医院,医疗保健,综合医院,121.473757,31.19855,上海市,上海市,黄浦区,121.46923686120849,31.200520774932997,Medical_Service
公厕,生活服务,公厕,121.480902,31.206827,上海市,上海市,黄浦区,121.47640503902258,31.20881382322,Toilet
上海泰坤堂中医医院互联网医院,医疗保健,综合医院,121.472212,31.207489,上海市,上海市,黄浦区,121.46768608895798,31.20945118750283,Medical_Service
上海交通大学医学院附属第九人民医院南部门诊楼,医疗保健,综合医院,121.485491,31.202845,上海市,上海市,黄浦区,121.48101025899724,31.204847116498826,Medical_Service
上海交通大学医学院附属第九人民医院南部口腔门诊中心,医疗保健,综合医院,121.48603,31.202137,上海市,上海市,黄浦区,121.48155120694804,31.2041410495458,Medical_Service
西藏南路地铁站5号口,交通设施,地铁,121.488964,31.202416,上海市,上海市,黄浦区,121.48449552724884,31.20442860354118,Transport
西藏南路地铁站2号口,交通设施,地铁,121.490418,31.201399,上海市,上海市,黄浦区,121.4859547789046,31.203416439667773,Transport
西藏南路地铁站4号口,交通设施,地铁,121.489031,31.20156,上海市,上海市,黄浦区,121.48456283773612,31.20357322261341,Transport
西藏南路地铁站1号口,交通设施,地铁,121.489872,31.202249,上海市,上海市,黄浦区,121.48540676422016,31.204264391948904,Transport
上海三爱中医门诊部,医疗保健,诊所,121.477099,31.212666,上海市,上海市,黄浦区,121.47258868089033,31.21463918287725,Medical_Service
老西门街道社区卫生中心肇周路分中心,医疗保健,综合医院,121.480912,31.216251,上海市,上海市,黄浦区,121.47641426645092,31.21823330919966,Medical_Service
老西门街道社区卫生服务,医疗保健,综合医院,121.480982,31.216262,上海市,上海市,黄浦区,121.47648450496312,31.21824450531311,Medical_Service
无障碍公厕,生活服务,公厕,121.476409,31.218899,上海市,上海市,黄浦区,121.47189584691382,31.22086726652364,Toilet
上海中医药大学附属曙光医院,医疗保健,综合医院,121.478379,31.222879,上海市,上海市,黄浦区,121.47387209919997,31.224850927985877,Medical_Service
上海中医药大学附属曙光医院,医疗保健,综合医院,121.478874,31.222974,上海市,上海市,黄浦区,121.47436876123206,31.22494728804737,Medical_Service
一大会址·黄陂南路地铁站5号口,交通设施,地铁,121.473792,31.224865,上海市,上海市,黄浦区,121.46926971611776,31.22682319192365,Transport
公厕,生活服务,公厕,121.487979,31.217754,上海市,上海市,黄浦区,121.48350573300353,31.2197562633187,Toilet
复兴东路,交通设施,公交站,121.486907,31.220312,上海市,上海市,黄浦区,121.48242973490328,31.222309872004526,Transport
上海群力中医门诊部,医疗保健,诊所,121.481991,31.227874,上海市,上海市,黄浦区,121.47749597275156,31.229853926371163,Medical_Service
公厕,生活服务,公厕,121.484057,31.230405,上海市,上海市,黄浦区,121.47956890217522,31.232389752661646,Toilet
豫园地铁站1号口,交通设施,地铁,121.487537,31.228616,上海市,上海市,黄浦区,121.48306124508628,31.23061182817453,Transport
豫园地铁站3号口,交通设施,地铁,121.487295,31.227393,上海市,上海市,黄浦区,121.48281849632136,31.229388683192617,Transport
豫园地铁站4号口,交通设施,地铁,121.486954,31.228399,上海市,上海市,黄浦区,121.48247620939348,31.23039320402909,Transport
豫园地铁站7号口,交通设施,地铁,121.490329,31.2298,上海市,上海市,黄浦区,121.48586303995054,31.231803585469184,Transport
豫园地铁站6号口,交通设施,地铁,121.488805,31.230027,上海市,上海市,黄浦区,121.48433360752504,31.232025935110837,Transport
无障碍公厕,生活服务,公厕,121.48876,31.228634,上海市,上海市,黄浦区,121.48428856703232,31.230633450714915,Toilet
上海博物馆人民广场馆,交通设施,公交站,121.476042,31.22746,上海市,上海市,黄浦区,121.4715268937044,31.229423202181493,Transport
人民广场地铁站出入口,交通设施,地铁,121.475855,31.230269,上海市,上海市,黄浦区,121.47133903284583,31.232230369894356,Transport
人民广场地铁站1号口,交通设施,地铁,121.476449,31.230856,上海市,上海市,黄浦区,121.47193495395852,31.23281875562493,Transport
公厕,生活服务,公厕,121.472379,31.233133,上海市,上海市,黄浦区,121.46785142344812,31.23508347808518,Toilet
上海城市规划展示馆站,交通设施,公交站,121.475823,31.231021,上海市,上海市,黄浦区,121.4713068623191,31.23298193102985,Transport
人民广场地铁站17号口,交通设施,地铁,121.474508,31.23289,上海市,上海市,黄浦区,121.46998736831328,31.23484641772584,Transport
淮海中路地铁站1号口,交通设施,地铁,121.464763,31.219361,上海市,上海市,黄浦区,121.4602128888756,31.221297965024224,Transport
公厕,生活服务,公厕,121.467685,31.22307,上海市,上海市,黄浦区,121.46314346309308,31.22501269883342,Toilet
公厕,生活服务,公厕,121.467478,31.225095,上海市,上海市,静安区,121.4629356498682,31.227036207110714,Toilet
美华沃德医疗,医疗保健,诊所,121.465433,31.227178,上海市,上海市,静安区,121.4608842305224,31.22911297506998,Medical_Service
上海采菽中医门诊部,医疗保健,诊所,121.466763,31.22693,上海市,上海市,静安区,121.46221829519934,31.228868496265235,Medical_Service
南京西路地铁站12号口,交通设施,地铁,121.459719,31.226808,上海市,上海市,静安区,121.45515356512664,31.228729084491743,Transport
牙病防治所,医疗保健,诊所,121.453964,31.234889,上海市,上海市,静安区,121.4493822570254,31.236793179696537,Medical_Service
汉中路地铁站7号口,交通设施,地铁,121.459328,31.240641,上海市,上海市,静安区,121.45476026996349,31.242554764647785,Transport
不夜城公园-公厕,生活服务,公厕,121.460605,31.244887,上海市,上海市,静安区,121.4560405183056,31.24680188291461,Toilet
公厕,生活服务,公厕,121.467459,31.240868,上海市,上海市,静安区,121.46291523285188,31.242801857416087,Toilet
上海火车站地铁站3号口,交通设施,地铁,121.455158,31.246972,上海市,上海市,静安区,121.45057834423498,31.24887331536383,Transport
上海火车站地铁站6号口,交通设施,地铁,121.457379,31.247709,上海市,上海市,静安区,121.4528052580083,31.249615018471037,Transport
上海火车站地铁站8号口,交通设施,地铁,121.457246,31.250332,上海市,上海市,静安区,121.45267166783437,31.2522365380834,Transport
无障碍公厕,生活服务,公厕,121.45327,31.251701,上海市,上海市,静安区,121.4486850074063,31.25359604979529,Toilet
公厕,生活服务,公厕,121.452149,31.252399,上海市,上海市,静安区,121.44756109000733,31.25429133347292,Toilet
外滩社区卫生中心,医疗保健,综合医院,121.481043,31.238225,上海市,上海市,黄浦区,121.47654383250732,31.24019740037169,Medical_Service
外滩街道社区卫生中心,医疗保健,综合医院,121.480872,31.238272,上海市,上海市,黄浦区,121.4763722433621,31.2402438869031,Medical_Service
洗手间,生活服务,公厕,121.477919,31.241648,上海市,上海市,静安区,121.47340894187852,31.24360992679988,Toilet
公厕,生活服务,公厕,121.490612,31.236608,上海市,上海市,黄浦区,121.486146466961,31.238609281568383,Toilet
公厕,生活服务,公厕,121.48608,31.240928,上海市,上海市,黄浦区,121.48159806731267,31.242913844383665,Toilet
第一人民医院住院部,医疗保健,综合医院,121.490003,31.253864,上海市,上海市,虹口区,121.48553382534608,31.255855672894448,Medical_Service
第一人民医院北部医技楼,医疗保健,综合医院,121.489237,31.253375,上海市,上海市,虹口区,121.4847651452258,31.2553646050514,Medical_Service
第一人民医院北部门诊楼,医疗保健,综合医院,121.490052,31.253869,上海市,上海市,虹口区,121.48558299925352,31.255860816994165,Medical_Service
金光医疗,医疗保健,诊所,121.486054,31.253061,上海市,上海市,虹口区,121.48157093828058,31.2550413116192,Medical_Service
宝山路地铁站1号口,交通设施,地铁,121.476839,31.252001,上海市,上海市,静安区,121.47232443768075,31.25395522855233,Transport
康尧中医诊所,医疗保健,诊所,121.488036,31.260506,上海市,上海市,虹口区,121.4835592815855,31.262488895757627,Medical_Service
海伦路地铁站7号口,交通设施,地铁,121.489178,31.259793,上海市,上海市,虹口区,121.48470538739583,31.26177960276342,Transport
海伦路地铁站1号口,交通设施,地铁,121.490504,31.259371,上海市,上海市,虹口区,121.48603613868056,31.261361744664143,Transport
虹口足球场地铁站5号口,交通设施,地铁,121.478971,31.270309,上海市,上海市,虹口区,121.47446202840511,31.27226127228121,Transport
虹口足球场地铁站4号口,交通设施,地铁,121.479077,31.272102,上海市,上海市,虹口区,121.47456823317242,31.274053810418284,Transport
虹口足球场地铁站3号口,交通设施,地铁,121.479176,31.27059,上海市,上海市,虹口区,121.47466769823612,31.272542735824487,Transport
虹口足球场地铁站1号口,交通设施,地铁,121.479479,31.271988,上海市,上海市,虹口区,121.47497160552204,31.273941004305644,Transport
复旦大学附属中山医院南院,医疗保健,综合医院,121.471499,31.272755,上海市,上海市,虹口区,121.4669651865684,31.27468551483125,Medical_Service
上海长征医院,医疗保健,综合医院,121.464234,31.263999,上海市,上海市,静安区,121.4596784581308,31.265914344427745,Medical_Service
上海长征医院肿瘤科,医疗保健,综合医院,121.464069,31.263826,上海市,上海市,静安区,121.45951298172824,31.265741005699603,Medical_Service
公厕,生活服务,公厕,121.462952,31.266814,上海市,上海市,静安区,121.45839242157494,31.26872493564189,Toilet
西藏北路地铁站1号口,交通设施,地铁,121.468811,31.264095,上海市,上海市,静安区,121.4642694282416,31.266022069679945,Transport
西藏北路地铁站2号口,交通设施,地铁,121.469358,31.263635,上海市,上海市,静安区,121.46481818155516,31.265563711242333,Transport
十院口腔专科医院,医疗保健,综合医院,121.454968,31.271431,上海市,上海市,静安区,121.45038572438357,31.27332118589468,Medical_Service
曹杨路地铁站6号口,交通设施,地铁,121.417349,31.239223,上海市,上海市,普陀区,121.4127029727686,31.241071490959698,Transport
曹杨路地铁站5号口,交通设施,地铁,121.417462,31.238279,上海市,上海市,普陀区,121.41281614713262,31.24012799932329,Transport
曹杨路地铁站7号口,交通设施,地铁,121.417721,31.239399,上海市,上海市,普陀区,121.4130752631234,31.241247664696637,Transport
镇坪路地铁站3号口,交通设施,地铁,121.429701,31.246484,上海市,上海市,普陀区,121.42506841572356,31.248340968055363,Transport
镇坪路地铁站7号口,交通设施,地铁,121.431408,31.246766,上海市,上海市,普陀区,121.42677796422156,31.248625000488893,Transport
镇坪路地铁站4号口,交通设施,地铁,121.431801,31.247153,上海市,上海市,普陀区,121.42717154408012,31.24901234154125,Transport
镇坪路地铁站2号口,交通设施,地铁,121.429924,31.24628,上海市,上海市,普陀区,121.42529176111202,31.248137334776324,Transport
镇坪路地铁站6号口,交通设施,地铁,121.431793,31.246181,上海市,上海市,普陀区,121.42716361610344,31.248040768346552,Transport
公厕,生活服务,公厕,121.438654,31.236756,上海市,上海市,静安区,121.43403739559614,31.23863010719008,Toilet
瑞泰口腔昌平路门诊,医疗保健,诊所,121.447253,31.236501,上海市,上海市,静安区,121.44265461565102,31.23839054022226,Medical_Service
妇女儿童保健所,医疗保健,综合医院,121.442186,31.240368,上海市,上海市,普陀区,121.43757613807,31.242246390721807,Medical_Service
江宁路地铁站1号口,交通设施,地铁,121.44513,31.244672,上海市,上海市,普陀区,121.44052609552487,31.24655376562658,Transport
江宁路地铁站2号口,交通设施,地铁,121.445788,31.244159,上海市,上海市,普陀区,121.4411856095884,31.24604223464383,Transport
江宁路地铁站3号口,交通设施,地铁,121.444593,31.244071,上海市,上海市,普陀区,121.43998796298884,31.2459520401592,Transport
长寿街道社区卫生中心,医疗保健,综合医院,121.441949,31.243756,上海市,上海市,普陀区,121.43733835181696,31.245632437296276,Medical_Service
上海瑞健运动康复中心,医疗保健,诊所,121.442265,31.245872,上海市,上海市,普陀区,121.43765482479604,31.247748034036476,Medical_Service
无障碍公厕,生活服务,公厕,121.442581,31.245554,上海市,上海市,普陀区,121.43797151382977,31.24743073400668,Toilet
公厕,生活服务,公厕,121.436334,31.253285,上海市,上海市,普陀区,121.43171165236876,31.255148023254435,Toilet
公厕,生活服务,公厕,121.440555,31.260739,上海市,上海市,普陀区,121.43594003555437,31.26260549738103,Toilet
公厕,生活服务,公厕,121.445538,31.258608,上海市,上海市,普陀区,121.440933795031,31.26048432699088,Toilet
公厕,生活服务,公厕,121.445859,31.262772,上海市,上海市,普陀区,121.44125515408508,31.264647116679942,Toilet
尚善堂中医,医疗保健,诊所,121.449242,31.270368,上海市,上海市,静安区,121.44464536896,31.27224647517771,Medical_Service
同济医院体检中心-体检,医疗保健,综合医院,121.431085,31.266723,上海市,上海市,普陀区,121.42645272818712,31.26857279829612,Medical_Service
同济大学附属同济医院门诊,医疗保健,综合医院,121.431281,31.266339,上海市,上海市,普陀区,121.42664906345772,31.268189216886476,Medical_Service
同济大学附属同济医院同康楼,医疗保健,综合医院,121.43091,31.267141,上海市,上海市,普陀区,121.4262774239536,31.26899039378821,Medical_Service
同济大学附属同济医院急诊,医疗保健,综合医院,121.430681,31.266321,上海市,上海市,普陀区,121.42604814728996,31.268170454507946,Medical_Service
同济大学附属同济医院整形美容外科,医疗保健,综合医院,121.430957,31.266111,上海市,上海市,普陀区,121.42632458544809,31.26796089728584,Medical_Service
同济大学附属同济医院行政楼,医疗保健,综合医院,121.430724,31.267459,上海市,上海市,普陀区,121.4260911133156,31.269308019736144,Medical_Service
同济大学附属同济医院甘泉楼住院部,医疗保健,综合医院,121.431189,31.266796,上海市,上海市,普陀区,121.4265568817352,31.268645901084312,Medical_Service
同济大学附属同济医院同康楼住院部,医疗保健,综合医院,121.430784,31.267065,上海市,上海市,普陀区,121.42615123871327,31.268914265465337,Medical_Service
同济大学附属同济医院皮肤科,医疗保健,综合医院,121.430877,31.26611,上海市,上海市,普陀区,121.42624446343288,31.267959795254963,Medical_Service
同济大学附属同济医院发热门诊,医疗保健,综合医院,121.430809,31.267842,上海市,上海市,普陀区,121.42617620903113,31.26969096361354,Medical_Service
公厕,生活服务,公厕,121.426986,31.267305,上海市,上海市,普陀区,121.4223478193522,31.26914963583197,Toilet
无障碍公厕,生活服务,公厕,121.367702,31.21309,上海市,上海市,长宁区,121.36308026082516,31.214970128119727,Toilet
北新泾地铁站3号口,交通设施,地铁,121.372696,31.216413,上海市,上海市,长宁区,121.36806671580182,31.218285314508773,Transport
仙霞公园-公厕,生活服务,公厕,121.390856,31.204915,上海市,上海市,长宁区,121.3862099763907,31.20677755342339,Toilet
水霞社区卫生运营服务站,医疗保健,综合医院,121.388948,31.208828,上海市,上海市,长宁区,121.38430279917628,31.21068966720259,Medical_Service
公厕,生活服务,公厕,121.392292,31.209835,上海市,上海市,长宁区,121.38764478835428,31.21169449889185,Toilet
上海协爱和安中医门诊部,医疗保健,诊所,121.385254,31.212475,上海市,上海市,长宁区,121.38061122374717,31.21433728748598,Medical_Service
上海交通大学医学院附属同仁医院仙霞路院区门诊,医疗保健,综合医院,121.377194,31.20842,上海市,上海市,长宁区,121.37255969352852,31.21029124826101,Medical_Service
上海交通大学医学院附属同仁医院仙霞路院区急诊,医疗保健,综合医院,121.37628,31.208486,上海市,上海市,长宁区,121.37164678354988,31.210358158757018,Medical_Service
上海交通大学医学院附属同仁医院仙霞路院区,医疗保健,综合医院,121.377575,31.20789,上海市,上海市,长宁区,121.37294029301522,31.209761120967837,Medical_Service
上海交通大学医学院附属同仁医院仙霞路院区皮肤科,医疗保健,综合医院,121.377186,31.208378,上海市,上海市,长宁区,121.37255170662138,31.210249276739148,Medical_Service
红宝石路地铁站5号口,交通设施,地铁,121.397323,31.199901,上海市,上海市,长宁区,121.39267479593312,31.201763692899824,Transport
红宝石路地铁站4号口,交通设施,地铁,121.398253,31.199386,上海市,上海市,长宁区,121.39360463677548,31.2012487595251,Transport
红宝石路地铁站1号口,交通设施,地铁,121.398737,31.19884,上海市,上海市,长宁区,121.39408859558893,31.200702946022965,Transport
意云口腔专科医院,医疗保健,诊所,121.399943,31.206147,上海市,上海市,长宁区,121.39529379025588,31.208006207047028,Medical_Service
上海瑞林诊所,医疗保健,诊所,121.404063,31.205351,上海市,上海市,长宁区,121.39941384978732,31.20721052632129,Medical_Service
公共卫生中心,医疗保健,综合医院,121.405966,31.215238,上海市,上海市,长宁区,121.40131628330276,31.21709297338686,Medical_Service
娄山关路地铁站5号口,交通设施,地铁,121.400498,31.211805,上海市,上海市,长宁区,121.39584824471596,31.21366141487469,Transport
天山五村社区卫生运营服务站,医疗保健,综合医院,121.398236,31.21146,上海市,上海市,长宁区,121.39358658844426,31.21331688040481,Medical_Service
瑞尔齿科,医疗保健,诊所,121.394623,31.223002,上海市,上海市,普陀区,121.38997362358528,31.224854311398136,Medical_Service
长风生态公园地铁站3号口,交通设施,地铁,121.395389,31.224075,上海市,上海市,普陀区,121.390739254505,31.225926560528453,Transport
长风生态公园地铁站2号口,交通设施,地铁,121.396524,31.224766,上海市,上海市,普陀区,121.3918738400562,31.226616918123984,Transport
长风生态公园地铁站4号口,交通设施,地铁,121.396067,31.224877,上海市,上海市,普陀区,121.39141696521467,31.226727987043564,Transport
枫桥路地铁站3号口,交通设施,地铁,121.41063,31.24184,上海市,上海市,普陀区,121.40597949695652,31.24368378941533,Transport
枫桥路地铁站1号口,交通设施,地铁,121.411916,31.242027,上海市,上海市,普陀区,121.40726610690808,31.243871217448,Transport
公厕,生活服务,公厕,121.404335,31.24062,上海市,上海市,普陀区,121.39968280596854,31.242462910245315,Toilet
公厕,生活服务,公厕,121.396736,31.247498,上海市,上海市,普陀区,121.39208379894116,31.249338412505164,Toilet
万事和中医诊所,医疗保健,诊所,121.403221,31.257569,上海市,上海市,普陀区,121.39856722678508,31.259404255495014,Medical_Service
祁连山南路地铁站3号口,交通设施,地铁,121.366786,31.237446,上海市,上海市,普陀区,121.36216357440298,31.239315910413765,Transport
祁连山南路地铁站2号口,交通设施,地铁,121.367582,31.237076,上海市,上海市,普陀区,121.36295836336886,31.23894501579069,Transport
祁连山南路地铁站1号口,交通设施,地铁,121.367719,31.23769,上海市,上海市,普陀区,121.36309509828212,31.23955855284201,Transport
公厕,生活服务,公厕,121.363869,31.239096,上海市,上海市,普陀区,121.35925116997352,31.240969209562017,Toilet
上海交通大学医学院附属第九人民医院黄浦分院体检科,医疗保健,综合医院,121.495442,31.209109,上海市,上海市,黄浦区,121.49099611820957,31.211137783218284,Medical_Service
南浦大桥地铁站1号口,交通设施,地铁,121.50069,31.208458,上海市,上海市,黄浦区,121.49626311734728,31.210502975054816,Transport
南浦大桥地铁站3号口,交通设施,地铁,121.499831,31.208891,上海市,上海市,黄浦区,121.49540097543748,31.21093316443268,Transport
南浦大桥地铁站2号口,交通设施,地铁,121.498562,31.208053,上海市,上海市,黄浦区,121.4941274611777,31.21009172879369,Transport
公厕,生活服务,公厕,121.495177,31.227858,上海市,上海市,黄浦区,121.49072856860576,31.229877059504577,Toilet
古城公园,交通设施,公交站,121.493308,31.229373,上海市,上海市,黄浦区,121.48885272382871,31.231385719529477,Transport
中医医院门诊,医疗保健,综合医院,121.53616,31.259369,上海市,上海市,杨浦区,121.53185024987408,31.261491380128383,Medical_Service
中心医院综合楼,医疗保健,综合医院,121.549138,31.272288,上海市,上海市,杨浦区,121.54486372168456,31.274434629944427,Medical_Service
宁国路地铁站2号口,交通设施,地铁,121.533649,31.269475,上海市,上海市,杨浦区,121.52933066758324,31.271586647090714,Transport
宁国路地铁站3号口,交通设施,地铁,121.534253,31.269158,上海市,上海市,杨浦区,121.52993657235724,31.27127132825554,Transport
宁国路地铁站4号口,交通设施,地铁,121.533128,31.26871,上海市,上海市,杨浦区,121.528808103011,31.27082063357064,Transport
白玉兰广场,交通设施,公交站,121.499079,31.248779,上海市,上海市,虹口区,121.494642867134,31.250800278416456,Transport
杨树浦路地铁站2号口,交通设施,地铁,121.51765,31.251665,上海市,上海市,杨浦区,121.51328005205724,31.2537404506695,Transport
杨树浦路地铁站4号口,交通设施,地铁,121.516518,31.252823,上海市,上海市,虹口区,121.51214400014544,31.25489464613857,Transport
大连路地铁站1号口,交通设施,地铁,121.51265,31.258947,上海市,上海市,杨浦区,121.50826183612874,31.261004579211427,Transport
平凉路地铁站2号口,交通设施,地铁,121.526752,31.259197,上海市,上海市,杨浦区,121.52241236313664,31.26129479909704,Transport
平凉路地铁站1号口,交通设施,地铁,121.526259,31.259952,上海市,上海市,杨浦区,121.52191766828189,31.262048118823422,Transport
平凉社区卫生中心,医疗保健,综合医院,121.522369,31.261499,上海市,上海市,杨浦区,121.51801447372436,31.26358361839322,Medical_Service
兰馨广场-公厕,生活服务,公厕,121.527913,31.264825,上海市,上海市,杨浦区,121.52357670858828,31.266923508582373,Toilet
临平路地铁站1号口,交通设施,地铁,121.501371,31.261546,上海市,上海市,虹口区,121.49694207005447,31.263568576961,Transport
磁恩堂中医诊所,医疗保健,诊所,121.5083,31.264967,上海市,上海市,杨浦区,121.50389578177744,31.26700899210913,Medical_Service
邮电新村地铁站1号口,交通设施,地铁,121.494927,31.268601,上海市,上海市,虹口区,121.4904741969602,31.270601037380647,Transport
邮电新村地铁站4号口,交通设施,地铁,121.495218,31.269629,上海市,上海市,虹口区,121.49076615689532,31.271629475559603,Transport
宝程耀世医堂,医疗保健,诊所,121.491631,31.272089,上海市,上海市,虹口区,121.4871660744138,31.274077633610847,Medical_Service
无障碍公厕,生活服务,公厕,121.506451,31.276562,上海市,上海市,杨浦区,121.50203914552574,31.278593493849048,Toilet
阜新路彰武路,交通设施,公交站,121.508837,31.280777,上海市,上海市,杨浦区,121.5044333691668,31.2828138962924,Transport
无障碍公厕,生活服务,公厕,121.520698,31.277674,上海市,上海市,杨浦区,121.51633640104822,31.27974696650794,Toilet
上海惠生堂口腔专科医院,医疗保健,诊所,121.522671,31.279493,上海市,上海市,杨浦区,121.51831598306684,31.28157079419892,Medical_Service
公厕,生活服务,公厕,121.522325,31.280402,上海市,上海市,杨浦区,121.51796873077782,31.282478440249424,Toilet
无障碍公厕,生活服务,公厕,121.525385,31.282288,上海市,上海市,杨浦区,121.52103888184254,31.28437220030772,Toilet
上海中和堂中医门诊部,医疗保健,诊所,121.519967,31.292787,上海市,上海市,杨浦区,121.5156016110254,31.29485166210564,Medical_Service
五角场地铁站3号口,交通设施,地铁,121.514681,31.297572,上海市,上海市,杨浦区,121.5102967589728,31.299619406049832,Transport
五角场地铁站4号口,交通设施,地铁,121.514343,31.298017,上海市,上海市,杨浦区,121.50995752780452,31.3000632353235,Transport
五角场地铁站2号口,交通设施,地铁,121.514921,31.298028,上海市,上海市,杨浦区,121.510537566926,31.30007592921777,Transport
同济大学附属肺科医院住院部药店,医疗保健,综合医院,121.501147,31.303253,上海市,上海市,杨浦区,121.4967137107338,31.30525762623441,Medical_Service
隆昌路地铁站3号口,交通设施,地铁,121.544183,31.274428,上海市,上海市,杨浦区,121.53989531311602,31.27656298343093,Transport
同济大学附属杨浦医院安图分部,医疗保健,综合医院,121.54316,31.290646,上海市,上海市,杨浦区,121.5388681082355,31.29277194521235,Medical_Service
正仁堂,医疗保健,诊所,121.538793,31.319098,上海市,上海市,杨浦区,121.53448614044588,31.32120255639421,Medical_Service
公厕,生活服务,公厕,121.348395,31.281201,上海市,上海市,普陀区,121.34380276108286,31.28308076924356,Toilet
公厕,生活服务,公厕,121.400958,31.286656,上海市,上海市,普陀区,121.39630168234308,31.28847893161596,Toilet
彭浦镇社区卫生中心,医疗保健,综合医院,121.446785,31.284013,上海市,上海市,静安区,121.44218141448164,31.285880893112544,Medical_Service
高新门诊,医疗保健,诊所,121.442598,31.297348,上海市,上海市,静安区,121.4379840481183,31.2992027393686,Medical_Service
彭浦新村地铁站1号口,交通设施,地铁,121.448998,31.306968,上海市,上海市,静安区,121.44439760649604,31.308831066741785,Transport
彭浦新村地铁站2号口,交通设施,地铁,121.448986,31.306298,上海市,上海市,静安区,121.4443856359995,31.3081613028032,Transport
彭浦新村地铁站4号口,交通设施,地铁,121.448373,31.306941,上海市,上海市,静安区,121.44377112212574,31.3088028262121,Transport
彭浦新村地铁站3号口,交通设施,地铁,121.448274,31.306276,上海市,上海市,静安区,121.44367194598608,31.308137887670224,Transport
无障碍公厕,生活服务,公厕,121.449135,31.308282,上海市,上海市,静安区,121.444534820504,31.310144833974903,Toilet
宗济堂,医疗保健,诊所,121.445386,31.306659,上海市,上海市,静安区,121.4407772805483,31.30851515892792,Medical_Service
同济大学附属第十人民医院发热门诊,医疗保健,综合医院,121.454254,31.272843,上海市,上海市,静安区,121.44966972670612,31.274731007077527,Medical_Service
上海马戏城地铁站1号口,交通设施,地铁,121.452476,31.279967,上海市,上海市,静安区,121.44788652894252,31.28184815571371,Transport
上海赤峰医院总院,医疗保健,综合医院,121.480888,31.274634,上海市,上海市,虹口区,121.47638517999565,31.27658991925045,Medical_Service
江湾镇街道社区卫生中心,医疗保健,综合医院,121.48118,31.300574,上海市,上海市,虹口区,121.47667595324732,31.302520156243972,Medical_Service
万安路,交通设施,地铁,121.476327,31.30107,上海市,上海市,虹口区,121.4718065142328,31.303002180134914,Transport
雷允上,医疗保健,诊所,121.45227,31.311103,上海市,上海市,静安区,121.44767730525282,31.31297125253817,Medical_Service
上海盛德医疗护理员-日月星中医,医疗保健,综合医院,121.456125,31.316491,上海市,上海市,静安区,121.4515419017303,31.3183656719353,Medical_Service
市北医院体检中心,医疗保健,综合医院,121.448192,31.312576,上海市,上海市,静安区,121.4435892050409,31.314435297375255,Medical_Service
无障碍公厕,生活服务,公厕,121.436875,31.319623,上海市,上海市,静安区,121.43224785686546,31.32145967647907,Toilet
德达德西门诊,医疗保健,诊所,121.404498,31.197775,上海市,上海市,长宁区,121.39984956027618,31.199638278609072,Medical_Service
男洗手间,生活服务,公厕,121.34834,31.193175,上海市,上海市,长宁区,121.34375548814738,31.195095183817667,Toilet
女洗手间,生活服务,公厕,121.348338,31.193138,上海市,上海市,长宁区,121.34375349548816,31.19505820575059,Toilet
男洗手间,生活服务,公厕,121.347148,31.194133,上海市,上海市,长宁区,121.34256588991326,31.196054823435816,Toilet
女洗手间,生活服务,公厕,121.347115,31.194107,上海市,上海市,长宁区,121.3425329613142,31.19602889522712,Toilet
女洗手间,生活服务,公厕,121.347032,31.194041,上海市,上海市,长宁区,121.34245014103792,31.195963076168525,Toilet
残疾人洗手间,生活服务,公厕,121.347185,31.194115,上海市,上海市,长宁区,121.34260281395132,31.196036766375347,Toilet
残疾人洗手间,生活服务,公厕,121.347047,31.194063,上海市,上海市,长宁区,121.34246510767908,31.195985038458414,Toilet
公厕,生活服务,公厕,121.346858,31.195721,上海市,上海市,长宁区,121.34227636125942,31.197642553942053,Toilet
公厕,生活服务,公厕,121.347913,31.19576,上海市,上海市,长宁区,121.34332915188274,31.19767965630288,Toilet
公厕,生活服务,公厕,121.346024,31.195176,上海市,上海市,长宁区,121.34144416637388,31.19709932050809,Toilet
无障碍洗手间,生活服务,公厕,121.346561,31.195698,上海市,上海市,长宁区,121.34197998792014,31.197620097116744,Toilet
女洗手间,生活服务,公厕,121.429646,31.15289,上海市,上海市,徐汇区,121.42502146936611,31.154792855119133,Toilet
公厕,生活服务,公厕,121.431636,31.151935,上海市,上海市,徐汇区,121.4270145578612,31.15384088439201,Toilet
男洗手间,生活服务,公厕,121.429584,31.153218,上海市,上海市,徐汇区,121.42495935053448,31.15512060617879,Toilet
龙华中路地铁站出入口,交通设施,地铁,121.457504,31.185595,上海市,上海市,徐汇区,121.45293596473132,31.187530942754364,Transport
第六人民医院科研综合楼,医疗保健,综合医院,121.423,31.177441,上海市,上海市,徐汇区,121.41836478802055,31.179323947801105,Medical_Service
第六人民医院耳鼻咽喉头颈外科,医疗保健,综合医院,121.422796,31.17808,上海市,上海市,徐汇区,121.41816050672632,31.17996243335344,Medical_Service
第六人民医院眼科医院,医疗保健,综合医院,121.422961,31.17808,上海市,上海市,徐汇区,121.41832568915008,31.179962585944104,Medical_Service
第六人民医院口腔科,医疗保健,综合医院,121.422698,31.178178,上海市,上海市,徐汇区,121.41806239054117,31.18006029339364,Medical_Service
第六人民医院胸外科,医疗保健,综合医院,121.422932,31.178111,上海市,上海市,徐汇区,121.4182966542888,31.179993543248,Medical_Service
第六人民医院妇科,医疗保健,综合医院,121.422735,31.178161,上海市,上海市,徐汇区,121.4180994326088,31.180043335998715,Medical_Service
第六人民医院神经内科,医疗保健,综合医院,121.422789,31.178114,上海市,上海市,徐汇区,121.4181534960636,31.17999640959057,Medical_Service
第六人民医院假肢中心,医疗保健,综合医院,121.422957,31.178526,上海市,上海市,徐汇区,121.41832164594344,31.18040835515073,Medical_Service
第六人民医院神经外科,医疗保健,综合医院,121.422769,31.178104,上海市,上海市,徐汇区,121.41813347492618,31.179986396277148,Medical_Service
第六人民医院内科1,医疗保健,综合医院,121.422745,31.178189,上海市,上海市,徐汇区,121.41810944115764,31.180071330925493,Medical_Service
第六人民医院内科2,医疗保健,综合医院,121.422772,31.178175,上海市,上海市,徐汇区,121.41813647205429,31.180057362878586,Medical_Service
第六人民医院静脉用药调配中心,医疗保健,综合医院,121.42305,31.178443,上海市,上海市,徐汇区,121.4184147565941,31.180325483926428,Medical_Service
第六人民医院儿科专家门诊01,医疗保健,综合医院,121.423641,31.178497,上海市,上海市,徐汇区,121.41900641990628,31.18038001538754,Medical_Service
第六人民医院创伤中心,医疗保健,综合医院,121.42357,31.178173,上海市,上海市,徐汇区,121.41893536684032,31.18005611236563,Medical_Service
第六人民医院儿科专家门诊02,医疗保健,综合医院,121.423627,31.178505,上海市,上海市,徐汇区,121.41899240317338,31.180387997893583,Medical_Service
上海颐祥敬老院医务室,医疗保健,诊所,121.4438,31.187329,上海市,上海市,徐汇区,121.43919815753436,31.189235711611737,Medical_Service
泰衡中医门诊,医疗保健,诊所,121.443021,31.188776,上海市,上海市,徐汇区,121.4384173666978,31.190680583331897,Medical_Service
徐家汇地铁站9号口,交通设施,地铁,121.438609,31.192285,上海市,上海市,徐汇区,121.43399616992345,31.194180344566856,Transport
徐家汇地铁站8号口,交通设施,地铁,121.438065,31.192367,上海市,上海市,徐汇区,121.43345113109817,31.19426143559596,Transport
徐家汇地铁站10号口,交通设施,地铁,121.438939,31.193132,上海市,上海市,徐汇区,121.43432672933042,31.19502745550752,Transport
徐家汇地铁站11号口,交通设施,地铁,121.438366,31.193322,上海市,上海市,徐汇区,121.43375261733574,31.195216439150283,Transport
公厕,生活服务,公厕,121.437404,31.193034,上海市,上海市,徐汇区,121.4327888390692,31.19492706521569,Toilet
公厕,生活服务,公厕,121.441658,31.195375,上海市,上海市,徐汇区,121.43705094885416,31.19727389881598,Toilet
上海交通大学医学院附属国际和平妇幼保健医院徐汇院区发热门诊,医疗保健,综合医院,121.438402,31.196463,上海市,上海市,徐汇区,121.43378841322308,31.198355938719796,Medical_Service
上海交通大学医学院附属国际和平妇幼保健医院徐汇院区发热门诊,医疗保健,诊所,121.438357,31.19641,上海市,上海市,徐汇区,121.4337433323802,31.198302893050094,Medical_Service
上海交通大学医学院附属国际和平妇幼保健医院徐汇院区急诊,医疗保健,综合医院,121.438201,31.196616,上海市,上海市,徐汇区,121.43358701907783,31.19850854257218,Medical_Service
上海交通大学医学院附属国际和平妇幼保健医院徐汇院区体检中心,医疗保健,综合医院,121.438554,31.196125,上海市,上海市,徐汇区,121.43394073187248,31.19801834943057,Medical_Service
上海交通大学医学院附属国际和平妇幼保健医院徐汇院区生殖医学中心,医疗保健,综合医院,121.438277,31.196102,上海市,上海市,徐汇区,121.43366320744916,31.197994917875963,Medical_Service
上海橘杏中医诊所有限责任公司,医疗保健,诊所,121.436928,31.197684,上海市,上海市,徐汇区,121.43231156008508,31.19957402409586,Medical_Service
徐家汇地铁站19号口,交通设施,地铁,121.435746,31.194676,上海市,上海市,徐汇区,121.43112769544868,31.19656572505381,Transport
宜山路地铁站10号口,交通设施,地铁,121.427315,31.184808,上海市,上海市,徐汇区,121.4226844366748,31.186691643468688,Transport
宜山路地铁站7号口,交通设施,地铁,121.427769,31.184457,上海市,上海市,徐汇区,121.423139080368,31.186341334752804,Transport
宜山路地铁站3号口,交通设施,地铁,121.427616,31.186422,上海市,上海市,徐汇区,121.42298570178166,31.188305170857024,Transport
宜山路地铁站2号口,交通设施,地铁,121.427694,31.186166,上海市,上海市,徐汇区,121.42306382983752,31.18804938835294,Transport
宜山路地铁站1号口,交通设施,地铁,121.427317,31.186646,上海市,上海市,徐汇区,121.42268627964066,31.188528720532183,Transport
美年大健康体检中心,医疗保健,综合医院,121.415976,31.215403,上海市,上海市,长宁区,121.41133098424112,31.217261753409076,Medical_Service
复旦大学附属华山医院急救,医疗保健,综合医院,121.442726,31.216699,上海市,上海市,静安区,121.43811932284794,31.21858939247729,Medical_Service
复旦大学附属华山医院卒中中心,医疗保健,综合医院,121.442739,31.216695,上海市,上海市,静安区,121.4381323505859,31.21858541744512,Medical_Service
静安公园-公厕,生活服务,公厕,121.447271,31.222449,上海市,上海市,静安区,121.44267387520333,31.224345124068293,Toilet
静安寺地铁站15号口,交通设施,地铁,121.445574,31.222225,上海市,上海市,静安区,121.4409730316401,31.22411797698829,Transport
静安寺地铁站出入口,交通设施,地铁,121.44625,31.223627,上海市,上海市,静安区,121.44165043342218,31.22552059794562,Transport
上海雷允上西区门诊部,医疗保健,诊所,121.444582,31.223163,上海市,上海市,静安区,121.43997875252364,31.225053683600013,Medical_Service
公厕,生活服务,公厕,121.445164,31.223235,上海市,上海市,静安区,121.44056203027544,31.225126730690832,Toilet
中山生态公园地铁站11号口,交通设施,地铁,121.416381,31.217821,上海市,上海市,长宁区,121.41173607699872,31.21967885045493,Transport
中山生态公园地铁站10号口,交通设施,地铁,121.417726,31.21792,上海市,上海市,长宁区,121.4130821388183,31.21977869283835,Transport
中山生态公园地铁站6号口,交通设施,地铁,121.418811,31.218866,上海市,上海市,长宁区,121.41416799037376,31.220725019959737,Transport
中山生态公园地铁站9号口,交通设施,地铁,121.418602,31.218244,上海市,上海市,长宁区,121.41395885975471,31.22010316203516,Transport
中山生态公园地铁站出入口,交通设施,地铁,121.41899,31.219046,上海市,上海市,长宁区,121.4143471348164,31.22090506775357,Transport
上海正中脊脊柱专科诊所,医疗保健,诊所,121.427462,31.227631,上海市,上海市,长宁区,121.42282791020358,31.229493982733484,Medical_Service
公共卫生间,生活服务,公厕,121.42786,31.228991,上海市,上海市,静安区,121.4232263321008,31.23085380041646,Toilet
公厕,生活服务,公厕,121.413261,31.234915,上海市,上海市,普陀区,121.4086124765276,31.23676308936668,Toilet
打浦桥地铁站2号口,交通设施,地铁,121.469456,31.205818,上海市,上海市,黄浦区,121.46492146561464,31.20777361791765,Transport
打浦桥地铁站出入口,交通设施,地铁,121.46926,31.206051,上海市,上海市,黄浦区,121.46472483032969,31.20800598635038,Transport
鲁班路地铁站出入口,交通设施,地铁,121.477208,31.199179,上海市,上海市,黄浦区,121.4726992011884,31.201159055364087,Transport
上海交通大学医学院附属第九人民医院南部口腔正畸科,医疗保健,综合医院,121.486394,31.202883,上海市,上海市,黄浦区,121.48191642029327,31.204887757365206,Medical_Service
男洗手间,生活服务,公厕,121.477693,31.210739,上海市,上海市,黄浦区,121.47318483413255,31.21271478426232,Toilet
女洗手间,生活服务,公厕,121.477782,31.210757,上海市,上海市,黄浦区,121.47327413113412,31.21273302676192,Toilet
无障碍洗手间,生活服务,公厕,121.47782,31.210746,上海市,上海市,黄浦区,121.47331225959852,31.212722139364946,Toilet
女洗手间,生活服务,公厕,121.477821,31.210734,上海市,上海市,黄浦区,121.47331326398331,31.212710147981674,Toilet
男洗手间,生活服务,公厕,121.47787,31.22024,上海市,上海市,黄浦区,121.47336161355835,31.222211736764343,Toilet
无障碍洗手间,生活服务,公厕,121.477876,31.220374,上海市,上海市,黄浦区,121.47336762221552,31.22234569014865,Toilet
上海沛源门诊部,医疗保健,诊所,121.48052,31.224326,上海市,上海市,黄浦区,121.476020235637,31.22630335238261,Medical_Service
公厕,生活服务,公厕,121.478267,31.224218,上海市,上海市,黄浦区,121.47375960722528,31.22618897941336,Toilet
中共一大会址站,交通设施,公交站,121.475071,31.221923,上海市,上海市,黄浦区,121.47055316012693,31.223886106805423,Transport
淮海中路嵩山路,交通设施,公交站,121.475841,31.223841,上海市,上海市,黄浦区,121.4713255382055,31.22580534108109,Transport
沉香阁-公厕,生活服务,公厕,121.490863,31.226847,上海市,上海市,黄浦区,121.4863991944271,31.228853562018827,Toilet
南京路世纪广场,交通设施,公交站,121.478418,31.23545,上海市,上海市,黄浦区,121.4739101526322,31.237416175829065,Transport
感染病门诊,医疗保健,综合医院,121.468061,31.233014,上海市,上海市,黄浦区,121.4635197708462,31.234953031234117,Medical_Service
上海长征医院急诊部,医疗保健,综合医院,121.467073,31.23294,上海市,上海市,黄浦区,121.4625287280322,31.23487649802736,Medical_Service
无障碍洗手间,生活服务,公厕,121.467526,31.23287,上海市,上海市,黄浦区,121.46298312839954,31.234807704508075,Toilet
无障碍洗手间,生活服务,公厕,121.467236,31.232933,上海市,上海市,黄浦区,121.46269222962026,31.234869923116293,Toilet
无障碍洗手间,生活服务,公厕,121.467097,31.232694,上海市,上海市,黄浦区,121.4625528229344,31.234630673999128,Toilet
无障碍洗手间,生活服务,公厕,121.46711,31.232863,上海市,上海市,黄浦区,121.46256584831286,31.23479962937028,Toilet
上海壹理中医门诊部,医疗保健,诊所,121.454934,31.228436,上海市,上海市,静安区,121.45035535559543,31.23034531411861,Medical_Service
汉中路地铁站1号口,交通设施,地铁,121.457944,31.24235,上海市,上海市,静安区,121.45337227231644,31.2442597446035,Transport
汉中路地铁站4号口,交通设施,地铁,121.457934,31.241698,上海市,上海市,静安区,121.45336230111717,31.24360801766725,Transport
公厕,生活服务,公厕,121.454985,31.247468,上海市,上海市,静安区,121.450404843849,31.24936870715949,Toilet
公厕,生活服务,公厕,121.45416,31.247911,上海市,上海市,静安区,121.44957764041273,31.249809684841964,Toilet
上海站南广场-公厕,生活服务,公厕,121.454909,31.247555,上海市,上海市,静安区,121.45032863572906,31.249455499145306,Toilet
男厕,生活服务,公厕,121.454293,31.247803,上海市,上海市,静安区,121.44971099695124,31.24970202571285,Toilet
公厕,生活服务,公厕,121.454134,31.247909,上海市,上海市,静安区,121.44955157279745,31.2498076286498,Toilet
上海火车站地铁站入口,交通设施,地铁,121.455724,31.247627,上海市,上海市,静安区,121.45114579254208,31.249529288510267,Transport
上海火车站地铁站2号口,交通设施,地铁,121.455393,31.24762,上海市,上海市,静安区,121.450813911485,31.249521549121827,Transport
上海火车站地铁站4号口,交通设施,地铁,121.456028,31.247248,上海市,上海市,静安区,121.45145063887496,31.24915114394114,Transport
上海火车站地铁站入口,交通设施,地铁,121.455956,31.248477,上海市,上海市,静安区,121.4513783395446,31.25037942976669,Transport
女洗手间,生活服务,公厕,121.45546,31.248712,上海市,上海市,静安区,121.45088099511412,31.250613209316445,Toilet
男洗手间,生活服务,公厕,121.454857,31.248969,上海市,上海市,静安区,121.45027637624608,31.250868749557544,Toilet
男洗手间,生活服务,公厕,121.454957,31.249197,上海市,上海市,静安区,121.45037662029488,31.251096869640005,Toilet
泰一楠东中医门诊部,医疗保健,诊所,121.478725,31.235829,上海市,上海市,黄浦区,121.47421815575034,31.23779587235443,Medical_Service
南JD路地铁站4号口,交通设施,地铁,121.482638,31.236145,上海市,上海市,黄浦区,121.47814449454576,31.23812296511401,Transport
上海雷诵芬堂中医门诊部,医疗保健,诊所,121.485163,31.235726,上海市,上海市,黄浦区,121.48067830177382,31.23771152930534,Medical_Service
南JD路地铁站5号口,交通设施,地铁,121.48427,31.23831,上海市,上海市,黄浦区,121.47978196665578,31.240291726243488,Transport
上海曜影医院,医疗保健,综合医院,121.486123,31.239366,上海市,上海市,黄浦区,121.48164135173664,31.241352683709568,Medical_Service
天潼路地铁站6号口,交通设施,地铁,121.481707,31.244785,上海市,上海市,静安区,121.47720954776092,31.246756330602203,Transport
天潼路地铁站5号口,交通设施,地铁,121.482016,31.2439,上海市,上海市,静安区,121.47751968620514,31.24587262405956,Transport
天潼路地铁站出入口,交通设施,地铁,121.48198,31.244481,上海市,上海市,静安区,121.47748351253898,31.246453257086635,Transport
中信广场-男洗手间,生活服务,公厕,121.484213,31.248155,上海市,上海市,虹口区,121.47972392566078,31.250132096974607,Toilet
男洗手间,生活服务,公厕,121.484016,31.248212,上海市,上海市,虹口区,121.47952623561712,31.25018849569495,Toilet
女洗手间,生活服务,公厕,121.484094,31.248184,上海市,上海市,虹口区,121.47960450922204,31.250160736139925,Toilet
公厕,生活服务,公厕,121.484749,31.248703,上海市,上海市,虹口区,121.48026174611252,31.25068142024413,Toilet
女洗手间,生活服务,公厕,121.484813,31.248897,上海市,上海市,虹口区,121.48032595278082,31.25087552092033,Toilet
女洗手间,生活服务,公厕,121.484693,31.248782,上海市,上海市,虹口区,121.48020554403998,31.25076022075693,Toilet
女洗手间,生活服务,公厕,121.484685,31.24879,上海市,上海市,虹口区,121.4801975154577,31.25076819373444,Toilet
男洗手间,生活服务,公厕,121.48472,31.248882,上海市,上海市,虹口区,121.48023262964244,31.2508602550738,Toilet
男洗手间,生活服务,公厕,121.484711,31.248806,上海市,上海市,虹口区,121.48022360475892,31.2507842627452,Toilet
残障洗手间,生活服务,公厕,121.484667,31.248825,上海市,上海市,虹口区,121.48017944969614,31.25080312532174,Toilet
男洗手间,生活服务,公厕,121.484716,31.248836,上海市,上海市,虹口区,121.48022861962906,31.250814263957245,Toilet
公厕,生活服务,公厕,121.479159,31.246361,上海市,上海市,静安区,121.47465271993958,31.24832431128531,Toilet
公厕,生活服务,公厕,121.479142,31.246374,上海市,上海市,静安区,121.47463566126363,31.24833725702845,Toilet
公厕,生活服务,公厕,121.440397,31.241147,上海市,上海市,普陀区,121.43578342170522,31.24302196572351,Toilet
眼病牙病防治所,医疗保健,综合医院,121.439697,31.241591,上海市,上海市,普陀区,121.43508199701284,31.243464597620463,Medical_Service
曜影医疗天山门诊部,医疗保健,诊所,121.407961,31.209759,上海市,上海市,长宁区,121.4033122750002,31.21161701725608,Medical_Service
坤宝莲中医诊所,医疗保健,诊所,121.408381,31.209874,上海市,上海市,长宁区,121.40373240011668,31.21173207031712,Medical_Service
上海丁丁优加中医诊所,医疗保健,诊所,121.401938,31.208784,上海市,上海市,长宁区,121.39728844562384,31.210641800254823,Medical_Service
男洗手间,生活服务,公厕,121.402217,31.208727,上海市,上海市,长宁区,121.39756745096037,31.21058482411529,Toilet
男洗手间,生活服务,公厕,121.401972,31.208762,上海市,上海市,长宁区,121.39732244736912,31.210619810269755,Toilet
男洗手间,生活服务,公厕,121.402214,31.208661,上海市,上海市,长宁区,121.3975644566848,31.21051885610849,Toilet
公厕,生活服务,公厕,121.395155,31.222665,上海市,上海市,普陀区,121.39050545845456,31.224517297615805,Toilet
长风生态公园地铁站出入口,交通设施,地铁,121.395689,31.2235,上海市,上海市,普陀区,121.39103920469402,31.22535174225284,Transport
公厕,生活服务,公厕,121.386258,31.239656,上海市,上海市,普陀区,121.38161204824164,31.24150483877124,Toilet
公厕,生活服务,公厕,121.38627,31.239587,上海市,上海市,普陀区,121.38162404487277,31.241435862143245,Toilet
公共厕所,生活服务,公厕,121.384873,31.246044,上海市,上海市,普陀区,121.38022761901216,31.24789091804088,Toilet
公厕,生活服务,公厕,121.497285,31.228536,上海市,上海市,黄浦区,121.49284410898524,31.23056111226695,Toilet
中山东二路新开河路枢纽,交通设施,公交站,121.49626,31.228413,上海市,上海市,黄浦区,121.49181542233008,31.23043507079472,Transport
公厕,生活服务,公厕,121.500297,31.263579,上海市,上海市,虹口区,121.49586401238632,31.265597442199613,Toilet
公厕,生活服务,公厕,121.500333,31.263507,上海市,上海市,虹口区,121.49590014872118,31.26552558240991,Toilet
公厕,生活服务,公厕,121.500038,31.26362,上海市,上海市,虹口区,121.49560407214008,31.265637640256084,Toilet
公厕,生活服务,公厕,121.499086,31.26491,上海市,上海市,虹口区,121.49464851982252,31.26692419966406,Toilet
公厕,生活服务,公厕,121.499393,31.264897,上海市,上海市,虹口区,121.4949566309342,31.266912134710303,Toilet
鞍山新村地铁站1号口,交通设施,地铁,121.509939,31.273384,上海市,上海市,杨浦区,121.5055399455085,31.275427295710404,Transport
鞍山新村地铁站2号出口,交通设施,地铁,121.510217,31.272893,上海市,上海市,杨浦区,121.50581898183984,31.274937333686523,Transport
上海交通大学医学院附属新华医院特需门诊,医疗保健,综合医院,121.516416,31.273737,上海市,上海市,杨浦区,121.51203987618209,31.27579927683106,Medical_Service
上海交通大学医学院附属新华医院营养科,医疗保健,综合医院,121.516742,31.273511,上海市,上海市,杨浦区,121.51236703676685,31.27557432216239,Medical_Service
上海交通大学医学院附属新华医院行政楼,医疗保健,综合医院,121.517779,31.27289,上海市,上海市,杨浦区,121.51340770951047,31.274956596239267,Medical_Service
上海交通大学医学院附属新华医院外科楼,医疗保健,综合医院,121.517553,31.27347,上海市,上海市,杨浦区,121.51318087295766,31.27553569554999,Medical_Service
上海交通大学医学院附属新华医院妇产儿科楼,医疗保健,综合医院,121.518118,31.273102,上海市,上海市,杨浦区,121.5137478714216,31.275169487241428,Medical_Service
江浦路地铁站2号口,交通设施,地铁,121.518088,31.274616,上海市,上海市,杨浦区,121.51371763923294,31.27668275987755,Transport
江浦路地铁站3号口,交通设施,地铁,121.517956,31.27513,上海市,上海市,杨浦区,121.51358513657397,31.27719616112192,Transport
男洗手间,生活服务,公厕,121.517015,31.299826,上海市,上海市,杨浦区,121.51263876712758,31.30187933249213,Toilet
女洗手间,生活服务,公厕,121.517,31.299914,上海市,上海市,杨浦区,121.51262370724564,31.301967254055278,Toilet
五角场地铁站5号口,交通设施,地铁,121.514758,31.29938,上海市,上海市,杨浦区,121.51037387761818,31.301426913880068,Transport
五角场地铁站1号口,交通设施,地铁,121.515306,31.298592,上海市,上海市,杨浦区,121.51092387560185,31.300640833950236,Transport
大润发-男洗手间,生活服务,公厕,121.447589,31.298164,上海市,上海市,静安区,121.44298604417452,31.30002772514673,Toilet
公厕,生活服务,公厕,121.40279,31.197443,上海市,上海市,长宁区,121.39814144729333,31.199306346881265,Toilet
女洗手间,生活服务,公厕,121.402809,31.197591,上海市,上海市,长宁区,121.3981604351446,31.199454274148568,Toilet
公厕,生活服务,公厕,121.402853,31.197501,上海市,上海市,长宁区,121.39820444476766,31.199364319465342,Toilet
公厕,生活服务,公厕,121.402933,31.197532,上海市,上海市,长宁区,121.39828444557308,31.199395305969144,Toilet
母婴室,生活服务,公厕,121.402851,31.197244,上海市,上海市,长宁区,121.39820246706492,31.19910744636431,Toilet
公厕,生活服务,公厕,121.402859,31.197572,上海市,上海市,长宁区,121.39821043883596,31.199435284531813,Toilet
公厕,生活服务,公厕,121.402852,31.19755,上海市,上海市,长宁区,121.3982034404588,31.199413295247982,Toilet
公厕,生活服务,公厕,121.402902,31.197561,上海市,上海市,长宁区,121.3982534416498,31.19942429091345,Toilet
公厕,生活服务,公厕,121.393726,31.196205,上海市,上海市,长宁区,121.38907931734884,31.19807058735447,Toilet
家乐福-女洗手间,生活服务,公厕,121.393775,31.19616,上海市,上海市,长宁区,121.38912830058445,31.198025591351417,Toilet
龙华中路地铁站出入口,交通设施,地铁,121.457405,31.183778,上海市,上海市,徐汇区,121.45283685065526,31.185714630683503,Transport
男洗手间,生活服务,公厕,121.457625,31.184022,上海市,上海市,徐汇区,121.45305743193616,31.18595901512849,Toilet
公厕,生活服务,公厕,121.457289,31.183991,上海市,上海市,徐汇区,121.45272051543353,31.18592725612025,Toilet
女洗手间,生活服务,公厕,121.457617,31.18411,上海市,上海市,徐汇区,121.45304940241007,31.18604695222774,Toilet
无障碍洗手间,生活服务,公厕,121.457728,31.184009,上海市,上海市,徐汇区,121.45316071569113,31.18594625988533,Toilet
男洗手间,生活服务,公厕,121.457296,31.186081,上海市,上海市,徐汇区,121.45272735423131,31.188016218978014,Toilet
无障碍洗手间,生活服务,公厕,121.457617,31.186747,上海市,上海市,徐汇区,121.45304917493196,31.188682624142984,Toilet
男洗手间,生活服务,公厕,121.457009,31.186551,上海市,上海市,徐汇区,121.45243953187796,31.188485323735065,Toilet
女洗手间,生活服务,公厕,121.456993,31.186544,上海市,上海市,徐汇区,121.45242348899023,31.188478290601697,Toilet
第六人民医院康复医学科2,医疗保健,综合医院,121.423586,31.179008,上海市,上海市,徐汇区,121.4189513125467,31.18089070271089,Medical_Service
第六人民医院皮肤科,医疗保健,综合医院,121.423587,31.179005,上海市,上海市,徐汇区,121.41895231395048,31.18088770519329,Medical_Service
第六人民医院专家门诊10,医疗保健,综合医院,121.423672,31.178918,上海市,上海市,徐汇区,121.41903741886344,31.18080083091856,Medical_Service
第六人民医院骨质疏松和骨病专科,医疗保健,综合医院,121.423566,31.17902,上海市,上海市,徐汇区,121.418931288654,31.18090267748545,Medical_Service
第六人民医院骨科专家门诊11,医疗保健,综合医院,121.423761,31.17882,上海市,上海市,徐汇区,121.41912652972238,31.180702966427177,Medical_Service
第六人民医院中医科,医疗保健,综合医院,121.423755,31.178822,上海市,上海市,徐汇区,121.419120522636,31.180704959624038,Medical_Service
第六人民医院肿瘤放疗科,医疗保健,综合医院,121.423717,31.179,上海市,上海市,徐汇区,121.41908246342966,31.180882832473998,Medical_Service
第六人民医院骨科专家门诊12,医疗保健,综合医院,121.423816,31.17881,上海市,上海市,徐汇区,121.4191815940451,31.180693024624997,Medical_Service
第六人民医院骨科专家门诊09,医疗保健,综合医院,121.423825,31.178861,上海市,上海市,徐汇区,121.41919060001098,31.180744007383005,Medical_Service
第六人民医院骨科专家门诊10,医疗保健,综合医院,121.42386,31.178857,上海市,上海市,徐汇区,121.41922564083796,31.18074004330006,Medical_Service
第六人民医院专家门诊09,医疗保健,综合医院,121.423623,31.178907,上海市,上海市,徐汇区,121.41898836365289,31.18078978950741,Medical_Service
第六人民医院专家门诊16,医疗保健,综合医院,121.423661,31.179054,上海市,上海市,徐汇区,121.41902639442291,31.180936751184017,Medical_Service
第六人民医院专家门诊01,医疗保健,综合医院,121.423641,31.179167,上海市,上海市,徐汇区,121.4190063616724,31.181049674531,Medical_Service
第六人民医院普外科专家门诊06,医疗保健,综合医院,121.42355,31.179088,上海市,上海市,徐汇区,121.41891526447908,31.18097062761782,Medical_Service
第六人民医院针推伤科,医疗保健,综合医院,121.423574,31.179014,上海市,上海市,徐汇区,121.41893929831284,31.180896688183772,Medical_Service
第六人民医院骨科专家门诊08,医疗保健,综合医院,121.423888,31.178801,上海市,上海市,徐汇区,121.4192536781351,31.18068409893497,Medical_Service
第六人民医院骨科专家门诊01,医疗保健,综合医院,121.424067,31.178797,上海市,上海市,徐汇区,121.41943288678044,31.18068027533605,Medical_Service
第六人民医院妇产科,医疗保健,综合医院,121.42392,31.17926,上海市,上海市,徐汇区,121.41928567535516,31.18114289655904,Medical_Service
第六人民医院泌尿外科,医疗保健,综合医院,121.423937,31.179279,上海市,上海市,徐汇区,121.4193026934424,31.18116190342193,Medical_Service
第六人民医院专家门诊08,医疗保健,综合医院,121.423882,31.179327,上海市,上海市,徐汇区,121.41924762546542,31.18120982561123,Medical_Service
第六人民医院专家门诊06,医疗保健,综合医院,121.423926,31.17932,上海市,上海市,徐汇区,121.41929167710512,31.181202871885752,Medical_Service
第六人民医院整合门诊01,医疗保健,综合医院,121.424023,31.179292,上海市,上海市,徐汇区,121.41938879240034,31.18117498059605,Medical_Service
第六人民医院专家门诊05,医疗保健,综合医院,121.423896,31.179318,上海市,上海市,徐汇区,121.4192616424738,31.181200843768536,Medical_Service
第六人民医院口腔科1,医疗保健,综合医院,121.423969,31.179251,上海市,上海市,徐汇区,121.4193347330724,31.18113394879379,Medical_Service
第六人民医院超声医学科1,医疗保健,综合医院,121.423929,31.179269,上海市,上海市,徐汇区,121.41929468502089,31.181151900729,Medical_Service
第六人民医院专家门诊07,医疗保健,综合医院,121.423897,31.179361,上海市,上海市,徐汇区,121.41926263989583,31.18124382287996,Medical_Service
第六人民医院营养门诊,医疗保健,综合医院,121.424088,31.179308,上海市,上海市,徐汇区,121.41945386691636,31.18119103600633,Medical_Service
第六人民医院专家门诊04,医疗保健,综合医院,121.42393,31.179329,上海市,上海市,徐汇区,121.41929568096717,31.18121187119807,Medical_Service
第六人民医院专家门诊03,医疗保健,综合医院,121.423937,31.179373,上海市,上海市,徐汇区,121.41930268527244,31.181255855636028,Medical_Service
第六人民医院专家门诊24,医疗保健,综合医院,121.423938,31.179235,上海市,上海市,徐汇区,121.4193036984282,31.18111792676446,Medical_Service
第六人民医院整合门诊02,医疗保健,综合医院,121.424069,31.17925,上海市,上海市,徐汇区,121.41943484974615,31.18113304689928,Medical_Service
第六人民医院专家门诊23,医疗保健,综合医院,121.423912,31.179241,上海市,上海市,徐汇区,121.41927766772308,31.18112389844816,Medical_Service
第六人民医院专家门诊15,医疗保健,综合医院,121.423764,31.179389,上海市,上海市,徐汇区,121.41912948372428,31.181271679966304,Medical_Service
第六人民医院专家门诊11,医疗保健,综合医院,121.423863,31.179343,上海市,上海市,徐汇区,121.41922860207008,31.18122579905885,Medical_Service
第六人民医院专家门诊17,医疗保健,综合医院,121.423752,31.179336,上海市,上海市,徐汇区,121.4191174745057,31.18121869533664,Medical_Service
第六人民医院专家门诊13,医疗保健,综合医院,121.423799,31.179386,上海市,上海市,徐汇区,121.41916452435188,31.18126871527769,Medical_Service
第六人民医院专家门诊20,医疗保健,综合医院,121.423783,31.179336,上海市,上海市,徐汇区,121.41914851023624,31.181218725242317,Medical_Service
第六人民医院普内科专家门诊16,医疗保健,综合医院,121.423739,31.179256,上海市,上海市,徐汇区,121.41910446649035,31.18113872347905,Medical_Service
第六人民医院专家门诊19,医疗保健,综合医院,121.423772,31.179279,上海市,上海市,徐汇区,121.4191375025061,31.18116174360305,Medical_Service
第六人民医院专家门诊18,医疗保健,综合医院,121.423745,31.179253,上海市,上海市,徐汇区,121.4191104736586,31.18113573078564,Medical_Service
女洗手间,生活服务,公厕,121.423884,31.179165,上海市,上海市,徐汇区,121.419249641863,31.1810479099154,Toilet
第六人民医院专家门诊22,医疗保健,综合医院,121.423822,31.17921,上海市,上海市,徐汇区,121.41918756621104,31.181092826985367,Medical_Service
第六人民医院专家门诊21,医疗保健,综合医院,121.423896,31.179305,上海市,上海市,徐汇区,121.41926164360368,31.18118785037737,Medical_Service
女洗手间,生活服务,公厕,121.442461,31.185415,上海市,上海市,徐汇区,121.43785647808583,31.187320278082154,Toilet
男洗手间,生活服务,公厕,121.439982,31.192754,上海市,上海市,徐汇区,121.435371796992,31.194651356168563,Toilet
男洗手间,生活服务,公厕,121.440043,31.193442,上海市,上海市,徐汇区,121.43543285796784,31.195339115443264,Toilet
女洗手间,生活服务,公厕,121.440072,31.193388,上海市,上海市,徐汇区,121.43546192006268,31.19528519061605,Toilet
女洗手间,生活服务,公厕,121.440015,31.193322,上海市,上海市,徐汇区,121.43540481297865,31.19521912848741,Toilet
女洗手间,生活服务,公厕,121.440015,31.193269,上海市,上海市,徐汇区,121.43540481757428,31.195166154844813,Toilet
男洗手间,生活服务,公厕,121.439538,31.193206,上海市,上海市,徐汇区,121.4349268851443,31.195102396801392,Toilet
徐家汇地铁站出入口,交通设施,地铁,121.437309,31.193996,上海市,上海市,徐汇区,121.4326935799864,31.195888439236523,Transport
男洗手间,生活服务,公厕,121.437379,31.195512,上海市,上海市,徐汇区,121.4327635778108,31.197403795948794,Toilet
公厕,生活服务,公厕,121.439916,31.195214,上海市,上海市,徐汇区,121.43530545335628,31.19711002448194,Toilet
无障碍洗手间,生活服务,公厕,121.439942,31.195156,上海市,上海市,徐汇区,121.43533150969972,31.19705209642488,Toilet
无障碍洗手间,生活服务,公厕,121.439876,31.195218,上海市,上海市,徐汇区,121.43526537412856,31.19711395610905,Toilet
公厕,生活服务,公厕,121.43988,31.195215,上海市,上海市,徐汇区,121.43526938227336,31.197110964232337,Toilet
无障碍洗手间,生活服务,公厕,121.439837,31.195257,上海市,上海市,徐汇区,121.43522629391168,31.19715287210834,Toilet
无障碍洗手间,生活服务,公厕,121.439926,31.195236,上海市,上海市,徐汇区,121.43531547118072,31.197132030183425,Toilet
哺乳室,生活服务,公厕,121.428503,31.183688,上海市,上海市,徐汇区,121.423874161225,31.185573573584172,Toilet
女洗手间,生活服务,公厕,121.428584,31.183588,上海市,上海市,徐汇区,121.42395528352954,31.18547371942275,Toilet
男洗手间,生活服务,公厕,121.428518,31.183658,上海市,上海市,徐汇区,121.42388918484576,31.185543606366974,Toilet
男洗手间,生活服务,公厕,121.428498,31.183661,上海市,上海市,徐汇区,121.42386915656826,31.18554658134312,Toilet
男洗手间,生活服务,公厕,121.428502,31.183664,上海市,上海市,徐汇区,121.42387316190936,31.18554958452851,Toilet
男洗手间,生活服务,公厕,121.428533,31.183593,上海市,上海市,徐汇区,121.42390421151866,31.185478656836505,Toilet
复旦大学附属华山医院门诊部,医疗保健,综合医院,121.443369,31.21668,上海市,上海市,静安区,121.4387636887542,31.218571550028976,Medical_Service
复旦大学附属华山医院门诊楼口腔科门诊,医疗保健,综合医院,121.443289,31.216522,上海市,上海市,静安区,121.4386835316696,31.218413481710243,Medical_Service
1788广场-男洗手间,生活服务,公厕,121.443965,31.222475,上海市,上海市,静安区,121.43936046795454,31.224364876684508,Toilet
男洗手间,生活服务,公厕,121.443273,31.222748,上海市,上海市,静安区,121.4386669575781,31.224636496197437,Toilet
无障碍洗手间,生活服务,公厕,121.446006,31.225307,上海市,上海市,静安区,121.44140573557507,31.22719934234643,Toilet
上海和生堂中医门诊部,医疗保健,诊所,121.446208,31.225156,上海市,上海市,静安区,121.44160820564515,31.227048798093666,Medical_Service
无障碍洗手间,生活服务,公厕,121.446621,31.225952,上海市,上海市,静安区,121.44202207669152,31.227845215836297,Toilet
中山生态公园地铁站5号口,交通设施,地铁,121.416561,31.218456,上海市,上海市,长宁区,121.41191615933688,31.22031366235,Transport
泰康拜博口腔,医疗保健,诊所,121.412515,31.232075,上海市,上海市,普陀区,121.40786629650336,31.233924050129485,Medical_Service
男洗手间,生活服务,公厕,121.41289,31.233177,上海市,上海市,普陀区,121.4082414116672,31.23502571367115,Toilet
无障碍洗手间,生活服务,公厕,121.412457,31.234076,上海市,上海市,普陀区,121.40780809005568,31.235924097907017,Toilet
女洗手间,生活服务,公厕,121.412392,31.234008,上海市,上海市,普陀区,121.40774306033552,31.23585609998643,Toilet
男洗手间,生活服务,公厕,121.476827,31.210659,上海市,上海市,黄浦区,121.47231594528388,31.212632386351828,Toilet
女洗手间,生活服务,公厕,121.476917,31.210609,上海市,上海市,黄浦区,121.47240624972213,31.21258266306151,Toilet
男洗手间,生活服务,公厕,121.476782,31.210657,上海市,上海市,黄浦区,121.4722707954492,31.21263026109071,Toilet
女洗手间,生活服务,公厕,121.476751,31.211919,上海市,上海市,黄浦区,121.47223958392136,31.21389156553796,Toilet
一大会址·黄陂南路地铁站6号口,交通设施,地铁,121.472822,31.223433,上海市,上海市,黄浦区,121.46829668806528,31.22538921407382,Transport
女洗手间,生活服务,公厕,121.473258,31.22344,上海市,上海市,黄浦区,121.46873410079247,31.225397400390754,Toilet
人民广场地铁站出入口,交通设施,地铁,121.476438,31.232195,上海市,上海市,黄浦区,121.4719238024538,31.234157103256404,Transport
人民广场地铁站出入口,交通设施,地铁,121.473515,31.234631,上海市,上海市,黄浦区,121.4689909747102,31.23658388314717,Transport
女洗手间,生活服务,公厕,121.473151,31.23511,上海市,上海市,黄浦区,121.4686257506956,31.23706166679838,Toilet
男洗手间,生活服务,公厕,121.473182,31.23516,上海市,上海市,黄浦区,121.46865684700175,31.23711172842199,Toilet
女洗手间,生活服务,公厕,121.47317,31.235108,上海市,上海市,黄浦区,121.46864481252472,31.237059719610816,Toilet
女洗手间,生活服务,公厕,121.473112,31.235189,上海市,上海市,黄浦区,121.46858661737556,31.23714052390199,Toilet
男洗手间,生活服务,公厕,121.463179,31.227745,上海市,上海市,静安区,121.45862346094584,31.22967404943514,Toilet
男洗手间,生活服务,公厕,121.463243,31.227746,上海市,上海市,静安区,121.45868764933944,31.229675207717147,Toilet
无障碍洗手间,生活服务,公厕,121.467464,31.231379,上海市,上海市,黄浦区,121.4629210655962,31.233317234816283,Toilet
女洗手间,生活服务,公厕,121.467549,31.231509,上海市,上海市,黄浦区,121.46300631657044,31.233447395214768,Toilet
女洗手间,生活服务,公厕,121.467571,31.231498,上海市,上海市,黄浦区,121.46302838540956,31.23343645748812,Toilet
女洗手间,生活服务,公厕,121.467645,31.231403,上海市,上海市,黄浦区,121.46310262206276,31.23334169397396,Toilet
女洗手间,生活服务,公厕,121.467597,31.231458,上海市,上海市,黄浦区,121.46305446910914,31.233396543635,Toilet
公厕,生活服务,公厕,121.453069,31.228132,上海市,上海市,静安区,121.44848553149546,31.23003737040424,Toilet
无障碍洗手间,生活服务,公厕,121.456662,31.228971,上海市,上海市,静安区,121.45208792739125,31.230883954482557,Toilet
维林诺康复中医诊所,医疗保健,诊所,121.456722,31.229137,上海市,上海市,静安区,121.45214807549196,31.23105001389168,Medical_Service
女洗手间,生活服务,公厕,121.456702,31.229298,上海市,上海市,静安区,121.45212800741189,31.23121089318963,Toilet
女洗手间,生活服务,公厕,121.456962,31.229226,上海市,上海市,静安区,121.45238871898516,31.23113952092336,Toilet
曲阜路地铁站出入口,交通设施,地铁,121.471899,31.242831,上海市,上海市,静安区,121.4673690448058,31.24477573418167,Transport
公厕,生活服务,公厕,121.471841,31.2437,上海市,上海市,静安区,121.46731078381671,31.245644183562863,Toilet
公厕,生活服务,公厕,121.471824,31.243729,上海市,上海市,静安区,121.46729372675122,31.24567312450252,Toilet
公厕,生活服务,公厕,121.471838,31.243708,上海市,上海市,静安区,121.46730777349784,31.245652171834703,Toilet
蔡同德堂,医疗保健,诊所,121.481751,31.236545,上海市,上海市,黄浦区,121.4772544048941,31.238520212782973,Medical_Service
南JD路地铁站出入口,交通设施,地铁,121.484329,31.237166,上海市,上海市,黄浦区,121.47984126990536,31.23914842329961,Transport
南京东路站,交通设施,公交站,121.484909,31.237951,上海市,上海市,黄浦区,121.4804232244338,31.23993476205061,Transport
南JD路地铁站出入口,交通设施,地铁,121.485057,31.238028,上海市,上海市,黄浦区,121.4805717345716,31.2400121609298,Transport
洗手间,生活服务,公厕,121.480846,31.245748,上海市,上海市,静安区,121.47634551370116,31.24771641472543,Toilet
虹口足球场地铁站出入口,交通设施,地铁,121.478659,31.270329,上海市,上海市,虹口区,121.47414897221292,31.272280377225588,Transport
公厕,生活服务,公厕,121.476891,31.27086,上海市,上海市,虹口区,121.47237499107572,31.272806160010653,Toilet
公厕,生活服务,公厕,121.476899,31.270893,上海市,上海市,虹口区,121.4723830149406,31.272839168402065,Toilet
公厕,生活服务,公厕,121.476875,31.270886,上海市,上海市,虹口区,121.47235893544432,31.27283210402845,Toilet
公厕,生活服务,公厕,121.477619,31.271471,上海市,上海市,虹口区,121.47310537427173,31.273418947972456,Toilet
公厕,生活服务,公厕,121.477653,31.271343,上海市,上海市,虹口区,121.47313949931356,31.273291098340845,Toilet
女洗手间,生活服务,公厕,121.369101,31.208993,上海市,上海市,长宁区,121.36447749195882,31.21087328407881,Toilet
颈医卫,医疗保健,诊所,121.40235,31.209222,上海市,上海市,长宁区,121.39770040943714,31.21107958387404,Medical_Service
男洗手间,生活服务,公厕,121.402292,31.209473,上海市,上海市,长宁区,121.39764238675764,31.211330462582588,Toilet
男洗手间,生活服务,公厕,121.401709,31.209324,上海市,上海市,长宁区,121.39705940129714,31.21118154448274,Toilet
男洗手间,生活服务,公厕,121.401715,31.209314,上海市,上海市,长宁区,121.3970654020624,31.21117154914413,Toilet
儿童医院-皮肤科治疗室,医疗保健,综合医院,121.386488,31.226706,上海市,上海市,普陀区,121.3818429977872,31.228560674248456,Medical_Service
上海交通大学医学院附属儿童医院泸定路院区口腔科,医疗保健,综合医院,121.386787,31.226825,上海市,上海市,普陀区,121.3821417588908,31.228679420248817,Medical_Service
门诊预约中心,医疗保健,综合医院,121.386614,31.226827,上海市,上海市,普陀区,121.38196889043697,31.228681533590223,Medical_Service
病理科会诊示教室,医疗保健,综合医院,121.386334,31.226619,上海市,上海市,普陀区,121.38168912469078,31.22847381849676,Medical_Service
上海交通大学医学院附属儿童医院泸定路院区急救,医疗保健,综合医院,121.387075,31.226947,上海市,上海市,普陀区,121.3824295320782,31.228801175488616,Medical_Service
输液药店,医疗保健,综合医院,121.386894,31.227145,上海市,上海市,普陀区,121.38224865024708,31.22899920031466,Medical_Service
泌尿诊室5,医疗保健,综合医院,121.386983,31.227012,上海市,上海市,普陀区,121.3823375950552,31.228866204628854,Medical_Service
心脏重症监护室,医疗保健,综合医院,121.386944,31.227012,上海市,上海市,普陀区,121.38229862427134,31.228866229985773,Medical_Service
急诊诊室5,医疗保健,综合医院,121.387141,31.227234,上海市,上海市,普陀区,121.3824954580818,31.229087998589826,Medical_Service
普内科诊室7,医疗保健,综合医院,121.386923,31.227138,上海市,上海市,普陀区,121.3822776290575,31.22899218467329,Medical_Service
女洗手间,生活服务,公厕,121.386916,31.226944,上海市,上海市,普陀区,121.3822706512138,31.228798280070308,Toilet
女洗手间,生活服务,公厕,121.386882,31.226936,上海市,上海市,普陀区,121.38223667748342,31.228790306009515,Toilet
女洗手间,生活服务,公厕,121.386868,31.22716,上海市,上海市,普陀区,121.38222266851808,31.229014210282404,Toilet
女洗手间,生活服务,公厕,121.387246,31.227203,上海市,上海市,普陀区,121.38260038325164,31.22905694578746,Toilet
上海交通大学医学院附属儿童医院泸定路院区护理部,医疗保健,综合医院,121.386547,31.227184,上海市,上海市,普陀区,121.38190191072958,31.2290384110014,Medical_Service
上海交通大学医学院附属儿童医院泸定路院区信息科,医疗保健,综合医院,121.386611,31.227402,上海市,上海市,普陀区,121.38196584265062,31.22925626639756,Medical_Service
男洗手间,生活服务,公厕,121.386284,31.227023,上海市,上海市,普陀区,121.38163912848258,31.228877663056934,Toilet
女洗手间,生活服务,公厕,121.386807,31.22734,上海市,上海市,普陀区,121.38216169889525,31.229194166002667,Toilet
公厕,生活服务,公厕,121.386628,31.227388,上海市,上海市,普陀区,121.38198283086224,31.22924226166408,Toilet
公共厕所,生活服务,公厕,121.382755,31.244916,上海市,上海市,普陀区,121.37811161039596,31.2467650632366,Toilet
公共厕所,生活服务,公厕,121.382782,31.24493,上海市,上海市,普陀区,121.37813858377486,31.246779034979383,Toilet
公共厕所,生活服务,公厕,121.383054,31.245744,上海市,上海市,普陀区,121.37841025877424,31.247592448277967,Toilet
无障碍洗手间,生活服务,公厕,121.497284,31.248647,上海市,上海市,虹口区,121.4928413939097,31.250662905500363,Toilet
男洗手间,生活服务,公厕,121.497375,31.248618,上海市,上海市,虹口区,121.49293272487972,31.250634193746656,Toilet
女洗手间,生活服务,公厕,121.497663,31.248437,上海市,上海市,虹口区,121.49322178013,31.25045414611854,Toilet
无障碍洗手间,生活服务,公厕,121.497708,31.248453,上海市,上海市,虹口区,121.49326694126874,31.25047027509135,Toilet
男洗手间,生活服务,公厕,121.515896,31.274895,上海市,上海市,杨浦区,121.51151795430049,31.276955269629045,Toilet
男洗手间,生活服务,公厕,121.515929,31.274931,上海市,上海市,杨浦区,121.51155106712804,31.27699135086114,Toilet
男洗手间,生活服务,公厕,121.519095,31.299869,上海市,上海市,杨浦区,121.51472600055185,31.30192833027814,Toilet
女洗手间,生活服务,公厕,121.519002,31.299962,上海市,上海市,杨浦区,121.5146326706378,31.302021025940697,Toilet
哺乳室,生活服务,公厕,121.518104,31.299168,上海市,上海市,杨浦区,121.51373162051796,31.30122475034433,Toilet
男洗手间,生活服务,公厕,121.518173,31.299093,上海市,上海市,杨浦区,121.51380086684894,31.30114997954337,Toilet
女洗手间,生活服务,公厕,121.518151,31.299099,上海市,上海市,杨浦区,121.5137787898312,31.30115591357736,Toilet
女洗手间,生活服务,公厕,121.51814,31.299202,上海市,上海市,杨浦区,121.51376774286682,31.301258840933315,Toilet
哺乳室,生活服务,公厕,121.518101,31.300316,上海市,上海市,杨浦区,121.51372851304286,31.30237228712272,Toilet
女洗手间,生活服务,公厕,121.518084,31.300315,上海市,上海市,杨浦区,121.5137114539856,31.302371238365662,Toilet
男洗手间,生活服务,公厕,121.517594,31.300259,上海市,上海市,杨浦区,121.51321975204635,31.30231384192232,Toilet
女洗手间,生活服务,公厕,121.517479,31.300245,上海市,上海市,杨浦区,121.51310435213128,31.302299514016,Toilet
欧尚超级市场-女洗手间,生活服务,公厕,121.532794,31.31377,上海市,上海市,杨浦区,121.52846926956452,31.315861526385053,Toilet
无障碍洗手间,生活服务,公厕,121.457952,31.298369,上海市,上海市,静安区,121.45337544717992,31.300254881199017,Toilet
男洗手间,生活服务,公厕,121.45795,31.29837,上海市,上海市,静安区,121.45337344157804,31.300255876159262,Toilet
公厕,生活服务,公厕,121.403465,31.19729,上海市,上海市,长宁区,121.39881649845552,31.199153444762544,Toilet
mcdonalds,生活服务,公厕,121.416066,31.21896,上海市,上海市,长宁区,121.41142074105667,31.220817111843918,Toilet
男洗手间,生活服务,公厕,121.416085,31.218776,上海市,上海市,长宁区,121.41143977121376,31.220633211070066,Toilet
女洗手间,生活服务,公厕,121.416088,31.218781,上海市,上海市,长宁区,121.41144277301072,31.220638210544266,Toilet
上海交通大学医学院附属第九人民医院南部普通门诊2,医疗保健,综合医院,121.487167,31.201549,上海市,上海市,黄浦区,121.48269225228368,31.203556694981845,Medical_Service
上海交通大学医学院附属第九人民医院南部门诊,医疗保健,综合医院,121.487394,31.201733,上海市,上海市,黄浦区,121.4829200363146,31.203741276670808,Medical_Service
第九人民医院新门诊大楼,医疗保健,综合医院,121.487323,31.201551,上海市,上海市,黄浦区,121.48284880163692,31.20355915571469,Medical_Service
公厕,生活服务,公厕,121.487167,31.201711,上海市,上海市,黄浦区,121.48269223845624,31.20371861552174,Toilet
公厕,生活服务,公厕,121.487414,31.201725,上海市,上海市,黄浦区,121.48294010749136,31.20373333982179,Toilet
男洗手间,生活服务,公厕,121.47329,31.223383,上海市,上海市,黄浦区,121.46876620961493,31.22534051474468,Toilet
一大会址·黄陂南路地铁站出入口,交通设施,地铁,121.473475,31.223457,上海市,上海市,黄浦区,121.46895180459876,31.22541498598731,Transport
男洗手间,生活服务,公厕,121.473747,31.223802,上海市,上海市,黄浦区,121.46922466070056,31.225760568849584,Toilet
女洗手间,生活服务,公厕,121.473837,31.223872,上海市,上海市,黄浦区,121.46931494818013,31.22583078288157,Toilet
女洗手间,生活服务,公厕,121.475466,31.235511,上海市,上海市,黄浦区,121.47094829618196,31.237468860525546,Toilet
男洗手间,生活服务,公厕,121.475542,31.235509,上海市,上海市,黄浦区,121.4710245474435,31.23746707270925,Toilet
女洗手间,生活服务,公厕,121.475441,31.235523,上海市,上海市,黄浦区,121.47092321258653,31.23748078553004,Toilet
男洗手间,生活服务,公厕,121.475531,31.235545,上海市,上海市,黄浦区,121.47101350800168,31.23750302554592,Toilet
男洗手间,生活服务,公厕,121.475508,31.235494,上海市,上海市,黄浦区,121.47099043638477,31.23745198509097,Toilet
女洗手间,生活服务,公厕,121.47552,31.235463,上海市,上海市,黄浦区,121.47100247869534,31.23742103272815,Toilet
男洗手间,生活服务,公厕,121.47549,31.235531,上海市,上海市,黄浦区,121.47097237374106,31.237488918017128,Toilet
女洗手间,生活服务,公厕,121.475074,31.236135,上海市,上海市,黄浦区,121.47055494970994,31.23809148549748,Toilet
女洗手间,生活服务,公厕,121.475111,31.236165,上海市,上海市,黄浦区,121.47059206900671,31.238121574245493,Toilet
女洗手间,生活服务,公厕,121.475055,31.236084,上海市,上海市,黄浦区,121.47053589151952,31.238040456308244,Toilet
男洗手间,生活服务,公厕,121.475131,31.236175,上海市,上海市,黄浦区,121.47061213403929,31.238131625088176,Toilet
男洗手间,生活服务,公厕,121.475155,31.236144,上海市,上海市,黄浦区,121.4706362157842,31.238100705887,Toilet
女洗手间,生活服务,公厕,121.475124,31.236179,上海市,上海市,黄浦区,121.47060511063265,31.23813560384293,Toilet
女洗手间,生活服务,公厕,121.475187,31.236078,上海市,上海市,黄浦区,121.47066832691762,31.238034824984776,Toilet
女洗手间,生活服务,公厕,121.47514,31.236153,上海市,上海市,黄浦区,121.47062116558304,31.238109660158077,Toilet
公厕,生活服务,公厕,121.478533,31.271048,上海市,上海市,虹口区,121.47402248520515,31.272998713170093,Toilet
公厕,生活服务,公厕,121.47836,31.271056,上海市,上海市,虹口区,121.47384890117615,31.27300621931306,Toilet
无障碍洗手间,生活服务,公厕,121.478468,31.271054,上海市,上海市,虹口区,121.47395726543998,31.27300452627959,Toilet
