OBJECTID,osm_id,code,fclass,name,Shape_Leng,Shape_Area
2,1919664,7202,park,世纪公园,0.0491054603315,0.000128432558865
3,10266313,7202,park,,0.0111716827008,4.84750960037e-06
4,10266362,7202,park,碧天体育公园,0.0202112267858,9.6108624153e-06
32,11764264,7202,park,,0.00339042094152,3.14926299738e-07
34,12271429,7202,park,徐家汇公园,0.0119694171653,7.49434460786e-06
41,29307987,7202,park,新虹桥中心花园,0.0174768304209,1.19675418556e-05
50,38872537,7202,park,,0.00363701787217,6.52417479299e-07
51,38873040,7202,park,田林中心绿地,0.00554300724556,1.31325574651e-06
53,39176862,7202,park,共青森林公园,0.0483281711723,0.000120335782911
54,39181064,7202,park,,0.00127674942005,1.01768049243e-07
55,39182199,7202,park,秋林爱晚,0.00679673339052,2.6759690758e-06
56,39763744,7202,park,人民公园,0.0135042978541,9.85462154671e-06
57,39961770,7202,park,复兴公园,0.011324353601,6.92054510212e-06
59,40779542,7202,park,陆家嘴绿地,0.0111067386606,7.98596983461e-06
68,44354955,7202,park,长风公园,0.0250931112879,3.34848916869e-05
69,44394995,7202,park,曲阳公园,0.0105117307307,6.21507193695e-06
70,45220427,7202,park,中山公园,0.0257652819615,1.79615160998e-05
71,45220428,7202,park,,0.0250576296716,8.02267553728e-06
72,46974553,7202,park,,0.00298682356523,4.0910496827e-07
73,47011871,7202,park,龙华烈士陵园,0.0189736138526,1.50623045056e-05
74,47046592,7202,park,,0.00939911551583,4.58584622605e-06
83,47280147,7202,park,柳园公园,0.00634759144683,1.39063491083e-06
84,47280263,7202,park,东方明珠公园,0.00887431737863,2.97498911975e-06
92,48505110,7202,park,复兴岛公园,0.0085405871606,4.02056088308e-06
93,48654678,7202,park,,0.00382175314965,6.67646562804e-07
94,48654755,7202,park,,0.00429843663741,9.34432368687e-07
95,48654827,7202,park,,0.00338563898165,6.03355923169e-07
113,49209531,7202,park,惠民公园,0.0022404141976,3.04064901463e-07
117,49212455,7202,park,松鹤公园,0.00589508634606,1.71726081512e-06
119,49666570,7202,park,上海淞沪抗战纪念公园,0.0148280962516,9.23235255257e-06
120,49666695,7202,park,永清苑,0.00705529503508,3.2604065501e-06
123,49666811,7202,park,,0.0101439369099,4.47461961582e-06
125,49666820,7202,park,,0.0109776692941,4.44091760335e-06
127,50177924,7202,park,,0.00352894901579,7.29108146385e-07
129,50258395,7202,park,大观园绿地,0.00462915386861,9.34997921115e-07
130,50259048,7202,park,,0.00799039754251,3.27721115855e-06
148,50259118,7202,park,,0.00549073407113,6.72625046887e-07
159,50326342,7202,park,四川北路公园,0.00818119018903,3.99764146634e-06
160,50330174,7202,park,,0.00300967284927,4.32356703313e-07
165,50330658,7202,park,,0.00205251599054,1.20484649939e-07
166,50330660,7202,park,,0.00420601826483,9.44628439613e-07
167,50330661,7202,park,,0.0040838115448,1.00978679443e-06
168,50330793,7202,park,龙华滨江休闲广场,0.00576098919876,7.51753640157e-07
169,50371371,7202,park,,0.0097210569796,3.76692337574e-06
170,50372100,7202,park,,0.00385751337484,5.16475326909e-07
171,50417965,7202,park,,0.0082590202668,3.17563890755e-06
174,50832821,7202,park,长寿公园,0.0075338545125,3.39022782628e-06
175,50900131,7202,park,上海植物园,0.0283976007422,2.7566993688e-05
176,51051521,7202,park,,0.00663355566211,1.61398564686e-06
178,51051529,7202,park,闸北公园,0.0166798673776,1.1360365224e-05
182,51729755,7202,park,黄兴体育运动公园,0.0218114742535,1.63112650784e-05
197,51964785,7202,park,,0.00202821112042,2.50366641185e-07
198,51964858,7202,park,交通公园,0.00681910575527,1.23163546636e-06
222,52205482,7202,park,,0.00231136805977,2.59188624511e-07
229,52205767,7202,park,宜川公园,0.00552652297676,1.84579575068e-06
233,52509335,7202,park,主席像,0.0024010397331,3.33076491141e-07
234,52509339,7202,park,国旗坪,0.00228811253547,2.79226011945e-07
235,52509549,7202,park,,0.00369070766059,6.79459420756e-07
236,52531403,7202,park,,0.00331763875987,4.83103052715e-07
237,52531405,7202,park,曦园,0.00379076728514,5.35294314722e-07
239,52531433,7202,park,,0.00198628468374,2.19112155924e-07
240,52531455,7202,park,,0.00236719889609,3.48484137871e-07
241,53511131,7202,park,,0.00974175922152,3.69796308758e-06
244,53577983,7202,park,临沂公园,0.00617828677691,2.22577513623e-06
246,58413664,7202,park,,0.00400858183443,4.51423335176e-07
247,58413720,7202,park,,0.00519174334879,9.92238592983e-07
249,62072386,7202,park,,0.00679589914243,1.34698804957e-06
267,68572486,7202,park,延春公园,0.00413399906292,8.79916324424e-07
298,68797762,7202,park,金桥公园,0.0126601467013,1.01573211577e-05
307,68991953,7202,park,,0.00782001817825,2.20722109547e-06
318,70915076,7202,park,民星公园,0.00860567270958,2.79629801215e-06
330,71423575,7202,park,,0.00188641827914,2.77406728738e-07
331,71531784,7202,park,淞南公园,0.0120389316385,7.75889223223e-06
335,71754423,7202,park,凉城公园,0.0046331080156,1.320880267e-06
336,71835557,7202,park,,0.00158532813374,1.56754073835e-07
340,71858257,7202,park,,0.00457806420648,7.71490503409e-07
341,71858270,7202,park,,0.00195326660963,2.21807662936e-07
343,71957411,7202,park,,0.00161156293336,9.89932158701e-08
346,71960343,7202,park,,0.00241562863067,2.59510134873e-07
350,72083049,7202,park,东安公园,0.00621995949482,1.90010399401e-06
351,72083112,7202,park,丽园公园,0.00702345917291,1.4651830276e-06
352,72083159,7202,park,蓬莱公园,0.0104844650695,3.23788653324e-06
355,72233363,7202,park,淮茂绿地,0.00538739047127,1.80349612619e-06
356,72233364,7202,park,襄阳公园,0.00572063928888,1.85182863764e-06
361,74008444,7202,park,岭南公园,0.00742296059068,3.54627779291e-06
366,74385402,7202,park,高桥公园,0.00837220186251,4.32394519982e-06
370,74500687,7202,park,,0.00502405393342,1.57900818056e-06
372,74590795,7202,park,滨江森林公园,0.0475713239604,0.000121761472689
378,80842742,7202,park,,0.0038523799295,3.8975453371e-07
379,80842743,7202,park,,0.00382935800842,6.44761504913e-07
381,85711367,7202,park,番禺绿地,0.00851975343639,3.69001837582e-06
386,88607545,7202,park,集中绿地,0.00767851999615,4.27576227011e-06
394,88969256,7202,park,,0.000844685419966,4.44339150567e-08
395,88969261,7202,park,,0.00299187057011,1.42364076679e-07
396,88969268,7202,park,,0.00137720150235,1.18261169451e-07
397,88969278,7202,park,,0.00185175606075,1.2381962662e-07
398,88976755,7202,park,,0.00173142301829,1.24268697753e-07
399,88976756,7202,park,,0.00649376761631,8.97293957223e-07
401,89348551,7202,park,庆园,0.00705909718259,2.98744630574e-06
409,91846415,7202,park,莘庄公园,0.00536681835722,1.59992393701e-06
424,92189178,7202,park,,0.00224745192399,2.03191221634e-07
429,100676642,7202,park,闵行体育公园,0.0416508478838,7.28097911955e-05
430,100678509,7202,park,,0.00115700099191,8.66322702051e-08
431,100678517,7202,park,,0.00181323737503,2.11498701774e-07
432,101312398,7202,park,梦清园,0.0142466440272,7.0465076112e-06
433,101787802,7202,park,,0.00377789106072,3.46848083223e-07
434,101787812,7202,park,,0.00121613905848,4.38554103624e-08
435,101787816,7202,park,,0.00262544273014,1.41947984222e-07
436,102021746,7202,park,,0.000435751678326,1.47409016024e-08
437,102023064,7202,park,,0.00152315649202,1.10845402211e-07
438,102023078,7202,park,,0.000735583171487,2.97918911566e-08
439,102023087,7202,park,,0.00122420015619,5.14731434675e-08
440,102023096,7202,park,,0.00139857718612,9.43610603396e-08
441,102023685,7202,park,,0.0021269995242,1.16949476172e-07
458,121742069,7202,park,,0.00937742906,3.94887825231e-06
460,126723499,7202,park,旗忠网球中心,0.0248027530985,3.1759570634e-05
462,130226102,7202,park,南门广场,0.00638523539584,2.44424470867e-06
463,130782554,7202,park,Love Square,0.00200860318604,2.03738208958e-07
464,130782560,7202,park,,0.00155406679154,1.24236111112e-07
477,130867476,7202,park,Nell Garden,0.00160293722701,7.00171319541e-08
478,130869857,7202,park,Nightingale Square,0.00817481005151,1.00332415193e-06
479,130871159,7202,park,,0.00333671780244,2.71667074399e-07
480,130871162,7202,park,Old Town Square,0.000940824671251,3.27965781524e-08
481,130896817,7202,park,,0.00155282081895,1.45527718147e-07
482,130896829,7202,park,,0.00182582943071,2.1136156799e-07
483,130896831,7202,park,,0.00170475356193,1.6645457473e-07
488,131633592,7202,park,,0.00808907215169,2.08708837441e-06
489,131633593,7202,park,,0.0149178192409,4.39067548544e-06
491,132732347,7202,park,吴淞炮台湾湿地森林公园,0.0401728297003,3.95978587556e-05
493,133093983,7202,park,新江湾城滑板公园,0.0102983856583,2.78632278006e-06
500,135720480,7202,park,东昌滨江绿地,0.0162213574746,3.80102624451e-06
503,136139392,7202,park,,0.00105306409834,3.31189499474e-08
504,136139393,7202,park,,0.000939662998028,3.55020471118e-08
505,136139394,7202,park,,0.00115999859846,5.34512806314e-08
506,136231470,7202,park,工农公园,0.00633673413162,1.42622946419e-06
508,136755925,7202,park,,0.00302064455779,3.75161112177e-07
509,137191767,7202,park,世纪广场,0.00421126892387,8.4668380294e-07
511,141750467,7202,park,上海鲜花港,0.0201424765934,2.49044786866e-05
512,141750469,7202,park,滨海公园,0.0538873772576,0.000159439789207
530,154391277,7202,park,,0.00576682970192,1.54941975158e-06
541,154418998,7202,park,,0.00246057394945,1.45083693243e-07
543,154421570,7202,park,,0.00275539162968,1.61071275805e-07
544,154523865,7202,park,,0.0040782934589,1.04114544057e-06
545,154523908,7202,park,,0.0021905211438,2.99722572619e-07
555,154622981,7202,park,新江湾城滑板公园,0.0116232809688,3.48815032193e-06
561,154626001,7202,park,新江湾城滑板公园,0.00841990295085,3.7185946529e-06
564,154634702,7202,park,,0.00763841532669,7.10697653477e-07
565,154634704,7202,park,,0.00785760350559,7.49364886284e-07
569,154634714,7202,park,,0.00443410822269,5.08721877302e-07
570,154634719,7202,park,,0.00687524554351,5.98405050529e-07
571,154634721,7202,park,,0.00704128520398,5.13810073789e-07
572,154634724,7202,park,,0.0043444700395,4.53750379741e-07
573,154743980,7202,park,,0.00212591474962,2.45999979972e-07
575,154743995,7202,park,,0.00774780513708,9.38857878147e-07
576,154744001,7202,park,,0.00825101377414,5.05284397766e-07
581,154811278,7202,park,,0.00276223719653,2.36006170524e-07
583,154811283,7202,park,,0.00219316770222,1.34793214869e-07
584,154811297,7202,park,,0.0010792321972,6.5049916153e-08
586,154811348,7202,park,,0.00563188017382,5.07656641958e-07
587,154811360,7202,park,,0.0049836531568,4.14676462794e-07
588,154814543,7202,park,,0.00396864933464,5.11797747511e-07
607,157303903,7202,park,,0.000873771954864,4.29350397482e-08
608,157359668,7202,park,,0.00669230289675,3.15582381216e-07
613,159055442,7202,park,,0.00482341805349,4.11932077018e-07
614,159055443,7202,park,,0.00432216479724,2.61855662557e-07
615,159055444,7202,park,,0.0106409188053,6.10340349614e-07
616,159055445,7202,park,,0.00291705641349,2.21570068647e-07
617,159056354,7202,park,,0.00111108369259,5.0109185787e-08
618,159056356,7202,park,,0.00155932442261,1.3773338463e-07
619,159056358,7202,park,,0.00221940612025,1.97121103792e-07
620,159056359,7202,park,,0.0106734505083,1.95204351048e-06
621,159056361,7202,park,,0.00198514762216,1.80165210663e-07
622,159056363,7202,park,,0.00134210517132,9.010989748e-08
623,159056364,7202,park,,0.00412920557362,3.07924390655e-07
624,159104988,7202,park,,0.00204842042481,6.93312786858e-08
625,159104995,7202,park,,0.00165180806554,1.49744720113e-07
626,159251719,7202,park,,0.0103438470891,1.37842954773e-06
627,159251729,7202,park,,0.00265630739348,2.85671269191e-07
628,159701027,7202,park,,0.000955449297886,4.39136335019e-08
629,159701028,7202,park,,0.0019817053872,1.12572471239e-07
630,159701030,7202,park,,0.00220518121305,1.66794206008e-07
631,159701033,7202,park,,0.00385098071684,2.75951541049e-07
632,159701036,7202,park,,0.000873057754968,3.53603598606e-08
633,159701038,7202,park,,0.00242482516217,1.86932827223e-07
634,159701040,7202,park,,0.000999982701477,5.23842739939e-08
635,159701044,7202,park,,0.00102077427663,5.38973500861e-08
636,159701048,7202,park,,0.000907942064525,4.21598200852e-08
637,159701051,7202,park,,0.00101349001931,4.74871086378e-08
638,159701053,7202,park,,0.00397025445636,4.10031776271e-07
639,159701058,7202,park,,0.00103440582108,5.10055333589e-08
640,159701059,7202,park,,0.00392435860313,4.75906831465e-07
641,159701064,7202,park,,0.00104915959093,4.92312034018e-08
642,159701067,7202,park,,0.00112635641092,7.51364863258e-08
643,159701068,7202,park,,0.000952522740696,4.11171401739e-08
644,159701069,7202,park,,0.00063740122032,2.52112442339e-08
645,159701070,7202,park,,0.00118820810665,8.53088366735e-08
646,159701074,7202,park,,0.00111258944554,6.3440516779e-08
647,159701075,7202,park,,0.0011318776304,6.46871666231e-08
648,159701076,7202,park,,0.00338925366414,2.42579581102e-07
649,159701077,7202,park,,0.00115643977932,8.16695068018e-08
650,159701079,7202,park,,0.00103072173335,5.05516202994e-08
651,159701085,7202,park,,0.00915087517659,1.00149188091e-06
652,159701087,7202,park,,0.00323547093338,4.5011640334e-07
653,159701090,7202,park,,0.00212334670359,1.09091019915e-07
654,159701091,7202,park,,0.00225959348988,3.13625234384e-07
655,159812642,7202,park,,0.00118232674896,8.14063989205e-08
656,159812643,7202,park,,0.00102819543635,5.42460585649e-08
657,159812649,7202,park,,0.00110350754719,4.94373718539e-08
658,159812650,7202,park,,0.0011762192448,6.57447349856e-08
659,159867069,7202,park,,0.00146461126375,8.1509638932e-08
660,159942202,7202,park,南浦广场公园,0.00735352627774,3.45630399735e-06
661,159947656,7202,park,,0.00222145372692,6.1614449891e-08
662,159947662,7202,park,,0.000842683873166,8.55050566368e-09
663,159947667,7202,park,,0.000984571514056,4.92247191434e-08
664,159947670,7202,park,,0.000750517261411,8.58945131849e-09
665,159947678,7202,park,,0.00101361841176,3.92463122233e-08
666,159949360,7202,park,,0.00171727318453,6.84623859929e-08
673,160020197,7202,park,,0.0130923306154,3.41392619484e-06
674,160020221,7202,park,,0.0138147505844,2.73835294109e-06
678,160080193,7202,park,大连路绿地（国歌广场）,0.00613281790587,2.22415855037e-06
679,160163198,7202,park,,0.00892617734452,1.73748468463e-06
680,160248864,7202,park,,0.00117004692375,4.63518081855e-08
681,160248865,7202,park,,0.00105298255362,3.26258157023e-08
682,160248866,7202,park,,0.000901901414611,2.57531427496e-08
683,160248867,7202,park,,0.000973682276469,3.62645762029e-08
684,160248868,7202,park,,0.00103952159336,4.97538820826e-08
685,160248869,7202,park,,0.000923415925625,3.64437507196e-08
686,160269746,7202,park,,0.00293156497739,5.88198538949e-07
691,160383541,7202,park,,0.00783524225429,1.43019498922e-06
692,160383542,7202,park,,0.0133150539422,9.94276837463e-07
693,160383546,7202,park,,0.00905915715373,9.45540503953e-07
698,160387774,7202,park,,0.00659779098485,1.59604395399e-06
699,160387780,7202,park,,0.0213901908256,4.00215488307e-06
700,160390846,7202,park,,0.0325162337578,3.94911484362e-05
703,160395730,7202,park,,0.00391238978676,4.72059050668e-07
705,160700796,7202,park,红楼梦 上海,0.021804844561,2.7310778918e-05
716,161299050,7202,park,,0.00903313574212,3.53191977302e-06
717,161299051,7202,park,,0.0113397119701,4.75942086949e-06
718,162497813,7202,park,汇龙潭公园,0.00931748638386,3.80102949494e-06
719,163702008,7202,park,莘城公园,0.00869565485085,4.00378635904e-06
720,163763999,7202,park,,0.00674504460677,2.64128002466e-06
721,163764008,7202,park,,0.00502054718945,1.19889622877e-06
722,163764167,7202,park,,0.00292739769348,4.71858282559e-07
723,163764198,7202,park,,0.00392134933577,8.24013858888e-07
724,163764200,7202,park,,0.0056606383025,1.17654365935e-06
725,163764253,7202,park,,0.00166252487794,1.70340932814e-07
727,163799520,7202,park,漕溪公园,0.00835784651416,3.82975321181e-06
728,163831993,7202,park,,0.00253372810906,2.97419610758e-07
734,164050136,7202,park,衡山公园,0.004296243103,1.02840136974e-06
735,164416813,7202,park,,0.00454843915128,7.32408868713e-07
736,164416816,7202,park,,0.00686687347954,2.22292063653e-06
739,164971471,7202,park,,0.00313444859843,6.05830426468e-07
742,165367182,7202,park,,0.00474646423802,1.25806229207e-06
746,165569727,7202,park,,0.0183928927243,8.21722599675e-06
750,166113243,7202,park,,0.0134419528751,2.49459935171e-06
754,166550834,7202,park,,0.00144067405742,1.10285535103e-07
755,166718903,7202,park,,0.00226787473213,2.3723402341e-07
768,166776709,7202,park,,0.000847630842284,4.17073883165e-08
769,166776722,7202,park,,0.000871633173282,4.24970047482e-08
770,166852959,7202,park,,0.00397166629913,8.70847280979e-07
780,168500418,7202,park,,0.00423832515625,6.05029613422e-07
781,168507331,7202,park,,0.00419611678342,1.02359827665e-06
782,168988742,7202,park,沙港活动苑,0.00355695705789,7.76867859333e-07
790,169026096,7202,park,,0.00151802978757,1.13409724919e-07
795,169055588,7202,park,,0.00455429291002,1.32315764514e-06
796,169055599,7202,park,,0.00371894649186,7.17819394134e-07
797,169057123,7202,park,浦锦绿地,0.00411952776779,3.97863914894e-07
800,169058509,7202,park,浦锦绿地,0.00661055314387,2.78865247655e-06
801,169058525,7202,park,浦锦绿地,0.00598147738211,2.31534141972e-06
802,169058550,7202,park,,0.00288057507105,2.22520028485e-07
803,169058557,7202,park,,0.00288170367802,2.05077944004e-07
805,170102528,7202,park,陈行公园,0.00954532614751,3.71439777961e-06
807,170122921,7202,park,,0.00186861582613,2.0440483359e-07
809,170122937,7202,park,,0.00187740463212,1.81571178933e-07
811,170123360,7202,park,,0.00150689458037,1.30050012944e-07
813,170123365,7202,park,,0.00227921700481,2.24730575277e-07
814,170123370,7202,park,,0.00175542692191,1.12262465986e-07
815,170124162,7202,park,,0.00256084636826,4.12855773119e-07
816,170124165,7202,park,,0.0020527300766,1.77635458973e-07
817,170124170,7202,park,,0.00397518717976,5.14940249983e-07
820,170128226,7202,park,,0.00609934414936,5.39215136769e-07
823,170128243,7202,park,,0.0071935944474,1.46329256042e-06
824,170128251,7202,park,,0.00290856032208,4.30705529051e-07
826,170130078,7202,park,,0.00384013778394,3.03531152931e-07
827,170130081,7202,park,,0.00853970594455,9.82868803415e-07
828,170130084,7202,park,,0.00440615948583,3.62458523089e-07
829,170130085,7202,park,,0.00382154173765,3.05726580715e-07
830,170130091,7202,park,,0.00699703453684,7.48360880389e-07
831,170130093,7202,park,,0.0128718886673,4.2767778737e-06
832,170130094,7202,park,,0.00982823090177,1.50382624851e-06
833,170130095,7202,park,锦博园,0.0137114359533,2.8806025834e-06
834,170130098,7202,park,,0.00602010784895,5.43367275408e-07
835,170130099,7202,park,,0.00365459321169,3.006206527e-07
836,170130101,7202,park,,0.00605662665457,5.23701572332e-07
837,170130102,7202,park,,0.00385325838966,3.31781354702e-07
838,170130103,7202,park,,0.00756446518569,2.36046217482e-06
839,170130440,7202,park,,0.00461705012438,1.35755456657e-06
841,170130442,7202,park,,0.00381287651861,3.96671044845e-07
842,170130448,7202,park,,0.0151052999609,5.4017313928e-06
843,170751374,7202,park,诸翟公园,0.00734558366261,2.96601215709e-06
845,2289142,7202,park,黄渡公园,0.00680827423291,2.45891464997e-06
861,173576177,7202,park,,0.00514511406478,1.49670586027e-06
867,176802633,7202,park,,0.00301111551295,5.1703740181e-07
869,176966248,7202,park,,0.00260455887013,3.52877463276e-07
870,176968059,7202,park,,0.000833193611095,1.74677332964e-08
882,6262917,7202,park,黄兴公园,0.045501573697,2.84274338329e-05
883,177214388,7202,park,,0.00399144006764,8.98540912127e-07
884,177310478,7202,park,,0.00292031679017,1.80528132176e-07
885,177310480,7202,park,,0.00493849299047,3.65815649967e-07
886,177310481,7202,park,,0.0039307093768,4.16530218624e-07
887,177310483,7202,park,,0.00148256182278,1.05737107507e-07
888,177310484,7202,park,,0.00558742857764,3.11838263959e-07
889,177310487,7202,park,,0.00206208203426,1.86925611705e-07
890,177310494,7202,park,,0.00433251858138,4.14082600163e-07
894,177596648,7202,park,,0.00224434958916,3.00484491701e-07
896,177914584,7202,park,波阳公园,0.00361271770795,7.57116590222e-07
898,178411796,7202,park,黄浦公园,0.00713377265127,1.85900942485e-06
902,178702679,7202,park,音乐广场,0.00822078339381,4.18160319439e-06
922,179222576,7202,park,,0.00357850167696,7.04993861318e-07
947,183944730,7202,park,古猗园,0.013448877819,8.12369715589e-06
953,189478411,7202,park,黑松林,0.00263687004835,3.92761843838e-07
954,189577230,7202,park,,0.00720321890816,1.45168687171e-06
955,189577231,7202,park,,0.0165617637642,4.25752382001e-06
956,192029146,7202,park,,0.00413629146775,1.03520461726e-06
957,192204051,7202,park,社区公园,0.00495857097446,1.42109453642e-06
958,193297034,7202,park,,0.00116259844779,6.91265842191e-08
959,193297036,7202,park,,0.000755231373391,3.52628488803e-08
978,202629956,7202,park,白玉兰花园,0.00543619971216,1.66806350161e-06
986,202758815,7202,park,桂林公园,0.00731076749957,3.31024207712e-06
991,202768065,7202,park,月浦公园,0.0115129584801,7.76718957239e-06
1015,219751424,7202,park,,0.0277980147728,2.00989238348e-05
1018,220777122,7202,park,,0.0182688503902,4.66196341032e-06
1019,220778007,7202,park,,0.00265176598837,3.55526060844e-07
1020,220778012,7202,park,,0.00388663877821,6.63957190978e-07
1021,220778105,7202,park,,0.00930540317129,1.8176628317e-06
1024,224180514,7202,park,,0.0321941233524,1.08553886048e-05
1025,224180914,7202,park,,0.00379992597089,4.00051887827e-07
1028,225807023,7202,park,安徒生童话乐园,0.0137446366736,7.47622158354e-06
1029,225808699,7202,park,,0.00622603030142,6.84941514069e-07
1031,225864719,7202,park,,0.00159083480119,1.71988618841e-07
1032,225866075,7202,park,,0.00204586350721,2.05693637334e-07
1033,225973323,7202,park,,0.0207236989898,8.97621140368e-06
1037,226170079,7202,park,,0.00787288775729,4.13610432443e-06
1038,226321278,7202,park,,0.00643924357135,2.59883213566e-06
1039,226352589,7202,park,风溪公园,0.0115582202519,7.63248212982e-06
1040,226450242,7202,park,高东生态园,0.027441283831,4.2625669371e-05
1046,226665236,7202,park,,0.00623864033394,7.52081882234e-07
1049,226665876,7202,park,,0.00472405769444,6.48031045482e-07
1050,226665878,7202,park,,0.00111782003836,8.13661965528e-08
1052,228110461,7202,park,古城公园,0.007858467972,3.43634586714e-06
1056,236803059,7202,park,博览公园,0.0409636134484,7.26291649294e-05
1066,249409201,7202,park,方塔园,0.0161044572869,1.13769768739e-05
1070,255628835,7202,park,静安公园,0.00788092910959,2.61004841955e-06
1071,255752279,7202,park,彭浦公园,0.00702383818959,2.24236317232e-06
1074,256027111,7202,park,黎安公园,0.0211643625971,1.77605262736e-05
1075,256130131,7202,park,新成公园,0.0087563415672,3.3870160598e-06
1078,256155869,7202,park,秋霞圃,0.00567339911439,2.11207087069e-06
1079,256182986,7202,park,康健园,0.0141715310928,9.83561962736e-06
1080,256190539,7202,park,,0.00522037500442,1.40773505561e-06
1081,256259778,7202,park,光启公园,0.00412237301725,1.04608458062e-06
1090,257853265,7202,park,,0.00944668955252,2.86518871734e-06
1091,258100653,7202,park,三泉公园,0.00628030100398,2.16265867627e-06
1093,3472799,7202,park,东方绿舟,0.0605532959949,9.88855920964e-05
1094,259882257,7202,park,,0.00153643268534,1.75080301687e-07
1100,260232833,7202,park,九子公园,0.00344724356606,6.50779706478e-07
1103,260630207,7202,park,新泾公园,0.00609969978192,2.29730998708e-06
1135,264561679,7202,park,内江公园,0.00521958100229,1.42322781376e-06
1147,266615881,7202,park,顾村公园,0.0627826633812,0.000170050918662
1148,267028212,7202,park,异域风情园,0.0154955403902,8.53049353893e-06
1157,270566631,7202,park,,0.00532381838086,1.51832357697e-06
1158,270566632,7202,park,,0.00699190844017,2.52913604441e-06
1163,271985202,7202,park,,0.0112615528637,3.41649116936e-06
1175,275407817,7202,park,,0.00412956089923,9.65144293873e-07
1178,279309911,7202,park,樱花园,0.00521342437179,1.03290047587e-06
1179,279311904,7202,park,南苏园,0.00253556587031,3.36879159613e-07
1184,279487715,7202,park,,0.00123593992728,7.33672499128e-08
1185,279487720,7202,park,,0.00406193412228,5.70981896844e-07
1191,279490034,7202,park,东区大转盘,0.0027570487764,3.83701762892e-07
1192,279496277,7202,park,,0.000863736451431,5.32752907865e-08
1193,282034721,7202,park,,0.00967623176022,5.76024730175e-06
1211,283983294,7202,park,堡镇市民公园,0.00951585045466,4.05508718048e-06
1212,283983408,7202,park,,0.00323627325592,5.60011974221e-07
1213,283993210,7202,park,百草园,0.00698096913087,1.05554081711e-06
1215,284251215,7202,park,,0.0026045520089,2.69104519759e-07
1216,284260648,7202,park,,0.00591913189713,2.33439363447e-06
1217,284376962,7202,park,外星公园,0.00232278617704,1.18602933969e-07
1218,284800632,7202,park,,0.0015321766866,1.06502887355e-07
1219,284800633,7202,park,,0.00267749604811,2.65638666021e-07
1247,288650736,7202,park,,0.00184598837167,1.65099766125e-07
1251,291271442,7202,park,上海滨海古园九龙壁广场,0.000847858736776,4.16960759741e-08
1252,291271459,7202,park,上海滨海古园二号门广场,0.00121120281648,8.81140503224e-08
1267,292502694,7202,park,梅花苑41区,0.000501962336873,1.45121598916e-08
1372,292718782,7202,park,延福绿地,0.00513108228507,1.59486789128e-06
1373,10369752,7202,park,太平桥公园,0.0138044797732,2.38219219747e-06
1374,292818815,7202,park,,0.00355759033555,8.23264004493e-07
1411,293539953,7202,park,,0.00123381971758,8.82325109443e-08
1436,294269967,7202,park,闵行公园,0.0129441461159,6.02125054978e-06
1450,294625593,7202,park,,0.0042260283626,1.03319173436e-06
1504,294664706,7202,park,,0.00187681522811,2.14193008693e-07
1511,294668130,7202,park,吴泾公园,0.00884642847494,4.56620932312e-06
1544,294909596,7202,park,闵瑞路公共绿地,0.00736080779173,3.29983213672e-06
1551,294929012,7202,park,日晖绿地公园,0.00323997529659,6.70685975133e-07
1576,295237729,7202,park,公共绿地（含变电站）,0.00637226526225,2.5386642359e-06
1614,295651947,7202,park,吴泾文化广场,0.00174789854967,1.32514356865e-07
1648,296358484,7202,park,风铃绿地,0.00812498706287,1.13185762937e-06
1652,296359030,7202,park,祥和公园,0.00485375835524,1.38703060032e-06
1669,296417244,7202,park,文化用地,0.0049844151909,1.46650664497e-06
1676,296427638,7202,park,（规划）绿地,0.00329138333347,4.45204375187e-07
1680,296496357,7202,park,文化用地,0.00402165848954,1.05185133586e-06
1697,296606348,7202,park,,0.022405268038,1.44062390865e-05
1705,296606357,7202,park,绿地,0.0141427775428,5.85108849271e-06
1706,296609031,7202,park,,0.00228988085794,3.13749033323e-07
1708,296609036,7202,park,,0.00487575313177,1.40360129535e-06
1719,296777066,7202,park,长风一号绿地,0.00907491105312,4.4582735784e-06
1736,296828270,7202,park,社区服务中心,0.00328107792718,5.16444058778e-07
1742,296988773,7202,park,绿地,0.0110169531063,2.24037362239e-06
1743,296989527,7202,park,绿地,0.00567997006788,1.66581719199e-06
1750,297060238,7202,park,华泾公园,0.0240380484247,2.49548994789e-05
1752,297132423,7202,park,乐山绿地,0.00317484448506,5.73192382874e-07
1832,297699443,7202,park,浦江玫瑰园,0.0380210433313,3.35360665297e-05
1839,297733876,7202,park,滨江公园,0.0370285168189,2.49997697026e-05
1846,298132746,7202,park,,0.003023033314,6.03825586268e-07
1847,298135190,7202,park,,0.0113333190013,2.91903269433e-06
1848,298135192,7202,park,,0.0277449897135,1.4014502898e-05
1849,298215919,7202,park,,0.00146983903304,9.50359662483e-08
1850,298217019,7202,park,,0.00230190078328,2.94957067376e-07
1851,298235066,7202,park,,0.00128700659256,8.03173388967e-08
1852,298235067,7202,park,,0.00198670523294,2.32504108428e-07
1877,298475001,7202,park,,0.00125745487585,9.36154122858e-08
1910,298699326,7202,park,,0.00260744973984,2.41340326409e-07
1911,298701344,7202,park,,0.0025134238424,2.93802918844e-07
1919,298742813,7202,park,徐汇新湖云庭,0.00145663033539,1.31740388343e-07
1935,298772311,7202,park,,0.00375719847279,5.30966320229e-07
1937,298960783,7202,park,,0.00236938622335,3.20515483379e-07
1946,298994128,7202,park,,0.0049590268841,1.45417725499e-06
1948,299011350,7202,park,,0.00508630911022,6.99522882847e-07
1949,299012534,7202,park,南园公园,0.00844284148299,3.73734320042e-06
1954,299040170,7202,park,航头镇人口文化风情园,0.0110782678215,6.60083962996e-06
1956,299040175,7202,park,东方有线,0.00168657788904,1.64559827157e-07
1959,299168001,7202,park,,0.00199336069689,2.39772001903e-07
2018,300824388,7202,park,武宁公园,0.0092204061583,3.67281586889e-06
2019,300824406,7202,park,武宁公园,0.00379744234255,6.1533396652e-07
2049,302089573,7202,park,,0.00210236685698,2.6493292866e-07
2053,302214220,7202,park,燕园,0.00445820923183,4.57979448365e-07
2054,302226352,7202,park,,0.000654302534535,2.60469382079e-08
2078,302533797,7202,park,,0.0114665605513,3.64389797848e-06
2106,302928362,7202,park,,0.00263596068232,3.29711544309e-07
2107,302928363,7202,park,,0.00231198668544,3.24724562486e-07
2108,302928364,7202,park,,0.00151372695751,1.46848335915e-07
2109,302928365,7202,park,,0.00201264727162,2.01474650143e-07
2110,302928366,7202,park,,0.00270526005288,2.2384053739e-07
2119,303188970,7202,park,金杨花园,0.00505712161324,1.6295161843e-06
2123,303266636,7202,park,上海海湾国家森林公园,0.113754183957,0.000517849576468
2128,303267813,7202,park,醉白池,0.0099374396187,4.54818547409e-06
2138,304066549,7202,park,春申园,0.0141836748933,5.18485100762e-06
2139,304517908,7202,park,泾南公园,0.00673004548345,2.25818094612e-06
2142,305407460,7202,park,古华园,0.0135052252702,8.97937186696e-06
2169,311062286,7202,park,,0.00585491790621,1.70195392445e-06
2183,312367022,7202,park,,0.00530102778697,1.42994511076e-06
2215,333705422,7202,park,,0.00131856447465,1.35854344169e-07
2247,337936012,7202,park,紫薇公园,0.00633575408993,2.22351089111e-06
2248,339663644,7202,park,海粟绿地,0.0121263820188,3.79588300217e-06
2249,339693055,7202,park,,0.00137824138146,1.14988804585e-07
2252,342886857,7202,park,松江中央公园,0.0539907336937,6.12491466933e-05
2253,342893899,7202,park,思贤公园,0.0215920995363,1.57856691762e-05
2276,345755659,7202,park,广兰公园,0.00708821063728,3.26725206571e-06
2293,346466415,7202,park,昆秀湖湿地公园,0.0353533761411,2.99967045191e-05
2295,346694223,7202,park,富长路绿地,0.0109127499433,6.93916924453e-06
2296,346694224,7202,park,,0.00528037744753,1.20774136833e-06
2297,346694226,7202,park,,0.0148590382291,1.94897047557e-06
2299,347354977,7202,park,华夏公园,0.019011564102,1.47492788024e-05
2310,348059952,7202,park,,0.00423433006136,6.74508459801e-07
2315,348301556,7202,park,,0.00842018817374,1.08989875308e-06
2339,350242039,7202,park,南园滨江绿地-东区,0.0173645962972,3.78560654994e-06
2351,351183953,7202,park,红园,0.0103655618494,4.19061868318e-06
2362,351185713,7202,park,,0.00349620428554,7.36357848379e-07
2375,352044715,7202,park,其昌公园,0.00942073747492,1.82532578861e-06
2376,352045817,7202,park,,0.00220975511024,2.52400999332e-07
2377,352707809,7202,park,金山公园,0.00652495169797,2.30725198328e-06
2379,352723537,7202,park,西林花园,0.0139302733745,9.79475551997e-06
2387,352763073,7202,park,,0.0027278334321,3.10816573214e-07
2410,354213164,7202,park,,0.00513660539679,8.89299727562e-07
2430,354726688,7202,park,广富林遗址文化公园,0.0227344221673,2.59599989225e-05
2465,359506487,7202,park,,0.002270937369,2.3928212054e-07
2483,359744619,7202,park,,0.00396817894541,8.08505294988e-07
2496,359917501,7202,park,,0.0137814443922,2.292717262e-06
2507,360079166,7202,park,,0.00451959565506,1.21492913941e-06
2511,360133800,7202,park,,0.00471800213566,1.28130251434e-06
2571,371465788,7202,park,,0.0108413862521,4.60731770182e-06
2572,372180379,7202,park,,0.0022577550514,3.32525979272e-07
2574,372676947,7202,park,,0.00190994199427,2.32617316091e-07
2575,372680634,7202,park,,0.00366860788251,5.78876734791e-07
2576,372680635,7202,park,,0.002407758784,3.05535904064e-07
2577,375056994,7202,park,,0.00147767688444,1.37455408711e-07
2603,375562257,7202,park,,0.00074214453643,2.894801084e-08
2604,375562258,7202,park,,0.000729989854709,2.8275464379e-08
2645,376220725,7202,park,MeiChuan Park,0.00603077174868,7.99596647579e-07
2691,377222052,7202,park,,0.00154022588996,1.74011999723e-07
2806,379077332,7202,park,,0.0024781627546,1.94415076005e-07
2904,386836510,7202,park,共享区,0.00731709160254,1.24858634e-06
2908,387378643,7202,park,邹容墓,0.0032791440139,6.61990200912e-07
2912,387380878,7202,park,,0.00609651931076,2.11544445487e-06
2913,387380879,7202,park,,0.00509490791187,1.6118207162e-06
2932,389185073,7202,park,鹤坡园,0.00857608597814,2.61688745571e-06
3036,391343986,7202,park,小区绿地,0.00199097261373,2.16671342636e-07
3094,395097713,7202,park,华新公园,0.0110909314506,6.63723251654e-06
3116,396113562,7202,park,废弃公园,0.00198011846634,1.66589468087e-07
3117,396113570,7202,park,滑道公园,0.00198397869942,1.78987551418e-07
3118,396113576,7202,park,湖岸绿地,0.0035403768628,3.12768185006e-07
3119,396113577,7202,park,儿童沙滩乐园,0.00116540949742,8.0711256879e-08
3120,396113578,7202,park,,0.00153908161757,1.06760209161e-07
3121,396113585,7202,park,,0.00136702868595,1.01839461182e-07
3122,396113638,7202,park,,0.00106975191975,7.04711313451e-08
3123,396113639,7202,park,,0.000940229162686,5.50435534639e-08
3124,396113640,7202,park,,0.0012860508421,1.01249413038e-07
3125,396113658,7202,park,,0.00246900494119,2.7243942674e-07
3132,396937448,7202,park,,0.00124140007671,5.01277376445e-08
3162,398934699,7202,park,,0.0024280719572,2.77038638221e-07
3163,398938232,7202,park,,0.00884721549587,8.08265014843e-07
3177,399435158,7202,park,,0.00476546306238,3.9743584201e-07
3225,400789214,7202,park,滴水湖西岛,0.0128065947836,1.0745647881e-05
3234,400915975,7202,park,颛桥公园,0.00491710892303,1.47098003889e-06
3246,401205362,7202,park,,0.00417613063957,2.84333178555e-07
3256,401205672,7202,park,,0.00173362844022,1.74895380903e-07
3269,402710092,7202,park,,0.00296860116977,5.07001012242e-07
3321,404033603,7202,park,,0.00331869528027,3.59826550074e-07
3322,404224373,7202,park,,0.0602258584457,0.000180538865882
3352,404677930,7202,park,上海世博公园,0.030675567176,2.0943388536e-05
3353,404678393,7202,park,上海文化广场,0.00936198420279,4.51723152983e-06
3356,404705240,7202,park,后滩公园,0.0591280753906,7.72456646022e-05
3357,404706786,7202,park,张衡公园,0.0114291662426,6.96657414263e-06
3358,404709025,7202,park,人民广场,0.0151337791058,1.20366639973e-05
3360,404717086,7202,park,梅园,0.00540251823554,1.86542278567e-06
3361,404719693,7202,park,上体篮球公园,0.00317604108454,6.76283360661e-07
3362,404719694,7202,park,上体篮球公园,0.00388193688388,9.7298701395e-07
3365,405406579,7202,park,杨园体育公园,0.00529001999187,1.70007674129e-06
3366,405446775,7202,park,普陀公园,0.00366070454717,6.96348361072e-07
3367,405458729,7202,park,共和公园,0.0152666163387,4.83093436146e-06
3368,405466630,7202,park,叶家花园,0.0090655606599,4.149685111e-06
3369,405467372,7202,park,绍兴公园,0.00181063423245,1.82655010363e-07
3370,405473116,7202,park,三林世博主题公园,0.00726754975486,1.99358358111e-06
3372,406523183,7202,park,滨江公园,0.0237501872264,2.9747352363e-05
3377,406770258,7202,park,泾东公园,0.0057184271309,1.36130526329e-06
3391,6262916,7202,park,和平公园,0.0396311479382,1.24011908875e-05
3404,407156605,7202,park,,0.00428945021645,5.37057984151e-07
3449,407439532,7202,park,,0.011930461506,4.42794882713e-06
3451,407440826,7202,park,,0.0200742888334,1.932817597e-05
3454,407440828,7202,park,,0.0268355504263,2.74057561382e-05
3455,407441108,7202,park,,0.0256230966867,1.60101671437e-05
3456,407441111,7202,park,,0.019679034209,9.58287267447e-06
3457,9394287,7202,park,,0.0432672557373,3.83085015815e-05
3458,407441112,7202,park,,0.0432672557373,3.83085015815e-05
3459,407441298,7202,park,,0.00899816071564,3.82880421083e-06
3460,407441300,7202,park,,0.0102679249359,3.80747831372e-06
3461,407441382,7202,park,浦兴文化公园,0.00694953993849,2.88239081705e-06
3530,407875359,7202,park,延中广场公园,0.00828532883988,4.27474029499e-06
3608,412904907,7202,park,明珠湖湿地公园,0.0794208271377,0.000247403442885
3615,413325154,7202,park,月湖雕塑公园,0.036130654258,4.85817056857e-05
3622,413345691,7202,park,瀛洲公园,0.0108304197923,4.98598869151e-06
3633,413843901,7202,park,崇明新城公园,0.0164753231607,1.51694231298e-05
3651,413895585,7202,park,东平市民公园,0.00432035807554,1.0254813593e-06
3672,414785510,7202,park,光明生态园,0.0332784103678,6.88604882225e-05
3678,414932466,7202,park,,0.00155468027087,1.46323628497e-07
3709,415296762,7202,park,,0.0539124249531,2.01882959013e-05
3759,415685169,7202,park,泖港镇健康主题公园,0.00831458471919,3.26482765315e-06
3771,6285378,7202,park,,0.063836726688,5.85534310125e-05
3774,416291538,7202,park,中兴绿地,0.00805529088115,3.28702912284e-06
3876,416633242,7202,park,,0.0240779073124,2.27578885354e-05
3877,416633243,7202,park,,0.0322672060671,5.31617308111e-05
3878,416633244,7202,park,,0.0170562180299,1.39202488716e-05
3879,416633414,7202,park,,0.0257593637697,1.63455940736e-05
3880,416633415,7202,park,,0.0061003414155,1.85048755338e-06
3881,416633416,7202,park,,0.0147351781155,1.19142536897e-05
3882,416633417,7202,park,,0.00637931538164,2.23421835752e-06
4013,419826536,7202,park,,0.00289997650033,4.96996841379e-07
4025,6262914,7202,park,大宁灵石公园,0.0646391895909,4.71669631304e-05
4089,421482180,7202,park,,0.0735899826994,0.000207876904281
4091,6265976,7202,park,杨浦公园,0.0306267773469,1.59398894182e-05
4104,421592428,7202,park,,0.0283750884767,1.11771495036e-05
4125,422771401,7202,park,,0.00792153277593,1.73922862206e-06
4596,426106712,7202,park,,0.00843616767904,1.60171098813e-06
4597,426106713,7202,park,,0.00665892229878,9.22690475838e-07
4598,426106714,7202,park,,0.00512075178408,7.76944860671e-07
4599,426106715,7202,park,,0.00608439521295,1.80255979742e-06
4608,426107298,7202,park,,0.00696190414237,1.16484811667e-06
4611,426111803,7202,park,,0.0211436010491,1.38806498467e-06
4612,426111804,7202,park,,0.0106533874803,9.57063048224e-07
4630,426129595,7202,park,,0.00524990502853,5.7020617192e-07
4632,426129597,7202,park,,0.00549008218339,5.88269751715e-07
4635,426129600,7202,park,,0.00333155658534,6.74316366514e-07
4640,426130153,7202,park,,0.00389212897982,4.94096509625e-07
4642,426130155,7202,park,,0.00931997071953,7.60972135263e-07
4644,426130355,7202,park,,0.00189986689138,1.12045929336e-07
4653,426131041,7202,park,,0.00715690897099,2.17407976264e-06
4654,426131042,7202,park,,0.00416850113061,1.03243572784e-06
4655,426131043,7202,park,,0.0100852280893,2.95159982231e-06
4656,426131054,7202,park,,0.00734413599238,5.37065047096e-07
4661,426132211,7202,park,,0.0123786545969,4.38750929162e-06
4705,426748047,7202,park,,0.00547276402293,1.20011473421e-06
4713,427193908,7202,park,,0.0117706807492,6.67190596774e-06
4816,428380180,7202,park,天山公园,0.0114430528572,5.64812134605e-06
4817,428835962,7202,park,,0.000611198309027,2.91821993394e-08
4818,430129485,7202,park,,0.00375898331171,5.83042483213e-07
4819,430129486,7202,park,,0.0035192935255,5.92581094025e-07
4820,430129488,7202,park,,0.00131857206994,6.28567333686e-08
4853,431528390,7202,park,九亭广场,0.0074858843909,3.41085124648e-06
4868,431818774,7202,park,九亭步行街绿地,0.00663969847394,9.27498648283e-07
4926,432114954,7202,park,,0.00281576641814,4.77981773146e-07
4973,438158917,7202,park,水霞公园,0.0045607187016,9.97388968934e-07
4974,438159968,7202,park,山阳广场,0.00735322341159,3.31686870664e-06
4975,438159969,7202,park,山龙绿地广场,0.00772521353245,3.18567183033e-06
4977,438159971,7202,park,,0.00958753383559,2.40309684504e-06
4978,438159972,7202,park,,0.0186005858242,1.7190208785e-05
4979,438247444,7202,park,,0.00358643339663,4.80204786393e-07
4989,440569087,7202,park,,0.00172520972512,1.43507245394e-07
4990,441607673,7202,park,,0.0184172034138,1.74412487654e-05
4992,441856933,7202,park,后工业生态景观公园,0.0150336508166,1.38674633381e-05
5003,441881196,7202,park,,0.00359846519449,8.46152019818e-07
5004,441881648,7202,park,亩中山水园,0.0070927178273,2.44296756368e-06
5017,442978599,7202,park,,0.00263373014276,4.30500223613e-07
5019,442978953,7202,park,江浦公园,0.0075057297117,3.5634071362e-06
5020,443192236,7202,park,,0.00125071697172,1.13358304003e-07
5036,444342095,7202,park,华山绿地,0.00973148702756,3.43277489788e-06
5037,444348535,7202,park,,0.0044166157125,1.20437226703e-06
5043,445059173,7202,park,金鹤公园,0.0108747556217,4.72603006545e-06
5148,445906520,7202,park,,0.0051223326273,8.19135919747e-07
5158,445907375,7202,park,,0.0032878001458,4.89584799531e-07
5159,445907376,7202,park,,0.00104274030403,6.31501392196e-08
5161,445907378,7202,park,,0.00844624440628,1.53423458511e-06
5173,446795876,7202,park,,0.0145170161825,3.7207891595e-06
5174,446795877,7202,park,,0.0118627698785,4.43154643442e-06
5175,446795878,7202,park,,0.0152742683602,9.23762466992e-06
5176,446795879,7202,park,,0.00923205842243,3.463585797e-06
5177,446795880,7202,park,,0.0140504922092,4.26040534358e-06
5178,446795881,7202,park,,0.0169211715238,1.34021347267e-05
5179,446795882,7202,park,,0.0092660646445,3.47450304706e-06
5180,446795883,7202,park,,0.0116661475132,5.91948309884e-06
5181,446795884,7202,park,,0.0145938440883,9.56530171268e-06
5182,446795885,7202,park,,0.0131877434538,1.06155231087e-05
5183,446795886,7202,park,,0.0117403974029,6.73672089113e-06
5184,446795887,7202,park,,0.0133243570251,9.4448657835e-06
5233,449054865,7202,park,,0.00301630356619,4.7880672211e-07
5234,449056342,7202,park,玉兰园,0.00253687194388,3.95168944234e-07
5236,449072575,7202,park,霍山公园,0.0022818170035,3.06073680964e-07
5246,450077768,7202,park,,0.00214606686399,2.11150776644e-07
5276,450545076,7202,park,前滩公园,0.0207338573513,1.0642819733e-05
5277,450546969,7202,park,前滩休闲公园,0.0340202867544,2.43383888025e-05
5304,451842931,7202,park,长兴岛郊野公园,0.0938085689271,0.000330382608669
5311,452463211,7202,park,中心绿地,0.00154616552793,1.47486828236e-07
5319,456954668,7202,park,,0.00221056804831,2.98058474193e-07
5333,460828497,7202,park,,0.0087529952295,3.74370630385e-06
5341,461616338,7202,park,培花公园,0.00495734113048,1.2827224274e-06
5352,461873788,7202,park,,0.00840871981534,2.17885200032e-06
5362,464679474,7202,park,银翔湖公园,0.0236727235597,1.94511610038e-05
5433,469506643,7202,park,,0.0197974533484,3.94652286731e-06
5513,477138725,7202,park,,0.00154259512365,1.10194286137e-07
5514,477138726,7202,park,,0.00140437914841,1.157869766e-07
5539,481240980,7202,park,田园,0.00641251131809,2.02089221984e-06
5553,482221858,7202,park,,0.00254553951413,3.97940242776e-07
5651,488860899,7202,park,,0.00143540344199,1.22391047117e-07
5670,489225034,7202,park,真如公园,0.00940678032397,4.87999331771e-06
5695,489341202,7202,park,,0.00358121887165,7.19548290477e-07
5696,489341203,7202,park,海棠公园,0.00420373040731,1.18172585906e-06
5702,489341227,7202,park,兰溪青年公园,0.00469382597082,1.16544109794e-06
5706,489493496,7202,park,,0.00275584686582,3.48136967584e-07
5707,489493504,7202,park,,0.00180835170338,1.94216282794e-07
5708,489493506,7202,park,,0.00519373438058,1.20612980776e-06
5709,489493507,7202,park,,0.00256802216297,3.9306961785e-07
5712,489505066,7202,park,,0.00200091056066,2.23359660933e-07
5743,489972311,7202,park,真如港绿地（曹杨路—中宁路）,0.0157073047722,2.16295346394e-06
5764,490617201,7202,park,星愿公园,0.0374821622618,4.3123719133e-05
6009,496384738,7202,park,宋庆龄陵园,0.00756839656666,3.76210908289e-06
6022,498522052,7202,park,,0.0021189809189,1.31931249335e-07
6023,498522053,7202,park,,0.000734049357552,2.4395392196e-08
6024,498522055,7202,park,,0.000687898384021,2.74541868029e-08
6025,498522056,7202,park,,0.00151627663319,1.29762357285e-07
6026,498522057,7202,park,,0.00186947228059,1.67497475898e-07
6034,499565664,7202,park,,0.0336477791138,2.83879525719e-05
6035,499565665,7202,park,,0.00949754463469,5.21617280551e-06
6037,499566575,7202,park,淮海公园,0.00670438670677,2.27337287647e-06
6047,501393162,7202,park,,0.0109798062341,3.07814974466e-06
6072,507187182,7202,park,九科绿洲,0.0365146571705,7.97675043656e-05
6075,507599842,7202,park,,0.0073626912897,2.89699293815e-06
6078,508413695,7202,park,闵行文化公园,0.0380547853799,5.98634723245e-05
6091,511241784,7202,park,,0.00307746311991,3.12502686178e-07
6092,511241786,7202,park,,0.00147211868046,1.24357968567e-07
6094,511241795,7202,park,,0.00325724123124,3.7803619905e-07
6095,511241798,7202,park,,0.00460395741102,1.22377518874e-06
6239,520309565,7202,park,南苑九村小花园,0.00135917158451,1.09184587508e-07
6258,528982793,7202,park,,0.017365724886,8.05811539481e-06
6259,7617593,7202,park,,0.0594112942587,2.53944300204e-05
6263,530662878,7202,park,,0.00243846388329,3.2062934908e-07
6266,533508883,7202,park,,0.00206908799491,1.80806785095e-07
6295,537897887,7202,park,,0.0023058713984,3.19155675826e-07
6338,543800890,7202,park,北杨河小游园,0.0100617482134,9.69012964744e-07
6339,543835760,7202,park,,0.00140991907272,1.20463376146e-07
6344,543932916,7202,park,,0.00217014128169,2.09642526566e-07
6348,544048836,7202,park,,0.00645311405998,1.54410382715e-06
6349,544050175,7202,park,嘉川路小游园,0.00747116062067,1.51481912343e-06
6395,549935556,7202,park,,0.0104240515985,6.18464475751e-06
6435,558913296,7202,park,,0.00544535586576,1.09549241469e-06
6445,560752252,7202,park,东礁公园,0.00635766475289,2.27596806082e-06
6447,560752371,7202,park,滨海公园,0.0124012480097,7.66138705653e-06
6468,570675897,7202,park,小公园,0.0138511049857,1.07874583948e-05
6469,571607270,7202,park,,0.00243123049075,2.94016497886e-07
6471,572137210,7202,park,金水湿地公园,0.0372448764651,5.26826201935e-05
6485,577243784,7202,park,龙华烈士陵园(龙华警备司令部旧址),0.00397088606915,8.04089915262e-07
6486,577243790,7202,park,龙华烈士陵园死刑处决场,0.00285905782705,4.03686861307e-07
6500,583699272,7202,park,,0.00450956646078,6.48413221905e-07
6501,583699273,7202,park,,0.00640593817453,2.42922406114e-06
6502,583699275,7202,park,,0.00292694004582,5.35081792399e-07
6503,583699276,7202,park,,0.00226185364261,3.09564966189e-07
6506,585007122,7202,park,小学运动场地,0.00186077063907,1.90293268793e-07
6507,585007274,7202,park,宅间绿地,0.00127414372228,8.57940973556e-08
6508,585007326,7202,park,宅间绿地,0.00121261442034,6.4839892105e-08
6509,585007407,7202,park,教工俱乐部绿色开放空间,0.00209108982568,1.89968475191e-07
6510,585007477,7202,park,宅间绿地,0.00216142379345,1.95987286435e-07
6511,585008489,7202,park,老年活动中心旁绿色开放空间,0.00169037418783,1.55661500821e-07
6625,590426949,7202,park,,0.00699156167522,1.83928363767e-06
6651,596984721,7202,park,鑫都路水文化公园,0.00694794759165,1.25336558185e-06
6678,605454128,7202,park,,0.0292802403817,2.56970213686e-05
6689,605754439,7202,park,曲水园,0.00606182482628,1.85368477615e-06
6706,610980544,7202,park,,0.000978071765946,4.43184363149e-08
6707,610986342,7202,park,,0.000886443463815,4.55029358469e-08
6711,613588792,7202,park,航华公园,0.00955964600666,3.84025777249e-06
6719,616484532,7202,park,,0.00160365859099,5.69739179765e-08
6771,628214058,7202,park,,0.00382443288586,8.3903479415e-07
6772,628214060,7202,park,,0.0110005054641,3.89354704258e-06
6773,628214061,7202,park,,0.00331386645359,7.1594854299e-07
6778,628604250,7202,park,锦园,0.0060942579778,1.05556926331e-06
6782,628774917,7202,park,浦江郊野公园奇迹花园区,0.0282306318636,4.34683184636e-05
6783,628782354,7202,park,浦江郊野公园柳鹭田园区,0.0330154568444,4.93944793689e-05
6786,628954533,7202,park,,0.00232323313863,3.24108167245e-07
6807,629862305,7202,park,礼园,0.00362058525796,9.02959781724e-07
6854,632584665,7202,park,韩湘水博园,0.0204157868373,1.72523172271e-05
6905,635999709,7202,park,,0.0059431259589,2.15076003345e-06
6944,636472758,7202,park,马桥农耕文化园,0.00858290983418,4.40811886667e-06
6968,638481499,7202,park,鲁汇市民广场,0.0043782703209,8.22044469533e-07
6991,640352891,7202,park,,0.00725204957895,4.06118194243e-07
6997,640655867,7202,park,,0.00289716714786,3.54467118915e-07
7000,640826785,7202,park,浦江郊野公园滨江漫步区,0.0276131188786,2.04956539432e-05
7002,640826790,7202,park,浦江郊野公园游客中心,0.00586022435894,1.99737495154e-06
7108,655203549,7202,park,,0.00526087909121,1.68667282175e-06
7111,655203564,7202,park,大华北公园,0.0122820176312,8.56700799098e-06
7130,655813578,7202,park,,0.00612905378129,1.35143886983e-06
7133,655815384,7202,park,白沙公园,0.0248130297138,3.12701624702e-05
7134,656581033,7202,park,,0.00300758621555,3.60745711059e-07
7141,656626140,7202,park,,0.0181734271565,6.07725400721e-06
7145,656941510,7202,park,,0.00603102400025,1.82050672107e-06
7187,659467368,7202,park,长清公园,0.00547768330241,1.65980868264e-06
7330,665547473,7202,park,8520,0.00940210660587,4.80652732304e-06
7359,666304555,7202,park,大宁郁金香公园,0.0411586088003,5.42195452048e-05
7367,667614770,7202,park,滨湖平台,0.00143862131745,1.21317565301e-07
7372,668167815,7202,park,,0.0151714088312,4.67515122234e-06
7380,668188944,7202,park,,0.0085455342452,3.96814360478e-06
7394,669322373,7202,park,,0.0181518803628,7.58374879067e-06
7400,669462259,7202,park,,0.00466034181514,1.30257719048e-06
7515,687001011,7202,park,,0.00247989027578,3.87398761369e-07
7516,687315542,7202,park,虹桥公园,0.00638311781981,2.04428651226e-06
7547,694647240,7202,park,上海市滨江滑板公园,0.0376266803066,1.56489639899e-05
7634,696699049,7202,park,梅园,0.00379970090368,6.78592164747e-07
7662,699324744,7202,park,,0.00872731961284,1.0280518566e-06
7663,699327786,7202,park,,0.00217602944298,1.76716818584e-07
7664,699336333,7202,park,,0.0072967147164,1.15847448525e-06
7665,699376365,7202,park,,0.00245073904394,3.45989446314e-07
7667,699549446,7202,park,,0.00169091459802,1.37726338245e-07
7668,699549453,7202,park,,0.00531528452998,9.40939739846e-07
7693,704101633,7202,park,,0.0134535201172,1.10693850548e-05
7753,709148322,7202,park,亭林公园,0.00413975753785,1.0280172361e-06
7754,709148870,7202,park,古松园,0.00511723867121,1.5402700654e-06
7756,709589939,7202,park,颐园,0.00378342010407,7.2052897153e-07
7757,709877753,7202,park,张堰公园,0.00665917779254,2.20423315194e-06
7802,712187766,7202,park,蔓趣公园,0.00643015216675,1.79896890373e-06
7816,714991511,7202,park,,0.00817363080419,3.50574673795e-06
7820,718762301,7202,park,翊园,0.00669508203963,2.64338375215e-06
7861,727003948,7202,park,唐城绿地文化公园,0.0143103583982,1.25103481816e-05
7866,727185851,7202,park,川沙公园,0.0106821386783,4.38498253486e-06
7877,727240846,7202,park,金枫公园,0.00813011712071,2.77334591415e-06
7904,730922014,7202,park,真如绿廊（规划）,0.0112975658274,4.24493704579e-06
7908,732087538,7202,park,哈密公园,0.0056117734232,1.23074388327e-06
7909,733763628,7202,park,塘桥公园,0.0120820912069,5.29694203931e-06
7917,10284795,7202,park,星荟中心,0.00850195685017,1.27424014466e-06
7979,744525771,7202,park,昆山公园,0.00368877797287,4.15316467021e-07
7989,12980921,7202,park,滨江公园,0.0306603395561,8.47659320541e-06
7991,744539221,7202,park,,0.00624455283772,1.49925243438e-06
7993,745100461,7202,park,,0.00675763983442,2.27132748094e-06
7994,745100462,7202,park,,0.00476013434682,1.2708666296e-06
8031,753483248,7202,park,名人苑,0.012040397819,7.87546801363e-06
8034,753667831,7202,park,浦发公园,0.013436992913,5.22311966033e-06
8094,758688117,7202,park,,0.0119417238871,3.26298956409e-06
8095,758688118,7202,park,,0.0103480708922,2.56149234956e-06
8103,10556182,7202,park,延中公园,0.0470403338275,1.37225928619e-05
8124,765587930,7202,park,,0.0023052744566,1.24873852439e-07
8139,10666766,7202,park,留云公园,0.0236274765786,1.0727857621e-05
8140,769509472,7202,park,金山柑橘园区,0.0122462902182,6.34567423105e-06
8141,769807536,7202,park,,0.00141810142806,6.1530455515e-08
8176,772676106,7202,park,,0.0116895036168,4.51426576062e-06
8178,772709309,7202,park,,0.0092353936301,3.18072888546e-06
8179,772889105,7202,park,,0.00367580536519,3.53286251817e-07
8180,772889106,7202,park,,0.00403268886814,6.18647047107e-07
8181,772889107,7202,park,,0.00257476752953,4.30261443524e-07
8189,773670104,7202,park,临空滑板公园,0.0123755578293,2.27788396412e-06
8215,777420720,7202,park,,0.00318453251225,6.00671414443e-07
8216,777420721,7202,park,,0.00385770296537,8.36907178077e-07
8219,783408705,7202,park,,0.000308717740408,7.44619384644e-09
8220,783559560,7202,park,,0.00427654726598,1.15910032028e-06
8228,788173142,7202,park,,0.00619792388315,1.82820090696e-06
8259,807183055,7202,park,,0.0069370159412,2.26857046317e-06
8262,11135293,7202,park,,0.0491274028051,1.95675059847e-05
8263,807643777,7202,park,,0.0336338453583,1.87752665998e-05
8264,807643778,7202,park,,0.0206090403467,1.84164313099e-05
8265,807643779,7202,park,,0.0184944738076,1.1388301659e-05
8266,807643780,7202,park,,0.0135229417239,9.47294887785e-06
8267,807643781,7202,park,,0.0189181581966,1.50174117632e-05
8269,808245382,7202,park,,0.00786164403616,2.85282960747e-06
8281,813373658,7202,park,古钟园,0.00913715605894,2.88416484109e-06
8282,813374005,7202,park,南汇桃花村,0.0186978688102,1.38146551588e-05
8318,817845287,7202,park,,0.0205804743684,6.31929899252e-06
8319,817845288,7202,park,,0.0160677865113,4.05004566323e-06
8333,819522165,7202,park,,0.0033784043376,6.38083683615e-07
8348,825114540,7202,park,,0.004281814046,1.35199606286e-06
8349,825116784,7202,park,九里亭公园,0.00786178012457,2.92963284693e-06
8355,828330677,7202,park,川沙古城墙公园,0.00212191985424,1.11370355132e-07
8363,831148991,7202,park,,0.000888113968683,5.6801808543e-08
8364,831148992,7202,park,,0.000742894745718,4.10123665706e-08
8365,831160810,7202,park,,0.00104544915477,7.68318582356e-08
8366,831160811,7202,park,,0.00095016677484,6.77208614351e-08
8376,832494773,7202,park,,0.00248554555446,3.70444495605e-07
8377,832494775,7202,park,,0.00253373604511,3.35468736827e-07
8384,833222371,7202,park,,0.0117242351138,2.15309258019e-06
8401,834202882,7202,park,广场,0.00059047243395,1.88699539064e-08
8402,834202883,7202,park,舞台,0.000389007742016,8.32741743513e-09
8403,834202887,7202,park,槎浦公园(北园),0.00748884084408,2.77301163874e-06
8530,850809308,7202,park,,0.00476327242188,1.3858564968e-06
8553,853212456,7202,park,,0.0141885956139,1.04317273817e-05
8556,11569618,7202,park,,0.00653223675533,1.94184553168e-06
8557,854828976,7202,park,,0.0204959702519,2.38419571769e-05
8580,857041287,7202,park,菊泉故里,0.00661399276234,1.76588115393e-06
8581,857044012,7202,park,宝山净寺,0.00882874714586,4.74007747128e-06
8597,857527720,7202,park,,0.00949926190173,4.51519845426e-06
8598,857527721,7202,park,,0.0117476159371,6.55529895032e-06
8610,867462186,7202,park,,0.0248439806773,3.6777974151e-05
8611,867462187,7202,park,,0.0218295084846,2.69726695933e-05
8612,867462188,7202,park,,0.0232378274863,3.16464586959e-05
8613,867462189,7202,park,,0.0333732567959,3.30758178248e-05
8614,867462190,7202,park,,0.0287084706427,1.43189579692e-05
8615,867462191,7202,park,,0.00769689427904,3.0703517614e-06
8616,867462192,7202,park,,0.0219296637126,1.98439460932e-05
8617,867462193,7202,park,,0.0262173945743,2.64776372419e-05
8618,867462194,7202,park,,0.00935526165377,4.99046648357e-06
8619,867462195,7202,park,,0.015214514075,1.3503820202e-05
8620,867463039,7202,park,,0.00557075665954,1.75251346483e-06
8621,867465876,7202,park,,0.0323814700623,5.65855470609e-05
8622,867465877,7202,park,,0.0160050626188,8.34525727375e-06
8628,867465889,7202,park,,0.00449691036587,1.10279400337e-06
8629,867465890,7202,park,,0.00825434755634,3.13765276289e-06
8630,867494932,7202,park,,0.00872317466216,3.3984146408e-06
8633,867494940,7202,park,,0.0128364429691,9.06743664151e-06
8634,867494941,7202,park,,0.00493928591865,1.44475864414e-06
8635,867494942,7202,park,,0.00854723703159,4.17213433295e-06
8636,867494948,7202,park,,0.0515822429958,9.27533740813e-05
8637,867494949,7202,park,,0.0127956310655,6.78192627669e-06
8638,867497150,7202,park,,0.0116682589376,5.5811032359e-06
8639,867497151,7202,park,,0.00430671399792,1.04173254306e-06
8640,867497152,7202,park,,0.00712807172717,2.16858739967e-06
8641,867497155,7202,park,,0.017221696285,7.970064079e-06
8642,867497156,7202,park,,0.0182066306379,7.33479026835e-06
8643,867497157,7202,park,,0.0096565842939,3.64466468997e-06
8644,867497158,7202,park,,0.00606737956174,1.80335121804e-06
8645,867497159,7202,park,,0.00616251822223,1.81964525971e-06
8646,867505067,7202,park,,0.0126772037263,5.36861227513e-06
8649,867540302,7202,park,,0.00984964993346,3.79992844436e-06
8650,867540303,7202,park,,0.00392607943323,7.90515068666e-07
8651,867540304,7202,park,,0.0108434029172,2.82492097482e-06
8652,867540306,7202,park,,0.0164599998702,4.61165388604e-06
8653,867540307,7202,park,,0.0052552993722,1.4229855816e-06
8654,867540308,7202,park,,0.0124630281075,2.67041435939e-06
8655,867540309,7202,park,,0.0142124615316,5.51626585684e-06
8658,867542272,7202,park,,0.011175678039,2.53424629718e-06
8659,867542273,7202,park,,0.00843382824498,2.21567164152e-06
8668,867738611,7202,park,,0.0120859720915,3.86226723796e-06
8670,867738613,7202,park,,0.011535860822,5.64351684002e-06
8671,867738614,7202,park,,0.0195532429242,1.10412549651e-05
8672,867738615,7202,park,,0.00879291440947,4.48054765413e-06
8673,867738616,7202,park,,0.00706347553575,3.11451274688e-06
8674,867738617,7202,park,,0.00668349425184,2.19096711434e-06
8675,867738618,7202,park,,0.0144129790263,9.35057582359e-06
8676,867738619,7202,park,,0.00882682642799,2.68061143088e-06
8677,867738620,7202,park,,0.00702278236763,2.78045887134e-06
8678,867738624,7202,park,普陀区体育公园,0.018179072975,8.06533545923e-06
8679,867738625,7202,park,,0.0177524157052,5.50647525298e-06
8680,867738626,7202,park,,0.0119987144958,3.73126637629e-06
8681,867738627,7202,park,,0.00542212238455,1.83296403992e-06
8682,867740206,7202,park,,0.00456809356478,1.15017285643e-06
8683,867740207,7202,park,,0.0220200950366,1.78618937246e-05
8684,867740210,7202,park,,0.0274090619263,1.87906419892e-05
8685,867740211,7202,park,,0.0101264995857,3.10227253364e-06
8687,867740213,7202,park,,0.00412003031515,9.74635401605e-07
8688,867740214,7202,park,,0.00319079934772,6.40515673628e-07
8689,867740215,7202,park,,0.00721316821213,2.43183606462e-06
8690,867742417,7202,park,,0.00865431372918,4.40049278192e-06
8691,867742418,7202,park,,0.00393739188626,1.02158012319e-06
8692,867746237,7202,park,,0.0146818475911,6.44567617368e-06
8693,867746242,7202,park,莘庄梅园,0.0407903553462,4.54315966417e-05
8694,867746245,7202,park,,0.0245523348503,2.07311329839e-05
8695,867746251,7202,park,,0.00772388920777,2.55770853427e-06
8696,867746253,7202,park,,0.00697325405084,1.56512534497e-06
8697,867746254,7202,park,,0.0066943532232,2.10976759813e-06
8698,867746256,7202,park,,0.00888136678315,3.36830742064e-06
8699,867746257,7202,park,,0.00807429253071,2.75618898427e-06
8700,867746261,7202,park,,0.00348004561544,3.40673577077e-07
8701,868111695,7202,park,,0.00932097288867,3.40505934607e-06
8703,868111697,7202,park,,0.0114114943185,7.7851911282e-06
8704,868111698,7202,park,,0.00362207806079,7.94734183461e-07
8705,868111699,7202,park,,0.00427244771416,1.13197044754e-06
8706,868284056,7202,park,,0.00944454403755,3.32974269737e-06
8707,868284073,7202,park,,0.00179518736653,1.67669924441e-07
8708,868284085,7202,park,,0.00887527033743,2.02302180124e-06
8709,868284086,7202,park,,0.00331891624996,6.8439756143e-07
8710,868284087,7202,park,,0.0168227748693,6.23711704921e-06
8711,868284101,7202,park,,0.0034048695209,6.62692920942e-07
8712,868284102,7202,park,,0.0110268459474,5.73237467548e-06
8713,868284103,7202,park,,0.017457298767,4.67740110514e-06
8714,868284104,7202,park,,0.00379997746792,8.38915676627e-07
8715,868284105,7202,park,,0.00474732922955,1.09334960275e-06
8716,868284106,7202,park,,0.0107167123408,5.96424629804e-06
8717,868284107,7202,park,,0.00387556550513,5.12193732544e-07
8718,868284108,7202,park,,0.0217041825953,4.2629613677e-06
8719,868284109,7202,park,,0.00250586383653,2.14892801328e-07
8720,868294333,7202,park,,0.0107963470242,6.77452506736e-06
8721,868294337,7202,park,,0.00269222441511,4.3853147037e-07
8722,868294338,7202,park,,0.00490088054553,1.52985710708e-06
8723,868294350,7202,park,,0.00475804236433,1.69667304451e-06
8724,868294357,7202,park,,0.00395559510207,8.61718711461e-07
8725,868294358,7202,park,,0.00562035599953,2.07766079805e-06
8726,868294359,7202,park,,0.00553427748386,1.62758165747e-06
8727,868294360,7202,park,,0.00548777497393,1.38606877237e-06
8728,868294361,7202,park,,0.0032317323845,5.7318761117e-07
8729,868294362,7202,park,,0.00510867713401,1.70175797991e-06
8730,868294363,7202,park,,0.00885963589801,1.29376480352e-06
8731,868294364,7202,park,,0.00360996611975,7.32484448563e-07
8732,868294365,7202,park,,0.0116207744404,2.49762297677e-06
8733,868294366,7202,park,,0.0038608012829,6.95839690752e-07
8734,868294367,7202,park,,0.00509743101168,1.0471161659e-06
8735,868294368,7202,park,,0.0071476019015,1.72305172897e-06
8736,868294369,7202,park,,0.00984960605787,3.57066848215e-06
8737,868294370,7202,park,,0.0177322166154,6.01427283613e-06
8738,868294371,7202,park,,0.00745000904317,2.17026902862e-06
8739,868294372,7202,park,,0.00297044870422,3.45232610452e-07
8740,868294373,7202,park,,0.00352809914136,6.90471792586e-07
8741,868294374,7202,park,,0.00512693640011,8.34870590035e-07
8742,868294378,7202,park,,0.00852008699989,1.5671759772e-06
8743,868294379,7202,park,,0.007175175751,9.9335846278e-07
8744,868294381,7202,park,,0.00420871689298,4.58560629214e-07
8745,868294382,7202,park,,0.00238637042595,1.70826212195e-07
8746,868294391,7202,park,,0.00665249857285,6.35596500552e-07
8747,868294392,7202,park,,0.00607723117502,6.85295111904e-07
8748,868294393,7202,park,,0.00434449598389,4.99073377369e-07
8749,868294394,7202,park,,0.00888726012825,8.75818076145e-07
8751,868325030,7202,park,,0.011189374357,4.3210163447e-06
8752,868325031,7202,park,,0.00786966528116,1.87905496334e-06
8753,868325034,7202,park,,0.00582154507973,1.86791230571e-06
8754,868325040,7202,park,,0.0029031247301,5.40159088399e-07
8755,868325041,7202,park,,0.0172549704087,5.8102215633e-06
8756,868325042,7202,park,,0.0167641516202,8.83402908322e-06
8757,868325043,7202,park,,0.0107783677687,2.789043753e-06
8758,868325046,7202,park,,0.00488739188192,1.35676450315e-06
8759,868325047,7202,park,,0.00834830020941,1.23607532599e-06
8760,868325048,7202,park,,0.00914630686274,1.65407206561e-06
8761,868325049,7202,park,,0.0101845429632,6.57650612508e-06
8762,868325050,7202,park,,0.0129217585699,3.47578872089e-06
8763,868325051,7202,park,,0.00272503948428,3.97647812305e-07
8764,868325052,7202,park,,0.0139138747353,3.82603852322e-06
8765,868325053,7202,park,,0.00492700711575,7.52984791106e-07
8766,868325054,7202,park,,0.00483379488536,4.43801299227e-07
8767,868325055,7202,park,,0.00562247519098,7.75092601828e-07
8768,868325060,7202,park,,0.00442045798234,1.03837687888e-06
8769,868325061,7202,park,,0.0103868431946,5.59387032123e-06
8770,868325063,7202,park,,0.0108816202627,3.26281834781e-06
8771,868325064,7202,park,,0.00544523373404,1.76973945927e-06
8772,868325065,7202,park,,0.00490068102062,7.89437180934e-07
8773,868325066,7202,park,,0.0120065930712,3.90084236553e-06
8774,868325067,7202,park,,0.00739125230417,1.43830213225e-06
8775,868325068,7202,park,,0.0259642384668,1.40924383187e-05
8776,868325069,7202,park,,0.00992525102989,3.77085471457e-06
8777,868325070,7202,park,,0.00754918563861,2.24917157809e-06
8778,868325071,7202,park,,0.00332757011874,6.52646512369e-07
8779,868325072,7202,park,,0.0143164396717,2.05626784865e-06
8780,868325073,7202,park,,0.0145118133738,1.78272354448e-06
8781,868325074,7202,park,,0.010201428579,5.90153396752e-06
8782,868325075,7202,park,,0.0061831070776,1.24329438398e-06
8783,868325076,7202,park,,0.0114262711982,2.62664980238e-06
8784,868336111,7202,park,,0.00824066026252,3.18910036744e-06
8785,868336114,7202,park,,0.00531960220438,9.90085763842e-07
8786,868344131,7202,park,,0.00737875922039,1.87131498195e-06
8787,868344132,7202,park,,0.00573415632881,1.49274262871e-06
8788,868344133,7202,park,,0.00570578628603,1.361308673e-06
8789,868344134,7202,park,,0.00240161629649,3.53690306662e-07
8790,868344135,7202,park,,0.00256806837449,3.5066031624e-07
8791,868344136,7202,park,,0.00225787811337,2.50614152699e-07
8792,868344141,7202,park,,0.00656182825369,2.60134312994e-06
8793,868344142,7202,park,,0.00784308774769,3.46850807094e-06
8794,868344143,7202,park,,0.0138916032096,4.17780721381e-06
8795,868344144,7202,park,,0.00740557543118,2.68960741387e-06
8796,868344146,7202,park,,0.0193165279286,1.61528980836e-05
8797,868344147,7202,park,,0.00653768728759,1.7939531086e-06
8798,868402102,7202,park,,0.00955015212716,3.67368611197e-06
8799,868402136,7202,park,,0.00568166930978,1.65370203783e-06
8804,868402141,7202,park,,0.025272370588,1.8313777187e-05
8805,868402142,7202,park,,0.0136882293043,5.83092255422e-06
8806,868402143,7202,park,,0.00799161435856,2.02967778583e-06
8807,868402144,7202,park,,0.00525567661918,1.50673797392e-06
8808,868402145,7202,park,,0.0189853469078,4.73767770969e-06
8809,868402146,7202,park,,0.00797001859864,1.1938641385e-06
8810,868402147,7202,park,,0.00640895889068,2.21834337073e-06
8811,868402148,7202,park,,0.00733868419439,2.59252840747e-06
8820,868402164,7202,park,,0.00667912146194,2.15365258088e-06
8821,868402165,7202,park,,0.00646062731021,1.48065795437e-06
8823,868402167,7202,park,,0.00728371625435,1.59596721375e-06
8829,868402173,7202,park,,0.00515764339167,1.03227653242e-06
8839,868402183,7202,park,,0.0027219795038,4.48388466414e-07
8840,868402185,7202,park,,0.00788730131819,2.97515982008e-06
8841,868402186,7202,park,,0.0110565986829,3.98556918753e-06
8842,868402187,7202,park,,0.00641425564763,2.03776315764e-06
8843,868402188,7202,park,,0.0109355993544,2.93474251381e-06
8844,868402189,7202,park,,0.00706621814651,1.41416624749e-06
8845,868402190,7202,park,前滩体育公园,0.0297610921471,1.00735026116e-05
8846,868402191,7202,park,,0.0151811931616,7.47161540263e-06
8847,868402192,7202,park,,0.00655919427483,1.4778599164e-06
8848,868402193,7202,park,,0.0112360047329,3.15013165963e-06
8849,868402194,7202,park,,0.0102137595864,4.4191152117e-06
8850,868402195,7202,park,,0.00517984978194,1.65269185722e-06
8851,868402196,7202,park,,0.0140484140052,6.6305098793e-06
8852,868402197,7202,park,,0.00716812016549,2.15526243862e-06
8853,868440442,7202,park,,0.00467566857506,1.32028110797e-06
8854,868440447,7202,park,,0.00574157193386,1.47410546589e-06
8855,868440448,7202,park,,0.012235682409,6.18564258208e-06
8858,868440453,7202,park,,0.00192201579522,1.94480303421e-07
8859,868440454,7202,park,,0.00166510411229,1.21364469397e-07
8860,868440455,7202,park,,0.00225765095099,2.83651760913e-07
8862,868440457,7202,park,,0.00421371614216,5.52144257644e-07
8863,868440458,7202,park,,0.00573719125812,2.01267833769e-06
8866,868440461,7202,park,,0.00462620492449,1.3660890564e-06
8867,868440462,7202,park,,0.006696176621,2.10797738433e-06
8868,868440463,7202,park,,0.00787319198318,1.54013043595e-06
8869,868440464,7202,park,,0.00824877416122,3.68447515607e-06
8870,868440465,7202,park,,0.00521799970988,7.79014727442e-07
8871,868440466,7202,park,,0.00165145982026,1.49521272688e-07
8872,868440467,7202,park,,0.00284845927611,3.12795683962e-07
8873,868440469,7202,park,,0.00931032604551,1.06001205789e-06
8874,868440470,7202,park,,0.0023086374199,3.45646821771e-07
8875,868440471,7202,park,,0.00301071089412,2.94177789391e-07
8876,868440472,7202,park,,0.00455859824721,2.65563714071e-07
8877,868440473,7202,park,,0.0320747242457,3.38146975124e-05
8878,868440474,7202,park,,0.00725076497094,1.30975350544e-06
8879,868440475,7202,park,,0.0127778627146,5.93987564166e-06
8880,868440476,7202,park,,0.0049891418403,1.0050670623e-06
8881,868440477,7202,park,,0.00315890111933,6.55780130136e-07
8882,868440478,7202,park,,0.0173337990994,1.13624515807e-05
8883,868440479,7202,park,,0.00337700971223,7.17788276752e-07
8884,868440480,7202,park,,0.0021058439297,2.48133591353e-07
8885,868440481,7202,park,,0.0060219725083,1.42460080764e-06
8886,868440482,7202,park,,0.0132893894099,6.253957524e-06
8887,868440483,7202,park,,0.0100627835587,4.30967512494e-06
8892,868440488,7202,park,,0.00599026335856,6.07818250781e-07
8894,868440494,7202,park,,0.00720853801223,1.98963061761e-06
8895,868440495,7202,park,,0.00558737054993,1.65721926686e-06
8896,868440496,7202,park,,0.00326678546741,4.00503946928e-07
8897,868440497,7202,park,,0.00465970926527,1.04233319742e-06
8898,868440498,7202,park,,0.00498180856301,1.38235529325e-06
8899,868440499,7202,park,,0.003749486753,7.87472420045e-07
8900,868440500,7202,park,,0.0133870511284,4.42076497954e-06
8901,868440501,7202,park,,0.00915692878066,2.77473450705e-06
8902,868447111,7202,park,,0.0071500895595,2.24745667189e-06
8905,868447116,7202,park,,0.0049818408551,1.38567387014e-06
8906,868447117,7202,park,,0.0287681968752,4.40584597108e-05
8907,868447118,7202,park,,0.0212325191389,2.56164625317e-05
8908,868447119,7202,park,,0.00387241913908,7.64833703575e-07
8910,868447121,7202,park,,0.00658127414471,2.37226555703e-06
8935,868447148,7202,park,,0.00516334115123,8.56297600465e-07
8943,868467514,7202,park,,0.00583858704124,1.82549642173e-06
8951,868467523,7202,park,,0.00576728654243,7.19706040819e-07
8952,868467524,7202,park,,0.00697736467981,2.70319120288e-06
8954,868467529,7202,park,,0.00411373596589,8.11890975797e-07
8958,868467535,7202,park,,0.00809495724054,1.06360413323e-06
8959,868467536,7202,park,,0.00983029934459,2.57312109102e-06
8964,868467544,7202,park,,0.0021951113905,3.03016512573e-07
8975,868467568,7202,park,,0.0168058838819,3.94059220669e-06
8976,868467572,7202,park,,0.00304372218511,5.83550410439e-07
8977,868467573,7202,park,,0.0058517081857,1.86705640727e-06
8978,868467574,7202,park,,0.00211117302729,2.52436953099e-07
8979,868467575,7202,park,,0.00677703543453,1.68095743687e-06
8980,868467576,7202,park,,0.00657229909866,1.51118043106e-06
8981,868467585,7202,park,,0.00868785590712,3.6953878554e-06
8982,868467586,7202,park,,0.0104859974244,4.12076532647e-06
8996,868467604,7202,park,,0.040580146215,6.91535782023e-05
9008,868467618,7202,park,,0.0230485062156,6.81745193077e-06
9010,868467620,7202,park,,0.0143603760231,3.40456774786e-06
9011,868467621,7202,park,,0.0146042049225,3.51659921782e-06
9012,868467622,7202,park,,0.0103572556788,3.58715528878e-06
9018,868467628,7202,park,,0.00307921323262,5.24076286209e-07
9019,868467629,7202,park,,0.00686805564624,1.70134286684e-06
9020,868467630,7202,park,,0.0104971834143,4.65206451521e-06
9025,868470606,7202,park,,0.00248645982259,3.84369020215e-07
9028,868470636,7202,park,,0.00810655425226,3.77826893484e-06
9033,868638424,7202,park,,0.0197077262146,7.69060057022e-06
9034,868638435,7202,park,,0.00770963203841,2.09070912624e-06
9050,868697959,7202,park,,0.00362322140009,7.68729486638e-07
9052,868697975,7202,park,,0.00302746711144,5.8839782832e-07
9057,868705704,7202,park,,0.00910569205534,3.18523505033e-06
9058,868705705,7202,park,,0.00805976925218,1.37774795768e-06
9059,868705714,7202,park,,0.0189367297651,1.22988618636e-05
9060,868705715,7202,park,,0.0122464989145,2.62171224392e-06
9061,868705716,7202,park,,0.0322082176196,2.83166033326e-05
9063,868705720,7202,park,,0.00738331821091,3.1296426956e-06
9064,868705721,7202,park,,0.00347488938634,3.85277751837e-07
9065,868705722,7202,park,,0.00635552559152,2.13341565014e-06
9066,868705723,7202,park,,0.00623757735093,2.07608809715e-06
9067,868705724,7202,park,,0.0042190521212,1.08461752725e-06
9068,868705725,7202,park,,0.00710281071446,2.41393867468e-06
9069,868705728,7202,park,,0.0100684712962,1.42671266857e-06
9070,868705729,7202,park,,0.01177768876,1.56471497521e-06
9071,868705730,7202,park,,0.00284978929505,2.02856266428e-07
9072,868712055,7202,park,,0.0132609184502,3.4450994463e-06
9073,868712056,7202,park,,0.00498452102809,1.25155622144e-06
9074,868712057,7202,park,,0.00495102229787,1.24637818795e-06
9075,868712058,7202,park,,0.017848841385,7.06373592349e-06
9084,868712067,7202,park,,0.0105740773454,5.9697087269e-06
9120,868766982,7202,park,,0.0026133689462,3.58708339767e-07
9121,868766983,7202,park,,0.00314189287579,5.55671297554e-07
9130,868766994,7202,park,,0.00514338727774,1.56220114419e-06
9131,868766995,7202,park,,0.00479207165139,7.6722704585e-07
9132,868766996,7202,park,,0.00737637342758,8.26946795328e-07
9133,868766997,7202,park,,0.00385352872414,5.50905990546e-07
9134,868766998,7202,park,,0.00592265256356,1.55361663802e-06
9135,868766999,7202,park,,0.00642262577726,1.6946041296e-06
9136,868767000,7202,park,,0.00254923768176,3.97566997725e-07
9137,868767001,7202,park,,0.00702950290666,1.48421134149e-06
9138,868767002,7202,park,,0.00336950151552,4.91728313777e-07
9139,868767003,7202,park,,0.00450436119,8.5814779944e-07
9140,868767004,7202,park,,0.00653247747915,1.64465463699e-06
9143,868767007,7202,park,,0.00331397216906,2.80509801778e-07
9144,868767008,7202,park,,0.00567537592219,1.23516224648e-06
9159,869082607,7202,park,,0.00213058654077,2.82878523425e-07
9161,869082612,7202,park,,0.00734563706272,1.63291505245e-06
9162,869082613,7202,park,,0.00873472571938,2.02350889095e-06
9163,869082614,7202,park,,0.00293817364069,3.46868608704e-07
9164,869082615,7202,park,,0.0097562335512,2.7761387452e-06
9165,869082616,7202,park,,0.00982103564856,3.91871146483e-06
9166,869082618,7202,park,,0.00323465246472,6.1631797961e-07
9167,869082620,7202,park,滴翠园,0.0136360586414,1.16990193644e-05
9168,869082621,7202,park,,0.00569221789528,1.80951810445e-06
9169,869091989,7202,park,古美公园,0.0140701993171,8.3561111647e-06
9170,869091990,7202,park,,0.0067797800072,1.07163801154e-06
9171,869091991,7202,park,,0.00677895710758,1.0680717609e-06
9172,869091992,7202,park,,0.00667697025478,1.02803157958e-06
9173,869092787,7202,park,,0.00631312105722,2.12216720915e-06
9174,869092788,7202,park,,0.00321016844529,5.85348234883e-07
9175,869135472,7202,park,,0.0157583245515,9.90669222665e-06
9176,869135473,7202,park,,0.00333377077133,5.66283299973e-07
9177,869135474,7202,park,,0.00810871464575,2.70881489797e-06
9178,869135475,7202,park,,0.00450160873887,4.77432146978e-07
9179,869135476,7202,park,,0.00441633815171,7.21109534424e-07
9181,869135483,7202,park,,0.00388594829181,6.05897318897e-07
9182,869135484,7202,park,,0.00332036666777,4.65676523036e-07
9183,869140222,7202,park,,0.00767727172086,1.98363285466e-06
9184,869140223,7202,park,,0.00430564221698,1.1533836283e-06
9185,869140224,7202,park,,0.00286575748261,4.41116081738e-07
9186,869140225,7202,park,,0.00458748836345,1.22613616781e-06
9187,869140226,7202,park,,0.0027993554085,4.4514104006e-07
9188,869140227,7202,park,,0.0041437898522,4.51169057552e-07
9189,869140228,7202,park,,0.00222590515666,1.91041485241e-07
9192,869140231,7202,park,,0.00167607700697,1.3151043573e-07
9202,869140241,7202,park,,0.0121309160833,2.53901205344e-06
9209,869140271,7202,park,,0.0151481633055,1.32072810767e-05
9210,869140272,7202,park,,0.0121091007265,7.44717741951e-06
9211,869140273,7202,park,,0.00667952418762,1.90227392264e-06
9212,869148789,7202,park,,0.00384533995182,8.98561146607e-07
9213,869148790,7202,park,,0.00398559400819,8.59633283476e-07
9214,869148791,7202,park,,0.00847795292316,3.7105287007e-06
9215,869148792,7202,park,,0.012340050505,3.82672406617e-06
9216,869148795,7202,park,,0.00454563409519,8.92129907657e-07
9217,869148796,7202,park,,0.00528365167274,7.84909425807e-07
9230,869935299,7202,park,,0.00374073350724,6.4009677784e-07
9247,870303811,7202,park,,0.00942596685114,2.13563748009e-06
9249,870316402,7202,park,,0.00646788919629,1.21453817582e-06
9250,870316403,7202,park,,0.00696943631289,2.50764598519e-06
9251,870316404,7202,park,,0.00939790645518,2.35634949971e-06
9253,870316406,7202,park,,0.0139003435332,4.0426319545e-06
9257,870316412,7202,park,,0.00862462135568,2.40721421782e-06
9258,870316413,7202,park,,0.00757808101638,1.3969588896e-06
9259,870316414,7202,park,,0.0079753437415,1.39134523889e-06
9260,870316415,7202,park,,0.00313098930474,5.26867226306e-07
9261,870316416,7202,park,,0.00404759600311,9.24106496014e-07
9262,870316417,7202,park,,0.00528936039019,1.11621742653e-06
9263,870316427,7202,park,,0.00414704067527,9.74741877385e-07
9264,870316428,7202,park,,0.0100208057489,1.19435869202e-06
9265,870316429,7202,park,,0.00296682058886,5.52795383407e-07
9266,870316430,7202,park,,0.00366220122636,6.8708510365e-07
9267,870316432,7202,park,,0.0051054517741,1.53414295728e-06
9268,870316433,7202,park,,0.00361014629699,7.0825308577e-07
9269,870316434,7202,park,,0.00548963878222,5.77335350083e-07
9270,870316435,7202,park,,0.00903682184902,2.71255815822e-06
9273,870316438,7202,park,,0.00674410686953,1.80841777211e-06
9274,870316439,7202,park,,0.0038335734907,7.07461378228e-07
9275,870316440,7202,park,,0.00536356493066,1.27233344891e-06
9276,870316441,7202,park,,0.00683522987927,8.62454469729e-07
9277,870316442,7202,park,,0.00405847955233,9.06751125262e-07
9278,870316443,7202,park,,0.00375605081322,3.11352123501e-07
9279,870316444,7202,park,,0.00697532663609,1.55677159204e-06
9280,870316445,7202,park,,0.0130093288601,2.74339827016e-06
9281,870316447,7202,park,,0.00587420210538,7.95511758061e-07
9282,870316481,7202,park,,0.00651361927488,2.16206911293e-06
9283,870316482,7202,park,,0.00778816463663,2.73612325911e-06
9284,870316483,7202,park,,0.00619702311214,2.1010574984e-06
9285,870316484,7202,park,,0.00784979202882,3.4728070853e-06
9287,870347821,7202,park,,0.0110717452701,4.20163524144e-06
9289,870347826,7202,park,,0.0129436359629,1.87119981607e-06
9290,870347827,7202,park,,0.00510808737055,9.92574749876e-07
9291,870347828,7202,park,,0.00794134655354,1.39574857113e-06
9295,870347834,7202,park,,0.00340153068314,6.81944723865e-07
9296,870347835,7202,park,,0.00611303070119,1.79229532011e-06
9297,870347836,7202,park,,0.00719563975023,6.14389332794e-07
9299,870410935,7202,park,,0.0144153999926,6.47136246002e-06
9300,870410937,7202,park,,0.00694395837027,1.21702373267e-06
9301,870410938,7202,park,浦江东岸,0.0390042337251,1.7112098981e-05
9303,870410942,7202,park,,0.00395036538223,6.26131093587e-07
9304,870410943,7202,park,,0.00371189928334,6.73099592692e-07
9305,870410944,7202,park,,0.00562880368387,1.58005617263e-06
9306,870410945,7202,park,,0.00383405418693,5.51881412892e-07
9307,870410947,7202,park,,0.00750596299301,1.18577389074e-06
9308,870410951,7202,park,,0.00776383186431,1.21995868369e-06
9309,870410952,7202,park,,0.00262281891796,3.83209919716e-07
9310,870410953,7202,park,,0.00370048046294,7.65643420074e-07
9311,870410954,7202,park,,0.00251131177795,3.71541702011e-07
9312,870429012,7202,park,,0.00680354306503,2.81552441976e-06
9315,870436402,7202,park,,0.00799362548332,1.64044682275e-06
9316,870436403,7202,park,,0.00202203297337,1.5862849856e-07
9317,870436404,7202,park,,0.00134500848767,7.49196812184e-08
9318,870436405,7202,park,,0.0025937566021,2.90193003579e-07
9319,870436406,7202,park,,0.00345669067513,4.24704443211e-07
9320,870436407,7202,park,,0.00638276886975,1.08374501585e-06
9321,870436408,7202,park,,0.00239895593052,3.04992475325e-07
9322,12898501,7202,park,双辉广场,0.0252194754215,1.10989080764e-05
9323,12981054,7202,park,上海船厂滨江绿地,0.0263345309273,4.04249447787e-06
9324,870471984,7202,park,,0.00647049683807,2.21499915094e-06
9325,870471985,7202,park,,0.00606962593169,2.03487040164e-06
9326,870471986,7202,park,,0.00267385847927,3.32750469159e-07
9327,870471988,7202,park,,0.0143478823084,1.30869991025e-05
9328,870471989,7202,park,,0.0147369394153,1.05912995527e-05
9329,870471990,7202,park,,0.0122394177791,5.91148719216e-06
9330,870471991,7202,park,,0.0156488847827,8.63432719982e-06
9331,870471992,7202,park,,0.0303950670229,3.28831734585e-05
9332,870471993,7202,park,,0.0310396921105,2.02436548595e-05
9333,870471994,7202,park,,0.0139108768467,7.28994046321e-06
9335,870471996,7202,park,,0.00322621828975,5.44753363977e-07
9336,870471997,7202,park,,0.00521747683988,8.86094816278e-07
9337,870471998,7202,park,,0.00529972297642,1.7810433395e-06
9338,870471999,7202,park,,0.00383578868048,3.27588256009e-07
9339,870472000,7202,park,,0.00214355509321,2.7745693822e-07
9340,870474110,7202,park,,0.0125895209836,4.693311207e-06
9341,870474111,7202,park,,0.00918087939802,5.22926960785e-06
9342,870474112,7202,park,,0.0176405881005,1.14542645896e-05
9344,870474122,7202,park,,0.00611222591712,1.29370483212e-06
9357,870513054,7202,park,,0.00656681619705,1.8962739097e-06
9358,870513055,7202,park,,0.0130505279113,8.26303153509e-06
9360,870513057,7202,park,,0.00527831224478,1.60706589999e-06
9362,870513059,7202,park,,0.00251752820415,2.51193275182e-07
9363,870513060,7202,park,,0.00962309063662,3.60611959431e-06
9364,870546892,7202,park,,0.00276273832015,4.41761343688e-07
9365,870546895,7202,park,,0.0092592994461,2.18638301949e-06
9366,870546896,7202,park,,0.00809768250406,1.49858621205e-06
9367,870546897,7202,park,,0.00993209614708,1.69290356624e-06
9368,870546898,7202,park,,0.0170372351312,3.04136173129e-06
9369,870546899,7202,park,,0.00660003620026,1.53012774267e-06
9370,870546902,7202,park,,0.00806357147831,1.23951407349e-06
9371,870546903,7202,park,,0.00587400748754,1.12948137379e-06
9372,870546904,7202,park,,0.0141233743754,2.70934371578e-06
9373,870546905,7202,park,,0.0121299430373,2.43196266021e-06
9374,870546906,7202,park,,0.00349302595704,5.37888719202e-07
9375,870546907,7202,park,,0.00867235929043,2.06896540451e-06
9376,870546908,7202,park,,0.00981753699919,1.26798465676e-06
9378,870546911,7202,park,,0.00912850914193,3.28015407547e-06
9382,870546915,7202,park,,0.00687094812258,2.02844942681e-06
9383,870546916,7202,park,,0.00340017006261,6.98231125315e-07
9384,870546917,7202,park,,0.00651791753282,1.35161355792e-06
9385,870546918,7202,park,,0.012089285616,3.66982848104e-06
9386,870546919,7202,park,,0.00323770968694,6.26976865787e-07
9396,870551456,7202,park,,0.0104773930978,3.44165987695e-06
9397,870551460,7202,park,,0.00551851633863,1.03926978368e-06
9398,870551461,7202,park,,0.00440664480926,4.66266657631e-07
9401,870553402,7202,park,,0.00443234612723,7.31429215437e-07
9402,870553403,7202,park,,0.0043648065664,7.71121205714e-07
9403,870553404,7202,park,,0.0106379715268,5.26097551778e-06
9404,870555554,7202,park,,0.00554847531458,1.80547314676e-06
9405,870555555,7202,park,,0.00625300207099,2.31305840774e-06
9406,870555556,7202,park,,0.00326802307282,6.80575540886e-07
9407,870555557,7202,park,,0.0070638843486,2.26676959713e-06
9408,870555558,7202,park,,0.00896198822988,4.2750531253e-06
9409,870555559,7202,park,,0.0145953212161,7.47261283131e-06
9410,870555560,7202,park,,0.0116424888251,2.82353220284e-06
9411,870555566,7202,park,,0.00838136907558,4.47068439189e-06
9413,870555568,7202,park,,0.00488212731009,1.38420465285e-06
9418,870761302,7202,park,,0.00497895948084,1.18319922875e-06
9419,870761303,7202,park,,0.00682823746528,1.76054501605e-06
9420,870761304,7202,park,,0.00353358821079,3.905000239e-07
9421,870761305,7202,park,,0.0032284344782,4.10759555959e-07
9422,870761306,7202,park,,0.00663592653445,1.73189642494e-06
9423,870761307,7202,park,,0.0063160672626,1.34107377408e-06
9425,870768015,7202,park,,0.00797896457768,1.02663759332e-06
9426,870768016,7202,park,,0.00304253531366,3.98200964859e-07
9427,870768017,7202,park,,0.00322331470029,3.65043806219e-07
9430,870768020,7202,park,,0.0108414633078,3.60758256786e-06
9432,870768022,7202,park,,0.0144090537355,1.67800311124e-06
9435,870768029,7202,park,,0.00832774929096,8.50193443248e-07
9437,870768031,7202,park,,0.00475562653503,8.80840839685e-07
9438,870768032,7202,park,,0.00509025683519,1.41224907402e-06
9439,870768033,7202,park,,0.00310399718212,5.45859464592e-07
9440,870768034,7202,park,,0.00403946531867,4.61396591123e-07
9441,870768047,7202,park,,0.0125229918092,1.70867407585e-06
9442,870768048,7202,park,,0.00825869082789,1.70215194729e-06
9443,870768051,7202,park,,0.0100523161127,2.53844277969e-06
9444,870768052,7202,park,,0.00403195253377,9.19925864691e-07
9445,870768054,7202,park,,0.00401619841653,5.78320119796e-07
9446,870768055,7202,park,,0.00723632219948,1.71431904934e-06
9450,870768061,7202,park,,0.0093479772477,9.7586211542e-07
9451,870805559,7202,park,,0.00429773867314,1.02740589879e-06
9452,870805561,7202,park,,0.0119304904,2.23844313186e-06
9453,870805562,7202,park,,0.00646868609418,2.36505966844e-06
9454,870805563,7202,park,,0.00537975187732,5.8895720501e-07
9455,870805564,7202,park,远香湖公园,0.0212865022312,2.29457068425e-05
9456,870805565,7202,park,,0.0173514407679,1.01229690689e-05
9457,870805566,7202,park,,0.0142587284168,4.2063740837e-06
9458,870805567,7202,park,,0.0032559977486,4.4999556223e-07
9459,870805568,7202,park,,0.00189250993313,1.43638888257e-07
9460,870805569,7202,park,,0.00855970326701,1.7179972714e-06
9461,870805570,7202,park,,0.0116597311518,2.59756097948e-06
9462,870805571,7202,park,,0.0123646109267,9.63913081394e-06
9463,870805572,7202,park,,0.00546263111572,1.53573877772e-06
9464,870805573,7202,park,,0.00679971706407,2.20685462424e-06
9465,870805574,7202,park,,0.00665236984845,1.85110044675e-06
9466,870805575,7202,park,,0.00513264982814,1.36959750286e-06
9467,870805587,7202,park,,0.00559015532867,1.81238378556e-06
9468,870805588,7202,park,,0.0145009563141,6.59308298491e-06
9469,870805589,7202,park,,0.00553941446534,1.63884826369e-06
9470,870805590,7202,park,,0.00595969953503,9.95099506852e-07
9471,870805591,7202,park,,0.00735598692423,1.73854632834e-06
9472,870805592,7202,park,,0.00541898139672,1.31147137053e-06
9473,870805593,7202,park,,0.0015364991495,1.39566170099e-07
9474,870805602,7202,park,,0.00585480863132,1.358603096e-06
9475,870805608,7202,park,,0.00943068728074,2.18932483559e-06
9476,870814063,7202,park,,0.0110463215976,2.30787707939e-06
9477,870814064,7202,park,,0.00353410558179,7.82833672432e-07
9478,870814065,7202,park,,0.00746191598435,2.01114352494e-06
9479,870814066,7202,park,,0.00828186882765,2.08240272907e-06
9480,870814067,7202,park,,0.00783112349919,3.91610825368e-06
9481,870814068,7202,park,,0.00567586900141,1.73819075426e-06
9482,870814075,7202,park,,0.0093497286924,2.54516510424e-06
9483,870814078,7202,park,,0.00730744537556,1.75853291636e-06
9484,870874131,7202,park,,0.00358915305257,5.57668680609e-07
9485,870874132,7202,park,,0.00340308629139,4.80472507564e-07
9486,870874133,7202,park,,0.00938742906922,3.29598677382e-06
9487,870874134,7202,park,,0.00507018688333,8.87803567039e-07
9489,870877994,7202,park,南苑公园(北园),0.00431809708329,8.31016983751e-07
9490,870877995,7202,park,南苑公园(南园),0.0060395389943,1.7040586837e-06
9491,870877996,7202,park,,0.00475867004585,7.87771138499e-07
9492,870878004,7202,park,,0.00397660224008,8.93557695452e-07
9493,870878005,7202,park,,0.0122859316071,3.66324606952e-06
9494,870878006,7202,park,,0.0035446014105,6.96139611543e-07
9495,870878007,7202,park,,0.015100754596,5.14066925039e-06
9496,870878008,7202,park,,0.00193024920639,1.71534676102e-07
9497,870878009,7202,park,,0.00655332586426,2.11163108457e-06
9498,870878010,7202,park,,0.015907180354,5.452974897e-06
9501,870878013,7202,park,,0.00449308665436,7.76430149747e-07
9502,870903162,7202,park,,0.00618869577962,9.48150573313e-07
9503,870903163,7202,park,,0.00269174739113,3.3912543798e-07
9504,870903166,7202,park,,0.0155137093135,6.76332696309e-06
9505,870903167,7202,park,,0.00680015624688,2.50609555537e-06
9508,870907464,7202,park,,0.0191155574657,1.87437588805e-05
9509,870907474,7202,park,,0.0146003434593,5.95827193149e-06
9510,870907476,7202,park,,0.0107753941816,6.39614364721e-06
9511,870907477,7202,park,,0.0104836587373,2.8802618778e-06
9512,870907478,7202,park,,0.00908776112779,2.96524493045e-06
9513,870907479,7202,park,,0.00694852515133,2.71589118941e-06
9514,870907480,7202,park,南翔污水处理厂,0.0139263655655,1.13722317865e-05
9525,870907492,7202,park,,0.00583497908561,8.70050730526e-07
9526,870907493,7202,park,,0.0096115830763,1.76271119597e-06
9527,870907494,7202,park,,0.0106461758958,1.12848819386e-06
9528,870907495,7202,park,,0.017265704557,2.81467223551e-06
9529,870907496,7202,park,,0.00503002613728,9.28596838099e-07
9530,870907497,7202,park,,0.00626927952506,8.75144974834e-07
9531,870907498,7202,park,,0.00757774493079,8.91745369594e-07
9532,870907499,7202,park,,0.00206896261663,1.47591025299e-07
9533,870907500,7202,park,,0.000847203445975,4.77135627059e-08
9534,870907501,7202,park,,0.00955871471303,1.62104999488e-06
9535,870907502,7202,park,,0.0232435361773,1.81270353906e-05
9536,870907504,7202,park,,0.0100637493669,6.10601993252e-06
9537,870907505,7202,park,,0.00592454409355,2.07039049169e-06
9538,870907506,7202,park,,0.00601707935173,2.31465500191e-06
9539,870907507,7202,park,,0.00759755002338,1.94036001274e-06
9540,870907508,7202,park,,0.0103491981786,3.78753448019e-06
9541,870907509,7202,park,,0.0106455162344,4.20740819249e-06
9542,870907510,7202,park,,0.00579479721897,2.08896523013e-06
9543,870907511,7202,park,,0.014140556769,4.26766250965e-06
9545,870907516,7202,park,,0.0291001041177,4.25662097663e-05
9546,870907517,7202,park,,0.00884509709435,4.76147656777e-06
9547,870907873,7202,park,,0.0129190233449,2.47194315615e-06
9548,871144474,7202,park,,0.00438530400559,6.03388295959e-07
9550,871144476,7202,park,,0.00730493000736,3.25551959999e-06
9551,871144477,7202,park,,0.0057679263445,9.71065513871e-07
9589,871166031,7202,park,,0.0238943772657,1.06584631005e-05
9590,871166032,7202,park,,0.0148198911626,4.46538953395e-06
9598,871175760,7202,park,,0.00365626987809,3.9583553466e-07
9599,871175761,7202,park,,0.00267744494034,3.54066885469e-07
9600,871175762,7202,park,,0.00315622418693,5.07639630427e-07
9601,871175765,7202,park,,0.0077119967794,8.48971157141e-07
9605,871503364,7202,park,,0.00651912577251,2.25135804431e-06
9606,871503365,7202,park,,0.00429806612819,1.13650729465e-06
9607,871503366,7202,park,,0.00805826253835,3.36916475289e-06
9634,871594141,7202,park,,0.0112709237226,1.68407402209e-06
9635,871594143,7202,park,,0.00762090031883,2.85542240685e-06
9638,871616155,7202,park,,0.00879685704415,4.89029767768e-06
9639,871616156,7202,park,,0.00539923796444,8.17306125686e-07
9640,871616157,7202,park,,0.00814103225432,1.66862554339e-06
9642,871712736,7202,park,,0.0152771492531,3.03227970938e-06
9643,871712737,7202,park,,0.0134680627487,6.93355374806e-06
9644,871712738,7202,park,,0.0059400684532,1.17109871758e-06
9645,871712741,7202,park,,0.00546348995939,9.29265594078e-07
9646,871712742,7202,park,,0.018843487573,1.45727830981e-05
9647,871712743,7202,park,,0.0109729631533,7.55633971467e-06
9648,871712744,7202,park,,0.00534274250971,1.57921750124e-06
9649,871712745,7202,park,,0.00378463466634,4.40183119228e-07
9650,871712746,7202,park,,0.0096515711913,1.62477504921e-06
9651,871712747,7202,park,,0.0126192764051,2.95018761342e-06
9652,871712748,7202,park,,0.00269362387909,4.06541220428e-07
9653,871712749,7202,park,,0.00247441285794,3.32046876439e-07
9654,871712750,7202,park,,0.00976732624667,1.44597263701e-06
9655,871712751,7202,park,,0.00226504591467,1.84699645795e-07
9656,871712752,7202,park,大华行知公园,0.00913137331628,4.55510648208e-06
9657,871712753,7202,park,,0.00202996985358,2.1403991125e-07
9658,871712754,7202,park,沪太公园,0.00506235203522,1.30863746271e-06
9659,871712756,7202,park,,0.00250818358459,3.46349096806e-07
9660,871722895,7202,park,济阳公园,0.0103941520325,2.53152732988e-06
9661,871722896,7202,park,,0.00823095660522,7.70261092579e-07
9671,871752877,7202,park,,0.00953414509476,2.44647797787e-06
9672,871752888,7202,park,,0.0127656360549,6.63702983936e-06
9678,871755231,7202,park,,0.00481037972372,1.26430346972e-06
9679,871755232,7202,park,,0.00327186181013,4.62139294228e-07
9680,871755234,7202,park,,0.00665510616498,1.71585459186e-06
9681,871755235,7202,park,,0.0116206890829,3.2059607772e-06
9682,871755238,7202,park,,0.00396886895622,7.74640225159e-07
9693,872249827,7202,park,,0.0228280239495,4.75843191639e-06
9694,872249828,7202,park,,0.0112528671048,3.11847028488e-06
9697,872249848,7202,park,,0.00180061586487,1.39403850515e-07
9700,872249856,7202,park,,0.0208229326854,4.2941462485e-06
9701,872249857,7202,park,,0.0211468867589,3.91980509335e-06
9702,872249858,7202,park,,0.00330009235466,4.52798547602e-07
9703,872249859,7202,park,,0.00833492047724,1.70278364968e-06
9704,872249860,7202,park,,0.00531343613675,7.52258882489e-07
9705,872249861,7202,park,,0.00517843660122,5.98567111497e-07
9706,872249862,7202,park,,0.00660328478638,1.02776239681e-06
9707,872249863,7202,park,,0.00666040207932,7.26922115219e-07
9708,872249864,7202,park,,0.00538057655593,5.05131589424e-07
9709,872249865,7202,park,,0.00431316181781,4.25934584193e-07
9710,872249866,7202,park,,0.0102390659266,1.27937118429e-06
9711,872251656,7202,park,,0.00545352701274,1.67863842725e-06
9714,872251659,7202,park,,0.00164802141172,1.58397081015e-07
9717,872255254,7202,park,,0.0174925788041,1.26192240732e-05
9718,872255257,7202,park,,0.00702989870101,3.21667532404e-06
9719,872255258,7202,park,,0.00892183770602,4.77407481988e-06
9721,872260670,7202,park,,0.00319845363947,6.13665251862e-07
9724,872260674,7202,park,,0.00756369139116,1.70936384685e-06
9747,872312594,7202,park,,0.00214072714234,9.5001304079e-08
9749,872312596,7202,park,,0.00914693456411,3.72504825425e-06
9764,872318668,7202,park,,0.0140117938775,2.60126766097e-06
9765,872318672,7202,park,,0.00839156491164,3.41870803817e-06
9766,872318675,7202,park,,0.00914154409159,3.21168205048e-06
9767,872318677,7202,park,,0.00615719249908,2.07041624297e-06
9799,879198327,7202,park,,0.00142744573844,1.19455228911e-07
9800,881271985,7202,park,老港公园,0.00944980471408,3.16734014953e-06
9802,881272065,7202,park,上海桃博园,0.0225674122529,2.73591098561e-05
9835,884067527,7202,park,,0.0119256586811,7.65462788856e-06
9840,886168085,7202,park,,0.00626567348542,2.19952818176e-06
9841,886168086,7202,park,,0.0116411636885,5.75987219551e-06
9842,886168088,7202,park,,0.0707790667525,3.15581409071e-05
9843,886182978,7202,park,,0.10923611438,6.19112053115e-05
9844,886205535,7202,park,,0.0583008207575,2.99860405593e-05
9845,886205538,7202,park,,0.0246372598742,4.89574474832e-06
9846,886205540,7202,park,,0.00370382880231,5.60450330995e-07
9847,886205562,7202,park,,0.0867124057958,5.22260125537e-05
9848,886205565,7202,park,,0.00681528911925,1.69441464823e-06
9849,886212672,7202,park,,0.0134204306163,1.81972096147e-06
9850,886212675,7202,park,,0.101791630154,4.55887654725e-05
9851,886212677,7202,park,,0.00569100081924,8.52012918781e-07
9852,886212680,7202,park,,0.0215542563525,9.22800355143e-06
9853,886212681,7202,park,,0.0106649591011,5.17255690105e-06
9854,886212682,7202,park,,0.00647890585033,2.77548423032e-06
9855,886212685,7202,park,,0.00964569541857,3.87392327707e-06
9856,886212686,7202,park,,0.0091269166948,2.15804163399e-06
9859,886413985,7202,park,,0.00561079533871,1.29732662231e-06
9860,886413986,7202,park,,0.011842988354,1.03413482608e-06
9862,886414849,7202,park,,0.0130253854609,5.63314908876e-06
9863,886418260,7202,park,,0.00437548555262,3.73482220023e-07
9864,886418261,7202,park,,0.0084906031753,3.09234894813e-06
9865,886418263,7202,park,,0.0057705074976,1.23365083298e-06
9866,886418264,7202,park,,0.00434479624837,8.6988172213e-07
9867,886418266,7202,park,,0.00545735663243,5.53345996199e-07
9868,886418267,7202,park,,0.00320224517893,2.27637037576e-07
9869,886418268,7202,park,,0.00292839552612,2.72768705659e-07
9870,886418271,7202,park,,0.0110563763976,6.95672532598e-06
9871,886418277,7202,park,,0.01639082719,3.16084975807e-06
9872,886418284,7202,park,,0.00358616175317,8.14326127068e-07
9873,886418291,7202,park,,0.00290126093392,4.64845878101e-07
9874,886419087,7202,park,,0.025862120336,9.76716158813e-06
9875,886419091,7202,park,,0.00247298766227,3.5921226179e-07
9876,886419092,7202,park,,0.00360716534835,6.98292823121e-07
9877,886419093,7202,park,,0.0146636610745,6.01544500973e-06
9878,886419094,7202,park,,0.0113607167803,1.5538642418e-06
9879,886419096,7202,park,,0.0110513448961,6.0039159362e-06
9880,886419097,7202,park,,0.0176533166167,6.56994453574e-06
9881,886419098,7202,park,,0.00830057065494,1.52154288459e-06
9882,886504862,7202,park,,0.00825727311139,3.03258944422e-06
9883,886504863,7202,park,,0.00760345967223,9.53276193127e-07
9884,886504872,7202,park,,0.022709356242,8.27583100692e-06
9885,886504885,7202,park,,0.0217415019343,2.8565404227e-05
9886,886526878,7202,park,,0.0115828183056,1.33043933271e-06
9887,886526879,7202,park,,0.0223430064852,5.065840656e-06
9888,886526880,7202,park,,0.0142098480342,3.11794120991e-06
9890,886639308,7202,park,,0.0128521498156,3.48037587393e-06
9891,886651873,7202,park,,0.0046852997506,1.39900811171e-06
9892,886651874,7202,park,,0.00572312000346,1.72648370314e-06
9893,886651875,7202,park,,0.00293065075624,5.25958315057e-07
9894,886651890,7202,park,,0.00474050459739,4.16788395208e-07
9895,886651892,7202,park,,0.0166257136959,1.40853257956e-05
9911,888378648,7202,park,,0.00529805506022,1.20375835075e-06
9913,888378653,7202,park,,0.00575569333463,8.24447370374e-07
9914,888378654,7202,park,,0.00308804999688,4.02634942001e-07
9915,888378655,7202,park,,0.0135812781931,7.83173895956e-06
9916,888378657,7202,park,,0.00650319341791,2.13480675868e-06
9917,888378658,7202,park,,0.00463312261435,1.03230390927e-06
9918,888378659,7202,park,,0.005604808591,1.73171287415e-06
9919,888378660,7202,park,,0.00985493992416,6.02088738763e-06
9920,888378661,7202,park,临空音乐公园,0.0156211867574,1.19103291241e-05
9921,888378663,7202,park,,0.0120667670738,4.3839993014e-06
9922,888440465,7202,park,,0.0133181798797,6.16934176693e-06
9923,888440467,7202,park,,0.0129077165394,6.51944570382e-06
9924,888440468,7202,park,,0.00349886402823,4.18022847873e-07
9925,888440469,7202,park,,0.0103002614429,4.80646208406e-06
9926,888440470,7202,park,,0.00609973377913,2.21902568734e-06
9927,888440471,7202,park,,0.0121040865852,4.94436535377e-06
9928,888446791,7202,park,,0.00944037449916,4.19069097731e-06
9929,888447166,7202,park,,0.00416942065575,5.65175138925e-07
9930,888447167,7202,park,,0.00615317306838,1.85730373979e-06
9931,888447168,7202,park,,0.00285486095503,5.0521679983e-07
9932,888447169,7202,park,,0.00974693404101,4.62819413207e-06
9933,888481319,7202,park,,0.0049527527949,1.23954719881e-06
9934,888481320,7202,park,,0.00939884477859,2.71735146298e-06
9935,888481321,7202,park,,0.00591834645226,1.50181810416e-06
9936,888481322,7202,park,,0.00554329489773,1.88505311989e-06
9937,888481324,7202,park,,0.00677262570766,1.09860549007e-06
9938,888481329,7202,park,,0.0366508563931,9.40993612218e-06
9946,890120697,7202,park,周浦文化公园,0.0141541562245,1.22610990231e-05
9954,890921145,7202,park,虹桥体育公园,0.0123175266467,9.06944600715e-06
9956,891449157,7202,park,,0.0294565394451,1.23346325922e-05
9957,891454013,7202,park,,0.00683455037028,1.43513008781e-06
9958,12128067,7202,park,,0.106231471693,6.45660086715e-05
9959,891484798,7202,park,,0.0699403818773,5.07962459915e-05
10005,896403646,7202,park,梅陇国防教育基地公园,0.00743941058089,3.0816015619e-06
10006,896403666,7202,park,,0.00616861163656,1.98185183302e-06
10073,901515966,7202,park,,0.0135655055476,8.26510440339e-07
10086,902913085,7202,park,,0.0189097035695,1.94312176019e-05
10100,907198868,7202,park,长美绿地,0.019765105878,1.36139855015e-05
10112,907911590,7202,park,虹康绿地,0.00393735508305,9.37988945868e-07
10114,908038896,7202,park,,0.00634379378287,2.32483294516e-06
10115,908038944,7202,park,,0.00360708080839,4.51120074808e-07
10121,908425940,7202,park,,0.0120582901971,2.05333250422e-06
10209,914305037,7202,park,,0.0188699186304,1.99413592885e-05
10249,915305244,7202,park,,0.00674280119325,5.99711979708e-07
10254,915355658,7202,park,,0.00120600919176,6.59740645537e-08
10276,916130142,7202,park,,0.00223098584899,3.13038888146e-07
10299,917624136,7202,park,,0.00413721570973,7.98781691411e-07
10300,917624137,7202,park,,0.0118563057775,7.79412909674e-06
10301,917624141,7202,park,,0.011626829342,1.99884164741e-06
10305,917624145,7202,park,,0.00135830973695,1.13053869425e-07
10306,917624146,7202,park,,0.00154297274419,9.8721511723e-08
10312,917624152,7202,park,,0.0153704210168,1.21669511692e-06
10323,921920177,7202,park,彩虹湾公园,0.00427793554963,1.20154631985e-06
10328,922976038,7202,park,,0.00239282997192,3.12809616592e-07
10340,929958552,7202,park,,0.0025639719632,2.6710600723e-07
10383,938854931,7202,park,槎浦公园(南园）,0.00578985616004,1.8571882081e-06
10386,940710745,7202,park,六团水景公园,0.0074577481836,2.38520650593e-06
10407,942639369,7202,park,豆香园,0.0099117947405,3.08155095372e-06
10470,945937495,7202,park,,0.0116857855021,5.02198123603e-06
10473,947576977,7202,park,绿地,0.00735321342684,3.04420801667e-06
10476,948571351,7202,park,江湾公园,0.0048975089519,9.3928078306e-07
10480,948684489,7202,park,庙港文化公园,0.00680731243431,1.18395441519e-06
10523,957020727,7202,park,双河绿地,0.00795088340503,2.97971734467e-06
10524,957020728,7202,park,嘉美绿地,0.00711603199027,2.68398348702e-06
10532,957024140,7202,park,真光公园,0.00435865339629,1.15102945742e-06
10575,958547730,7202,park,古李园,0.00613288540501,2.55581015458e-06
10721,966194565,7202,park,,0.00169047827168,1.30537147344e-07
10770,968802995,7202,park,,0.00246984257329,3.55705233594e-07
10790,969629932,7202,park,梅馨陇韵,0.0124163315836,4.54234383579e-06
10791,969629972,7202,park,,0.00641767132071,6.87240759653e-07
10859,975550194,7202,park,,0.00583249991563,2.02032302567e-06
10860,975550195,7202,park,,0.0173768073983,1.20186514154e-05
10862,975550199,7202,park,,0.0111877638633,1.16740538089e-06
10904,978767926,7202,park,莫奈花园,0.00271242885124,4.40056765435e-07
10953,980765305,7202,park,莘庄公园,0.00906679655086,3.79203768081e-06
10976,981333657,7202,park,,0.00576695579926,1.2909316096e-06
10977,981333658,7202,park,,0.00472288996656,7.56356385876e-07
10978,981333659,7202,park,,0.00605789930922,1.18127142668e-06
10985,981333703,7202,park,,0.0085292301042,3.15580357586e-06
10986,981333704,7202,park,,0.00758053385344,2.57217282982e-06
11059,5117874,7202,park,广富林郊野公园,0.0585145251704,0.000223092037632
11090,984379084,7202,park,江镇市民广场公园,0.0116616931843,3.67121853748e-06
11109,984683820,7202,park,公园,0.00668263160008,2.39090123206e-06
11152,985451227,7202,park,中星恬园绿地,0.00329293952483,4.04110715593e-07
11174,986527036,7202,park,闵行市民文化广场,0.00440053644816,1.14202271226e-06
11189,987682374,7202,park,,0.00490359446091,9.95754142024e-07
11235,992749829,7202,park,,0.00619287570775,1.15772292152e-06
11236,992749830,7202,park,,0.00556512185803,1.83726532452e-06
11259,993400410,7202,park,,0.0127960346655,2.10327087835e-06
11271,996052400,7202,park,浦东新区法治主题园,0.0168577938945,1.01227120895e-05
11286,996053678,7202,park,星火村绿地,0.00600861865306,1.09600831035e-06
11287,996053681,7202,park,,0.00283525911805,4.84939465895e-07
11332,998044560,7202,park,百禧公园 - Centennial Park,0.0062729006413,5.57392333108e-07
11333,998045132,7202,park,百禧公园 - Centennial Park,0.00827440330886,5.83476792136e-07
11381,999759573,7202,park,垚园,0.00435200367536,4.229959214e-07
11388,999850291,7202,park,浦东牡丹园,0.0105666617418,7.21672481749e-06
11393,999896761,7202,park,,0.00760259579176,9.34573773544e-07
11394,999896762,7202,park,,0.00620144822059,1.41578916301e-06
11549,1000110948,7202,park,天祥院南区,0.00275586297302,2.46591955012e-07
11769,1000278095,7202,park,金沙公园,0.00993277714372,3.5464096785e-06
11777,1001635168,7202,park,,8.63803803721e-05,5.12477778037e-10
11779,1002042305,7202,park,,0.00416880294441,9.74796334405e-07
11820,13439186,7202,park,延川路绿地,0.00417749880381,2.57906436457e-07
11823,1002513311,7202,park,古树公园,0.0061010322892,2.05526971842e-06
11824,1002641206,7202,park,金团公园,0.00692151926936,2.70420648517e-06
11877,1004347003,7202,park,,0.00158121213147,1.05434612409e-07
11878,1004347004,7202,park,,0.00234207279924,1.71732214658e-07
11879,1004347005,7202,park,,0.00110174411232,6.60782122039e-08
11880,1004347006,7202,park,,0.0017588405385,1.18080272209e-07
11881,1004347007,7202,park,,0.00266682176459,1.93502597684e-07
11882,1004347008,7202,park,,0.0009842880722,5.52434558858e-08
11883,1004347009,7202,park,,0.00216600551952,1.61114535332e-07
11884,1004347010,7202,park,,0.00161417095948,1.15621634806e-07
11885,1004347011,7202,park,,0.00305365201439,2.74929823183e-07
11886,1004347012,7202,park,,0.00103886097093,6.50129428982e-08
11887,1004347013,7202,park,,0.016681616162,4.11301902094e-06
11888,1004347014,7202,park,,0.0072732512859,1.96530309158e-06
11889,1004349170,7202,park,华翔绿地公园,0.0198224019671,2.06412076516e-05
11890,1004350079,7202,park,,0.00522138961723,4.90699734833e-07
11895,1004355807,7202,park,,0.00230106312859,2.6964739542e-07
11896,1004355808,7202,park,,0.002856861705,3.32199693134e-07
11907,1004689784,7202,park,泗泾公园,0.0102018798178,5.16165344425e-06
11982,1007532010,7202,park,,0.00498913054915,1.24927973284e-06
11983,1007532011,7202,park,,0.00627203456136,1.78680200996e-06
11984,1007532012,7202,park,,0.00471578688515,9.06100778558e-07
12029,1011452497,7202,park,,0.00778438668332,7.54797964581e-07
12033,1012835634,7202,park,,0.0049349641561,1.49479720326e-06
12034,1012835657,7202,park,,0.00547142522446,1.73317056104e-06
12053,1013391192,7202,park,高东公园,0.0345160500364,2.91653779759e-05
12054,1013391193,7202,park,,0.0387272978688,2.7766054774e-05
12055,1013391194,7202,park,高东公园,0.0163090371011,1.11213173125e-05
12058,1015040356,7202,park,平凉公园,0.00493796316752,1.2754202771e-06
12073,1015076268,7202,park,旭日东升,0.00838294748476,1.65856013737e-06
12112,1015076364,7202,park,祁连花园,0.00638763388973,1.11205495923e-06
12173,1016155455,7202,park,,0.00343135403862,6.16492851802e-07
12189,1016509137,7202,park,,0.00648135934473,6.3693960889e-07
12192,1016550190,7202,park,光明瑞华果园,0.0435479459907,0.000110791815612
12222,1018830641,7202,park,,0.00722447010485,2.7073663101e-06
12256,1019607403,7202,park,NYU Park,0.00128256977732,8.60758348201e-08
12322,1022485703,7202,park,,0.00899150036862,1.91419265178e-06
12405,1027236261,7202,park,,0.00331229934868,5.0042569359e-07
12406,1027236264,7202,park,,0.00279770840171,4.64556507162e-07
12420,1028417993,7202,park,,0.00815730209274,4.47946463473e-07
12465,1035084859,7202,park,上海市公安局七五一基地,0.0267676788703,4.56694476051e-05
12546,1042824632,7202,park,,0.00871867370522,2.51247635469e-06
13608,1056770823,7202,park,东门广场,0.00202988768066,6.68605658749e-08
13705,1059640324,7202,park,,0.00794891797177,2.08231050176e-06
13706,1059640325,7202,park,,0.00525058607788,1.65771599568e-06
13943,1068915150,7202,park,唐家塔口袋公园,0.00308457125174,4.86428058183e-07
13945,1068925388,7202,park,珠溪园,0.0065489929642,2.88210018491e-06
13950,1069118321,7202,park,爱思儿童公园,0.00919998660929,2.67591279269e-06
13956,1069566923,7202,park,,0.00485006949019,1.3266247795e-06
13957,1069602705,7202,park,,0.064733960662,0.000207685214809
13984,1070944997,7202,park,金塔公园,0.0102780491435,2.91924822351e-06
13987,1070947054,7202,park,,0.0203069174893,1.7020141121e-05
14042,1073694881,7202,park,新城公园,0.0121059041855,8.25902250429e-06
14044,1073694883,7202,park,汇龙湖公园,0.0119271859565,7.96969268009e-06
14076,1073713143,7202,park,,0.00548483374258,1.65124566263e-06
14077,1073713144,7202,park,,0.00615959216007,1.22823105591e-06
14078,1073713145,7202,park,,0.0150002084871,6.027763666e-06
14083,1073713153,7202,park,,0.00715715020436,2.87663309963e-06
14087,1073713187,7202,park,,0.00182162834534,1.65944614492e-07
14100,1073716408,7202,park,龙泉港公园,0.0136595865732,9.19452440535e-06
14116,1073841549,7202,park,儿童游乐场公园,0.00595975088863,9.46344991887e-07
14118,1073841554,7202,park,,0.0061490398215,1.69132791936e-06
14119,1073841555,7202,park,,0.0049866881254,1.11566343093e-06
14135,1074061512,7202,park,,0.0038696472969,9.75952509041e-07
14176,1074362664,7202,park,,0.0199178644049,2.08292901765e-05
14207,1074556352,7202,park,城市花园,0.00458567301868,1.32663852819e-06
14271,6262915,7202,park,鲁迅公园,0.045557490048,1.67597854242e-05
14423,1085064630,7202,park,金鼎绿带,0.0703727798944,3.65299876066e-05
14621,1087716408,7202,park,,0.000817864679736,3.88438528501e-08
14622,1087716409,7202,park,,0.00254058464369,3.34713868758e-07
14627,1089779124,7202,park,金杨文化公园,0.00526741125582,6.43282603352e-07
14641,1091748010,7202,park,黄家花园,0.00589745795692,2.22997819628e-06
14645,1093037028,7202,park,飞虹公园,0.00375320870283,8.55620715213e-07
14752,1106973911,7202,park,,0.0506970819121,2.42676704085e-05
14780,1106973955,7202,park,,0.0114629204686,5.76605931401e-06
14784,1106973974,7202,park,,0.0100321502044,4.44466346125e-06
14788,1106973978,7202,park,,0.00438766542195,1.12645314327e-06
14922,1107702982,7202,park,,0.037497743512,7.62591398925e-05
14925,1107702996,7202,park,,0.04266007315,9.43428929608e-05
14926,1107702997,7202,park,,0.0432140076224,9.41691778505e-05
14930,1107703015,7202,park,,0.0302226519595,4.79833522959e-05
14936,1107703059,7202,park,,0.00634642206553,2.48106881402e-06
14989,1107715704,7202,park,,0.0174711895733,1.03189177314e-05
15200,1107758469,7202,park,,0.0355836894026,2.2720296634e-05
15202,1107758474,7202,park,,0.0149348490202,4.10994612109e-06
15203,1107758475,7202,park,,0.0162331014848,6.57313190189e-06
15205,1107758508,7202,park,,0.00764309596355,1.90481435391e-06
15279,1113702459,7202,park,华阳绿地公园,0.00673174195274,2.37321506896e-06
15317,1117898211,7202,park,,0.00331813293454,5.7488801341e-07
15318,1117898212,7202,park,,0.00155470001603,8.13018291061e-08
15319,1117898213,7202,park,,0.00715604867274,2.22192970641e-06
15321,1119075350,7202,park,,0.000788351639396,2.8224720009e-08
15329,1120982537,7202,park,,0.0027722115758,4.69154812934e-07
15338,1121135973,7202,park,,0.0143951323888,1.0158391169e-05
15339,1121213455,7202,park,,0.0030173128533,3.72806313209e-07
15341,1121924149,7202,park,,0.0025818159235,3.05155955732e-07
